event,asset,window_start,label,prob_EXP,loss_EXP,prob_AT,loss_AT,prob_DAG,loss_DAG,prob_DSV,loss_DSV,prob_IF,loss_IF,prob_OMNI,loss_OMNI,prob_OCS,loss_OCS,prob_TR,loss_TR,prob_USAD,loss_USAD
Iran 2025,USOIL,2323,0,0.3644859813084112,0.13285003057035547,0.5981308411214953,0.35776050310070745,0.8037383177570093,0.6459952834308673,0.27102803738317754,0.07345619704777709,0.719626168224299,0.5178618219931871,0.3644859813084112,0.13285003057035547,0.1308411214953271,0.017119399074154943,0.4672897196261682,0.21835968206830292,0.07476635514018691,0.005590007860948554
Iran 2025,USOIL,2324,0,0.11214953271028037,0.012577517687134247,0.7102803738317757,0.504498209450607,0.8785046728971962,0.7717704603022097,0.37383177570093457,0.13975019652371384,0.7663551401869159,0.5873002008909075,0.27102803738317754,0.07345619704777709,0.102803738317757,0.010568608612105861,0.45794392523364486,0.20971263865839812,0.037383177570093455,0.0013975019652371385
Iran 2025,USOIL,2325,0,0.12149532710280374,0.014761114507817277,0.6915887850467289,0.47829504760241065,0.21495327102803738,0.046204908725652895,0.6635514018691588,0.44030046292252595,0.2523364485981308,0.06367368329111711,0.14953271028037382,0.022360031443794216,0.14018691588785046,0.01965237138614726,0.40186915887850466,0.16149882085771683,0.6915887850467289,0.47829504760241065
Iran 2025,USOIL,2326,0,0.3364485981308411,0.11319765918420821,0.7757009345794392,0.6017119399074154,0.24299065420560748,0.059044458031269106,0.8317757009345794,0.6918508166652109,0.2336448598130841,0.05458992051707573,0.5514018691588785,0.3040440213119049,0.5794392523364486,0.3357498471482225,0.3925233644859813,0.1540745916673945,0.8504672897196262,0.7232946108830465
Iran 2025,USOIL,2327,0,0.4953271028037383,0.24534893877194514,0.9626168224299065,0.9266311468250502,0.037383177570093455,0.0013975019652371385,0.6261682242990654,0.39208664512184466,0.18691588785046728,0.03493754913092846,0.6355140186915887,0.403878067953533,0.5981308411214953,0.35776050310070745,0.616822429906542,0.38046991003581093,0.8411214953271028,0.7074853699013014
Iran 2025,USOIL,2328,0,0.5327102803738317,0.2837802428159664,0.7289719626168224,0.5314001222814219,0.028037383177570093,0.0007860948554458904,0.7663551401869159,0.5873002008909075,0.22429906542056074,0.05031007074853699,0.6074766355140186,0.36902786269543186,0.6355140186915887,0.403878067953533,0.6728971962616822,0.45279063673683284,0.8691588785046729,0.7554371560835007
Iran 2025,USOIL,2329,0,0.411214953271028,0.16909773779369378,0.6728971962616822,0.45279063673683284,0.34579439252336447,0.11957376190060266,0.4766355140186916,0.22718141322386234,0.1308411214953271,0.017119399074154943,0.5700934579439252,0.325006550790462,0.6074766355140186,0.36902786269543186,0.3644859813084112,0.13285003057035547,0.9252336448598131,0.8560572975805747
Iran 2025,USOIL,2330,0,0.24299065420560748,0.059044458031269106,0.6448598130841121,0.415844178530876,0.2616822429906542,0.06847759629661977,0.48598130841121495,0.23617783212507643,0.16822429906542055,0.028299414796052053,0.48598130841121495,0.23617783212507643,0.5420560747663551,0.29382478819110835,0.5700934579439252,0.325006550790462,0.9065420560747663,0.8218184994322648
Iran 2025,USOIL,2331,0,0.308411214953271,0.09511747750895273,0.6261682242990654,0.39208664512184466,0.42990654205607476,0.18481963490261158,0.7570093457943925,0.5730631496200541,0.14953271028037382,0.022360031443794216,0.2803738317757009,0.07860948554458903,0.5514018691588785,0.3040440213119049,0.4766355140186916,0.22718141322386234,0.9813084112149533,0.9629661979212158
Iran 2025,USOIL,2332,0,0.17757009345794392,0.031531138090662936,0.6355140186915887,0.403878067953533,0.16822429906542055,0.028299414796052053,0.6355140186915887,0.403878067953533,0.14018691588785046,0.01965237138614726,0.2523364485981308,0.06367368329111711,0.4953271028037383,0.24534893877194514,0.411214953271028,0.16909773779369378,0.9719626168224299,0.9447113285003057
Iran 2025,USOIL,2333,0,0.34579439252336447,0.11957376190060266,0.6542056074766355,0.42798497685387366,0.14018691588785046,0.01965237138614726,0.3364485981308411,0.11319765918420821,0.19626168224299065,0.03851864791684863,0.2897196261682243,0.08393746178705562,0.4485981308411215,0.20124028299414795,0.11214953271028037,0.012577517687134247,0.9439252336448598,0.8909948467115032
Iran 2025,USOIL,2334,0,0.5046728971962616,0.25469473316446845,0.6822429906542056,0.46545549829679445,0.4485981308411215,0.20124028299414795,0.8037383177570093,0.6459952834308673,0.07476635514018691,0.005590007860948554,0.19626168224299065,0.03851864791684863,0.42990654205607476,0.18481963490261158,0.2523364485981308,0.06367368329111711,0.9345794392523364,0.8734387282732117
Iran 2025,USOIL,2335,0,0.4672897196261682,0.21835968206830292,0.897196261682243,0.8049611319765918,0.6074766355140186,0.36902786269543186,0.5514018691588785,0.3040440213119049,0.17757009345794392,0.031531138090662936,0.2336448598130841,0.05458992051707573,0.35514018691588783,0.12612455236265174,0.22429906542056074,0.05031007074853699,0.8878504672897196,0.7882784522665734
Iran 2025,USOIL,2336,0,0.5514018691588785,0.3040440213119049,0.22429906542056074,0.05031007074853699,0.45794392523364486,0.20971263865839812,0.34579439252336447,0.11957376190060266,0.12149532710280374,0.014761114507817277,0.29906542056074764,0.08944012577517686,0.2523364485981308,0.06367368329111711,0.1588785046728972,0.02524237924709581,0.8317757009345794,0.6918508166652109
Iran 2025,USOIL,2337,0,0.6915887850467289,0.47829504760241065,0.3177570093457944,0.10096951698838325,0.3925233644859813,0.1540745916673945,0.32710280373831774,0.10699624421346841,0.11214953271028037,0.012577517687134247,0.3925233644859813,0.1540745916673945,0.21495327102803738,0.046204908725652895,0.19626168224299065,0.03851864791684863,0.822429906542056,0.6763909511747751
Iran 2025,USOIL,2338,0,0.4485981308411215,0.20124028299414795,0.16822429906542055,0.028299414796052053,0.5327102803738317,0.2837802428159664,0.2523364485981308,0.06367368329111711,0.037383177570093455,0.0013975019652371385,0.411214953271028,0.16909773779369378,0.22429906542056074,0.05031007074853699,0.04672897196261682,0.002183596820683029,0.9532710280373832,0.9087256528954494
Iran 2025,USOIL,2339,0,0.1308411214953271,0.017119399074154943,0.48598130841121495,0.23617783212507643,0.1308411214953271,0.017119399074154943,0.14018691588785046,0.01965237138614726,0.009345794392523364,8.734387282732115e-05,0.40186915887850466,0.16149882085771683,0.27102803738317754,0.07345619704777709,0.08411214953271028,0.007074853699013013,0.897196261682243,0.8049611319765918
Iran 2025,USOIL,2340,0,0.09345794392523364,0.008734387282732115,0.3644859813084112,0.13285003057035547,0.08411214953271028,0.007074853699013013,0.09345794392523364,0.008734387282732115,0.04672897196261682,0.002183596820683029,0.3364485981308411,0.11319765918420821,0.205607476635514,0.042274434448423444,0.06542056074766354,0.004279849768538736,0.8130841121495327,0.6611057734299939
Iran 2025,USOIL,2341,0,0.018691588785046728,0.0003493754913092846,0.4392523364485981,0.19294261507555244,0.102803738317757,0.010568608612105861,0.056074766355140186,0.0031443794217835617,0.08411214953271028,0.007074853699013013,0.12149532710280374,0.014761114507817277,0.028037383177570093,0.0007860948554458904,0.1308411214953271,0.017119399074154943,0.514018691588785,0.26421521530264647
Iran 2025,USOIL,2342,1,0.009345794392523364,0.9813957550877805,0.09345794392523364,0.8218184994322648,0.009345794392523364,0.9813957550877805,0.018691588785046728,0.9629661979212158,0.056074766355140186,0.8909948467115032,0.07476635514018691,0.8560572975805747,0.037383177570093455,0.9266311468250502,0.07476635514018691,0.8560572975805747,0.5327102803738317,0.21835968206830295
Iran 2025,USOIL,2343,1,0.037383177570093455,0.9266311468250502,0.056074766355140186,0.8909948467115032,0.8317757009345794,0.028299414796052063,0.04672897196261682,0.9087256528954494,0.5887850467289719,0.1690977377936938,0.037383177570093455,0.9266311468250502,0.018691588785046728,0.9629661979212158,0.056074766355140186,0.8909948467115032,0.056074766355140186,0.8909948467115032
Iran 2025,USOIL,2344,1,0.06542056074766354,0.8734387282732117,0.04672897196261682,0.9087256528954494,0.7476635514018691,0.06367368329111714,0.028037383177570093,0.9447113285003057,0.4205607476635514,0.33574984714822265,0.056074766355140186,0.8909948467115032,0.009345794392523364,0.9813957550877805,0.028037383177570093,0.9447113285003057,0.102803738317757,0.8049611319765918
Iran 2025,USOIL,2345,1,0.07476635514018691,0.8560572975805747,0.028037383177570093,0.9447113285003057,0.7289719626168224,0.07345619704777712,0.06542056074766354,0.8734387282732117,0.48598130841121495,0.26421521530264647,0.028037383177570093,0.9447113285003057,0.056074766355140186,0.8909948467115032,0.009345794392523364,0.9813957550877805,0.11214953271028037,0.7882784522665734
Iran 2025,USOIL,2346,1,0.056074766355140186,0.8909948467115032,0.009345794392523364,0.9813957550877805,0.6822429906542056,0.10096951698838329,0.037383177570093455,0.9266311468250502,0.3364485981308411,0.44030046292252595,0.018691588785046728,0.9629661979212158,0.04672897196261682,0.9087256528954494,0.018691588785046728,0.9629661979212158,0.2336448598130841,0.5873002008909075
Iran 2025,USOIL,2347,1,0.028037383177570093,0.9447113285003057,0.037383177570093455,0.9266311468250502,0.616822429906542,0.1468250502227269,0.009345794392523364,0.9813957550877805,0.411214953271028,0.34666783125163764,0.009345794392523364,0.9813957550877805,0.09345794392523364,0.8218184994322648,0.14953271028037382,0.7232946108830465,0.3644859813084112,0.40387806795353315
Iran 2025,USOIL,2348,1,0.04672897196261682,0.9087256528954494,0.018691588785046728,0.9629661979212158,0.48598130841121495,0.26421521530264647,0.102803738317757,0.8049611319765918,0.27102803738317754,0.5314001222814221,0.04672897196261682,0.9087256528954494,0.07476635514018691,0.8560572975805747,0.037383177570093455,0.9266311468250502,0.411214953271028,0.34666783125163764
Iran 2025,USOIL,2349,1,0.102803738317757,0.8049611319765918,0.27102803738317754,0.5314001222814221,0.719626168224299,0.07860948554458906,0.18691588785046728,0.6611057734299939,0.6542056074766355,0.1195737619006027,0.1588785046728972,0.7074853699013014,0.794392523364486,0.04227443444842345,0.7102803738317757,0.08393746178705566,0.34579439252336447,0.4279849768538738
Iran 2025,USOIL,2350,1,0.2897196261682243,0.5044982094506072,0.24299065420560748,0.5730631496200541,0.7102803738317757,0.08393746178705566,0.24299065420560748,0.5730631496200541,0.9065420560747663,0.008734387282732119,0.7570093457943925,0.05904445803126912,0.9626168224299065,0.001397501965237139,0.9626168224299065,0.001397501965237139,0.29906542056074764,0.4913092846536815
Iran 2025,USOIL,2351,1,0.3177570093457944,0.46545549829679445,0.21495327102803738,0.616298366669578,0.8504672897196262,0.022360031443794223,0.616822429906542,0.1468250502227269,0.9345794392523364,0.004279849768538738,0.794392523364486,0.04227443444842345,0.9252336448598131,0.005590007860948556,0.9906542056074766,8.734387282732118e-05,0.2803738317757009,0.5178618219931871
Iran 2025,USOIL,2352,1,0.45794392523364486,0.29382478819110847,0.11214953271028037,0.7882784522665734,0.5887850467289719,0.1690977377936938,0.14953271028037382,0.7232946108830465,0.9252336448598131,0.005590007860948556,0.9158878504672897,0.007074853699013016,0.8785046728971962,0.01476111450781728,0.9439252336448598,0.0031443794217835626,0.27102803738317754,0.5314001222814221
Iran 2025,USOIL,2353,1,0.4766355140186916,0.27391038518647925,0.1588785046728972,0.7074853699013014,0.6448598130841121,0.1261245523626518,0.411214953271028,0.34666783125163764,0.9158878504672897,0.007074853699013016,0.9532710280373832,0.0021835968206830297,0.8878504672897196,0.01257751768713425,0.9252336448598131,0.005590007860948556,0.2616822429906542,0.5451131103153113
Iran 2025,USOIL,2354,1,0.6635514018691588,0.11319765918420825,0.2523364485981308,0.5590007860948556,0.5046728971962616,0.2453489387719452,0.4205607476635514,0.33574984714822265,0.8878504672897196,0.01257751768713425,0.9719626168224299,0.0007860948554458907,0.8691588785046729,0.017119399074154953,0.8785046728971962,0.01476111450781728,0.2523364485981308,0.5590007860948556
Iran 2025,USOIL,2355,1,0.7009345794392523,0.08944012577517689,0.411214953271028,0.34666783125163764,0.794392523364486,0.04227443444842345,0.19626168224299065,0.6459952834308673,0.8504672897196262,0.022360031443794223,0.9626168224299065,0.001397501965237139,0.8411214953271028,0.025242379247095822,0.8691588785046729,0.017119399074154953,0.2897196261682243,0.5044982094506072
Iran 2025,USOIL,2356,1,0.8317757009345794,0.028299414796052063,0.34579439252336447,0.4279849768538738,0.7009345794392523,0.08944012577517689,0.07476635514018691,0.8560572975805747,0.8037383177570093,0.03851864791684864,0.897196261682243,0.010568608612105863,0.822429906542056,0.03153113809066295,0.9158878504672897,0.007074853699013016,0.308411214953271,0.4782950476024108
Iran 2025,USOIL,2357,1,0.9439252336448598,0.0031443794217835626,0.37383177570093457,0.39208664512184466,0.5981308411214953,0.16149882085771686,0.45794392523364486,0.29382478819110847,0.7102803738317757,0.08393746178705566,0.9252336448598131,0.005590007860948556,0.8130841121495327,0.034937549130928475,0.8411214953271028,0.025242379247095822,0.32710280373831774,0.452790636736833
Iran 2025,USOIL,2358,1,0.8691588785046729,0.017119399074154953,0.4953271028037383,0.25469473316446856,0.5233644859813084,0.2271814132238624,0.308411214953271,0.4782950476024108,0.7476635514018691,0.06367368329111714,0.8878504672897196,0.01257751768713425,0.7757009345794392,0.050310070748537,0.6822429906542056,0.10096951698838329,0.38317757009345793,0.3804699100358111
Iran 2025,USOIL,2359,1,0.7663551401869159,0.054589920517075737,0.5607476635514018,0.1929426150755525,0.9065420560747663,0.008734387282732119,0.40186915887850466,0.35776050310070756,0.6355140186915887,0.13285003057035552,0.9065420560747663,0.008734387282732119,0.6635514018691588,0.11319765918420825,0.6355140186915887,0.13285003057035552,0.3925233644859813,0.36902786269543186
Iran 2025,USOIL,2360,1,0.719626168224299,0.07860948554458906,0.5794392523364486,0.1768713424753254,0.2803738317757009,0.5178618219931871,0.1588785046728972,0.7074853699013014,0.6261682242990654,0.1397501965237139,0.8598130841121495,0.019652371386147265,0.29906542056074764,0.4913092846536815,0.514018691588785,0.23617783212507648,0.4205607476635514,0.33574984714822265
Iran 2025,USOIL,2361,1,0.7570093457943925,0.05904445803126912,0.6074766355140186,0.15407459166739457,0.8411214953271028,0.025242379247095822,0.3177570093457944,0.46545549829679445,0.5794392523364486,0.1768713424753254,0.7009345794392523,0.08944012577517689,0.16822429906542055,0.6918508166652109,0.5420560747663551,0.20971263865839815,0.42990654205607476,0.325006550790462
Iran 2025,USOIL,2362,1,0.6822429906542056,0.10096951698838329,0.7009345794392523,0.08944012577517689,0.27102803738317754,0.5314001222814221,0.5700934579439252,0.18481963490261163,0.5607476635514018,0.1929426150755525,0.6261682242990654,0.1397501965237139,0.11214953271028037,0.7882784522665734,0.2803738317757009,0.5178618219931871,0.45794392523364486,0.29382478819110847
Iran 2025,USOIL,2363,1,0.5700934579439252,0.18481963490261163,0.8037383177570093,0.03851864791684864,0.5420560747663551,0.20971263865839815,0.6542056074766355,0.1195737619006027,0.5981308411214953,0.16149882085771686,0.5233644859813084,0.2271814132238624,0.08411214953271028,0.8388505546335925,0.2336448598130841,0.5873002008909075,0.4766355140186916,0.27391038518647925
Iran 2025,USOIL,2364,1,0.40186915887850466,0.35776050310070756,0.7663551401869159,0.054589920517075737,0.6355140186915887,0.13285003057035552,0.3644859813084112,0.40387806795353315,0.5327102803738317,0.21835968206830295,0.45794392523364486,0.29382478819110847,0.06542056074766354,0.8734387282732117,0.4485981308411215,0.3040440213119049,0.48598130841121495,0.26421521530264647
Iran 2025,USOIL,2365,1,0.8037383177570093,0.03851864791684864,0.822429906542056,0.03153113809066295,0.6915887850467289,0.09511747750895277,0.2336448598130841,0.5873002008909075,0.794392523364486,0.04227443444842345,0.8037383177570093,0.03851864791684864,0.6448598130841121,0.1261245523626518,0.6635514018691588,0.11319765918420825,0.37383177570093457,0.39208664512184466
Iran 2025,USOIL,2366,1,0.822429906542056,0.03153113809066295,0.8598130841121495,0.019652371386147265,0.7850467289719626,0.04620490872565291,0.7102803738317757,0.08393746178705566,0.6915887850467289,0.09511747750895277,0.822429906542056,0.03153113809066295,0.719626168224299,0.07860948554458906,0.7476635514018691,0.06367368329111714,0.3364485981308411,0.44030046292252595
Iran 2025,USOIL,2367,1,0.7289719626168224,0.07345619704777712,0.9065420560747663,0.008734387282732119,0.8878504672897196,0.01257751768713425,0.8411214953271028,0.025242379247095822,0.6728971962616822,0.10699624421346846,0.7383177570093458,0.06847759629661981,0.40186915887850466,0.35776050310070756,0.7570093457943925,0.05904445803126912,0.35514018691588783,0.415844178530876
Iran 2025,USOIL,2368,1,0.7102803738317757,0.08393746178705566,0.8878504672897196,0.01257751768713425,0.5700934579439252,0.18481963490261163,0.5420560747663551,0.20971263865839815,0.7383177570093458,0.06847759629661981,0.7850467289719626,0.04620490872565291,0.7476635514018691,0.06367368329111714,0.6915887850467289,0.09511747750895277,0.24299065420560748,0.5730631496200541
Iran 2025,USOIL,2369,1,0.9065420560747663,0.008734387282732119,0.5046728971962616,0.2453489387719452,0.8598130841121495,0.019652371386147265,0.822429906542056,0.03153113809066295,0.8691588785046729,0.017119399074154953,0.9906542056074766,8.734387282732118e-05,0.9906542056074766,8.734387282732118e-05,0.9719626168224299,0.0007860948554458907,0.17757009345794392,0.6763909511747751
Iran 2025,USOIL,2370,1,0.9719626168224299,0.0007860948554458907,0.42990654205607476,0.325006550790462,0.7570093457943925,0.05904445803126912,0.794392523364486,0.04227443444842345,0.822429906542056,0.03153113809066295,0.9813084112149533,0.00034937549130928473,0.9813084112149533,0.00034937549130928473,0.9065420560747663,0.008734387282732119,0.19626168224299065,0.6459952834308673
Iran 2025,USOIL,2371,1,0.9158878504672897,0.007074853699013016,0.29906542056074764,0.4913092846536815,0.9532710280373832,0.0021835968206830297,0.8130841121495327,0.034937549130928475,0.8130841121495327,0.034937549130928475,0.9439252336448598,0.0031443794217835626,0.9719626168224299,0.0007860948554458907,0.9532710280373832,0.0021835968206830297,0.16822429906542055,0.6918508166652109
Iran 2025,USOIL,2372,1,0.8785046728971962,0.01476111450781728,0.2616822429906542,0.5451131103153113,0.7663551401869159,0.054589920517075737,0.514018691588785,0.23617783212507648,0.8598130841121495,0.019652371386147265,0.7289719626168224,0.07345619704777712,0.9158878504672897,0.007074853699013016,0.7009345794392523,0.08944012577517689,0.1588785046728972,0.7074853699013014
Iran 2025,USOIL,2373,1,0.8130841121495327,0.034937549130928475,0.40186915887850466,0.35776050310070756,0.8130841121495327,0.034937549130928475,0.6448598130841121,0.1261245523626518,0.897196261682243,0.010568608612105863,0.6448598130841121,0.1261245523626518,0.9439252336448598,0.0031443794217835626,0.7383177570093458,0.06847759629661981,0.14953271028037382,0.7232946108830465
Iran 2025,USOIL,2374,1,0.5420560747663551,0.20971263865839815,0.5514018691588785,0.201240282994148,0.9158878504672897,0.007074853699013016,0.8691588785046729,0.017119399074154953,0.8411214953271028,0.025242379247095822,0.6635514018691588,0.11319765918420825,0.897196261682243,0.010568608612105863,0.822429906542056,0.03153113809066295,0.205607476635514,0.6310594811773954
Iran 2025,USOIL,2375,1,0.5607476635514018,0.1929426150755525,0.5887850467289719,0.1690977377936938,0.9439252336448598,0.0031443794217835626,0.6915887850467289,0.09511747750895277,0.9719626168224299,0.0007860948554458907,0.5420560747663551,0.20971263865839815,0.9065420560747663,0.008734387282732119,0.32710280373831774,0.452790636736833,0.08411214953271028,0.8388505546335925
Iran 2025,USOIL,2376,1,0.6074766355140186,0.15407459166739457,0.9719626168224299,0.0007860948554458907,0.9719626168224299,0.0007860948554458907,0.719626168224299,0.07860948554458906,0.9532710280373832,0.0021835968206830297,0.6542056074766355,0.1195737619006027,0.9532710280373832,0.0021835968206830297,0.6074766355140186,0.15407459166739457,0.06542056074766354,0.8734387282732117
Iran 2025,USOIL,2377,1,0.8598130841121495,0.019652371386147265,0.8691588785046729,0.017119399074154953,0.9813084112149533,0.00034937549130928473,0.42990654205607476,0.325006550790462,0.9439252336448598,0.0031443794217835626,0.6728971962616822,0.10699624421346846,0.9345794392523364,0.004279849768538738,0.4953271028037383,0.25469473316446856,0.028037383177570093,0.9447113285003057
Iran 2025,USOIL,2378,1,0.7757009345794392,0.050310070748537,0.8504672897196262,0.022360031443794223,0.9906542056074766,8.734387282732118e-05,0.16822429906542055,0.6918508166652109,0.9906542056074766,8.734387282732118e-05,0.6915887850467289,0.09511747750895277,0.8598130841121495,0.019652371386147265,0.34579439252336447,0.4279849768538738,0.009345794392523364,0.9813957550877805
Iran 2025,USOIL,2379,1,0.9626168224299065,0.001397501965237139,0.6635514018691588,0.11319765918420825,0.07476635514018691,0.8560572975805747,0.9439252336448598,0.0031443794217835626,0.40186915887850466,0.35776050310070756,0.8317757009345794,0.028299414796052063,0.7383177570093458,0.06847759629661981,0.719626168224299,0.07860948554458906,0.5981308411214953,0.16149882085771686
Iran 2025,USOIL,2380,1,0.9252336448598131,0.005590007860948556,0.7570093457943925,0.05904445803126912,0.14953271028037382,0.7232946108830465,0.897196261682243,0.010568608612105863,0.514018691588785,0.23617783212507648,0.7476635514018691,0.06367368329111714,0.7850467289719626,0.04620490872565291,0.9345794392523364,0.004279849768538738,0.5233644859813084,0.2271814132238624
Iran 2025,USOIL,2381,1,0.8504672897196262,0.022360031443794223,0.794392523364486,0.04227443444842345,0.38317757009345793,0.3804699100358111,0.7476635514018691,0.06367368329111714,0.2803738317757009,0.5178618219931871,0.5607476635514018,0.1929426150755525,0.3644859813084112,0.40387806795353315,0.7757009345794392,0.050310070748537,0.6822429906542056,0.10096951698838329
Iran 2025,USOIL,2382,0,0.897196261682243,0.8049611319765918,0.9439252336448598,0.8909948467115032,0.5514018691588785,0.3040440213119049,0.7289719626168224,0.5314001222814219,0.38317757009345793,0.14682505022272688,0.6822429906542056,0.46545549829679445,0.6822429906542056,0.46545549829679445,0.6261682242990654,0.39208664512184466,0.6728971962616822,0.45279063673683284
Iran 2025,USOIL,2383,0,0.9345794392523364,0.8734387282732117,0.9532710280373832,0.9087256528954494,0.1588785046728972,0.02524237924709581,0.7757009345794392,0.6017119399074154,0.4766355140186916,0.22718141322386234,0.719626168224299,0.5178618219931871,0.7570093457943925,0.5730631496200541,0.6542056074766355,0.42798497685387366,0.6542056074766355,0.42798497685387366
Iran 2025,USOIL,2384,0,0.6261682242990654,0.39208664512184466,0.5420560747663551,0.29382478819110835,0.5794392523364486,0.3357498471482225,0.7383177570093458,0.5451131103153113,0.2616822429906542,0.06847759629661977,0.4766355140186916,0.22718141322386234,0.5046728971962616,0.25469473316446845,0.5514018691588785,0.3040440213119049,0.7476635514018691,0.5590007860948554
Iran 2025,USOIL,2385,0,0.2803738317757009,0.07860948554458903,0.308411214953271,0.09511747750895273,0.2523364485981308,0.06367368329111711,0.5233644859813084,0.2739103851864791,0.205607476635514,0.042274434448423444,0.17757009345794392,0.031531138090662936,0.4205607476635514,0.17687134247532535,0.2897196261682243,0.08393746178705562,0.794392523364486,0.6310594811773954
Iran 2025,USOIL,2386,0,0.18691588785046728,0.03493754913092846,0.4766355140186916,0.22718141322386234,0.2897196261682243,0.08393746178705562,0.4672897196261682,0.21835968206830292,0.24299065420560748,0.059044458031269106,0.18691588785046728,0.03493754913092846,0.4766355140186916,0.22718141322386234,0.12149532710280374,0.014761114507817277,0.7663551401869159,0.5873002008909075
Iran 2025,USOIL,2387,0,0.37383177570093457,0.13975019652371384,0.38317757009345793,0.14682505022272688,0.2336448598130841,0.05458992051707573,0.7009345794392523,0.4913092846536815,0.34579439252336447,0.11957376190060266,0.21495327102803738,0.046204908725652895,0.6261682242990654,0.39208664512184466,0.17757009345794392,0.031531138090662936,0.7383177570093458,0.5451131103153113
Iran 2025,USOIL,2388,0,0.21495327102803738,0.046204908725652895,0.3364485981308411,0.11319765918420821,0.6635514018691588,0.44030046292252595,0.21495327102803738,0.046204908725652895,0.3644859813084112,0.13285003057035547,0.24299065420560748,0.059044458031269106,0.6915887850467289,0.47829504760241065,0.24299065420560748,0.059044458031269106,0.719626168224299,0.5178618219931871
Iran 2025,USOIL,2389,0,0.14953271028037382,0.022360031443794216,0.35514018691588783,0.12612455236265174,0.5607476635514018,0.31443794217835613,0.3925233644859813,0.1540745916673945,0.2897196261682243,0.08393746178705562,0.2616822429906542,0.06847759629661977,0.6542056074766355,0.42798497685387366,0.16822429906542055,0.028299414796052053,0.7289719626168224,0.5314001222814219
Iran 2025,USOIL,2390,0,0.29906542056074764,0.08944012577517686,0.2803738317757009,0.07860948554458903,0.18691588785046728,0.03493754913092846,0.2616822429906542,0.06847759629661977,0.32710280373831774,0.10699624421346841,0.308411214953271,0.09511747750895273,0.7102803738317757,0.504498209450607,0.09345794392523364,0.008734387282732115,0.7009345794392523,0.4913092846536815
Iran 2025,USOIL,2391,0,0.42990654205607476,0.18481963490261158,0.32710280373831774,0.10699624421346841,0.4953271028037383,0.24534893877194514,0.38317757009345793,0.14682505022272688,0.3925233644859813,0.1540745916673945,0.205607476635514,0.042274434448423444,0.7009345794392523,0.4913092846536815,0.2616822429906542,0.06847759629661977,0.6448598130841121,0.415844178530876
Iran 2025,USOIL,2392,0,0.48598130841121495,0.23617783212507643,0.2897196261682243,0.08393746178705562,0.12149532710280374,0.014761114507817277,0.11214953271028037,0.012577517687134247,0.5233644859813084,0.2739103851864791,0.16822429906542055,0.028299414796052053,0.6728971962616822,0.45279063673683284,0.205607476635514,0.042274434448423444,0.5607476635514018,0.31443794217835613
Iran 2025,USOIL,2393,0,0.35514018691588783,0.12612455236265174,0.17757009345794392,0.031531138090662936,0.3177570093457944,0.10096951698838325,0.22429906542056074,0.05031007074853699,0.42990654205607476,0.18481963490261158,0.35514018691588783,0.12612455236265174,0.5700934579439252,0.325006550790462,0.14018691588785046,0.01965237138614726,0.5420560747663551,0.29382478819110835
Iran 2025,USOIL,2394,0,0.16822429906542055,0.028299414796052053,0.2336448598130841,0.05458992051707573,0.17757009345794392,0.031531138090662936,0.29906542056074764,0.08944012577517686,0.6074766355140186,0.36902786269543186,0.37383177570093457,0.13975019652371384,0.3364485981308411,0.11319765918420821,0.102803738317757,0.010568608612105861,0.4953271028037383,0.24534893877194514
Iran 2025,USOIL,2395,0,0.1588785046728972,0.02524237924709581,0.19626168224299065,0.03851864791684863,0.19626168224299065,0.03851864791684863,0.5887850467289719,0.34666783125163764,0.5514018691588785,0.3040440213119049,0.4672897196261682,0.21835968206830292,0.24299065420560748,0.059044458031269106,0.3364485981308411,0.11319765918420821,0.4672897196261682,0.21835968206830292
Iran 2025,USOIL,2396,0,0.19626168224299065,0.03851864791684863,0.14018691588785046,0.01965237138614726,0.3644859813084112,0.13285003057035547,0.35514018691588783,0.12612455236265174,0.616822429906542,0.38046991003581093,0.4485981308411215,0.20124028299414795,0.2336448598130841,0.05458992051707573,0.21495327102803738,0.046204908725652895,0.4485981308411215,0.20124028299414795
Iran 2025,USOIL,2397,0,0.4205607476635514,0.17687134247532535,0.18691588785046728,0.03493754913092846,0.4672897196261682,0.21835968206830292,0.4953271028037383,0.24534893877194514,0.6448598130841121,0.415844178530876,0.42990654205607476,0.18481963490261158,0.308411214953271,0.09511747750895273,0.4392523364485981,0.19294261507555244,0.4392523364485981,0.19294261507555244
Iran 2025,USOIL,2398,0,0.5887850467289719,0.34666783125163764,0.1308411214953271,0.017119399074154943,0.4205607476635514,0.17687134247532535,0.1308411214953271,0.017119399074154943,0.7009345794392523,0.4913092846536815,0.5794392523364486,0.3357498471482225,0.2616822429906542,0.06847759629661977,0.35514018691588783,0.12612455236265174,0.40186915887850466,0.16149882085771683
Iran 2025,USOIL,2399,0,0.514018691588785,0.26421521530264647,0.14953271028037382,0.022360031443794216,0.897196261682243,0.8049611319765918,0.5607476635514018,0.31443794217835613,0.7757009345794392,0.6017119399074154,0.5327102803738317,0.2837802428159664,0.2897196261682243,0.08393746178705562,0.5233644859813084,0.2739103851864791,0.3177570093457944,0.10096951698838325
Iran 2025,USOIL,2400,0,0.2523364485981308,0.06367368329111711,0.3925233644859813,0.1540745916673945,0.6261682242990654,0.39208664512184466,0.2897196261682243,0.08393746178705562,0.7850467289719626,0.616298366669578,0.38317757009345793,0.14682505022272688,0.4392523364485981,0.19294261507555244,0.6448598130841121,0.415844178530876,0.18691588785046728,0.03493754913092846
Iran 2025,USOIL,2401,0,0.2336448598130841,0.05458992051707573,0.06542056074766354,0.004279849768538736,0.4392523364485981,0.19294261507555244,0.5327102803738317,0.2837802428159664,0.6635514018691588,0.44030046292252595,0.14018691588785046,0.01965237138614726,0.12149532710280374,0.014761114507817277,0.4205607476635514,0.17687134247532535,0.22429906542056074,0.05031007074853699
Iran 2025,USOIL,2402,0,0.32710280373831774,0.10699624421346841,0.08411214953271028,0.007074853699013013,0.6542056074766355,0.42798497685387366,0.08411214953271028,0.007074853699013013,0.7289719626168224,0.5314001222814219,0.1308411214953271,0.017119399074154943,0.14953271028037382,0.022360031443794216,0.48598130841121495,0.23617783212507643,0.21495327102803738,0.046204908725652895
Iran 2025,USOIL,2403,0,0.22429906542056074,0.05031007074853699,0.07476635514018691,0.005590007860948554,0.6728971962616822,0.45279063673683284,0.17757009345794392,0.031531138090662936,0.7570093457943925,0.5730631496200541,0.11214953271028037,0.012577517687134247,0.32710280373831774,0.10699624421346841,0.5327102803738317,0.2837802428159664,0.14018691588785046,0.01965237138614726
Iran 2025,USOIL,2404,0,0.08411214953271028,0.007074853699013013,0.12149532710280374,0.014761114507817277,0.822429906542056,0.6763909511747751,0.12149532710280374,0.014761114507817277,0.8317757009345794,0.6918508166652109,0.06542056074766354,0.004279849768538736,0.3925233644859813,0.1540745916673945,0.18691588785046728,0.03493754913092846,0.12149532710280374,0.014761114507817277
Iran 2025,USOIL,2405,0,0.2616822429906542,0.06847759629661977,0.4485981308411215,0.20124028299414795,0.9252336448598131,0.8560572975805747,0.205607476635514,0.042274434448423444,0.8785046728971962,0.7717704603022097,0.09345794392523364,0.008734387282732115,0.8037383177570093,0.6459952834308673,0.37383177570093457,0.13975019652371384,0.09345794392523364,0.008734387282732115
Iran 2025,USOIL,2406,0,0.14018691588785046,0.01965237138614726,0.4205607476635514,0.17687134247532535,0.9345794392523364,0.8734387282732117,0.4392523364485981,0.19294261507555244,0.9626168224299065,0.9266311468250502,0.08411214953271028,0.007074853699013013,0.8504672897196262,0.7232946108830465,0.29906542056074764,0.08944012577517686,0.04672897196261682,0.002183596820683029
Iran 2025,USOIL,2407,0,0.205607476635514,0.042274434448423444,0.45794392523364486,0.20971263865839812,0.9626168224299065,0.9266311468250502,0.5046728971962616,0.25469473316446845,0.9813084112149533,0.9629661979212158,0.102803738317757,0.010568608612105861,0.8317757009345794,0.6918508166652109,0.308411214953271,0.09511747750895273,0.018691588785046728,0.0003493754913092846
Iran 2025,USOIL,2408,0,0.3925233644859813,0.1540745916673945,0.7383177570093458,0.5451131103153113,0.8691588785046729,0.7554371560835007,0.7850467289719626,0.616298366669578,0.6822429906542056,0.46545549829679445,0.4392523364485981,0.19294261507555244,0.18691588785046728,0.03493754913092846,0.42990654205607476,0.18481963490261158,0.1308411214953271,0.017119399074154943
Iran 2025,USOIL,2409,0,0.5233644859813084,0.2739103851864791,0.719626168224299,0.5178618219931871,0.06542056074766354,0.004279849768538736,0.5794392523364486,0.3357498471482225,0.45794392523364486,0.20971263865839812,0.5981308411214953,0.35776050310070745,0.1588785046728972,0.02524237924709581,0.5981308411214953,0.35776050310070745,0.5046728971962616,0.25469473316446845
Iran 2025,USOIL,2410,0,0.6542056074766355,0.42798497685387366,0.9345794392523364,0.8734387282732117,0.35514018691588783,0.12612455236265174,0.8598130841121495,0.7392785396104463,0.35514018691588783,0.12612455236265174,0.616822429906542,0.38046991003581093,0.3177570093457944,0.10096951698838325,0.7850467289719626,0.616298366669578,0.7102803738317757,0.504498209450607
Iran 2025,USOIL,2411,0,0.8878504672897196,0.7882784522665734,0.7476635514018691,0.5590007860948554,0.32710280373831774,0.10699624421346841,0.9065420560747663,0.8218184994322648,0.37383177570093457,0.13975019652371384,0.7102803738317757,0.504498209450607,0.2803738317757009,0.07860948554458903,0.8317757009345794,0.6918508166652109,0.6635514018691588,0.44030046292252595
Iran 2025,USOIL,2412,0,0.7383177570093458,0.5451131103153113,0.8317757009345794,0.6918508166652109,0.411214953271028,0.16909773779369378,0.9252336448598131,0.8560572975805747,0.29906542056074764,0.08944012577517686,0.7663551401869159,0.5873002008909075,0.19626168224299065,0.03851864791684863,0.7289719626168224,0.5314001222814219,0.5700934579439252,0.325006550790462
Iran 2025,USOIL,2413,0,0.7476635514018691,0.5590007860948554,0.8785046728971962,0.7717704603022097,0.22429906542056074,0.05031007074853699,0.9158878504672897,0.8388505546335925,0.4953271028037383,0.24534893877194514,0.7757009345794392,0.6017119399074154,0.17757009345794392,0.031531138090662936,0.7663551401869159,0.5873002008909075,0.5514018691588785,0.3040440213119049
Iran 2025,USOIL,2414,0,0.7850467289719626,0.616298366669578,0.7850467289719626,0.616298366669578,0.056074766355140186,0.0031443794217835617,0.9532710280373832,0.9087256528954494,0.5700934579439252,0.325006550790462,0.8504672897196262,0.7232946108830465,0.37383177570093457,0.13975019652371384,0.8598130841121495,0.7392785396104463,0.5887850467289719,0.34666783125163764
Iran 2025,USOIL,2415,0,0.9813084112149533,0.9629661979212158,0.9813084112149533,0.9629661979212158,0.514018691588785,0.26421521530264647,0.9626168224299065,0.9266311468250502,0.5420560747663551,0.29382478819110835,0.8130841121495327,0.6611057734299939,0.5327102803738317,0.2837802428159664,0.8130841121495327,0.6611057734299939,0.6261682242990654,0.39208664512184466
Iran 2025,USOIL,2416,0,0.8411214953271028,0.7074853699013014,0.9158878504672897,0.8388505546335925,0.4766355140186916,0.22718141322386234,0.9813084112149533,0.9629661979212158,0.5046728971962616,0.25469473316446845,0.8785046728971962,0.7717704603022097,0.5887850467289719,0.34666783125163764,0.8504672897196262,0.7232946108830465,0.6074766355140186,0.36902786269543186
Iran 2025,USOIL,2417,0,0.794392523364486,0.6310594811773954,0.8411214953271028,0.7074853699013014,0.11214953271028037,0.012577517687134247,0.9345794392523364,0.8734387282732117,0.4392523364485981,0.19294261507555244,0.8411214953271028,0.7074853699013014,0.4672897196261682,0.21835968206830292,0.897196261682243,0.8049611319765918,0.6355140186915887,0.403878067953533
Iran 2025,USOIL,2418,0,0.9532710280373832,0.9087256528954494,0.9252336448598131,0.8560572975805747,0.7757009345794392,0.6017119399074154,0.9906542056074766,0.9813957550877805,0.4485981308411215,0.20124028299414795,0.8691588785046729,0.7554371560835007,0.7289719626168224,0.5314001222814219,0.8878504672897196,0.7882784522665734,0.5794392523364486,0.3357498471482225
Iran 2025,USOIL,2419,0,0.9906542056074766,0.9813957550877805,0.9906542056074766,0.9813957550877805,0.018691588785046728,0.0003493754913092846,0.9719626168224299,0.9447113285003057,0.4672897196261682,0.21835968206830292,0.9345794392523364,0.8734387282732117,0.7663551401869159,0.5873002008909075,0.9813084112149533,0.9629661979212158,0.616822429906542,0.38046991003581093
Iran 2025,USOIL,2420,0,0.5794392523364486,0.3357498471482225,0.8130841121495327,0.6611057734299939,0.205607476635514,0.042274434448423444,0.8878504672897196,0.7882784522665734,0.102803738317757,0.010568608612105861,0.32710280373831774,0.10699624421346841,0.38317757009345793,0.14682505022272688,0.794392523364486,0.6310594811773954,0.9626168224299065,0.9266311468250502
Iran 2025,USOIL,2421,0,0.6355140186915887,0.403878067953533,0.616822429906542,0.38046991003581093,0.7383177570093458,0.5451131103153113,0.6728971962616822,0.45279063673683284,0.09345794392523364,0.008734387282732115,0.4205607476635514,0.17687134247532535,0.5607476635514018,0.31443794217835613,0.8037383177570093,0.6459952834308673,0.8785046728971962,0.7717704603022097
Iran 2025,USOIL,2422,0,0.5981308411214953,0.35776050310070745,0.5700934579439252,0.325006550790462,0.09345794392523364,0.008734387282732115,0.6822429906542056,0.46545549829679445,0.1588785046728972,0.02524237924709581,0.4953271028037383,0.24534893877194514,0.5233644859813084,0.2739103851864791,0.5887850467289719,0.34666783125163764,0.8037383177570093,0.6459952834308673
Iran 2025,USOIL,2423,0,0.6728971962616822,0.45279063673683284,0.5327102803738317,0.2837802428159664,0.3364485981308411,0.11319765918420821,0.5981308411214953,0.35776050310070745,0.21495327102803738,0.046204908725652895,0.5046728971962616,0.25469473316446845,0.45794392523364486,0.20971263865839812,0.5607476635514018,0.31443794217835613,0.7850467289719626,0.616298366669578
Iran 2025,USOIL,2424,0,0.6448598130841121,0.415844178530876,0.205607476635514,0.042274434448423444,0.308411214953271,0.09511747750895273,0.8504672897196262,0.7232946108830465,0.308411214953271,0.09511747750895273,0.514018691588785,0.26421521530264647,0.411214953271028,0.16909773779369378,0.5046728971962616,0.25469473316446845,0.7757009345794392,0.6017119399074154
Iran 2025,USOIL,2425,0,0.616822429906542,0.38046991003581093,0.102803738317757,0.010568608612105861,0.29906542056074764,0.08944012577517686,0.8785046728971962,0.7717704603022097,0.3177570093457944,0.10096951698838325,0.5887850467289719,0.34666783125163764,0.34579439252336447,0.11957376190060266,0.5794392523364486,0.3357498471482225,0.7570093457943925,0.5730631496200541
Iran 2025,USOIL,2426,0,0.27102803738317754,0.07345619704777709,0.514018691588785,0.26421521530264647,0.37383177570093457,0.13975019652371384,0.6074766355140186,0.36902786269543186,0.018691588785046728,0.0003493754913092846,0.34579439252336447,0.11957376190060266,0.48598130841121495,0.23617783212507643,0.27102803738317754,0.07345619704777709,0.9906542056074766,0.9813957550877805
Iran 2025,USOIL,2427,0,0.38317757009345793,0.14682505022272688,0.4672897196261682,0.21835968206830292,0.40186915887850466,0.16149882085771683,0.2803738317757009,0.07860948554458903,0.028037383177570093,0.0007860948554458904,0.3177570093457944,0.10096951698838325,0.514018691588785,0.26421521530264647,0.38317757009345793,0.14682505022272688,0.9158878504672897,0.8388505546335925
Iran 2025,USOIL,2428,0,0.4392523364485981,0.19294261507555244,0.5233644859813084,0.2739103851864791,0.04672897196261682,0.002183596820683029,0.4485981308411215,0.20124028299414795,0.06542056074766354,0.004279849768538736,0.22429906542056074,0.05031007074853699,0.616822429906542,0.38046991003581093,0.3177570093457944,0.10096951698838325,0.8598130841121495,0.7392785396104463
Iran 2025,GOLD,2322,0,0.5514018691588785,0.3040440213119049,0.4485981308411215,0.20124028299414795,0.17757009345794392,0.031531138090662936,0.5981308411214953,0.35776050310070745,0.2616822429906542,0.06847759629661977,0.37383177570093457,0.13975019652371384,0.5794392523364486,0.3357498471482225,0.3644859813084112,0.13285003057035547,0.7570093457943925,0.5730631496200541
Iran 2025,GOLD,2323,0,0.37383177570093457,0.13975019652371384,0.4766355140186916,0.22718141322386234,0.4205607476635514,0.17687134247532535,0.29906542056074764,0.08944012577517686,0.35514018691588783,0.12612455236265174,0.2897196261682243,0.08393746178705562,0.6448598130841121,0.415844178530876,0.40186915887850466,0.16149882085771683,0.7850467289719626,0.616298366669578
Iran 2025,GOLD,2324,0,0.4392523364485981,0.19294261507555244,0.45794392523364486,0.20971263865839812,0.48598130841121495,0.23617783212507643,0.2897196261682243,0.08393746178705562,0.27102803738317754,0.07345619704777709,0.308411214953271,0.09511747750895273,0.6635514018691588,0.44030046292252595,0.34579439252336447,0.11957376190060266,0.794392523364486,0.6310594811773954
Iran 2025,GOLD,2325,0,0.719626168224299,0.5178618219931871,0.48598130841121495,0.23617783212507643,0.3925233644859813,0.1540745916673945,0.38317757009345793,0.14682505022272688,0.29906542056074764,0.08944012577517686,0.205607476635514,0.042274434448423444,0.6822429906542056,0.46545549829679445,0.5794392523364486,0.3357498471482225,0.7757009345794392,0.6017119399074154
Iran 2025,GOLD,2326,0,0.8691588785046729,0.7554371560835007,0.40186915887850466,0.16149882085771683,0.205607476635514,0.042274434448423444,0.6448598130841121,0.415844178530876,0.4485981308411215,0.20124028299414795,0.32710280373831774,0.10699624421346841,0.7009345794392523,0.4913092846536815,0.514018691588785,0.26421521530264647,0.7663551401869159,0.5873002008909075
Iran 2025,GOLD,2327,0,0.8411214953271028,0.7074853699013014,0.38317757009345793,0.14682505022272688,0.5700934579439252,0.325006550790462,0.42990654205607476,0.18481963490261158,0.48598130841121495,0.23617783212507643,0.18691588785046728,0.03493754913092846,0.8317757009345794,0.6918508166652109,0.4672897196261682,0.21835968206830292,0.8878504672897196,0.7882784522665734
Iran 2025,GOLD,2328,0,0.7850467289719626,0.616298366669578,0.42990654205607476,0.18481963490261158,0.40186915887850466,0.16149882085771683,0.8411214953271028,0.7074853699013014,0.45794392523364486,0.20971263865839812,0.037383177570093455,0.0013975019652371385,0.9065420560747663,0.8218184994322648,0.411214953271028,0.16909773779369378,0.9532710280373832,0.9087256528954494
Iran 2025,GOLD,2329,0,0.9252336448598131,0.8560572975805747,0.5981308411214953,0.35776050310070745,0.5420560747663551,0.29382478819110835,0.9813084112149533,0.9629661979212158,0.6074766355140186,0.36902786269543186,0.3925233644859813,0.1540745916673945,0.8037383177570093,0.6459952834308673,0.8878504672897196,0.7882784522665734,0.5327102803738317,0.2837802428159664
Iran 2025,GOLD,2330,0,0.9813084112149533,0.9629661979212158,0.7757009345794392,0.6017119399074154,0.411214953271028,0.16909773779369378,0.9719626168224299,0.9447113285003057,0.7289719626168224,0.5314001222814219,0.7289719626168224,0.5314001222814219,0.9906542056074766,0.9813957550877805,0.9813084112149533,0.9629661979212158,0.4485981308411215,0.20124028299414795
Iran 2025,GOLD,2331,0,0.9906542056074766,0.9813957550877805,0.6261682242990654,0.39208664512184466,0.6728971962616822,0.45279063673683284,0.9345794392523364,0.8734387282732117,0.8130841121495327,0.6611057734299939,0.7570093457943925,0.5730631496200541,0.9626168224299065,0.9266311468250502,0.9906542056074766,0.9813957550877805,0.48598130841121495,0.23617783212507643
Iran 2025,GOLD,2332,0,0.9626168224299065,0.9266311468250502,0.5514018691588785,0.3040440213119049,0.1588785046728972,0.02524237924709581,0.9252336448598131,0.8560572975805747,0.8317757009345794,0.6918508166652109,0.5700934579439252,0.325006550790462,0.7476635514018691,0.5590007860948554,0.8504672897196262,0.7232946108830465,0.5046728971962616,0.25469473316446845
Iran 2025,GOLD,2333,0,0.9719626168224299,0.9447113285003057,0.5327102803738317,0.2837802428159664,0.14018691588785046,0.01965237138614726,0.8504672897196262,0.7232946108830465,0.5700934579439252,0.325006550790462,0.6074766355140186,0.36902786269543186,0.7663551401869159,0.5873002008909075,0.8037383177570093,0.6459952834308673,0.616822429906542,0.38046991003581093
Iran 2025,GOLD,2334,0,0.897196261682243,0.8049611319765918,0.5887850467289719,0.34666783125163764,0.38317757009345793,0.14682505022272688,0.9906542056074766,0.9813957550877805,0.6728971962616822,0.45279063673683284,0.5887850467289719,0.34666783125163764,0.794392523364486,0.6310594811773954,0.8130841121495327,0.6611057734299939,0.6074766355140186,0.36902786269543186
Iran 2025,GOLD,2335,0,0.9345794392523364,0.8734387282732117,0.6728971962616822,0.45279063673683284,0.6448598130841121,0.415844178530876,0.9439252336448598,0.8909948467115032,0.6822429906542056,0.46545549829679445,0.5981308411214953,0.35776050310070745,0.8411214953271028,0.7074853699013014,0.8598130841121495,0.7392785396104463,0.6261682242990654,0.39208664512184466
Iran 2025,GOLD,2336,0,0.8037383177570093,0.6459952834308673,0.514018691588785,0.26421521530264647,0.12149532710280374,0.014761114507817277,0.9626168224299065,0.9266311468250502,0.6448598130841121,0.415844178530876,0.45794392523364486,0.20971263865839812,0.897196261682243,0.8049611319765918,0.8317757009345794,0.6918508166652109,0.7009345794392523,0.4913092846536815
Iran 2025,GOLD,2337,0,0.5700934579439252,0.325006550790462,0.4392523364485981,0.19294261507555244,0.08411214953271028,0.007074853699013013,0.9532710280373832,0.9087256528954494,0.4392523364485981,0.19294261507555244,0.5607476635514018,0.31443794217835613,0.9158878504672897,0.8388505546335925,0.7102803738317757,0.504498209450607,0.7476635514018691,0.5590007860948554
Iran 2025,GOLD,2338,0,0.822429906542056,0.6763909511747751,0.4205607476635514,0.17687134247532535,0.24299065420560748,0.059044458031269106,0.9158878504672897,0.8388505546335925,0.5607476635514018,0.31443794217835613,0.4392523364485981,0.19294261507555244,0.9532710280373832,0.9087256528954494,0.6822429906542056,0.46545549829679445,0.8130841121495327,0.6611057734299939
Iran 2025,GOLD,2339,0,0.7009345794392523,0.4913092846536815,0.4672897196261682,0.21835968206830292,0.32710280373831774,0.10699624421346841,0.9065420560747663,0.8218184994322648,0.514018691588785,0.26421521530264647,0.4485981308411215,0.20124028299414795,0.8878504672897196,0.7882784522665734,0.5887850467289719,0.34666783125163764,0.822429906542056,0.6763909511747751
Iran 2025,GOLD,2340,0,0.5794392523364486,0.3357498471482225,0.5046728971962616,0.25469473316446845,0.5794392523364486,0.3357498471482225,0.897196261682243,0.8049611319765918,0.3925233644859813,0.1540745916673945,0.4205607476635514,0.17687134247532535,0.9813084112149533,0.9629661979212158,0.45794392523364486,0.20971263865839812,0.8504672897196262,0.7232946108830465
Iran 2025,GOLD,2341,1,0.7289719626168224,0.07345619704777712,0.4953271028037383,0.25469473316446856,0.4953271028037383,0.25469473316446856,0.7850467289719626,0.04620490872565291,0.5046728971962616,0.2453489387719452,0.2803738317757009,0.5178618219931871,0.8598130841121495,0.019652371386147265,0.5700934579439252,0.18481963490261163,0.8317757009345794,0.028299414796052063
Iran 2025,GOLD,2342,1,0.6635514018691588,0.11319765918420825,0.411214953271028,0.34666783125163764,0.308411214953271,0.4782950476024108,0.8598130841121495,0.019652371386147265,0.5327102803738317,0.21835968206830295,0.19626168224299065,0.6459952834308673,0.719626168224299,0.07860948554458906,0.6542056074766355,0.1195737619006027,0.6448598130841121,0.1261245523626518
Iran 2025,GOLD,2343,1,0.7757009345794392,0.050310070748537,0.37383177570093457,0.39208664512184466,0.22429906542056074,0.6017119399074154,0.6915887850467289,0.09511747750895277,0.5887850467289719,0.1690977377936938,0.3644859813084112,0.40387806795353315,0.7383177570093458,0.06847759629661981,0.37383177570093457,0.39208664512184466,0.7102803738317757,0.08393746178705566
Iran 2025,GOLD,2344,1,0.6822429906542056,0.10096951698838329,0.34579439252336447,0.4279849768538738,0.16822429906542055,0.6918508166652109,0.822429906542056,0.03153113809066295,0.32710280373831774,0.452790636736833,0.17757009345794392,0.6763909511747751,0.7289719626168224,0.07345619704777712,0.35514018691588783,0.415844178530876,0.7383177570093458,0.06847759629661981
Iran 2025,GOLD,2345,1,0.6728971962616822,0.10699624421346846,0.32710280373831774,0.452790636736833,0.037383177570093455,0.9266311468250502,0.8037383177570093,0.03851864791684864,0.34579439252336447,0.4279849768538738,0.1588785046728972,0.7074853699013014,0.6915887850467289,0.09511747750895277,0.308411214953271,0.4782950476024108,0.8691588785046729,0.017119399074154953
Iran 2025,GOLD,2346,1,0.6074766355140186,0.15407459166739457,0.3644859813084112,0.40387806795353315,0.04672897196261682,0.9087256528954494,0.5700934579439252,0.18481963490261163,0.2523364485981308,0.5590007860948556,0.27102803738317754,0.5314001222814221,0.6355140186915887,0.13285003057035552,0.3177570093457944,0.46545549829679445,0.8598130841121495,0.019652371386147265
Iran 2025,GOLD,2347,1,0.411214953271028,0.34666783125163764,0.2336448598130841,0.5873002008909075,0.102803738317757,0.8049611319765918,0.3177570093457944,0.46545549829679445,0.19626168224299065,0.6459952834308673,0.102803738317757,0.8049611319765918,0.5981308411214953,0.16149882085771686,0.27102803738317754,0.5314001222814221,0.9252336448598131,0.005590007860948556
Iran 2025,GOLD,2348,1,0.35514018691588783,0.415844178530876,0.24299065420560748,0.5730631496200541,0.14953271028037382,0.7232946108830465,0.5327102803738317,0.21835968206830295,0.205607476635514,0.6310594811773954,0.1308411214953271,0.7554371560835007,0.6074766355140186,0.15407459166739457,0.21495327102803738,0.616298366669578,0.9158878504672897,0.007074853699013016
Iran 2025,GOLD,2349,1,0.45794392523364486,0.29382478819110847,0.22429906542056074,0.6017119399074154,0.11214953271028037,0.7882784522665734,0.308411214953271,0.4782950476024108,0.17757009345794392,0.6763909511747751,0.14018691588785046,0.7392785396104463,0.6728971962616822,0.10699624421346846,0.2336448598130841,0.5873002008909075,0.9439252336448598,0.0031443794217835626
Iran 2025,GOLD,2350,1,0.29906542056074764,0.4913092846536815,0.2523364485981308,0.5590007860948556,0.2523364485981308,0.5590007860948556,0.2336448598130841,0.5873002008909075,0.21495327102803738,0.616298366669578,0.09345794392523364,0.8218184994322648,0.6261682242990654,0.1397501965237139,0.24299065420560748,0.5730631496200541,0.897196261682243,0.010568608612105863
Iran 2025,GOLD,2351,1,0.40186915887850466,0.35776050310070756,0.2897196261682243,0.5044982094506072,0.5607476635514018,0.1929426150755525,0.3925233644859813,0.36902786269543186,0.2336448598130841,0.5873002008909075,0.028037383177570093,0.9447113285003057,0.6542056074766355,0.1195737619006027,0.2616822429906542,0.5451131103153113,0.9345794392523364,0.004279849768538738
Iran 2025,GOLD,2352,1,0.48598130841121495,0.26421521530264647,0.2803738317757009,0.5178618219931871,0.37383177570093457,0.39208664512184466,0.2616822429906542,0.5451131103153113,0.22429906542056074,0.6017119399074154,0.018691588785046728,0.9629661979212158,0.7102803738317757,0.08393746178705566,0.2803738317757009,0.5178618219931871,0.9719626168224299,0.0007860948554458907
Iran 2025,GOLD,2353,1,0.5233644859813084,0.2271814132238624,0.3177570093457944,0.46545549829679445,0.6261682242990654,0.1397501965237139,0.3644859813084112,0.40387806795353315,0.16822429906542055,0.6918508166652109,0.056074766355140186,0.8909948467115032,0.7757009345794392,0.050310070748537,0.29906542056074764,0.4913092846536815,0.9813084112149533,0.00034937549130928473
Iran 2025,GOLD,2354,1,0.5420560747663551,0.20971263865839815,0.29906542056074764,0.4913092846536815,0.6822429906542056,0.10096951698838329,0.5607476635514018,0.1929426150755525,0.18691588785046728,0.6611057734299939,0.16822429906542055,0.6918508166652109,0.9719626168224299,0.0007860948554458907,0.22429906542056074,0.6017119399074154,0.9906542056074766,8.734387282732118e-05
Iran 2025,GOLD,2355,1,0.6542056074766355,0.1195737619006027,0.35514018691588783,0.415844178530876,0.2616822429906542,0.5451131103153113,0.616822429906542,0.1468250502227269,0.3177570093457944,0.46545549829679445,0.009345794392523364,0.9813957550877805,0.514018691588785,0.23617783212507648,0.2897196261682243,0.5044982094506072,0.8037383177570093,0.03851864791684864
Iran 2025,GOLD,2356,1,0.7570093457943925,0.05904445803126912,0.8130841121495327,0.034937549130928475,0.8411214953271028,0.025242379247095822,0.794392523364486,0.04227443444842345,0.8037383177570093,0.03851864791684864,0.7757009345794392,0.050310070748537,0.5233644859813084,0.2271814132238624,0.8411214953271028,0.025242379247095822,0.308411214953271,0.4782950476024108
Iran 2025,GOLD,2357,1,0.8878504672897196,0.01257751768713425,0.7476635514018691,0.06367368329111714,0.5327102803738317,0.21835968206830295,0.5046728971962616,0.2453489387719452,0.7850467289719626,0.04620490872565291,0.6822429906542056,0.10096951698838329,0.42990654205607476,0.325006550790462,0.5420560747663551,0.20971263865839815,0.29906542056074764,0.4913092846536815
Iran 2025,GOLD,2358,1,0.8504672897196262,0.022360031443794223,0.7850467289719626,0.04620490872565291,0.35514018691588783,0.415844178530876,0.4672897196261682,0.2837802428159664,0.7757009345794392,0.050310070748537,0.6728971962616822,0.10699624421346846,0.4392523364485981,0.31443794217835624,0.6915887850467289,0.09511747750895277,0.21495327102803738,0.616298366669578
Iran 2025,GOLD,2359,1,0.8598130841121495,0.019652371386147265,0.6542056074766355,0.1195737619006027,0.5046728971962616,0.2453489387719452,0.4485981308411215,0.3040440213119049,0.616822429906542,0.1468250502227269,0.7009345794392523,0.08944012577517689,0.34579439252336447,0.4279849768538738,0.6635514018691588,0.11319765918420825,0.27102803738317754,0.5314001222814221
Iran 2025,GOLD,2360,1,0.9065420560747663,0.008734387282732119,0.8691588785046729,0.017119399074154953,0.34579439252336447,0.4279849768538738,0.6728971962616822,0.10699624421346846,0.7570093457943925,0.05904445803126912,0.7102803738317757,0.08393746178705566,0.27102803738317754,0.5314001222814221,0.822429906542056,0.03153113809066295,0.16822429906542055,0.6918508166652109
Iran 2025,GOLD,2361,1,0.9439252336448598,0.0031443794217835626,0.7570093457943925,0.05904445803126912,0.056074766355140186,0.8909948467115032,0.5794392523364486,0.1768713424753254,0.7009345794392523,0.08944012577517689,0.5794392523364486,0.1768713424753254,0.2616822429906542,0.5451131103153113,0.6355140186915887,0.13285003057035552,0.205607476635514,0.6310594811773954
Iran 2025,GOLD,2362,1,0.9532710280373832,0.0021835968206830297,0.6448598130841121,0.1261245523626518,0.06542056074766354,0.8734387282732117,0.5887850467289719,0.1690977377936938,0.6635514018691588,0.11319765918420825,0.42990654205607476,0.325006550790462,0.2336448598130841,0.5873002008909075,0.616822429906542,0.1468250502227269,0.32710280373831774,0.452790636736833
Iran 2025,GOLD,2363,1,0.6915887850467289,0.09511747750895277,0.7102803738317757,0.08393746178705566,0.1308411214953271,0.7554371560835007,0.5514018691588785,0.201240282994148,0.40186915887850466,0.35776050310070756,0.40186915887850466,0.35776050310070756,0.205607476635514,0.6310594811773954,0.4485981308411215,0.3040440213119049,0.24299065420560748,0.5730631496200541
Iran 2025,GOLD,2364,1,0.308411214953271,0.4782950476024108,0.5794392523364486,0.1768713424753254,0.028037383177570093,0.9447113285003057,0.27102803738317754,0.5314001222814221,0.3364485981308411,0.44030046292252595,0.4672897196261682,0.2837802428159664,0.1588785046728972,0.7074853699013014,0.3364485981308411,0.44030046292252595,0.3925233644859813,0.36902786269543186
Iran 2025,GOLD,2365,1,0.3925233644859813,0.36902786269543186,0.5700934579439252,0.18481963490261163,0.42990654205607476,0.325006550790462,0.4392523364485981,0.31443794217835624,0.4953271028037383,0.25469473316446856,0.2616822429906542,0.5451131103153113,0.04672897196261682,0.9087256528954494,0.5981308411214953,0.16149882085771686,0.2897196261682243,0.5044982094506072
Iran 2025,GOLD,2366,1,0.3644859813084112,0.40387806795353315,0.5607476635514018,0.1929426150755525,0.27102803738317754,0.5314001222814221,0.4205607476635514,0.33574984714822265,0.42990654205607476,0.325006550790462,0.14953271028037382,0.7232946108830465,0.037383177570093455,0.9266311468250502,0.5327102803738317,0.21835968206830295,0.3177570093457944,0.46545549829679445
Iran 2025,GOLD,2367,1,0.34579439252336447,0.4279849768538738,0.6915887850467289,0.09511747750895277,0.6355140186915887,0.13285003057035552,0.40186915887850466,0.35776050310070756,0.5420560747663551,0.20971263865839815,0.24299065420560748,0.5730631496200541,0.12149532710280374,0.7717704603022097,0.5233644859813084,0.2271814132238624,0.34579439252336447,0.4279849768538738
Iran 2025,GOLD,2368,1,0.38317757009345793,0.3804699100358111,0.719626168224299,0.07860948554458906,0.6635514018691588,0.11319765918420825,0.5420560747663551,0.20971263865839815,0.5233644859813084,0.2271814132238624,0.29906542056074764,0.4913092846536815,0.07476635514018691,0.8560572975805747,0.6074766355140186,0.15407459166739457,0.18691588785046728,0.6611057734299939
Iran 2025,GOLD,2369,1,0.5327102803738317,0.21835968206830295,0.6635514018691588,0.11319765918420825,0.3177570093457944,0.46545549829679445,0.6074766355140186,0.15407459166739457,0.5514018691588785,0.201240282994148,0.38317757009345793,0.3804699100358111,0.19626168224299065,0.6459952834308673,0.7476635514018691,0.06367368329111714,0.3644859813084112,0.40387806795353315
Iran 2025,GOLD,2370,1,0.616822429906542,0.1468250502227269,0.616822429906542,0.1468250502227269,0.2897196261682243,0.5044982094506072,0.6542056074766355,0.1195737619006027,0.5794392523364486,0.1768713424753254,0.35514018691588783,0.415844178530876,0.21495327102803738,0.616298366669578,0.42990654205607476,0.325006550790462,0.40186915887850466,0.35776050310070756
Iran 2025,GOLD,2371,1,0.6448598130841121,0.1261245523626518,0.6074766355140186,0.15407459166739457,0.07476635514018691,0.8560572975805747,0.7570093457943925,0.05904445803126912,0.4672897196261682,0.2837802428159664,0.22429906542056074,0.6017119399074154,0.17757009345794392,0.6763909511747751,0.5046728971962616,0.2453489387719452,0.38317757009345793,0.3804699100358111
Iran 2025,GOLD,2372,1,0.5046728971962616,0.2453489387719452,0.7663551401869159,0.054589920517075737,0.018691588785046728,0.9629661979212158,0.32710280373831774,0.452790636736833,0.4766355140186916,0.27391038518647925,0.5233644859813084,0.2271814132238624,0.14953271028037382,0.7232946108830465,0.5607476635514018,0.1929426150755525,0.4205607476635514,0.33574984714822265
Iran 2025,GOLD,2373,1,0.42990654205607476,0.325006550790462,0.6822429906542056,0.10096951698838329,0.009345794392523364,0.9813957550877805,0.7289719626168224,0.07345619704777712,0.4205607476635514,0.33574984714822265,0.514018691588785,0.23617783212507648,0.08411214953271028,0.8388505546335925,0.38317757009345793,0.3804699100358111,0.35514018691588783,0.415844178530876
Iran 2025,GOLD,2374,1,0.5981308411214953,0.16149882085771686,0.7383177570093458,0.06847759629661981,0.09345794392523364,0.8218184994322648,0.6261682242990654,0.1397501965237139,0.6261682242990654,0.1397501965237139,0.48598130841121495,0.26421521530264647,0.14018691588785046,0.7392785396104463,0.4766355140186916,0.27391038518647925,0.2336448598130841,0.5873002008909075
Iran 2025,GOLD,2375,1,0.3364485981308411,0.44030046292252595,0.8317757009345794,0.028299414796052063,0.45794392523364486,0.29382478819110847,0.7102803738317757,0.08393746178705566,0.8411214953271028,0.025242379247095822,0.5327102803738317,0.21835968206830295,0.18691588785046728,0.6611057734299939,0.6448598130841121,0.1261245523626518,0.1308411214953271,0.7554371560835007
Iran 2025,GOLD,2376,1,0.3177570093457944,0.46545549829679445,0.9252336448598131,0.005590007860948556,0.7009345794392523,0.08944012577517689,0.205607476635514,0.6310594811773954,0.8598130841121495,0.019652371386147265,0.6355140186915887,0.13285003057035552,0.1308411214953271,0.7554371560835007,0.4392523364485981,0.31443794217835624,0.09345794392523364,0.8218184994322648
Iran 2025,GOLD,2377,1,0.7663551401869159,0.054589920517075737,0.8878504672897196,0.01257751768713425,0.7757009345794392,0.050310070748537,0.4766355140186916,0.27391038518647925,0.6915887850467289,0.09511747750895277,0.5514018691588785,0.201240282994148,0.06542056074766354,0.8734387282732117,0.3925233644859813,0.36902786269543186,0.018691588785046728,0.9629661979212158
Iran 2025,GOLD,2378,1,0.7102803738317757,0.08393746178705566,0.8785046728971962,0.01476111450781728,0.8130841121495327,0.034937549130928475,0.6822429906542056,0.10096951698838329,0.7383177570093458,0.06847759629661981,0.4766355140186916,0.27391038518647925,0.102803738317757,0.8049611319765918,0.4953271028037383,0.25469473316446856,0.08411214953271028,0.8388505546335925
Iran 2025,GOLD,2379,1,0.4205607476635514,0.33574984714822265,0.8411214953271028,0.025242379247095822,0.8598130841121495,0.019652371386147265,0.514018691588785,0.23617783212507648,0.719626168224299,0.07860948554458906,0.34579439252336447,0.4279849768538738,0.028037383177570093,0.9447113285003057,0.6261682242990654,0.1397501965237139,0.04672897196261682,0.9087256528954494
Iran 2025,GOLD,2380,1,0.32710280373831774,0.452790636736833,0.794392523364486,0.04227443444842345,0.8317757009345794,0.028299414796052063,0.3364485981308411,0.44030046292252595,0.5981308411214953,0.16149882085771686,0.21495327102803738,0.616298366669578,0.16822429906542055,0.6918508166652109,0.4205607476635514,0.33574984714822265,0.17757009345794392,0.6763909511747751
Iran 2025,GOLD,2381,0,0.4672897196261682,0.21835968206830292,0.7289719626168224,0.5314001222814219,0.7289719626168224,0.5314001222814219,0.411214953271028,0.16909773779369378,0.37383177570093457,0.13975019652371384,0.411214953271028,0.16909773779369378,0.22429906542056074,0.05031007074853699,0.48598130841121495,0.23617783212507643,0.2523364485981308,0.06367368329111711
Iran 2025,GOLD,2382,0,0.8317757009345794,0.6918508166652109,0.6355140186915887,0.403878067953533,0.3644859813084112,0.13285003057035547,0.7383177570093458,0.5451131103153113,0.38317757009345793,0.14682505022272688,0.2336448598130841,0.05458992051707573,0.24299065420560748,0.059044458031269106,0.7289719626168224,0.5314001222814219,0.2616822429906542,0.06847759629661977
Iran 2025,GOLD,2383,0,0.8785046728971962,0.7717704603022097,0.9626168224299065,0.9266311468250502,0.7476635514018691,0.5590007860948554,0.6355140186915887,0.403878067953533,0.8691588785046729,0.7554371560835007,0.8130841121495327,0.6611057734299939,0.5700934579439252,0.325006550790462,0.9532710280373832,0.9087256528954494,0.14953271028037382,0.022360031443794216
Iran 2025,GOLD,2384,0,0.5887850467289719,0.34666783125163764,0.9345794392523364,0.8734387282732117,0.8691588785046729,0.7554371560835007,0.8785046728971962,0.7717704603022097,0.7476635514018691,0.5590007860948554,0.6915887850467289,0.47829504760241065,0.45794392523364486,0.20971263865839812,0.8691588785046729,0.7554371560835007,0.14018691588785046,0.01965237138614726
Iran 2025,GOLD,2385,0,0.9158878504672897,0.8388505546335925,0.9532710280373832,0.9087256528954494,0.822429906542056,0.6763909511747751,0.8691588785046729,0.7554371560835007,0.822429906542056,0.6763909511747751,0.7383177570093458,0.5451131103153113,0.4672897196261682,0.21835968206830292,0.9065420560747663,0.8218184994322648,0.11214953271028037,0.012577517687134247
Iran 2025,GOLD,2386,0,0.6261682242990654,0.39208664512184466,0.9906542056074766,0.9813957550877805,0.794392523364486,0.6310594811773954,0.7476635514018691,0.5590007860948554,0.9158878504672897,0.8388505546335925,0.7850467289719626,0.616298366669578,0.4485981308411215,0.20124028299414795,0.9252336448598131,0.8560572975805747,0.06542056074766354,0.004279849768538736
Iran 2025,GOLD,2387,0,0.4953271028037383,0.24534893877194514,0.9813084112149533,0.9629661979212158,0.719626168224299,0.5178618219931871,0.7757009345794392,0.6017119399074154,0.9065420560747663,0.8218184994322648,0.7476635514018691,0.5590007860948554,0.4766355140186916,0.22718141322386234,0.9626168224299065,0.9266311468250502,0.056074766355140186,0.0031443794217835617
Iran 2025,GOLD,2388,0,0.8130841121495327,0.6611057734299939,0.9719626168224299,0.9447113285003057,0.4392523364485981,0.19294261507555244,0.8317757009345794,0.6918508166652109,0.9719626168224299,0.9447113285003057,0.794392523364486,0.6310594811773954,0.5514018691588785,0.3040440213119049,0.9719626168224299,0.9447113285003057,0.07476635514018691,0.005590007860948554
Iran 2025,GOLD,2389,0,0.7476635514018691,0.5590007860948554,0.9439252336448598,0.8909948467115032,0.616822429906542,0.38046991003581093,0.7663551401869159,0.5873002008909075,0.9532710280373832,0.9087256528954494,0.8317757009345794,0.6918508166652109,0.5607476635514018,0.31443794217835613,0.9439252336448598,0.8909948467115032,0.037383177570093455,0.0013975019652371385
Iran 2025,GOLD,2390,0,0.7383177570093458,0.5451131103153113,0.9158878504672897,0.8388505546335925,0.7850467289719626,0.616298366669578,0.7009345794392523,0.4913092846536815,0.9345794392523364,0.8734387282732117,0.719626168224299,0.5178618219931871,0.4953271028037383,0.24534893877194514,0.9158878504672897,0.8388505546335925,0.028037383177570093,0.0007860948554458904
Iran 2025,GOLD,2391,0,0.4485981308411215,0.20124028299414795,0.9065420560747663,0.8218184994322648,0.8037383177570093,0.6459952834308673,0.8878504672897196,0.7882784522665734,0.8878504672897196,0.7882784522665734,0.6542056074766355,0.42798497685387366,0.37383177570093457,0.13975019652371384,0.8785046728971962,0.7717704603022097,0.12149532710280374,0.014761114507817277
Iran 2025,GOLD,2392,0,0.514018691588785,0.26421521530264647,0.822429906542056,0.6763909511747751,0.7383177570093458,0.5451131103153113,0.719626168224299,0.5178618219931871,0.897196261682243,0.8049611319765918,0.4953271028037383,0.24534893877194514,0.2897196261682243,0.08393746178705562,0.6728971962616822,0.45279063673683284,0.1588785046728972,0.02524237924709581
Iran 2025,GOLD,2393,0,0.794392523364486,0.6310594811773954,0.8598130841121495,0.7392785396104463,0.514018691588785,0.26421521530264647,0.6635514018691588,0.44030046292252595,0.794392523364486,0.6310594811773954,0.616822429906542,0.38046991003581093,0.3925233644859813,0.1540745916673945,0.7570093457943925,0.5730631496200541,0.22429906542056074,0.05031007074853699
Iran 2025,GOLD,2394,0,0.5607476635514018,0.31443794217835613,0.8037383177570093,0.6459952834308673,0.5233644859813084,0.2739103851864791,0.8130841121495327,0.6611057734299939,0.7102803738317757,0.504498209450607,0.6635514018691588,0.44030046292252595,0.5046728971962616,0.25469473316446845,0.897196261682243,0.8049611319765918,0.37383177570093457,0.13975019652371384
Iran 2025,GOLD,2395,0,0.6355140186915887,0.403878067953533,0.7009345794392523,0.4913092846536815,0.5514018691588785,0.3040440213119049,0.5233644859813084,0.2739103851864791,0.6542056074766355,0.42798497685387366,0.6448598130841121,0.415844178530876,0.5420560747663551,0.29382478819110835,0.9345794392523364,0.8734387282732117,0.4392523364485981,0.19294261507555244
Iran 2025,GOLD,2396,0,0.4766355140186916,0.22718141322386234,0.897196261682243,0.8049611319765918,0.6915887850467289,0.47829504760241065,0.48598130841121495,0.23617783212507643,0.7663551401869159,0.5873002008909075,0.7663551401869159,0.5873002008909075,0.48598130841121495,0.23617783212507643,0.7383177570093458,0.5451131103153113,0.19626168224299065,0.03851864791684863
Iran 2025,GOLD,2397,0,0.205607476635514,0.042274434448423444,0.8504672897196262,0.7232946108830465,0.9439252336448598,0.8909948467115032,0.45794392523364486,0.20971263865839812,0.9626168224299065,0.9266311468250502,0.8504672897196262,0.7232946108830465,0.2803738317757009,0.07860948554458903,0.719626168224299,0.5178618219931871,0.009345794392523364,8.734387282732115e-05
Iran 2025,GOLD,2398,0,0.056074766355140186,0.0031443794217835617,0.5420560747663551,0.29382478819110835,0.9532710280373832,0.9087256528954494,0.4953271028037383,0.24534893877194514,0.9906542056074766,0.9813957550877805,0.8878504672897196,0.7882784522665734,0.5327102803738317,0.2837802428159664,0.7009345794392523,0.4913092846536815,0.102803738317757,0.010568608612105861
Iran 2025,GOLD,2399,0,0.08411214953271028,0.007074853699013013,0.5233644859813084,0.2739103851864791,0.9626168224299065,0.9266311468250502,0.2523364485981308,0.06367368329111711,0.9813084112149533,0.9629661979212158,0.8785046728971962,0.7717704603022097,0.616822429906542,0.38046991003581093,0.794392523364486,0.6310594811773954,0.2803738317757009,0.07860948554458903
Iran 2025,GOLD,2400,0,0.018691588785046728,0.0003493754913092846,0.3925233644859813,0.1540745916673945,0.9813084112149533,0.9629661979212158,0.37383177570093457,0.13975019652371384,0.9439252336448598,0.8909948467115032,0.9719626168224299,0.9447113285003057,0.7570093457943925,0.5730631496200541,0.7757009345794392,0.6017119399074154,0.42990654205607476,0.18481963490261158
Iran 2025,GOLD,2401,0,0.009345794392523364,8.734387282732115e-05,0.3364485981308411,0.11319765918420821,0.9906542056074766,0.9813957550877805,0.35514018691588783,0.12612455236265174,0.9252336448598131,0.8560572975805747,0.9813084112149533,0.9629661979212158,0.9345794392523364,0.8734387282732117,0.7850467289719626,0.616298366669578,0.4672897196261682,0.21835968206830292
Iran 2025,GOLD,2402,0,0.028037383177570093,0.0007860948554458904,0.308411214953271,0.09511747750895273,0.9719626168224299,0.9447113285003057,0.34579439252336447,0.11957376190060266,0.8504672897196262,0.7232946108830465,0.9906542056074766,0.9813957550877805,0.9252336448598131,0.8560572975805747,0.7663551401869159,0.5873002008909075,0.5233644859813084,0.2739103851864791
Iran 2025,GOLD,2403,0,0.04672897196261682,0.002183596820683029,0.27102803738317754,0.07345619704777709,0.9345794392523364,0.8734387282732117,0.2803738317757009,0.07860948554458903,0.8785046728971962,0.7717704603022097,0.9532710280373832,0.9087256528954494,0.8504672897196262,0.7232946108830465,0.5514018691588785,0.3040440213119049,0.5794392523364486,0.3357498471482225
Iran 2025,GOLD,2404,0,0.037383177570093455,0.0013975019652371385,0.2616822429906542,0.06847759629661977,0.9065420560747663,0.8218184994322648,0.22429906542056074,0.05031007074853699,0.6355140186915887,0.403878067953533,0.9626168224299065,0.9266311468250502,0.7850467289719626,0.616298366669578,0.32710280373831774,0.10699624421346841,0.6822429906542056,0.46545549829679445
Iran 2025,GOLD,2405,0,0.102803738317757,0.010568608612105861,0.21495327102803738,0.046204908725652895,0.897196261682243,0.8049611319765918,0.24299065420560748,0.059044458031269106,0.411214953271028,0.16909773779369378,0.9252336448598131,0.8560572975805747,0.8130841121495327,0.6611057734299939,0.2523364485981308,0.06367368329111711,0.7289719626168224,0.5314001222814219
Iran 2025,GOLD,2406,0,0.07476635514018691,0.005590007860948554,0.205607476635514,0.042274434448423444,0.8504672897196262,0.7232946108830465,0.17757009345794392,0.031531138090662936,0.2897196261682243,0.08393746178705562,0.897196261682243,0.8049611319765918,0.5887850467289719,0.34666783125163764,0.19626168224299065,0.03851864791684863,0.719626168224299,0.5178618219931871
Iran 2025,GOLD,2407,0,0.06542056074766354,0.004279849768538736,0.18691588785046728,0.03493754913092846,0.9252336448598131,0.8560572975805747,0.16822429906542055,0.028299414796052053,0.3644859813084112,0.13285003057035547,0.9439252336448598,0.8909948467115032,0.822429906542056,0.6763909511747751,0.205607476635514,0.042274434448423444,0.8411214953271028,0.7074853699013014
Iran 2025,GOLD,2408,0,0.09345794392523364,0.008734387282732115,0.14953271028037382,0.022360031443794216,0.9158878504672897,0.8388505546335925,0.21495327102803738,0.046204908725652895,0.308411214953271,0.09511747750895273,0.9345794392523364,0.8734387282732117,0.8785046728971962,0.7717704603022097,0.18691588785046728,0.03493754913092846,0.8785046728971962,0.7717704603022097
Iran 2025,GOLD,2409,0,0.11214953271028037,0.012577517687134247,0.11214953271028037,0.012577517687134247,0.8878504672897196,0.7882784522665734,0.14953271028037382,0.022360031443794216,0.2803738317757009,0.07860948554458903,0.9158878504672897,0.8388505546335925,0.8691588785046729,0.7554371560835007,0.17757009345794392,0.031531138090662936,0.9065420560747663,0.8218184994322648
Iran 2025,GOLD,2410,0,0.12149532710280374,0.014761114507817277,0.04672897196261682,0.002183596820683029,0.8785046728971962,0.7717704603022097,0.18691588785046728,0.03493754913092846,0.24299065420560748,0.059044458031269106,0.9065420560747663,0.8218184994322648,0.9439252336448598,0.8909948467115032,0.16822429906542055,0.028299414796052053,0.9626168224299065,0.9266311468250502
Iran 2025,GOLD,2411,0,0.1308411214953271,0.017119399074154943,0.009345794392523364,8.734387282732115e-05,0.7570093457943925,0.5730631496200541,0.06542056074766354,0.004279849768538736,0.14018691588785046,0.01965237138614726,0.8691588785046729,0.7554371560835007,0.3364485981308411,0.11319765918420821,0.06542056074766354,0.004279849768538736,0.6635514018691588,0.44030046292252595
Iran 2025,GOLD,2412,0,0.14018691588785046,0.01965237138614726,0.056074766355140186,0.0031443794217835617,0.7663551401869159,0.5873002008909075,0.19626168224299065,0.03851864791684863,0.1588785046728972,0.02524237924709581,0.8598130841121495,0.7392785396104463,0.32710280373831774,0.10699624421346841,0.11214953271028037,0.012577517687134247,0.5420560747663551,0.29382478819110835
Iran 2025,GOLD,2413,0,0.1588785046728972,0.02524237924709581,0.037383177570093455,0.0013975019652371385,0.7102803738317757,0.504498209450607,0.037383177570093455,0.0013975019652371385,0.14953271028037382,0.022360031443794216,0.8411214953271028,0.7074853699013014,0.3177570093457944,0.10096951698838325,0.12149532710280374,0.014761114507817277,0.5514018691588785,0.3040440213119049
Iran 2025,GOLD,2414,0,0.16822429906542055,0.028299414796052053,0.018691588785046728,0.0003493754913092846,0.6542056074766355,0.42798497685387366,0.102803738317757,0.010568608612105861,0.08411214953271028,0.007074853699013013,0.8037383177570093,0.6459952834308673,0.29906542056074764,0.08944012577517686,0.09345794392523364,0.008734387282732115,0.5607476635514018,0.31443794217835613
Iran 2025,GOLD,2415,0,0.17757009345794392,0.031531138090662936,0.028037383177570093,0.0007860948554458904,0.3364485981308411,0.11319765918420821,0.14018691588785046,0.01965237138614726,0.07476635514018691,0.005590007860948554,0.822429906542056,0.6763909511747751,0.35514018691588783,0.12612455236265174,0.07476635514018691,0.005590007860948554,0.5700934579439252,0.325006550790462
Iran 2025,GOLD,2416,0,0.19626168224299065,0.03851864791684863,0.06542056074766354,0.004279849768538736,0.6074766355140186,0.36902786269543186,0.11214953271028037,0.012577517687134247,0.009345794392523364,8.734387282732115e-05,0.6261682242990654,0.39208664512184466,0.3644859813084112,0.13285003057035547,0.08411214953271028,0.007074853699013013,0.5887850467289719,0.34666783125163764
Iran 2025,GOLD,2417,0,0.21495327102803738,0.046204908725652895,0.07476635514018691,0.005590007860948554,0.5887850467289719,0.34666783125163764,0.028037383177570093,0.0007860948554458904,0.037383177570093455,0.0013975019652371385,0.5046728971962616,0.25469473316446845,0.38317757009345793,0.14682505022272688,0.14953271028037382,0.022360031443794216,0.5981308411214953,0.35776050310070745
Iran 2025,GOLD,2418,0,0.2803738317757009,0.07860948554458903,0.08411214953271028,0.007074853699013013,0.4485981308411215,0.20124028299414795,0.04672897196261682,0.002183596820683029,0.09345794392523364,0.008734387282732115,0.3364485981308411,0.11319765918420821,0.411214953271028,0.16909773779369378,0.1308411214953271,0.017119399074154943,0.6355140186915887,0.403878067953533
Iran 2025,GOLD,2419,0,0.2897196261682243,0.08393746178705562,0.102803738317757,0.010568608612105861,0.19626168224299065,0.03851864791684863,0.1588785046728972,0.02524237924709581,0.102803738317757,0.010568608612105861,0.3177570093457944,0.10096951698838325,0.40186915887850466,0.16149882085771683,0.102803738317757,0.010568608612105861,0.6728971962616822,0.45279063673683284
Iran 2025,GOLD,2420,0,0.2523364485981308,0.06367368329111711,0.12149532710280374,0.014761114507817277,0.21495327102803738,0.046204908725652895,0.12149532710280374,0.014761114507817277,0.11214953271028037,0.012577517687134247,0.5420560747663551,0.29382478819110835,0.4205607476635514,0.17687134247532535,0.1588785046728972,0.02524237924709581,0.6542056074766355,0.42798497685387366
Iran 2025,GOLD,2421,0,0.27102803738317754,0.07345619704777709,0.1308411214953271,0.017119399074154943,0.29906542056074764,0.08944012577517686,0.07476635514018691,0.005590007860948554,0.12149532710280374,0.014761114507817277,0.11214953271028037,0.012577517687134247,0.308411214953271,0.09511747750895273,0.056074766355140186,0.0031443794217835617,0.6915887850467289,0.47829504760241065
Iran 2025,GOLD,2422,0,0.22429906542056074,0.05031007074853699,0.16822429906542055,0.028299414796052053,0.4672897196261682,0.21835968206830292,0.009345794392523364,8.734387282732115e-05,0.06542056074766354,0.004279849768538736,0.12149532710280374,0.014761114507817277,0.2523364485981308,0.06367368329111711,0.14018691588785046,0.01965237138614726,0.514018691588785,0.26421521530264647
Iran 2025,GOLD,2423,0,0.24299065420560748,0.059044458031269106,0.19626168224299065,0.03851864791684863,0.4766355140186916,0.22718141322386234,0.018691588785046728,0.0003493754913092846,0.1308411214953271,0.017119399074154943,0.07476635514018691,0.005590007860948554,0.11214953271028037,0.012577517687134247,0.04672897196261682,0.002183596820683029,0.45794392523364486,0.20971263865839812
Iran 2025,GOLD,2424,0,0.2336448598130841,0.05458992051707573,0.17757009345794392,0.031531138090662936,0.2803738317757009,0.07860948554458903,0.08411214953271028,0.007074853699013013,0.04672897196261682,0.002183596820683029,0.04672897196261682,0.002183596820683029,0.09345794392523364,0.008734387282732115,0.037383177570093455,0.0013975019652371385,0.4766355140186916,0.22718141322386234
Iran 2025,GOLD,2425,0,0.2616822429906542,0.06847759629661977,0.1588785046728972,0.02524237924709581,0.18691588785046728,0.03493754913092846,0.056074766355140186,0.0031443794217835617,0.018691588785046728,0.0003493754913092846,0.08411214953271028,0.007074853699013013,0.056074766355140186,0.0031443794217835617,0.028037383177570093,0.0007860948554458904,0.4953271028037383,0.24534893877194514
Iran 2025,GOLD,2426,0,0.18691588785046728,0.03493754913092846,0.14018691588785046,0.01965237138614726,0.2336448598130841,0.05458992051707573,0.1308411214953271,0.017119399074154943,0.056074766355140186,0.0031443794217835617,0.06542056074766354,0.004279849768538736,0.018691588785046728,0.0003493754913092846,0.009345794392523364,8.734387282732115e-05,0.411214953271028,0.16909773779369378
Iran 2025,GOLD,2427,0,0.14953271028037382,0.022360031443794216,0.09345794392523364,0.008734387282732115,0.5981308411214953,0.35776050310070745,0.09345794392523364,0.008734387282732115,0.028037383177570093,0.0007860948554458904,0.2523364485981308,0.06367368329111711,0.009345794392523364,8.734387282732115e-05,0.018691588785046728,0.0003493754913092846,0.3364485981308411,0.11319765918420821
Iran 2025,EURUSD,2408,0,0.2037037037037037,0.041495198902606306,0.6574074074074074,0.432184499314129,0.5092592592592593,0.2593449931412895,0.49074074074074076,0.24082647462277093,0.25925925925925924,0.0672153635116598,0.12962962962962962,0.01680384087791495,0.25925925925925924,0.0672153635116598,0.4351851851851852,0.18938614540466392,0.6574074074074074,0.432184499314129
Iran 2025,EURUSD,2409,0,0.2962962962962963,0.0877914951989026,0.5648148148148148,0.3190157750342935,0.35185185185185186,0.12379972565157751,0.12037037037037036,0.014489026063100135,0.42592592592592593,0.18141289437585734,0.027777777777777776,0.0007716049382716049,0.26851851851851855,0.07210219478737999,0.37037037037037035,0.1371742112482853,0.7685185185185185,0.5906207133058985
Iran 2025,EURUSD,2410,0,0.5370370370370371,0.28840877914951996,0.7592592592592593,0.5764746227709191,0.1111111111111111,0.012345679012345678,0.4074074074074074,0.16598079561042522,0.3425925925925926,0.11736968449931415,0.1388888888888889,0.019290123456790126,0.6203703703703703,0.3848593964334705,0.7777777777777778,0.6049382716049383,0.7870370370370371,0.6194272976680385
Iran 2025,EURUSD,2411,0,0.49074074074074076,0.24082647462277093,0.6666666666666666,0.4444444444444444,0.2962962962962963,0.0877914951989026,0.4166666666666667,0.17361111111111113,0.7222222222222222,0.5216049382716049,0.19444444444444445,0.03780864197530864,0.6944444444444444,0.48225308641975306,0.7685185185185185,0.5906207133058985,0.8796296296296297,0.7737482853223594
Iran 2025,EURUSD,2412,0,0.5092592592592593,0.2593449931412895,0.3611111111111111,0.13040123456790123,0.5370370370370371,0.28840877914951996,0.6018518518518519,0.3622256515775034,0.46296296296296297,0.21433470507544583,0.09259259259259259,0.008573388203017831,0.75,0.5625,0.6851851851851852,0.4694787379972566,0.9537037037037037,0.9095507544581619
Iran 2025,EURUSD,2413,0,0.4537037037037037,0.20584705075445817,0.1574074074074074,0.02477709190672154,0.5925925925925926,0.3511659807956104,0.37037037037037035,0.1371742112482853,0.5185185185185185,0.2688614540466392,0.1111111111111111,0.012345679012345678,0.8981481481481481,0.8066700960219478,0.4722222222222222,0.22299382716049382,0.9722222222222222,0.945216049382716
Iran 2025,EURUSD,2414,0,0.3148148148148148,0.09910836762688616,0.16666666666666666,0.027777777777777776,0.8055555555555556,0.6489197530864198,0.4444444444444444,0.19753086419753085,0.3148148148148148,0.09910836762688616,0.05555555555555555,0.0030864197530864196,0.9537037037037037,0.9095507544581619,0.3611111111111111,0.13040123456790123,0.9814814814814815,0.9633058984910837
Iran 2025,EURUSD,2415,0,0.4166666666666667,0.17361111111111113,0.08333333333333333,0.006944444444444444,0.7962962962962963,0.6340877914951989,0.2222222222222222,0.04938271604938271,0.1111111111111111,0.012345679012345678,0.14814814814814814,0.02194787379972565,0.9907407407407407,0.9815672153635115,0.3425925925925926,0.11736968449931415,0.9907407407407407,0.9815672153635115
Iran 2025,EURUSD,2416,0,0.25925925925925924,0.0672153635116598,0.4074074074074074,0.16598079561042522,0.37037037037037035,0.1371742112482853,0.48148148148148145,0.23182441700960216,0.21296296296296297,0.045353223593964334,0.2222222222222222,0.04938271604938271,0.4537037037037037,0.20584705075445817,0.4444444444444444,0.19753086419753085,0.7222222222222222,0.5216049382716049
Iran 2025,EURUSD,2417,0,0.23148148148148148,0.05358367626886146,0.32407407407407407,0.10502400548696844,0.49074074074074076,0.24082647462277093,0.5185185185185185,0.2688614540466392,0.37037037037037035,0.1371742112482853,0.3055555555555556,0.09336419753086421,0.42592592592592593,0.18141289437585734,0.3055555555555556,0.09336419753086421,0.6851851851851852,0.4694787379972566
Iran 2025,EURUSD,2418,0,0.37037037037037035,0.1371742112482853,0.37037037037037035,0.1371742112482853,0.3425925925925926,0.11736968449931415,0.6759259259259259,0.4568758573388203,0.5,0.25,0.17592592592592593,0.03094993141289438,0.49074074074074076,0.24082647462277093,0.3333333333333333,0.1111111111111111,0.6944444444444444,0.48225308641975306
Iran 2025,EURUSD,2419,0,0.5,0.25,0.39814814814814814,0.15852194787379972,0.4074074074074074,0.16598079561042522,0.5740740740740741,0.3295610425240055,0.28703703703703703,0.08239026063100137,0.32407407407407407,0.10502400548696844,0.5277777777777778,0.2785493827160494,0.46296296296296297,0.21433470507544583,0.7314814814814815,0.535065157750343
Iran 2025,EURUSD,2420,0,0.3333333333333333,0.1111111111111111,0.5092592592592593,0.2593449931412895,0.6018518518518519,0.3622256515775034,0.5648148148148148,0.3190157750342935,0.4351851851851852,0.18938614540466392,0.2962962962962963,0.0877914951989026,0.5370370370370371,0.28840877914951996,0.48148148148148145,0.23182441700960216,0.7407407407407407,0.5486968449931412
Iran 2025,EURUSD,2421,0,0.42592592592592593,0.18141289437585734,0.4444444444444444,0.19753086419753085,0.5277777777777778,0.2785493827160494,0.18518518518518517,0.034293552812071325,0.5462962962962963,0.29843964334705075,0.16666666666666666,0.027777777777777776,0.5462962962962963,0.29843964334705075,0.5277777777777778,0.2785493827160494,0.7592592592592593,0.5764746227709191
Iran 2025,EURUSD,2422,0,0.5185185185185185,0.2688614540466392,0.4166666666666667,0.17361111111111113,0.2222222222222222,0.04938271604938271,0.6481481481481481,0.42009602194787377,0.37962962962962965,0.14411865569272977,0.39814814814814814,0.15852194787379972,0.4074074074074074,0.16598079561042522,0.42592592592592593,0.18141289437585734,0.8055555555555556,0.6489197530864198
Iran 2025,EURUSD,2423,0,0.5555555555555556,0.308641975308642,0.6759259259259259,0.4568758573388203,0.3055555555555556,0.09336419753086421,0.9166666666666666,0.8402777777777777,0.4722222222222222,0.22299382716049382,0.4074074074074074,0.16598079561042522,0.3888888888888889,0.15123456790123457,0.5370370370370371,0.28840877914951996,0.7037037037037037,0.49519890260631005
Iran 2025,EURUSD,2424,0,0.6481481481481481,0.42009602194787377,0.5,0.25,0.046296296296296294,0.002143347050754458,0.7037037037037037,0.49519890260631005,0.5925925925925926,0.3511659807956104,0.5185185185185185,0.2688614540466392,0.3611111111111111,0.13040123456790123,0.5555555555555556,0.308641975308642,0.6481481481481481,0.42009602194787377
Iran 2025,EURUSD,2425,0,0.5740740740740741,0.3295610425240055,0.3333333333333333,0.1111111111111111,0.7870370370370371,0.6194272976680385,0.7870370370370371,0.6194272976680385,0.3888888888888889,0.15123456790123457,0.5092592592592593,0.2593449931412895,0.35185185185185186,0.12379972565157751,0.5185185185185185,0.2688614540466392,0.6203703703703703,0.3848593964334705
Iran 2025,EURUSD,2426,0,0.4722222222222222,0.22299382716049382,0.37962962962962965,0.14411865569272977,0.39814814814814814,0.15852194787379972,0.46296296296296297,0.21433470507544583,0.7129629629629629,0.5083161865569272,0.5648148148148148,0.3190157750342935,0.37037037037037035,0.1371742112482853,0.8148148148148148,0.6639231824417009,0.5740740740740741,0.3295610425240055
Iran 2025,EURUSD,2427,1,0.3611111111111111,0.40817901234567894,0.18518518518518517,0.6639231824417011,0.7685185185185185,0.053583676268861465,0.14814814814814814,0.7256515775034293,0.26851851851851855,0.5350651577503428,0.28703703703703703,0.5083161865569273,0.28703703703703703,0.5083161865569273,0.2962962962962963,0.49519890260631005,0.7129629629629629,0.0823902606310014
Iran 2025,EURUSD,2428,1,0.018518518518518517,0.9633058984910837,0.5555555555555556,0.19753086419753085,0.6574074074074074,0.1173696844993141,0.037037037037037035,0.9272976680384089,0.2222222222222222,0.6049382716049383,0.21296296296296297,0.6194272976680383,0.07407407407407407,0.8573388203017833,0.19444444444444445,0.6489197530864198,0.25925925925925924,0.5486968449931412
Iran 2025,EURUSD,2429,1,0.12037037037037036,0.7737482853223594,0.3148148148148148,0.4694787379972564,0.4537037037037037,0.29843964334705075,0.21296296296296297,0.6194272976680383,0.19444444444444445,0.6489197530864198,0.1574074074074074,0.7099622770919066,0.08333333333333333,0.8402777777777777,0.1574074074074074,0.7099622770919066,0.3055555555555556,0.48225308641975306
Iran 2025,EURUSD,2430,1,0.24074074074074073,0.5764746227709191,0.23148148148148148,0.5906207133058985,0.12037037037037036,0.7737482853223594,0.26851851851851855,0.5350651577503428,0.39814814814814814,0.3622256515775034,0.49074074074074076,0.2593449931412895,0.1111111111111111,0.7901234567901234,0.23148148148148148,0.5906207133058985,0.3425925925925926,0.432184499314129
Iran 2025,EURUSD,2431,1,0.21296296296296297,0.6194272976680383,0.17592592592592593,0.6790980795610425,0.2777777777777778,0.5216049382716049,0.19444444444444445,0.6489197530864198,0.10185185185185185,0.8066700960219478,0.42592592592592593,0.3295610425240055,0.1574074074074074,0.7099622770919066,0.10185185185185185,0.8066700960219478,0.42592592592592593,0.3295610425240055
Iran 2025,EURUSD,2432,1,0.2777777777777778,0.5216049382716049,0.12037037037037036,0.7737482853223594,0.4722222222222222,0.2785493827160494,0.1388888888888889,0.7415123456790125,0.12037037037037036,0.7737482853223594,0.3888888888888889,0.37345679012345684,0.18518518518518517,0.6639231824417011,0.037037037037037035,0.9272976680384089,0.5277777777777778,0.22299382716049382
Iran 2025,EURUSD,2433,1,0.19444444444444445,0.6489197530864198,0.06481481481481481,0.8745713305898491,0.5555555555555556,0.19753086419753085,0.3611111111111111,0.40817901234567894,0.07407407407407407,0.8573388203017833,0.4351851851851852,0.3190157750342936,0.17592592592592593,0.6790980795610425,0.1388888888888889,0.7415123456790125,0.5555555555555556,0.19753086419753085
Iran 2025,EURUSD,2434,1,0.10185185185185185,0.8066700960219478,0.046296296296296294,0.9095507544581619,0.23148148148148148,0.5906207133058985,0.3333333333333333,0.44444444444444453,0.05555555555555555,0.8919753086419753,0.4537037037037037,0.29843964334705075,0.19444444444444445,0.6489197530864198,0.07407407407407407,0.8573388203017833,0.6018518518518519,0.15852194787379972
Iran 2025,EURUSD,2435,1,0.18518518518518517,0.6639231824417011,0.027777777777777776,0.945216049382716,0.26851851851851855,0.5350651577503428,0.08333333333333333,0.8402777777777777,0.037037037037037035,0.9272976680384089,0.4166666666666667,0.3402777777777777,0.2037037037037037,0.6340877914951989,0.05555555555555555,0.8919753086419753,0.5925925925925926,0.16598079561042528
Iran 2025,EURUSD,2436,1,0.17592592592592593,0.6790980795610425,0.018518518518518517,0.9633058984910837,0.12962962962962962,0.7575445816186557,0.12962962962962962,0.7575445816186557,0.009259259259259259,0.9815672153635115,0.3148148148148148,0.4694787379972564,0.21296296296296297,0.6194272976680383,0.046296296296296294,0.9095507544581619,0.6111111111111112,0.15123456790123452
Iran 2025,EURUSD,2437,1,0.2222222222222222,0.6049382716049383,0.14814814814814814,0.7256515775034293,0.3333333333333333,0.44444444444444453,0.05555555555555555,0.8919753086419753,0.4074074074074074,0.3511659807956104,0.6111111111111112,0.15123456790123452,0.25,0.5625,0.17592592592592593,0.6790980795610425,0.21296296296296297,0.6194272976680383
Iran 2025,EURUSD,2438,1,0.1574074074074074,0.7099622770919066,0.21296296296296297,0.6194272976680383,0.25925925925925924,0.5486968449931412,0.4351851851851852,0.3190157750342936,0.23148148148148148,0.5906207133058985,0.6018518518518519,0.15852194787379972,0.2222222222222222,0.6049382716049383,0.16666666666666666,0.6944444444444445,0.24074074074074073,0.5764746227709191
Iran 2025,EURUSD,2439,1,0.26851851851851855,0.5350651577503428,0.25,0.5625,0.3611111111111111,0.40817901234567894,0.1111111111111111,0.7901234567901234,0.25,0.5625,0.48148148148148145,0.2688614540466393,0.16666666666666666,0.6944444444444445,0.06481481481481481,0.8745713305898491,0.2222222222222222,0.6049382716049383
Iran 2025,EURUSD,2440,1,0.12962962962962962,0.7575445816186557,0.28703703703703703,0.5083161865569273,0.4444444444444444,0.308641975308642,0.07407407407407407,0.8573388203017833,0.18518518518518517,0.6639231824417011,0.3611111111111111,0.40817901234567894,0.018518518518518517,0.9633058984910837,0.009259259259259259,0.9815672153635115,0.19444444444444445,0.6489197530864198
Iran 2025,EURUSD,2441,1,0.009259259259259259,0.9815672153635115,0.26851851851851855,0.5350651577503428,0.8333333333333334,0.027777777777777766,0.24074074074074073,0.5764746227709191,0.35185185185185186,0.42009602194787377,0.7870370370370371,0.04535322359396431,0.12037037037037036,0.7737482853223594,0.018518518518518517,0.9633058984910837,0.16666666666666666,0.6944444444444445
Iran 2025,EURUSD,2442,1,0.027777777777777776,0.945216049382716,0.24074074074074073,0.5764746227709191,0.7129629629629629,0.0823902606310014,0.3055555555555556,0.48225308641975306,0.17592592592592593,0.6790980795610425,0.7962962962962963,0.04149519890260632,0.046296296296296294,0.9095507544581619,0.12037037037037036,0.7737482853223594,0.17592592592592593,0.6790980795610425
Iran 2025,EURUSD,2443,1,0.037037037037037035,0.9272976680384089,0.19444444444444445,0.6489197530864198,0.48148148148148145,0.2688614540466393,0.018518518518518517,0.9633058984910837,0.16666666666666666,0.6944444444444445,0.6666666666666666,0.11111111111111113,0.027777777777777776,0.945216049382716,0.14814814814814814,0.7256515775034293,0.18518518518518517,0.6639231824417011
Iran 2025,EURUSD,2444,1,0.06481481481481481,0.8745713305898491,0.1388888888888889,0.7415123456790125,0.07407407407407407,0.8573388203017833,0.06481481481481481,0.8745713305898491,0.12962962962962962,0.7575445816186557,0.6574074074074074,0.1173696844993141,0.05555555555555555,0.8919753086419753,0.1111111111111111,0.7901234567901234,0.2037037037037037,0.6340877914951989
Iran 2025,EURUSD,2445,1,0.09259259259259259,0.8233882030178327,0.10185185185185185,0.8066700960219478,0.06481481481481481,0.8745713305898491,0.009259259259259259,0.9815672153635115,0.046296296296296294,0.9095507544581619,0.5555555555555556,0.19753086419753085,0.037037037037037035,0.9272976680384089,0.09259259259259259,0.8233882030178327,0.26851851851851855,0.5350651577503428
Iran 2025,EURUSD,2446,1,0.1111111111111111,0.7901234567901234,0.09259259259259259,0.8233882030178327,0.05555555555555555,0.8919753086419753,0.046296296296296294,0.9095507544581619,0.09259259259259259,0.8233882030178327,0.6203703703703703,0.14411865569272977,0.10185185185185185,0.8066700960219478,0.08333333333333333,0.8402777777777777,0.32407407407407407,0.4568758573388203
Iran 2025,EURUSD,2447,1,0.05555555555555555,0.8919753086419753,0.05555555555555555,0.8919753086419753,0.037037037037037035,0.9272976680384089,0.17592592592592593,0.6790980795610425,0.027777777777777776,0.945216049382716,0.6481481481481481,0.12379972565157751,0.12962962962962962,0.7575445816186557,0.12962962962962962,0.7575445816186557,0.3611111111111111,0.40817901234567894
Iran 2025,EURUSD,2448,1,0.07407407407407407,0.8573388203017833,0.009259259259259259,0.9815672153635115,0.08333333333333333,0.8402777777777777,0.25,0.5625,0.018518518518518517,0.9633058984910837,0.5462962962962963,0.20584705075445817,0.1388888888888889,0.7415123456790125,0.027777777777777776,0.945216049382716,0.4444444444444444,0.308641975308642
Iran 2025,EURUSD,2449,1,0.046296296296296294,0.9095507544581619,0.07407407407407407,0.8573388203017833,0.16666666666666666,0.6944444444444445,0.28703703703703703,0.5083161865569273,0.14814814814814814,0.7256515775034293,0.9351851851851852,0.004200960219478732,0.2777777777777778,0.5216049382716049,0.21296296296296297,0.6194272976680383,0.23148148148148148,0.5906207133058985
Iran 2025,EURUSD,2450,1,0.16666666666666666,0.6944444444444445,0.037037037037037035,0.9272976680384089,0.09259259259259259,0.8233882030178327,0.3425925925925926,0.432184499314129,0.1388888888888889,0.7415123456790125,0.9074074074074074,0.008573388203017826,0.23148148148148148,0.5906207133058985,0.18518518518518517,0.6639231824417011,0.28703703703703703,0.5083161865569273
Iran 2025,EURUSD,2451,1,0.14814814814814814,0.7256515775034293,0.2037037037037037,0.6340877914951989,0.1388888888888889,0.7415123456790125,0.23148148148148148,0.5906207133058985,0.5648148148148148,0.18938614540466397,0.8981481481481481,0.01037379972565158,0.3333333333333333,0.44444444444444453,0.4074074074074074,0.3511659807956104,0.25,0.5625
Iran 2025,EURUSD,2452,1,0.08333333333333333,0.8402777777777777,0.2777777777777778,0.5216049382716049,0.2037037037037037,0.6340877914951989,0.10185185185185185,0.8066700960219478,0.5092592592592593,0.24082647462277088,0.8703703703703703,0.016803840877914956,0.3425925925925926,0.432184499314129,0.4537037037037037,0.29843964334705075,0.2962962962962963,0.49519890260631005
Iran 2025,EURUSD,2453,1,0.1388888888888889,0.7415123456790125,0.46296296296296297,0.28840877914951984,0.6481481481481481,0.12379972565157751,0.027777777777777776,0.945216049382716,0.6388888888888888,0.13040123456790126,0.8518518518518519,0.02194787379972565,0.4722222222222222,0.2785493827160494,0.6759259259259259,0.10502400548696844,0.2777777777777778,0.5216049382716049
Iran 2025,EURUSD,2454,1,0.25,0.5625,0.48148148148148145,0.2688614540466393,0.46296296296296297,0.28840877914951984,0.1574074074074074,0.7099622770919066,0.4537037037037037,0.29843964334705075,0.8148148148148148,0.034293552812071346,0.4444444444444444,0.308641975308642,0.6666666666666666,0.11111111111111113,0.3333333333333333,0.44444444444444453
Iran 2025,EURUSD,2455,1,0.28703703703703703,0.5083161865569273,0.5462962962962963,0.20584705075445817,0.8611111111111112,0.01929012345679011,0.09259259259259259,0.8233882030178327,0.3333333333333333,0.44444444444444453,0.6388888888888888,0.13040123456790126,0.4351851851851852,0.3190157750342936,0.5925925925925926,0.16598079561042528,0.4074074074074074,0.3511659807956104
Iran 2025,EURUSD,2456,1,0.3888888888888889,0.37345679012345684,0.6111111111111112,0.15123456790123452,0.9629629629629629,0.0013717421124828572,0.2962962962962963,0.49519890260631005,0.3055555555555556,0.48225308641975306,0.5925925925925926,0.16598079561042528,0.48148148148148145,0.2688614540466393,0.5648148148148148,0.18938614540466397,0.4537037037037037,0.29843964334705075
Iran 2025,EURUSD,2457,1,0.32407407407407407,0.4568758573388203,0.7314814814814815,0.07210219478737996,0.9166666666666666,0.006944444444444451,0.2037037037037037,0.6340877914951989,0.6759259259259259,0.10502400548696844,0.6759259259259259,0.10502400548696844,0.5185185185185185,0.2318244170096022,0.6018518518518519,0.15852194787379972,0.46296296296296297,0.28840877914951984
Iran 2025,EURUSD,2458,1,0.46296296296296297,0.28840877914951984,0.8148148148148148,0.034293552812071346,0.8703703703703703,0.016803840877914956,0.3148148148148148,0.4694787379972564,0.5833333333333334,0.17361111111111108,0.7592592592592593,0.057956104252400525,0.7222222222222222,0.0771604938271605,0.8611111111111112,0.01929012345679011,0.35185185185185186,0.42009602194787377
Iran 2025,EURUSD,2459,1,0.5277777777777778,0.22299382716049382,0.8240740740740741,0.03094993141289438,0.7777777777777778,0.04938271604938271,0.16666666666666666,0.6944444444444445,0.6481481481481481,0.12379972565157751,0.7314814814814815,0.07210219478737996,0.6759259259259259,0.10502400548696844,0.9537037037037037,0.0021433470507544565,0.3888888888888889,0.37345679012345684
Iran 2025,EURUSD,2460,1,0.7870370370370371,0.04535322359396431,0.9166666666666666,0.006944444444444451,0.027777777777777776,0.945216049382716,0.5555555555555556,0.19753086419753085,0.7962962962962963,0.04149519890260632,0.7685185185185185,0.053583676268861465,0.8518518518518519,0.02194787379972565,0.9629629629629629,0.0013717421124828572,0.37037037037037035,0.3964334705075446
Iran 2025,EURUSD,2461,1,0.9722222222222222,0.0007716049382716057,0.9814814814814815,0.00034293552812071225,0.25,0.5625,0.7777777777777778,0.04938271604938271,0.7777777777777778,0.04938271604938271,0.7222222222222222,0.0771604938271605,0.9166666666666666,0.006944444444444451,0.9814814814814815,0.00034293552812071225,0.37962962962962965,0.3848593964334705
Iran 2025,EURUSD,2462,1,0.8333333333333334,0.027777777777777766,0.8703703703703703,0.016803840877914956,0.7407407407407407,0.06721536351165983,0.7962962962962963,0.04149519890260632,0.8055555555555556,0.03780864197530863,0.8055555555555556,0.03780864197530863,0.7685185185185185,0.053583676268861465,0.9444444444444444,0.0030864197530864226,0.4166666666666667,0.3402777777777777
Iran 2025,EURUSD,2463,1,0.8611111111111112,0.01929012345679011,0.8518518518518519,0.02194787379972565,0.6944444444444444,0.09336419753086421,0.4722222222222222,0.2785493827160494,0.8333333333333334,0.027777777777777766,0.7407407407407407,0.06721536351165983,0.8240740740740741,0.03094993141289438,0.9351851851851852,0.004200960219478732,0.39814814814814814,0.3622256515775034
Iran 2025,EURUSD,2464,1,0.9074074074074074,0.008573388203017826,0.7685185185185185,0.053583676268861465,0.018518518518518517,0.9633058984910837,0.42592592592592593,0.3295610425240055,0.8148148148148148,0.034293552812071346,0.7777777777777778,0.04938271604938271,0.8055555555555556,0.03780864197530863,0.8796296296296297,0.014489026063100131,0.4351851851851852,0.3190157750342936
Iran 2025,EURUSD,2465,1,0.7962962962962963,0.04149519890260632,0.7407407407407407,0.06721536351165983,0.1574074074074074,0.7099622770919066,0.6944444444444444,0.09336419753086421,0.8240740740740741,0.03094993141289438,0.7129629629629629,0.0823902606310014,0.7962962962962963,0.04149519890260632,0.8055555555555556,0.03780864197530863,0.4722222222222222,0.2785493827160494
Iran 2025,EURUSD,2466,1,0.6759259259259259,0.10502400548696844,0.6851851851851852,0.09910836762688612,0.21296296296296297,0.6194272976680383,0.2777777777777778,0.5216049382716049,0.6666666666666666,0.11111111111111113,0.75,0.0625,0.7407407407407407,0.06721536351165983,0.6388888888888888,0.13040123456790126,0.48148148148148145,0.2688614540466393
Iran 2025,EURUSD,2467,1,0.8981481481481481,0.01037379972565158,0.6018518518518519,0.15852194787379972,0.10185185185185185,0.8066700960219478,0.6574074074074074,0.1173696844993141,0.7314814814814815,0.07210219478737996,0.7037037037037037,0.0877914951989026,0.7129629629629629,0.0823902606310014,0.6111111111111112,0.15123456790123452,0.5,0.25
Iran 2025,EURUSD,2468,0,0.6388888888888888,0.40817901234567894,0.5925925925925926,0.3511659807956104,0.37962962962962965,0.14411865569272977,0.6851851851851852,0.4694787379972566,0.6203703703703703,0.3848593964334705,0.5740740740740741,0.3295610425240055,0.6574074074074074,0.432184499314129,0.5462962962962963,0.29843964334705075,0.49074074074074076,0.24082647462277093
Iran 2025,EURUSD,2469,0,0.7037037037037037,0.49519890260631005,0.5833333333333334,0.34027777777777785,0.32407407407407407,0.10502400548696844,0.5277777777777778,0.2785493827160494,0.7685185185185185,0.5906207133058985,0.5833333333333334,0.34027777777777785,0.6666666666666666,0.4444444444444444,0.5,0.25,0.5092592592592593,0.2593449931412895
Iran 2025,EURUSD,2470,0,0.7777777777777778,0.6049382716049383,0.4722222222222222,0.22299382716049382,0.009259259259259259,8.573388203017832e-05,0.35185185185185186,0.12379972565157751,0.2777777777777778,0.0771604938271605,0.46296296296296297,0.21433470507544583,0.6388888888888888,0.40817901234567894,0.39814814814814814,0.15852194787379972,0.5370370370370371,0.28840877914951996
Iran 2025,EURUSD,2471,0,0.6203703703703703,0.3848593964334705,0.4351851851851852,0.18938614540466392,0.17592592592592593,0.03094993141289438,0.6296296296296297,0.3964334705075446,0.4444444444444444,0.19753086419753085,0.5,0.25,0.6111111111111112,0.37345679012345684,0.49074074074074076,0.24082647462277093,0.5833333333333334,0.34027777777777785
Iran 2025,EURUSD,2472,0,0.7222222222222222,0.5216049382716049,0.5185185185185185,0.2688614540466392,0.24074074074074073,0.05795610425240054,0.32407407407407407,0.10502400548696844,0.5555555555555556,0.308641975308642,0.2777777777777778,0.0771604938271605,0.5648148148148148,0.3190157750342935,0.6574074074074074,0.432184499314129,0.6296296296296297,0.3964334705075446
Iran 2025,EURUSD,2473,0,0.8518518518518519,0.7256515775034293,0.5740740740740741,0.3295610425240055,0.3148148148148148,0.09910836762688616,0.5,0.25,0.2962962962962963,0.0877914951989026,0.18518518518518517,0.034293552812071325,0.5925925925925926,0.3511659807956104,0.5740740740740741,0.3295610425240055,0.6759259259259259,0.4568758573388203
Iran 2025,EURUSD,2474,0,0.9629629629629629,0.9272976680384086,0.7777777777777778,0.6049382716049383,0.9444444444444444,0.8919753086419753,0.6666666666666666,0.4444444444444444,0.7870370370370371,0.6194272976680385,0.37037037037037035,0.1371742112482853,0.8148148148148148,0.6639231824417009,0.8703703703703703,0.7575445816186557,0.5462962962962963,0.29843964334705075
Iran 2025,EURUSD,2475,0,0.8796296296296297,0.7737482853223594,0.75,0.5625,0.5833333333333334,0.34027777777777785,0.9259259259259259,0.8573388203017833,0.6574074074074074,0.432184499314129,0.3425925925925926,0.11736968449931415,0.7592592592592593,0.5764746227709191,0.8518518518518519,0.7256515775034293,0.6388888888888888,0.40817901234567894
Iran 2025,EURUSD,2476,0,0.8888888888888888,0.7901234567901234,0.6481481481481481,0.42009602194787377,0.6111111111111112,0.37345679012345684,0.39814814814814814,0.15852194787379972,0.6111111111111112,0.37345679012345684,0.3333333333333333,0.1111111111111111,0.7777777777777778,0.6049382716049383,0.8888888888888888,0.7901234567901234,0.6666666666666666,0.4444444444444444
Iran 2025,EURUSD,2477,0,0.9166666666666666,0.8402777777777777,0.6203703703703703,0.3848593964334705,0.8518518518518519,0.7256515775034293,0.9907407407407407,0.9815672153635115,0.6851851851851852,0.4694787379972566,0.26851851851851855,0.07210219478737999,0.8425925925925926,0.7099622770919066,0.8333333333333334,0.6944444444444445,0.75,0.5625
Iran 2025,EURUSD,2478,0,0.9259259259259259,0.8573388203017833,0.5277777777777778,0.2785493827160494,0.8148148148148148,0.6639231824417009,0.9444444444444444,0.8919753086419753,0.7037037037037037,0.49519890260631005,0.24074074074074073,0.05795610425240054,0.8888888888888888,0.7901234567901234,0.8425925925925926,0.7099622770919066,0.8240740740740741,0.6790980795610425
Iran 2025,EURUSD,2479,0,0.6666666666666666,0.4444444444444444,0.5370370370370371,0.28840877914951996,0.42592592592592593,0.18141289437585734,0.75,0.5625,0.6018518518518519,0.3622256515775034,0.37962962962962965,0.14411865569272977,0.8796296296296297,0.7737482853223594,0.8240740740740741,0.6790980795610425,0.8518518518518519,0.7256515775034293
Iran 2025,EURUSD,2480,0,0.5833333333333334,0.34027777777777785,0.6296296296296297,0.3964334705075446,0.4166666666666667,0.17361111111111113,0.8240740740740741,0.6790980795610425,0.4166666666666667,0.17361111111111113,0.35185185185185186,0.12379972565157751,0.9351851851851852,0.8745713305898491,0.7129629629629629,0.5083161865569272,0.8981481481481481,0.8066700960219478
Iran 2025,EURUSD,2481,0,0.75,0.5625,0.7222222222222222,0.5216049382716049,0.19444444444444445,0.03780864197530864,0.8148148148148148,0.6639231824417009,0.7407407407407407,0.5486968449931412,0.5277777777777778,0.2785493827160494,0.9722222222222222,0.945216049382716,0.6203703703703703,0.3848593964334705,0.9166666666666666,0.8402777777777777
Iran 2025,EURUSD,2482,0,0.8055555555555556,0.6489197530864198,0.6388888888888888,0.40817901234567894,0.5,0.25,0.7314814814814815,0.535065157750343,0.7592592592592593,0.5764746227709191,0.4722222222222222,0.22299382716049382,0.9814814814814815,0.9633058984910837,0.7870370370370371,0.6194272976680385,0.9074074074074074,0.8233882030178327
Iran 2025,EURUSD,2483,0,0.8703703703703703,0.7575445816186557,0.7129629629629629,0.5083161865569272,0.4351851851851852,0.18938614540466392,0.9074074074074074,0.8233882030178327,0.6296296296296297,0.3964334705075446,0.4444444444444444,0.19753086419753085,0.9444444444444444,0.8919753086419753,0.7314814814814815,0.535065157750343,0.8888888888888888,0.7901234567901234
Iran 2025,EURUSD,2484,0,0.9537037037037037,0.9095507544581619,0.6944444444444444,0.48225308641975306,0.6296296296296297,0.3964334705075446,0.9814814814814815,0.9633058984910837,0.5370370370370371,0.28840877914951996,0.2037037037037037,0.041495198902606306,0.9074074074074074,0.8233882030178327,0.6944444444444444,0.48225308641975306,0.8703703703703703,0.7575445816186557
Iran 2025,EURUSD,2485,0,0.9351851851851852,0.8745713305898491,0.4537037037037037,0.20584705075445817,0.7592592592592593,0.5764746227709191,0.5925925925925926,0.3511659807956104,0.5277777777777778,0.2785493827160494,0.25,0.0625,0.7870370370370371,0.6194272976680385,0.7037037037037037,0.49519890260631005,0.8148148148148148,0.6639231824417009
Iran 2025,EURUSD,2486,0,0.7314814814814815,0.535065157750343,0.42592592592592593,0.18141289437585734,0.5462962962962963,0.29843964334705075,0.25925925925925924,0.0672153635116598,0.48148148148148145,0.23182441700960216,0.25925925925925924,0.0672153635116598,0.8333333333333334,0.6944444444444445,0.7222222222222222,0.5216049382716049,0.7962962962962963,0.6340877914951989
Iran 2025,EURUSD,2487,0,0.7592592592592593,0.5764746227709191,0.49074074074074076,0.24082647462277093,0.18518518518518517,0.034293552812071325,0.5092592592592593,0.2593449931412895,0.6944444444444444,0.48225308641975306,0.037037037037037035,0.0013717421124828531,0.8611111111111112,0.7415123456790125,0.6481481481481481,0.42009602194787377,0.8333333333333334,0.6944444444444445
Iran 2025,EURUSD,2488,0,0.8240740740740741,0.6790980795610425,0.35185185185185186,0.12379972565157751,0.7222222222222222,0.5216049382716049,0.7222222222222222,0.5216049382716049,0.49074074074074076,0.24082647462277093,0.07407407407407407,0.0054869684499314125,0.9259259259259259,0.8573388203017833,0.4166666666666667,0.17361111111111113,0.9351851851851852,0.8745713305898491
Iran 2025,EURUSD,2489,0,0.9907407407407407,0.9815672153635115,0.3425925925925926,0.11736968449931415,0.14814814814814814,0.02194787379972565,0.8611111111111112,0.7415123456790125,0.75,0.5625,0.10185185185185185,0.010373799725651577,0.6018518518518519,0.3622256515775034,0.5092592592592593,0.2593449931412895,0.7777777777777778,0.6049382716049383
Iran 2025,EURUSD,2490,0,0.6018518518518519,0.3622256515775034,0.2962962962962963,0.0877914951989026,0.5648148148148148,0.3190157750342935,0.6203703703703703,0.3848593964334705,0.2037037037037037,0.041495198902606306,0.06481481481481481,0.004200960219478737,0.6481481481481481,0.42009602194787377,0.32407407407407407,0.10502400548696844,0.9444444444444444,0.8919753086419753
Iran 2025,EURUSD,2491,0,0.4444444444444444,0.19753086419753085,0.1111111111111111,0.012345679012345678,0.6388888888888888,0.40817901234567894,0.5370370370370371,0.28840877914951996,0.24074074074074073,0.05795610425240054,0.08333333333333333,0.006944444444444444,0.5833333333333334,0.34027777777777785,0.2222222222222222,0.04938271604938271,0.9629629629629629,0.9272976680384086
Iran 2025,EURUSD,2492,0,0.5462962962962963,0.29843964334705075,0.12962962962962962,0.01680384087791495,0.7314814814814815,0.535065157750343,0.37962962962962965,0.14411865569272977,0.08333333333333333,0.006944444444444444,0.23148148148148148,0.05358367626886146,0.5,0.25,0.24074074074074073,0.05795610425240054,0.9259259259259259,0.8573388203017833
Iran 2025,EURUSD,2493,0,0.3055555555555556,0.09336419753086421,0.2222222222222222,0.04938271604938271,0.5740740740740741,0.3295610425240055,0.7129629629629629,0.5083161865569272,0.06481481481481481,0.004200960219478737,0.046296296296296294,0.002143347050754458,0.32407407407407407,0.10502400548696844,0.2037037037037037,0.041495198902606306,0.8425925925925926,0.7099622770919066
Iran 2025,EURUSD,2494,0,0.39814814814814814,0.15852194787379972,0.25925925925925924,0.0672153635116598,0.5185185185185185,0.2688614540466392,0.3888888888888889,0.15123456790123457,0.1574074074074074,0.02477709190672154,0.018518518518518517,0.0003429355281207133,0.2962962962962963,0.0877914951989026,0.25,0.0625,0.8611111111111112,0.7415123456790125
Iran 2025,EURUSD,2495,0,0.9814814814814815,0.9633058984910837,0.7037037037037037,0.49519890260631005,0.6851851851851852,0.4694787379972566,0.9629629629629629,0.9272976680384086,0.5740740740740741,0.3295610425240055,0.5370370370370371,0.28840877914951996,0.46296296296296297,0.21433470507544583,0.5833333333333334,0.34027777777777785,0.3148148148148148,0.09910836762688616
Iran 2025,EURUSD,2496,0,0.6296296296296297,0.3964334705075446,0.9537037037037037,0.9095507544581619,0.9907407407407407,0.9815672153635115,0.8796296296296297,0.7737482853223594,0.8981481481481481,0.8066700960219478,0.8796296296296297,0.7737482853223594,0.06481481481481481,0.004200960219478737,0.28703703703703703,0.08239026063100137,0.009259259259259259,8.573388203017832e-05
Iran 2025,EURUSD,2497,0,0.48148148148148145,0.23182441700960216,0.8888888888888888,0.7901234567901234,0.9814814814814815,0.9633058984910837,0.6388888888888888,0.40817901234567894,0.8425925925925926,0.7099622770919066,0.6296296296296297,0.3964334705075446,0.009259259259259259,8.573388203017832e-05,0.2777777777777778,0.0771604938271605,0.037037037037037035,0.0013717421124828531
Iran 2025,EURUSD,2498,0,0.35185185185185186,0.12379972565157751,0.7870370370370371,0.6194272976680385,0.9722222222222222,0.945216049382716,0.8333333333333334,0.6944444444444445,0.9907407407407407,0.9815672153635115,0.9814814814814815,0.9633058984910837,0.6296296296296297,0.3964334705075446,0.3148148148148148,0.09910836762688616,0.018518518518518517,0.0003429355281207133
Iran 2025,EURUSD,2499,0,0.5648148148148148,0.3190157750342935,0.8425925925925926,0.7099622770919066,0.9259259259259259,0.8573388203017833,0.8055555555555556,0.6489197530864198,0.9814814814814815,0.9633058984910837,0.9907407407407407,0.9815672153635115,0.5555555555555556,0.308641975308642,0.6296296296296297,0.3964334705075446,0.027777777777777776,0.0007716049382716049
Iran 2025,EURUSD,2500,0,0.6851851851851852,0.4694787379972566,0.8055555555555556,0.6489197530864198,0.8240740740740741,0.6790980795610425,0.9351851851851852,0.8745713305898491,0.9074074074074074,0.8233882030178327,0.9629629629629629,0.9272976680384086,0.5092592592592593,0.2593449931412895,0.37962962962962965,0.14411865569272977,0.046296296296296294,0.002143347050754458
Iran 2025,EURUSD,2501,0,0.7407407407407407,0.5486968449931412,0.7962962962962963,0.6340877914951989,0.8981481481481481,0.8066700960219478,0.9722222222222222,0.945216049382716,0.8518518518518519,0.7256515775034293,0.9722222222222222,0.945216049382716,0.39814814814814814,0.15852194787379972,0.26851851851851855,0.07210219478737999,0.05555555555555555,0.0030864197530864196
Iran 2025,EURUSD,2502,0,0.6574074074074074,0.432184499314129,0.8333333333333334,0.6944444444444445,0.8796296296296297,0.7737482853223594,0.8703703703703703,0.7575445816186557,0.8796296296296297,0.7737482853223594,0.9537037037037037,0.9095507544581619,0.3055555555555556,0.09336419753086421,0.25925925925925924,0.0672153635116598,0.08333333333333333,0.006944444444444444
Iran 2025,EURUSD,2503,0,0.7685185185185185,0.5906207133058985,0.8611111111111112,0.7415123456790125,0.9351851851851852,0.8745713305898491,0.5462962962962963,0.29843964334705075,0.9444444444444444,0.8919753086419753,0.9444444444444444,0.8919753086419753,0.6851851851851852,0.4694787379972566,0.7962962962962963,0.6340877914951989,0.07407407407407407,0.0054869684499314125
Iran 2025,EURUSD,2504,0,0.5925925925925926,0.3511659807956104,0.8796296296296297,0.7737482853223594,0.9537037037037037,0.9095507544581619,0.8518518518518519,0.7256515775034293,0.9351851851851852,0.8745713305898491,0.9259259259259259,0.8573388203017833,0.8703703703703703,0.7575445816186557,0.9259259259259259,0.8573388203017833,0.09259259259259259,0.008573388203017831
Iran 2025,EURUSD,2505,0,0.4351851851851852,0.18938614540466392,0.8981481481481481,0.8066700960219478,0.9074074074074074,0.8233882030178327,0.8425925925925926,0.7099622770919066,0.9629629629629629,0.9272976680384086,0.9166666666666666,0.8402777777777777,0.7314814814814815,0.535065157750343,0.9166666666666666,0.8402777777777777,0.10185185185185185,0.010373799725651577
Iran 2025,EURUSD,2506,0,0.4074074074074074,0.16598079561042522,0.9074074074074074,0.8233882030178327,0.6203703703703703,0.3848593964334705,0.9537037037037037,0.9095507544581619,0.9537037037037037,0.9095507544581619,0.8888888888888888,0.7901234567901234,0.7037037037037037,0.49519890260631005,0.7592592592592593,0.5764746227709191,0.1111111111111111,0.012345679012345678
Iran 2025,EURUSD,2507,0,0.7129629629629629,0.5083161865569272,0.9351851851851852,0.8745713305898491,0.3888888888888889,0.15123456790123457,0.7685185185185185,0.5906207133058985,0.9259259259259259,0.8573388203017833,0.8425925925925926,0.7099622770919066,0.5740740740740741,0.3295610425240055,0.75,0.5625,0.12037037037037036,0.014489026063100135
Iran 2025,EURUSD,2508,0,0.9444444444444444,0.8919753086419753,0.9444444444444444,0.8919753086419753,0.75,0.5625,0.7407407407407407,0.5486968449931412,0.8703703703703703,0.7575445816186557,0.8240740740740741,0.6790980795610425,0.4166666666666667,0.17361111111111113,0.9074074074074074,0.8233882030178327,0.14814814814814814,0.02194787379972565
Iran 2025,EURUSD,2509,0,0.8425925925925926,0.7099622770919066,0.9259259259259259,0.8573388203017833,0.8425925925925926,0.7099622770919066,0.8888888888888888,0.7901234567901234,0.8611111111111112,0.7415123456790125,0.6851851851851852,0.4694787379972566,0.3148148148148148,0.09910836762688616,0.7407407407407407,0.5486968449931412,0.1574074074074074,0.02477709190672154
Iran 2025,EURUSD,2510,0,0.6111111111111112,0.37345679012345684,0.9629629629629629,0.9272976680384086,0.8888888888888888,0.7901234567901234,0.8981481481481481,0.8066700960219478,0.8888888888888888,0.7901234567901234,0.6944444444444444,0.48225308641975306,0.24074074074074073,0.05795610425240054,0.8981481481481481,0.8066700960219478,0.1388888888888889,0.019290123456790126
Iran 2025,EURUSD,2511,0,0.6944444444444444,0.48225308641975306,0.9722222222222222,0.945216049382716,0.28703703703703703,0.08239026063100137,0.5833333333333334,0.34027777777777785,0.9166666666666666,0.8402777777777777,0.8333333333333334,0.6944444444444445,0.37962962962962965,0.14411865569272977,0.9722222222222222,0.945216049382716,0.12962962962962962,0.01680384087791495
Iran 2025,EURUSD,2512,0,0.8148148148148148,0.6639231824417009,0.9907407407407407,0.9815672153635115,0.6759259259259259,0.4568758573388203,0.7592592592592593,0.5764746227709191,0.9722222222222222,0.945216049382716,0.8611111111111112,0.7415123456790125,0.9629629629629629,0.9272976680384086,0.9907407407407407,0.9815672153635115,0.06481481481481481,0.004200960219478737
Iran 2025,EURUSD,2513,0,0.3425925925925926,0.11736968449931415,0.3055555555555556,0.09336419753086421,0.7037037037037037,0.49519890260631005,0.6111111111111112,0.37345679012345684,0.32407407407407407,0.10502400548696844,0.009259259259259259,8.573388203017832e-05,0.09259259259259259,0.008573388203017831,0.35185185185185186,0.12379972565157751,0.5648148148148148,0.3190157750342935
Iran 2025,EURUSD,2514,0,0.37962962962962965,0.14411865569272977,0.3888888888888889,0.15123456790123457,0.6666666666666666,0.4444444444444444,0.4537037037037037,0.20584705075445817,0.3611111111111111,0.13040123456790123,0.12037037037037036,0.014489026063100135,0.14814814814814814,0.02194787379972565,0.3888888888888889,0.15123456790123457,0.5185185185185185,0.2688614540466392
Iran 2026,USOIL,2575,0,0.39473684210526316,0.15581717451523547,0.9736842105263158,0.948060941828255,0.13157894736842105,0.017313019390581715,0.9473684210526315,0.8975069252077561,0.42105263157894735,0.17728531855955676,0.5526315789473685,0.3054016620498616,0.05263157894736842,0.0027700831024930744,0.5263157894736842,0.27700831024930744,0.5263157894736842,0.27700831024930744
Iran 2026,USOIL,2576,0,0.5789473684210527,0.33518005540166207,0.9473684210526315,0.8975069252077561,0.8157894736842105,0.6655124653739611,0.7894736842105263,0.6232686980609419,0.5526315789473685,0.3054016620498616,0.5263157894736842,0.27700831024930744,0.13157894736842105,0.017313019390581715,0.5789473684210527,0.33518005540166207,0.5526315789473685,0.3054016620498616
Iran 2026,USOIL,2577,0,0.6578947368421053,0.432825484764543,0.8947368421052632,0.8005540166204986,0.18421052631578946,0.03393351800554016,0.47368421052631576,0.22437673130193903,0.4473684210526316,0.20013850415512466,0.5,0.25,0.10526315789473684,0.011080332409972297,0.42105263157894735,0.17728531855955676,0.6578947368421053,0.432825484764543
Iran 2026,USOIL,2578,0,0.631578947368421,0.39889196675900274,0.8157894736842105,0.6655124653739611,0.23684210526315788,0.056094182825484756,0.7368421052631579,0.5429362880886426,0.07894736842105263,0.006232686980609418,0.4473684210526316,0.20013850415512466,0.02631578947368421,0.0006925207756232686,0.6842105263157895,0.46814404432132967,0.7894736842105263,0.6232686980609419
Iran 2026,USOIL,2579,0,0.47368421052631576,0.22437673130193903,0.3157894736842105,0.09972299168975068,0.21052631578947367,0.04432132963988919,0.9210526315789473,0.8483379501385041,0.3684210526315789,0.13573407202216065,0.5789473684210527,0.33518005540166207,0.23684210526315788,0.056094182825484756,0.9736842105263158,0.948060941828255,0.9210526315789473,0.8483379501385041
Iran 2026,USOIL,2580,0,0.6052631578947368,0.36634349030470914,0.34210526315789475,0.11703601108033242,0.5,0.25,0.8421052631578947,0.709141274238227,0.34210526315789475,0.11703601108033242,0.631578947368421,0.39889196675900274,0.34210526315789475,0.11703601108033242,0.631578947368421,0.39889196675900274,0.9473684210526315,0.8975069252077561
Iran 2026,USOIL,2581,0,0.7631578947368421,0.582409972299169,0.2894736842105263,0.08379501385041552,0.34210526315789475,0.11703601108033242,0.631578947368421,0.39889196675900274,0.2894736842105263,0.08379501385041552,0.6052631578947368,0.36634349030470914,0.3157894736842105,0.09972299168975068,0.9473684210526315,0.8975069252077561,0.8947368421052632,0.8005540166204986
Iran 2026,USOIL,2582,0,0.6842105263157895,0.46814404432132967,0.18421052631578946,0.03393351800554016,0.868421052631579,0.7541551246537397,0.7105263157894737,0.5048476454293629,0.6578947368421053,0.432825484764543,0.7105263157894737,0.5048476454293629,0.39473684210526316,0.15581717451523547,0.8947368421052632,0.8005540166204986,0.8421052631578947,0.709141274238227
Iran 2026,USOIL,2583,0,0.7894736842105263,0.6232686980609419,0.21052631578947367,0.04432132963988919,0.47368421052631576,0.22437673130193903,0.6578947368421053,0.432825484764543,0.6052631578947368,0.36634349030470914,0.7368421052631579,0.5429362880886426,0.2894736842105263,0.08379501385041552,0.7631578947368421,0.582409972299169,0.7631578947368421,0.582409972299169
Iran 2026,USOIL,2584,0,0.8421052631578947,0.709141274238227,0.47368421052631576,0.22437673130193903,0.39473684210526316,0.15581717451523547,0.5,0.25,0.5263157894736842,0.27700831024930744,0.7894736842105263,0.6232686980609419,0.5,0.25,0.7105263157894737,0.5048476454293629,0.6052631578947368,0.36634349030470914
Iran 2026,USOIL,2585,0,0.868421052631579,0.7541551246537397,0.2631578947368421,0.06925207756232686,0.7105263157894737,0.5048476454293629,0.5789473684210527,0.33518005540166207,0.631578947368421,0.39889196675900274,0.7631578947368421,0.582409972299169,0.5789473684210527,0.33518005540166207,0.6052631578947368,0.36634349030470914,0.7105263157894737,0.5048476454293629
Iran 2026,USOIL,2586,0,0.8157894736842105,0.6655124653739611,0.13157894736842105,0.017313019390581715,0.3684210526315789,0.13573407202216065,0.39473684210526316,0.15581717451523547,0.7105263157894737,0.5048476454293629,0.6578947368421053,0.432825484764543,0.631578947368421,0.39889196675900274,0.5,0.25,0.631578947368421,0.39889196675900274
Iran 2026,USOIL,2587,0,0.9736842105263158,0.948060941828255,0.9210526315789473,0.8483379501385041,0.9210526315789473,0.8483379501385041,0.868421052631579,0.7541551246537397,0.9473684210526315,0.8975069252077561,0.9473684210526315,0.8975069252077561,0.8947368421052632,0.8005540166204986,0.7894736842105263,0.6232686980609419,0.34210526315789475,0.11703601108033242
Iran 2026,USOIL,2588,0,0.9473684210526315,0.8975069252077561,0.7631578947368421,0.582409972299169,0.2631578947368421,0.06925207756232686,0.8157894736842105,0.6655124653739611,0.7631578947368421,0.582409972299169,0.9210526315789473,0.8483379501385041,0.7894736842105263,0.6232686980609419,0.9210526315789473,0.8483379501385041,0.39473684210526316,0.15581717451523547
Iran 2026,USOIL,2589,0,0.8947368421052632,0.8005540166204986,0.05263157894736842,0.0027700831024930744,0.631578947368421,0.39889196675900274,0.9736842105263158,0.948060941828255,0.7894736842105263,0.6232686980609419,0.868421052631579,0.7541551246537397,0.8421052631578947,0.709141274238227,0.8421052631578947,0.709141274238227,0.3157894736842105,0.09972299168975068
Iran 2026,USOIL,2590,0,0.9210526315789473,0.8483379501385041,0.10526315789473684,0.011080332409972297,0.5263157894736842,0.27700831024930744,0.8947368421052632,0.8005540166204986,0.8421052631578947,0.709141274238227,0.8421052631578947,0.709141274238227,0.868421052631579,0.7541551246537397,0.8157894736842105,0.6655124653739611,0.2894736842105263,0.08379501385041552
Iran 2026,USOIL,2591,0,0.7368421052631579,0.5429362880886426,0.15789473684210525,0.02493074792243767,0.4473684210526316,0.20013850415512466,0.7631578947368421,0.582409972299169,0.8947368421052632,0.8005540166204986,0.9736842105263158,0.948060941828255,0.9473684210526315,0.8975069252077561,0.6578947368421053,0.432825484764543,0.23684210526315788,0.056094182825484756
Iran 2026,USOIL,2592,0,0.7105263157894737,0.5048476454293629,0.23684210526315788,0.056094182825484756,0.7894736842105263,0.6232686980609419,0.6842105263157895,0.46814404432132967,0.868421052631579,0.7541551246537397,0.8157894736842105,0.6655124653739611,0.9210526315789473,0.8483379501385041,0.7368421052631579,0.5429362880886426,0.18421052631578946,0.03393351800554016
Iran 2026,USOIL,2593,0,0.5,0.25,0.3684210526315789,0.13573407202216065,0.42105263157894735,0.17728531855955676,0.6052631578947368,0.36634349030470914,0.9736842105263158,0.948060941828255,0.8947368421052632,0.8005540166204986,0.9736842105263158,0.948060941828255,0.868421052631579,0.7541551246537397,0.10526315789473684,0.011080332409972297
Iran 2026,USOIL,2594,1,0.5263157894736842,0.22437673130193908,0.02631578947368421,0.948060941828255,0.8421052631578947,0.02493074792243769,0.42105263157894735,0.33518005540166207,0.47368421052631576,0.27700831024930755,0.6842105263157895,0.09972299168975068,0.5526315789473685,0.2001385041551246,0.4473684210526316,0.3054016620498614,0.3684210526315789,0.39889196675900274
Iran 2026,USOIL,2595,1,0.34210526315789475,0.432825484764543,0.07894736842105263,0.8483379501385041,0.02631578947368421,0.948060941828255,0.5526315789473685,0.2001385041551246,0.21052631578947367,0.6232686980609419,0.47368421052631576,0.27700831024930755,0.07894736842105263,0.8483379501385041,0.5526315789473685,0.2001385041551246,0.5789473684210527,0.17728531855955676
Iran 2026,USOIL,2596,1,0.42105263157894735,0.33518005540166207,0.39473684210526316,0.36634349030470914,0.3157894736842105,0.46814404432132967,0.4473684210526316,0.3054016620498614,0.13157894736842105,0.7541551246537397,0.42105263157894735,0.33518005540166207,0.18421052631578946,0.6655124653739611,0.34210526315789475,0.432825484764543,0.9736842105263158,0.0006925207756232672
Iran 2026,USOIL,2597,1,0.5526315789473685,0.2001385041551246,0.42105263157894735,0.33518005540166207,0.6052631578947368,0.15581717451523547,0.07894736842105263,0.8483379501385041,0.10526315789473684,0.8005540166204986,0.39473684210526316,0.36634349030470914,0.15789473684210525,0.709141274238227,0.3157894736842105,0.46814404432132967,0.868421052631579,0.01731301939058171
Iran 2026,USOIL,2598,1,0.4473684210526316,0.3054016620498614,0.5526315789473685,0.2001385041551246,0.10526315789473684,0.8005540166204986,0.2894736842105263,0.5048476454293629,0.18421052631578946,0.6655124653739611,0.34210526315789475,0.432825484764543,0.21052631578947367,0.6232686980609419,0.23684210526315788,0.582409972299169,0.8157894736842105,0.033933518005540175
Iran 2026,USOIL,2599,1,0.2631578947368421,0.5429362880886428,0.631578947368421,0.1357340720221607,0.15789473684210525,0.709141274238227,0.21052631578947367,0.6232686980609419,0.23684210526315788,0.582409972299169,0.3684210526315789,0.39889196675900274,0.2631578947368421,0.5429362880886428,0.2894736842105263,0.5048476454293629,0.7368421052631579,0.06925207756232689
Iran 2026,USOIL,2600,1,0.3157894736842105,0.46814404432132967,0.6052631578947368,0.15581717451523547,0.05263157894736842,0.8975069252077563,0.5263157894736842,0.22437673130193908,0.2631578947368421,0.5429362880886428,0.3157894736842105,0.46814404432132967,0.3684210526315789,0.39889196675900274,0.2631578947368421,0.5429362880886428,0.6842105263157895,0.09972299168975068
Iran 2026,USOIL,2601,1,0.3684210526315789,0.39889196675900274,0.5789473684210527,0.17728531855955676,0.6842105263157895,0.09972299168975068,0.3684210526315789,0.39889196675900274,0.15789473684210525,0.709141274238227,0.2894736842105263,0.5048476454293629,0.42105263157894735,0.33518005540166207,0.18421052631578946,0.6655124653739611,0.5,0.25
Iran 2026,USOIL,2602,1,0.2894736842105263,0.5048476454293629,0.5,0.25,0.7368421052631579,0.06925207756232689,0.13157894736842105,0.7541551246537397,0.3157894736842105,0.46814404432132967,0.21052631578947367,0.6232686980609419,0.47368421052631576,0.27700831024930755,0.07894736842105263,0.8483379501385041,0.4473684210526316,0.3054016620498614
Iran 2026,USOIL,2603,1,0.15789473684210525,0.709141274238227,0.4473684210526316,0.3054016620498614,0.07894736842105263,0.8483379501385041,0.2631578947368421,0.5429362880886428,0.02631578947368421,0.948060941828255,0.13157894736842105,0.7541551246537397,0.4473684210526316,0.3054016620498614,0.13157894736842105,0.7541551246537397,0.47368421052631576,0.27700831024930755
Iran 2026,USOIL,2604,1,0.21052631578947367,0.6232686980609419,0.5263157894736842,0.22437673130193908,0.2894736842105263,0.5048476454293629,0.10526315789473684,0.8005540166204986,0.05263157894736842,0.8975069252077563,0.07894736842105263,0.8483379501385041,0.5263157894736842,0.22437673130193908,0.21052631578947367,0.6232686980609419,0.42105263157894735,0.33518005540166207
Iran 2026,USOIL,2605,1,0.23684210526315788,0.582409972299169,0.6578947368421053,0.11703601108033237,0.5526315789473685,0.2001385041551246,0.02631578947368421,0.948060941828255,0.5,0.25,0.05263157894736842,0.8975069252077563,0.6578947368421053,0.11703601108033237,0.05263157894736842,0.8975069252077563,0.2631578947368421,0.5429362880886428
Iran 2026,USOIL,2606,1,0.13157894736842105,0.7541551246537397,0.7105263157894737,0.08379501385041552,0.7631578947368421,0.05609418282548474,0.15789473684210525,0.709141274238227,0.6842105263157895,0.09972299168975068,0.15789473684210525,0.709141274238227,0.6052631578947368,0.15581717451523547,0.02631578947368421,0.948060941828255,0.13157894736842105,0.7541551246537397
Iran 2026,USOIL,2607,1,0.02631578947368421,0.948060941828255,0.8421052631578947,0.02493074792243769,0.8947368421052632,0.011080332409972297,0.34210526315789475,0.432825484764543,0.8157894736842105,0.033933518005540175,0.10526315789473684,0.8005540166204986,0.6842105263157895,0.09972299168975068,0.10526315789473684,0.8005540166204986,0.05263157894736842,0.8975069252077563
Iran 2026,USOIL,2608,1,0.05263157894736842,0.8975069252077563,0.868421052631579,0.01731301939058171,0.9736842105263158,0.0006925207756232672,0.05263157894736842,0.8975069252077563,0.9210526315789473,0.006232686980609422,0.02631578947368421,0.948060941828255,0.7631578947368421,0.05609418282548474,0.15789473684210525,0.709141274238227,0.02631578947368421,0.948060941828255
Iran 2026,USOIL,2609,1,0.18421052631578946,0.6655124653739611,0.7894736842105263,0.04432132963988919,0.5789473684210527,0.17728531855955676,0.23684210526315788,0.582409972299169,0.39473684210526316,0.36634349030470914,0.23684210526315788,0.582409972299169,0.7105263157894737,0.08379501385041552,0.3684210526315789,0.39889196675900274,0.21052631578947367,0.6232686980609419
Iran 2026,USOIL,2610,1,0.10526315789473684,0.8005540166204986,0.7368421052631579,0.06925207756232689,0.6578947368421053,0.11703601108033237,0.3157894736842105,0.46814404432132967,0.5789473684210527,0.17728531855955676,0.2631578947368421,0.5429362880886428,0.8157894736842105,0.033933518005540175,0.47368421052631576,0.27700831024930755,0.15789473684210525,0.709141274238227
Iran 2026,USOIL,2611,1,0.07894736842105263,0.8483379501385041,0.6842105263157895,0.09972299168975068,0.9473684210526315,0.0027700831024930804,0.18421052631578946,0.6655124653739611,0.7368421052631579,0.06925207756232689,0.18421052631578946,0.6655124653739611,0.7368421052631579,0.06925207756232689,0.39473684210526316,0.36634349030470914,0.07894736842105263,0.8483379501385041
Iran 2026,GOLD,2574,0,0.9210526315789473,0.8483379501385041,0.631578947368421,0.39889196675900274,0.2894736842105263,0.08379501385041552,0.9473684210526315,0.8975069252077561,0.5526315789473685,0.3054016620498616,0.8157894736842105,0.6655124653739611,0.5526315789473685,0.3054016620498616,0.8421052631578947,0.709141274238227,0.9736842105263158,0.948060941828255
Iran 2026,GOLD,2575,0,0.9473684210526315,0.8975069252077561,0.6052631578947368,0.36634349030470914,0.8157894736842105,0.6655124653739611,0.7368421052631579,0.5429362880886426,0.6578947368421053,0.432825484764543,0.9210526315789473,0.8483379501385041,0.2894736842105263,0.08379501385041552,0.47368421052631576,0.22437673130193903,0.868421052631579,0.7541551246537397
Iran 2026,GOLD,2576,0,0.8947368421052632,0.8005540166204986,0.7368421052631579,0.5429362880886426,0.8421052631578947,0.709141274238227,0.8157894736842105,0.6655124653739611,0.7368421052631579,0.5429362880886426,0.9473684210526315,0.8975069252077561,0.4473684210526316,0.20013850415512466,0.7894736842105263,0.6232686980609419,0.8947368421052632,0.8005540166204986
Iran 2026,GOLD,2577,0,0.7894736842105263,0.6232686980609419,0.7105263157894737,0.5048476454293629,0.9473684210526315,0.8975069252077561,0.9210526315789473,0.8483379501385041,0.8157894736842105,0.6655124653739611,0.8421052631578947,0.709141274238227,0.5789473684210527,0.33518005540166207,0.5526315789473685,0.3054016620498616,0.7368421052631579,0.5429362880886426
Iran 2026,GOLD,2578,0,0.7368421052631579,0.5429362880886426,0.7894736842105263,0.6232686980609419,0.7368421052631579,0.5429362880886426,0.5526315789473685,0.3054016620498616,0.7894736842105263,0.6232686980609419,0.631578947368421,0.39889196675900274,0.6842105263157895,0.46814404432132967,0.5789473684210527,0.33518005540166207,0.4473684210526316,0.20013850415512466
Iran 2026,GOLD,2579,0,0.7631578947368421,0.582409972299169,0.9473684210526315,0.8975069252077561,0.5789473684210527,0.33518005540166207,0.7631578947368421,0.582409972299169,0.8947368421052632,0.8005540166204986,0.5789473684210527,0.33518005540166207,0.7368421052631579,0.5429362880886426,0.6578947368421053,0.432825484764543,0.34210526315789475,0.11703601108033242
Iran 2026,GOLD,2580,0,0.8157894736842105,0.6655124653739611,0.9736842105263158,0.948060941828255,0.4473684210526316,0.20013850415512466,0.631578947368421,0.39889196675900274,0.8421052631578947,0.709141274238227,0.7631578947368421,0.582409972299169,0.7894736842105263,0.6232686980609419,0.4473684210526316,0.20013850415512466,0.23684210526315788,0.056094182825484756
Iran 2026,GOLD,2581,0,0.6578947368421053,0.432825484764543,0.42105263157894735,0.17728531855955676,0.5,0.25,0.2631578947368421,0.06925207756232686,0.5263157894736842,0.27700831024930744,0.5526315789473685,0.3054016620498616,0.5263157894736842,0.27700831024930744,0.34210526315789475,0.11703601108033242,0.47368421052631576,0.22437673130193903
Iran 2026,GOLD,2582,0,0.6052631578947368,0.36634349030470914,0.4473684210526316,0.20013850415512466,0.8947368421052632,0.8005540166204986,0.5,0.25,0.5,0.25,0.7368421052631579,0.5429362880886426,0.7105263157894737,0.5048476454293629,0.07894736842105263,0.006232686980609418,0.3684210526315789,0.13573407202216065
Iran 2026,GOLD,2583,0,0.4473684210526316,0.20013850415512466,0.3684210526315789,0.13573407202216065,0.6052631578947368,0.36634349030470914,0.6052631578947368,0.36634349030470914,0.47368421052631576,0.22437673130193903,0.7105263157894737,0.5048476454293629,0.631578947368421,0.39889196675900274,0.15789473684210525,0.02493074792243767,0.2894736842105263,0.08379501385041552
Iran 2026,GOLD,2584,0,0.631578947368421,0.39889196675900274,0.5526315789473685,0.3054016620498616,0.10526315789473684,0.011080332409972297,0.8421052631578947,0.709141274238227,0.868421052631579,0.7541551246537397,0.6578947368421053,0.432825484764543,0.6052631578947368,0.36634349030470914,0.23684210526315788,0.056094182825484756,0.10526315789473684,0.011080332409972297
Iran 2026,GOLD,2585,0,0.5263157894736842,0.27700831024930744,0.6842105263157895,0.46814404432132967,0.9210526315789473,0.8483379501385041,0.3157894736842105,0.09972299168975068,0.9736842105263158,0.948060941828255,0.7894736842105263,0.6232686980609419,0.47368421052631576,0.22437673130193903,0.2894736842105263,0.08379501385041552,0.02631578947368421,0.0006925207756232686
Iran 2026,GOLD,2586,0,0.6842105263157895,0.46814404432132967,0.2631578947368421,0.06925207756232686,0.7631578947368421,0.582409972299169,0.6842105263157895,0.46814404432132967,0.7105263157894737,0.5048476454293629,0.6052631578947368,0.36634349030470914,0.7631578947368421,0.582409972299169,0.5,0.25,0.2631578947368421,0.06925207756232686
Iran 2026,GOLD,2587,0,0.9736842105263158,0.948060941828255,0.02631578947368421,0.0006925207756232686,0.7105263157894737,0.5048476454293629,0.9736842105263158,0.948060941828255,0.9210526315789473,0.8483379501385041,0.9736842105263158,0.948060941828255,0.9736842105263158,0.948060941828255,0.9736842105263158,0.948060941828255,0.3157894736842105,0.09972299168975068
Iran 2026,GOLD,2588,0,0.8421052631578947,0.709141274238227,0.05263157894736842,0.0027700831024930744,0.868421052631579,0.7541551246537397,0.8947368421052632,0.8005540166204986,0.3684210526315789,0.13573407202216065,0.868421052631579,0.7541551246537397,0.13157894736842105,0.017313019390581715,0.9210526315789473,0.8483379501385041,0.7631578947368421,0.582409972299169
Iran 2026,GOLD,2589,0,0.868421052631579,0.7541551246537397,0.39473684210526316,0.15581717451523547,0.42105263157894735,0.17728531855955676,0.868421052631579,0.7541551246537397,0.23684210526315788,0.056094182825484756,0.8947368421052632,0.8005540166204986,0.2631578947368421,0.06925207756232686,0.9473684210526315,0.8975069252077561,0.5,0.25
Iran 2026,GOLD,2590,0,0.7105263157894737,0.5048476454293629,0.7631578947368421,0.582409972299169,0.23684210526315788,0.056094182825484756,0.3684210526315789,0.13573407202216065,0.34210526315789475,0.11703601108033242,0.6842105263157895,0.46814404432132967,0.6578947368421053,0.432825484764543,0.5263157894736842,0.27700831024930744,0.9473684210526315,0.8975069252077561
Iran 2026,GOLD,2591,0,0.23684210526315788,0.056094182825484756,0.8947368421052632,0.8005540166204986,0.39473684210526316,0.15581717451523547,0.47368421052631576,0.22437673130193903,0.2631578947368421,0.06925207756232686,0.47368421052631576,0.22437673130193903,0.39473684210526316,0.15581717451523547,0.6842105263157895,0.46814404432132967,0.6052631578947368,0.36634349030470914
Iran 2026,GOLD,2592,0,0.18421052631578946,0.03393351800554016,0.9210526315789473,0.8483379501385041,0.21052631578947367,0.04432132963988919,0.6578947368421053,0.432825484764543,0.42105263157894735,0.17728531855955676,0.42105263157894735,0.17728531855955676,0.3157894736842105,0.09972299168975068,0.631578947368421,0.39889196675900274,0.5789473684210527,0.33518005540166207
Iran 2026,GOLD,2593,1,0.3157894736842105,0.46814404432132967,0.868421052631579,0.01731301939058171,0.13157894736842105,0.7541551246537397,0.34210526315789475,0.432825484764543,0.3157894736842105,0.46814404432132967,0.23684210526315788,0.582409972299169,0.3684210526315789,0.39889196675900274,0.39473684210526316,0.36634349030470914,0.631578947368421,0.1357340720221607
Iran 2026,GOLD,2594,1,0.34210526315789475,0.432825484764543,0.8421052631578947,0.02493074792243769,0.2631578947368421,0.5429362880886428,0.42105263157894735,0.33518005540166207,0.18421052631578946,0.6655124653739611,0.2894736842105263,0.5048476454293629,0.34210526315789475,0.432825484764543,0.42105263157894735,0.33518005540166207,0.7105263157894737,0.08379501385041552
Iran 2026,GOLD,2595,1,0.5526315789473685,0.2001385041551246,0.8157894736842105,0.033933518005540175,0.02631578947368421,0.948060941828255,0.5263157894736842,0.22437673130193908,0.10526315789473684,0.8005540166204986,0.34210526315789475,0.432825484764543,0.42105263157894735,0.33518005540166207,0.3684210526315789,0.39889196675900274,0.8157894736842105,0.033933518005540175
Iran 2026,GOLD,2596,1,0.39473684210526316,0.36634349030470914,0.6578947368421053,0.11703601108033237,0.07894736842105263,0.8483379501385041,0.4473684210526316,0.3054016620498614,0.15789473684210525,0.709141274238227,0.2631578947368421,0.5429362880886428,0.5,0.25,0.6052631578947368,0.15581717451523547,0.9210526315789473,0.006232686980609422
Iran 2026,GOLD,2597,1,0.07894736842105263,0.8483379501385041,0.5263157894736842,0.22437673130193908,0.15789473684210525,0.709141274238227,0.21052631578947367,0.6232686980609419,0.13157894736842105,0.7541551246537397,0.21052631578947367,0.6232686980609419,0.23684210526315788,0.582409972299169,0.2631578947368421,0.5429362880886428,0.7894736842105263,0.04432132963988919
Iran 2026,GOLD,2598,1,0.02631578947368421,0.948060941828255,0.34210526315789475,0.432825484764543,0.18421052631578946,0.6655124653739611,0.02631578947368421,0.948060941828255,0.05263157894736842,0.8975069252077563,0.05263157894736842,0.8975069252077563,0.15789473684210525,0.709141274238227,0.21052631578947367,0.6232686980609419,0.6578947368421053,0.11703601108033237
Iran 2026,GOLD,2599,1,0.2631578947368421,0.5429362880886428,0.5,0.25,0.6842105263157895,0.09972299168975068,0.2894736842105263,0.5048476454293629,0.02631578947368421,0.948060941828255,0.02631578947368421,0.948060941828255,0.18421052631578946,0.6655124653739611,0.10526315789473684,0.8005540166204986,0.5263157894736842,0.22437673130193908
Iran 2026,GOLD,2600,1,0.13157894736842105,0.7541551246537397,0.5789473684210527,0.17728531855955676,0.7894736842105263,0.04432132963988919,0.07894736842105263,0.8483379501385041,0.21052631578947367,0.6232686980609419,0.13157894736842105,0.7541551246537397,0.21052631578947367,0.6232686980609419,0.02631578947368421,0.948060941828255,0.42105263157894735,0.33518005540166207
Iran 2026,GOLD,2601,1,0.05263157894736842,0.8975069252077563,0.2894736842105263,0.5048476454293629,0.5263157894736842,0.22437673130193908,0.15789473684210525,0.709141274238227,0.07894736842105263,0.8483379501385041,0.10526315789473684,0.8005540166204986,0.05263157894736842,0.8975069252077563,0.05263157894736842,0.8975069252077563,0.8421052631578947,0.02493074792243769
Iran 2026,GOLD,2602,1,0.15789473684210525,0.709141274238227,0.23684210526315788,0.582409972299169,0.5526315789473685,0.2001385041551246,0.10526315789473684,0.8005540166204986,0.2894736842105263,0.5048476454293629,0.18421052631578946,0.6655124653739611,0.02631578947368421,0.948060941828255,0.13157894736842105,0.7541551246537397,0.6842105263157895,0.09972299168975068
Iran 2026,GOLD,2603,1,0.21052631578947367,0.6232686980609419,0.3157894736842105,0.46814404432132967,0.631578947368421,0.1357340720221607,0.05263157894736842,0.8975069252077563,0.4473684210526316,0.3054016620498614,0.15789473684210525,0.709141274238227,0.10526315789473684,0.8005540166204986,0.18421052631578946,0.6655124653739611,0.5526315789473685,0.2001385041551246
Iran 2026,GOLD,2604,1,0.10526315789473684,0.8005540166204986,0.47368421052631576,0.27700831024930755,0.6578947368421053,0.11703601108033237,0.18421052631578946,0.6655124653739611,0.39473684210526316,0.36634349030470914,0.07894736842105263,0.8483379501385041,0.07894736842105263,0.8483379501385041,0.3157894736842105,0.46814404432132967,0.39473684210526316,0.36634349030470914
Iran 2026,GOLD,2605,1,0.5789473684210527,0.17728531855955676,0.21052631578947367,0.6232686980609419,0.3684210526315789,0.39889196675900274,0.7894736842105263,0.04432132963988919,0.5789473684210527,0.17728531855955676,0.3684210526315789,0.39889196675900274,0.8157894736842105,0.033933518005540175,0.8157894736842105,0.033933518005540175,0.15789473684210525,0.709141274238227
Iran 2026,GOLD,2606,1,0.42105263157894735,0.33518005540166207,0.18421052631578946,0.6655124653739611,0.47368421052631576,0.27700831024930755,0.13157894736842105,0.7541551246537397,0.631578947368421,0.1357340720221607,0.3157894736842105,0.46814404432132967,0.8421052631578947,0.02493074792243769,0.8947368421052632,0.011080332409972297,0.21052631578947367,0.6232686980609419
Iran 2026,GOLD,2607,1,0.3684210526315789,0.39889196675900274,0.10526315789473684,0.8005540166204986,0.05263157894736842,0.8975069252077563,0.7105263157894737,0.08379501385041552,0.6052631578947368,0.15581717451523547,0.39473684210526316,0.36634349030470914,0.868421052631579,0.01731301939058171,0.7368421052631579,0.06925207756232689,0.18421052631578946,0.6655124653739611
Iran 2026,GOLD,2608,1,0.2894736842105263,0.5048476454293629,0.07894736842105263,0.8483379501385041,0.3157894736842105,0.46814404432132967,0.39473684210526316,0.36634349030470914,0.6842105263157895,0.09972299168975068,0.4473684210526316,0.3054016620498614,0.8947368421052632,0.011080332409972297,0.7105263157894737,0.08379501385041552,0.13157894736842105,0.7541551246537397
Iran 2026,GOLD,2609,1,0.5,0.25,0.15789473684210525,0.709141274238227,0.9736842105263158,0.0006925207756232672,0.23684210526315788,0.582409972299169,0.7631578947368421,0.05609418282548474,0.5,0.25,0.9210526315789473,0.006232686980609422,0.7631578947368421,0.05609418282548474,0.07894736842105263,0.8483379501385041
Iran 2026,GOLD,2610,1,0.47368421052631576,0.27700831024930755,0.13157894736842105,0.7541551246537397,0.34210526315789475,0.432825484764543,0.5789473684210527,0.17728531855955676,0.9473684210526315,0.0027700831024930804,0.5263157894736842,0.22437673130193908,0.9473684210526315,0.0027700831024930804,0.868421052631579,0.01731301939058171,0.05263157894736842,0.8975069252077563
Iran 2026,EURUSD,2665,0,0.6666666666666666,0.4444444444444444,0.8571428571428571,0.7346938775510203,0.023809523809523808,0.0005668934240362811,0.9285714285714286,0.8622448979591837,0.4523809523809524,0.20464852607709752,0.6904761904761905,0.4767573696145125,0.35714285714285715,0.12755102040816327,0.21428571428571427,0.04591836734693877,0.7142857142857143,0.5102040816326531
Iran 2026,EURUSD,2666,0,0.6904761904761905,0.4767573696145125,0.9047619047619048,0.8185941043083901,0.3333333333333333,0.1111111111111111,0.7380952380952381,0.5447845804988662,0.7380952380952381,0.5447845804988662,0.8333333333333334,0.6944444444444445,0.38095238095238093,0.14512471655328796,0.5,0.25,0.7619047619047619,0.5804988662131518
Iran 2026,EURUSD,2667,0,0.7142857142857143,0.5102040816326531,0.9523809523809523,0.9070294784580498,0.09523809523809523,0.009070294784580497,0.4523809523809524,0.20464852607709752,0.8095238095238095,0.655328798185941,0.7619047619047619,0.5804988662131518,0.4523809523809524,0.20464852607709752,0.5476190476190477,0.2998866213151928,0.8095238095238095,0.655328798185941
Iran 2026,EURUSD,2668,0,0.9523809523809523,0.9070294784580498,0.9761904761904762,0.9529478458049886,0.7857142857142857,0.6173469387755102,0.6428571428571429,0.41326530612244905,0.5714285714285714,0.32653061224489793,0.6428571428571429,0.41326530612244905,0.5714285714285714,0.32653061224489793,0.7380952380952381,0.5447845804988662,0.8809523809523809,0.7760770975056689
Iran 2026,EURUSD,2669,0,0.9047619047619048,0.8185941043083901,0.9285714285714286,0.8622448979591837,0.47619047619047616,0.22675736961451246,0.9761904761904762,0.9529478458049886,0.40476190476190477,0.16383219954648526,0.8571428571428571,0.7346938775510203,0.6666666666666666,0.4444444444444444,0.7142857142857143,0.5102040816326531,0.9285714285714286,0.8622448979591837
Iran 2026,EURUSD,2670,0,0.9285714285714286,0.8622448979591837,0.8809523809523809,0.7760770975056689,0.07142857142857142,0.00510204081632653,0.9523809523809523,0.9070294784580498,0.7619047619047619,0.5804988662131518,0.9523809523809523,0.9070294784580498,0.5238095238095238,0.2743764172335601,0.7857142857142857,0.6173469387755102,0.7380952380952381,0.5447845804988662
Iran 2026,EURUSD,2671,0,0.9761904761904762,0.9529478458049886,0.7857142857142857,0.6173469387755102,0.9047619047619048,0.8185941043083901,0.7857142857142857,0.6173469387755102,0.7142857142857143,0.5102040816326531,0.9285714285714286,0.8622448979591837,0.6428571428571429,0.41326530612244905,0.8095238095238095,0.655328798185941,0.6428571428571429,0.41326530612244905
Iran 2026,EURUSD,2672,0,0.8333333333333334,0.6944444444444445,0.7380952380952381,0.5447845804988662,0.5714285714285714,0.32653061224489793,0.9047619047619048,0.8185941043083901,0.5238095238095238,0.2743764172335601,0.9047619047619048,0.8185941043083901,0.6190476190476191,0.3832199546485261,0.5714285714285714,0.32653061224489793,0.6190476190476191,0.3832199546485261
Iran 2026,EURUSD,2673,0,0.8809523809523809,0.7760770975056689,0.5952380952380952,0.3543083900226757,0.9761904761904762,0.9529478458049886,0.8095238095238095,0.655328798185941,0.6666666666666666,0.4444444444444444,0.8809523809523809,0.7760770975056689,0.5952380952380952,0.3543083900226757,0.6904761904761905,0.4767573696145125,0.5714285714285714,0.32653061224489793
Iran 2026,EURUSD,2674,0,0.6190476190476191,0.3832199546485261,0.5476190476190477,0.2998866213151928,0.35714285714285715,0.12755102040816327,0.6190476190476191,0.3832199546485261,0.5,0.25,0.6190476190476191,0.3832199546485261,0.42857142857142855,0.18367346938775508,0.19047619047619047,0.03628117913832199,0.5238095238095238,0.2743764172335601
Iran 2026,EURUSD,2675,0,0.5952380952380952,0.3543083900226757,0.5,0.25,0.8571428571428571,0.7346938775510203,0.7142857142857143,0.5102040816326531,0.8333333333333334,0.6944444444444445,0.6666666666666666,0.4444444444444444,0.5,0.25,0.2619047619047619,0.06859410430839002,0.47619047619047616,0.22675736961451246
Iran 2026,EURUSD,2676,0,0.6428571428571429,0.41326530612244905,0.6190476190476191,0.3832199546485261,0.7619047619047619,0.5804988662131518,0.23809523809523808,0.056689342403628114,0.7857142857142857,0.6173469387755102,0.4523809523809524,0.20464852607709752,0.47619047619047616,0.22675736961451246,0.16666666666666666,0.027777777777777776,0.40476190476190477,0.16383219954648526
Iran 2026,EURUSD,2677,0,0.8095238095238095,0.655328798185941,0.6428571428571429,0.41326530612244905,0.9285714285714286,0.8622448979591837,0.8809523809523809,0.7760770975056689,0.8809523809523809,0.7760770975056689,0.9761904761904762,0.9529478458049886,0.7142857142857143,0.5102040816326531,0.5238095238095238,0.2743764172335601,0.42857142857142855,0.18367346938775508
Iran 2026,EURUSD,2678,0,0.8571428571428571,0.7346938775510203,0.5714285714285714,0.32653061224489793,0.9523809523809523,0.9070294784580498,0.8571428571428571,0.7346938775510203,0.9285714285714286,0.8622448979591837,0.5952380952380952,0.3543083900226757,0.6904761904761905,0.4767573696145125,0.5952380952380952,0.3543083900226757,0.38095238095238093,0.14512471655328796
Iran 2026,EURUSD,2679,0,0.7380952380952381,0.5447845804988662,0.6666666666666666,0.4444444444444444,0.8095238095238095,0.655328798185941,0.8333333333333334,0.6944444444444445,0.9047619047619048,0.8185941043083901,0.5238095238095238,0.2743764172335601,0.7380952380952381,0.5447845804988662,0.4523809523809524,0.20464852607709752,0.14285714285714285,0.02040816326530612
Iran 2026,EURUSD,2680,0,0.7619047619047619,0.5804988662131518,0.7142857142857143,0.5102040816326531,0.7380952380952381,0.5447845804988662,0.7619047619047619,0.5804988662131518,0.9523809523809523,0.9070294784580498,0.42857142857142855,0.18367346938775508,0.7857142857142857,0.6173469387755102,0.3333333333333333,0.1111111111111111,0.07142857142857142,0.00510204081632653
Iran 2026,EURUSD,2681,0,0.7857142857142857,0.6173469387755102,0.7619047619047619,0.5804988662131518,0.42857142857142855,0.18367346938775508,0.47619047619047616,0.22675736961451246,0.9761904761904762,0.9529478458049886,0.5,0.25,0.8571428571428571,0.7346938775510203,0.38095238095238093,0.14512471655328796,0.023809523809523808,0.0005668934240362811
Iran 2026,EURUSD,2682,0,0.4523809523809524,0.20464852607709752,0.42857142857142855,0.18367346938775508,0.14285714285714285,0.02040816326530612,0.047619047619047616,0.0022675736961451243,0.19047619047619047,0.03628117913832199,0.2619047619047619,0.06859410430839002,0.21428571428571427,0.04591836734693877,0.47619047619047616,0.22675736961451246,0.9047619047619048,0.8185941043083901
Iran 2026,EURUSD,2683,0,0.5238095238095238,0.2743764172335601,0.40476190476190477,0.16383219954648526,0.2619047619047619,0.06859410430839002,0.6904761904761905,0.4767573696145125,0.047619047619047616,0.0022675736961451243,0.2857142857142857,0.08163265306122448,0.23809523809523808,0.056689342403628114,0.23809523809523808,0.056689342403628114,0.8333333333333334,0.6944444444444445
Iran 2026,EURUSD,2684,0,0.47619047619047616,0.22675736961451246,0.21428571428571427,0.04591836734693877,0.5,0.25,0.2619047619047619,0.06859410430839002,0.23809523809523808,0.056689342403628114,0.35714285714285715,0.12755102040816327,0.2619047619047619,0.06859410430839002,0.14285714285714285,0.02040816326530612,0.6904761904761905,0.4767573696145125
Iran 2026,EURUSD,2685,0,0.5714285714285714,0.32653061224489793,0.2857142857142857,0.08163265306122448,0.5952380952380952,0.3543083900226757,0.40476190476190477,0.16383219954648526,0.30952380952380953,0.09580498866213152,0.30952380952380953,0.09580498866213152,0.2857142857142857,0.08163265306122448,0.11904761904761904,0.014172335600907028,0.5952380952380952,0.3543083900226757
Iran 2026,EURUSD,2686,1,0.5476190476190477,0.20464852607709746,0.16666666666666666,0.6944444444444445,0.6666666666666666,0.11111111111111113,0.42857142857142855,0.32653061224489793,0.3333333333333333,0.44444444444444453,0.23809523809523808,0.5804988662131518,0.19047619047619047,0.655328798185941,0.07142857142857142,0.8622448979591837,0.5,0.25
Iran 2026,EURUSD,2687,1,0.40476190476190477,0.3543083900226757,0.023809523809523808,0.9529478458049886,0.6190476190476191,0.14512471655328796,0.5476190476190477,0.20464852607709746,0.21428571428571427,0.6173469387755102,0.14285714285714285,0.7346938775510206,0.14285714285714285,0.7346938775510206,0.047619047619047616,0.9070294784580498,0.4523809523809524,0.2998866213151928
Iran 2026,EURUSD,2688,1,0.19047619047619047,0.655328798185941,0.047619047619047616,0.9070294784580498,0.11904761904761904,0.7760770975056689,0.5714285714285714,0.18367346938775514,0.2857142857142857,0.5102040816326531,0.11904761904761904,0.7760770975056689,0.09523809523809523,0.8185941043083901,0.023809523809523808,0.9529478458049886,0.23809523809523808,0.5804988662131518
Iran 2026,EURUSD,2689,1,0.047619047619047616,0.9070294784580498,0.09523809523809523,0.8185941043083901,0.30952380952380953,0.4767573696145125,0.5238095238095238,0.22675736961451246,0.38095238095238093,0.3832199546485261,0.19047619047619047,0.655328798185941,0.047619047619047616,0.9070294784580498,0.35714285714285715,0.4132653061224489,0.11904761904761904,0.7760770975056689
Iran 2026,EURUSD,2690,1,0.23809523809523808,0.5804988662131518,0.30952380952380953,0.4767573696145125,0.23809523809523808,0.5804988662131518,0.5952380952380952,0.16383219954648526,0.2619047619047619,0.5447845804988662,0.16666666666666666,0.6944444444444445,0.023809523809523808,0.9529478458049886,0.6666666666666666,0.11111111111111113,0.16666666666666666,0.6944444444444445
Iran 2026,EURUSD,2691,1,0.21428571428571427,0.6173469387755102,0.4523809523809524,0.2998866213151928,0.16666666666666666,0.6944444444444445,0.5,0.25,0.07142857142857142,0.8622448979591837,0.21428571428571427,0.6173469387755102,0.07142857142857142,0.8622448979591837,0.2857142857142857,0.5102040816326531,0.6666666666666666,0.11111111111111113
Iran 2026,EURUSD,2692,1,0.35714285714285715,0.4132653061224489,0.5238095238095238,0.22675736961451246,0.40476190476190477,0.3543083900226757,0.19047619047619047,0.655328798185941,0.16666666666666666,0.6944444444444445,0.3333333333333333,0.44444444444444453,0.11904761904761904,0.7760770975056689,0.6428571428571429,0.12755102040816324,0.5476190476190477,0.20464852607709746
Iran 2026,EURUSD,2693,1,0.16666666666666666,0.6944444444444445,0.6904761904761905,0.09580498866213152,0.5476190476190477,0.20464852607709746,0.023809523809523808,0.9529478458049886,0.11904761904761904,0.7760770975056689,0.09523809523809523,0.8185941043083901,0.30952380952380953,0.4767573696145125,0.42857142857142855,0.32653061224489793,0.7857142857142857,0.045918367346938785
Iran 2026,EURUSD,2694,1,0.07142857142857142,0.8622448979591837,0.8333333333333334,0.027777777777777766,0.7142857142857143,0.08163265306122448,0.2857142857142857,0.5102040816326531,0.14285714285714285,0.7346938775510206,0.023809523809523808,0.9529478458049886,0.40476190476190477,0.3543083900226757,0.30952380952380953,0.4767573696145125,0.9761904761904762,0.0005668934240362824
Iran 2026,EURUSD,2695,1,0.023809523809523808,0.9529478458049886,0.8095238095238095,0.03628117913832199,0.8333333333333334,0.027777777777777766,0.09523809523809523,0.8185941043083901,0.09523809523809523,0.8185941043083901,0.047619047619047616,0.9070294784580498,0.3333333333333333,0.44444444444444453,0.09523809523809523,0.8185941043083901,0.9523809523809523,0.0022675736961451295
Iran 2026,EURUSD,2696,1,0.09523809523809523,0.8185941043083901,0.47619047619047616,0.2743764172335601,0.6428571428571429,0.12755102040816324,0.07142857142857142,0.8622448979591837,0.023809523809523808,0.9529478458049886,0.07142857142857142,0.8622448979591837,0.16666666666666666,0.6944444444444445,0.7619047619047619,0.056689342403628135,0.8571428571428571,0.020408163265306135
Iran 2026,EURUSD,2697,1,0.5,0.25,0.11904761904761904,0.7760770975056689,0.21428571428571427,0.6173469387755102,0.6666666666666666,0.11111111111111113,0.5952380952380952,0.16383219954648526,0.5714285714285714,0.18367346938775514,0.5476190476190477,0.20464852607709746,0.40476190476190477,0.3543083900226757,0.047619047619047616,0.9070294784580498
Iran 2026,EURUSD,2698,1,0.30952380952380953,0.4767573696145125,0.2619047619047619,0.5447845804988662,0.047619047619047616,0.9070294784580498,0.3333333333333333,0.44444444444444453,0.6904761904761905,0.09580498866213152,0.7142857142857143,0.08163265306122448,0.8095238095238095,0.03628117913832199,0.8333333333333334,0.027777777777777766,0.09523809523809523,0.8185941043083901
Iran 2026,EURUSD,2699,1,0.3333333333333333,0.44444444444444453,0.19047619047619047,0.655328798185941,0.6904761904761905,0.09580498866213152,0.35714285714285715,0.4132653061224489,0.35714285714285715,0.4132653061224489,0.8095238095238095,0.03628117913832199,0.8809523809523809,0.014172335600907034,0.8571428571428571,0.020408163265306135,0.19047619047619047,0.655328798185941
Iran 2026,EURUSD,2700,1,0.11904761904761904,0.7760770975056689,0.38095238095238093,0.3832199546485261,0.19047619047619047,0.655328798185941,0.16666666666666666,0.6944444444444445,0.47619047619047616,0.2743764172335601,0.7380952380952381,0.06859410430839,0.9285714285714286,0.005102040816326526,0.8809523809523809,0.014172335600907034,0.21428571428571427,0.6173469387755102
Iran 2026,EURUSD,2701,1,0.2857142857142857,0.5102040816326531,0.35714285714285715,0.4132653061224489,0.8809523809523809,0.014172335600907034,0.38095238095238093,0.3832199546485261,0.5476190476190477,0.20464852607709746,0.7857142857142857,0.045918367346938785,0.9761904761904762,0.0005668934240362824,0.9523809523809523,0.0022675736961451295,0.2619047619047619,0.5447845804988662
Iran 2026,EURUSD,2702,1,0.2619047619047619,0.5447845804988662,0.3333333333333333,0.44444444444444453,0.5238095238095238,0.22675736961451246,0.30952380952380953,0.4767573696145125,0.42857142857142855,0.32653061224489793,0.47619047619047616,0.2743764172335601,0.9523809523809523,0.0022675736961451295,0.9047619047619048,0.009070294784580497,0.30952380952380953,0.4767573696145125
Iran 2026,EURUSD,2703,1,0.42857142857142855,0.32653061224489793,0.23809523809523808,0.5804988662131518,0.38095238095238093,0.3832199546485261,0.21428571428571427,0.6173469387755102,0.6428571428571429,0.12755102040816324,0.5476190476190477,0.20464852607709746,0.9047619047619048,0.009070294784580497,0.9285714285714286,0.005102040816326526,0.35714285714285715,0.4132653061224489
Iran 2026,EURUSD,2704,1,0.38095238095238093,0.3832199546485261,0.14285714285714285,0.7346938775510206,0.4523809523809524,0.2998866213151928,0.14285714285714285,0.7346938775510206,0.6190476190476191,0.14512471655328796,0.38095238095238093,0.3832199546485261,0.8333333333333334,0.027777777777777766,0.9761904761904762,0.0005668934240362824,0.3333333333333333,0.44444444444444453
Iran 2026,EURUSD,2705,1,0.14285714285714285,0.7346938775510206,0.07142857142857142,0.8622448979591837,0.2857142857142857,0.5102040816326531,0.11904761904761904,0.7760770975056689,0.8571428571428571,0.020408163265306135,0.40476190476190477,0.3543083900226757,0.7619047619047619,0.056689342403628135,0.6190476190476191,0.14512471655328796,0.2857142857142857,0.5102040816326531
COVID-19,USOIL,983,0,0.7619047619047619,0.5804988662131518,0.5306122448979592,0.2815493544356518,0.3401360544217687,0.1156925355176084,0.4489795918367347,0.2015826738858809,0.32653061224489793,0.10662224073302788,0.4013605442176871,0.16109028645471793,0.5850340136054422,0.34226479707529267,0.47619047619047616,0.22675736961451246,0.8707482993197279,0.7582026007681983
COVID-19,USOIL,984,0,0.7551020408163265,0.5701790920449812,0.54421768707483,0.2961728909250776,0.3333333333333333,0.1111111111111111,0.5102040816326531,0.2603082049146189,0.46258503401360546,0.21398491369336853,0.48299319727891155,0.23328242861770557,0.46258503401360546,0.21398491369336853,0.6190476190476191,0.3832199546485261,0.8775510204081632,0.7700957934194085
COVID-19,USOIL,985,0,0.9455782312925171,0.8941181914942848,0.8707482993197279,0.7582026007681983,0.6870748299319728,0.4720718219260493,0.7074829931972789,0.500532185663381,0.7619047619047619,0.5804988662131518,0.9387755102040817,0.8812994585589339,0.9319727891156463,0.8685732796519969,0.8775510204081632,0.7700957934194085,0.3197278911564626,0.1022259243833588
COVID-19,USOIL,986,0,0.8095238095238095,0.655328798185941,0.7551020408163265,0.5701790920449812,0.10204081632653061,0.010412328196584757,0.5578231292517006,0.31116664352815954,0.6054421768707483,0.3665602295339905,0.6190476190476191,0.3832199546485261,0.5034013605442177,0.25341292979776947,0.7074829931972789,0.500532185663381,0.7210884353741497,0.5199685316303393
COVID-19,USOIL,987,0,0.7891156462585034,0.6227035031699755,0.5578231292517006,0.31116664352815954,0.22448979591836735,0.05039566847147022,0.2653061224489796,0.07038733860891296,0.5034013605442177,0.25341292979776947,0.6054421768707483,0.3665602295339905,0.5306122448979592,0.2815493544356518,0.6326530612244898,0.40024989587671805,0.9455782312925171,0.8941181914942848
COVID-19,USOIL,988,0,0.7278911564625851,0.5298255356564395,0.5374149659863946,0.28881484566615767,0.2857142857142857,0.08163265306122448,0.5782312925170068,0.33435142764588827,0.4489795918367347,0.2015826738858809,0.673469387755102,0.453561016243232,0.6054421768707483,0.3665602295339905,0.7142857142857143,0.5102040816326531,0.9863945578231292,0.9729742237030866
COVID-19,USOIL,989,0,0.673469387755102,0.453561016243232,0.5510204081632653,0.3036234902124114,0.2925170068027211,0.08556619926882317,0.4557823129251701,0.20773751677541766,0.40816326530612246,0.16659725114535612,0.564625850340136,0.31880235087232167,0.4489795918367347,0.2015826738858809,0.5918367346938775,0.3502707205331112,0.9523809523809523,0.9070294784580498
COVID-19,USOIL,990,0,0.7414965986394558,0.5498172057938823,0.5034013605442177,0.25341292979776947,0.21768707482993196,0.047387662548012396,0.54421768707483,0.2961728909250776,0.3197278911564626,0.1022259243833588,0.5374149659863946,0.28881484566615767,0.4013605442176871,0.16109028645471793,0.5238095238095238,0.2743764172335601,0.891156462585034,0.7941598408070711
COVID-19,USOIL,991,0,0.6394557823129252,0.4089036975334352,0.40816326530612246,0.16659725114535612,0.29931972789115646,0.08959229950483595,0.7687074829931972,0.5909111944097366,0.3877551020408163,0.15035401915868388,0.5238095238095238,0.2743764172335601,0.36054421768707484,0.12999213290758482,0.5714285714285714,0.32653061224489793,0.8503401360544217,0.7230783469850525
COVID-19,USOIL,992,0,0.41496598639455784,0.17219676986440835,0.24489795918367346,0.059975010412328195,0.1292517006802721,0.016706002128742656,0.5170068027210885,0.2672960340598825,0.14285714285714285,0.02040816326530612,0.3877551020408163,0.15035401915868388,0.19727891156462585,0.03891896894812347,0.43537414965986393,0.18955065019204959,0.8095238095238095,0.655328798185941
COVID-19,USOIL,993,0,0.4557823129251701,0.20773751677541766,0.08163265306122448,0.006663890045814243,0.04081632653061224,0.0016659725114535606,0.6190476190476191,0.3832199546485261,0.17006802721088435,0.0289231338794021,0.35374149659863946,0.12513304641584524,0.14285714285714285,0.02040816326530612,0.3741496598639456,0.1399879679763062,0.7755102040816326,0.6014160766347355
COVID-19,USOIL,994,0,0.5850340136054422,0.34226479707529267,0.034013605442176874,0.0011569253551760843,0.36054421768707484,0.12999213290758482,0.46258503401360546,0.21398491369336853,0.08163265306122448,0.006663890045814243,0.16326530612244897,0.02665556018325697,0.09523809523809523,0.009070294784580497,0.35374149659863946,0.12513304641584524,0.7482993197278912,0.5599518719052248
COVID-19,USOIL,995,0,0.6122448979591837,0.3748438150770512,0.05442176870748299,0.0029617289092507748,0.3129251700680272,0.09792216206210376,0.23809523809523808,0.056689342403628114,0.06802721088435375,0.004627701420704337,0.19727891156462585,0.03891896894812347,0.11564625850340136,0.013374057105835533,0.2857142857142857,0.08163265306122448,0.7142857142857143,0.5102040816326531
COVID-19,USOIL,996,0,0.4421768707482993,0.1955203850247582,0.08843537414965986,0.007820815400990328,0.1564625850340136,0.02448054051552594,0.17687074829931973,0.03128326160396131,0.05442176870748299,0.0029617289092507748,0.2585034013605442,0.06682400851497063,0.1564625850340136,0.02448054051552594,0.2789115646258503,0.07779166088203988,0.7074829931972789,0.500532185663381
COVID-19,USOIL,997,0,0.6258503401360545,0.39168864824841504,0.1292517006802721,0.016706002128742656,0.2653061224489796,0.07038733860891296,0.10204081632653061,0.010412328196584757,0.061224489795918366,0.003748438150770512,0.41496598639455784,0.17219676986440835,0.24489795918367346,0.059975010412328195,0.2925170068027211,0.08556619926882317,0.6530612244897959,0.4264889629321115
COVID-19,USOIL,998,0,0.46938775510204084,0.22032486463973347,0.272108843537415,0.0740432227312694,0.23129251700680273,0.05349622842334213,0.16326530612244897,0.02665556018325697,0.17687074829931973,0.03128326160396131,0.5034013605442177,0.25341292979776947,0.3469387755102041,0.12036651395251978,0.22448979591836735,0.05039566847147022,0.5918367346938775,0.3502707205331112
COVID-19,USOIL,999,0,0.3333333333333333,0.1111111111111111,0.3945578231292517,0.15567587579249387,0.30612244897959184,0.0937109537692628,0.30612244897959184,0.0937109537692628,0.12244897959183673,0.014993752603082049,0.5510204081632653,0.3036234902124114,0.43537414965986393,0.18955065019204959,0.23129251700680273,0.05349622842334213,0.5306122448979592,0.2815493544356518
COVID-19,USOIL,1000,0,0.19727891156462585,0.03891896894812347,0.4897959183673469,0.23990004164931278,0.23809523809523808,0.056689342403628114,0.02040816326530612,0.00041649312786339016,0.2925170068027211,0.08556619926882317,0.6598639455782312,0.43542042667407094,0.5102040816326531,0.2603082049146189,0.12244897959183673,0.014993752603082049,0.4897959183673469,0.23990004164931278
COVID-19,USOIL,1001,0,0.2585034013605442,0.06682400851497063,0.5238095238095238,0.2743764172335601,0.4489795918367347,0.2015826738858809,0.21768707482993196,0.047387662548012396,0.5374149659863946,0.28881484566615767,0.6326530612244898,0.40024989587671805,0.5714285714285714,0.32653061224489793,0.14965986394557823,0.022398074876208988,0.4489795918367347,0.2015826738858809
COVID-19,USOIL,1002,0,0.3197278911564626,0.1022259243833588,0.5918367346938775,0.3502707205331112,0.5986394557823129,0.3583691980193438,0.2857142857142857,0.08163265306122448,0.5986394557823129,0.3583691980193438,0.6530612244897959,0.4264889629321115,0.6326530612244898,0.40024989587671805,0.08843537414965986,0.007820815400990328,0.42857142857142855,0.18367346938775508
COVID-19,USOIL,1003,0,0.21768707482993196,0.047387662548012396,0.6258503401360545,0.39168864824841504,0.6122448979591837,0.3748438150770512,0.14285714285714285,0.02040816326530612,0.6462585034013606,0.4176500532185664,0.6870748299319728,0.4720718219260493,0.5918367346938775,0.3502707205331112,0.06802721088435375,0.004627701420704337,0.3945578231292517,0.15567587579249387
COVID-19,USOIL,1004,0,0.2789115646258503,0.07779166088203988,0.6666666666666666,0.4444444444444444,0.673469387755102,0.453561016243232,0.12244897959183673,0.014993752603082049,0.673469387755102,0.453561016243232,0.7551020408163265,0.5701790920449812,0.5986394557823129,0.3583691980193438,0.09523809523809523,0.009070294784580497,0.3469387755102041,0.12036651395251978
COVID-19,USOIL,1005,0,0.24489795918367346,0.059975010412328195,0.673469387755102,0.453561016243232,0.7074829931972789,0.500532185663381,0.2108843537414966,0.04447221065296868,0.6802721088435374,0.4627701420704336,0.7210884353741497,0.5199685316303393,0.5782312925170068,0.33435142764588827,0.17006802721088435,0.0289231338794021,0.30612244897959184,0.0937109537692628
COVID-19,USOIL,1006,1,0.1564625850340136,0.7115553704474988,0.7074829931972789,0.08556619926882317,0.7142857142857143,0.08163265306122448,0.08163265306122448,0.8433985839233653,0.7346938775510204,0.07038733860891293,0.8843537414965986,0.013374057105835535,0.5170068027210885,0.23328242861770557,0.1360544217687075,0.7464019621454023,0.2789115646258503,0.5199685316303393
COVID-19,USOIL,1007,1,0.04081632653061224,0.920033319450229,0.6870748299319728,0.09792216206210376,0.6598639455782312,0.11569253551760843,0.23129251700680273,0.5909111944097366,0.7142857142857143,0.08163265306122448,0.7346938775510204,0.07038733860891293,0.4557823129251701,0.2961728909250774,0.061224489795918366,0.8812994585589339,0.272108843537415,0.5298255356564393
COVID-19,USOIL,1008,1,0.10884353741496598,0.7941598408070711,0.6394557823129252,0.12999213290758477,0.4965986394557823,0.25341292979776947,0.25170068027210885,0.5599518719052246,0.6598639455782312,0.11569253551760843,0.8775510204081632,0.014993752603082056,0.6666666666666666,0.11111111111111113,0.272108843537415,0.5298255356564393,0.4013605442176871,0.3583691980193438
COVID-19,USOIL,1009,1,0.1360544217687075,0.7464019621454023,0.6802721088435374,0.1022259243833588,0.54421768707483,0.2077375167754176,0.3945578231292517,0.3665602295339905,0.7074829931972789,0.08556619926882317,0.9047619047619048,0.009070294784580497,0.8027210884353742,0.03891896894812347,0.42857142857142855,0.32653061224489793,0.35374149659863946,0.4176500532185664
COVID-19,USOIL,1010,1,0.19047619047619047,0.655328798185941,0.7142857142857143,0.08163265306122448,0.25170068027210885,0.5599518719052246,0.42857142857142855,0.32653061224489793,0.6258503401360545,0.13998796797630614,0.7687074829931972,0.05349622842334214,0.54421768707483,0.2077375167754176,0.6394557823129252,0.12999213290758477,0.36054421768707484,0.4089036975334352
COVID-19,USOIL,1011,1,0.3741496598639456,0.39168864824841504,0.5782312925170068,0.1778888426118747,0.14965986394557823,0.7230783469850526,0.3741496598639456,0.39168864824841504,0.54421768707483,0.2077375167754176,0.40816326530612246,0.3502707205331112,0.1292517006802721,0.7582026007681983,0.673469387755102,0.10662224073302792,0.4217687074829932,0.33435142764588827
COVID-19,USOIL,1012,1,0.5238095238095238,0.22675736961451246,0.3673469387755102,0.40024989587671805,0.08163265306122448,0.8433985839233653,0.4217687074829932,0.33435142764588827,0.1836734693877551,0.6663890045814245,0.034013605442176874,0.9331297144708223,0.2585034013605442,0.549817205793882,0.5102040816326531,0.23990004164931278,0.8163265306122449,0.033735943356934604
COVID-19,USOIL,1013,1,0.6462585034013606,0.12513304641584522,0.47619047619047616,0.2743764172335601,0.1360544217687075,0.7464019621454023,0.4965986394557823,0.25341292979776947,0.2857142857142857,0.5102040816326531,0.047619047619047616,0.9070294784580498,0.30612244897959184,0.4814660558100791,0.5034013605442177,0.24661020870933406,0.7959183673469388,0.04164931278633903
COVID-19,USOIL,1014,1,0.5510204081632653,0.20158267388588094,0.5170068027210885,0.23328242861770557,0.05442176870748299,0.8941181914942848,0.22448979591836735,0.6014160766347355,0.43537414965986393,0.31880235087232167,0.07482993197278912,0.8559396547734741,0.35374149659863946,0.4176500532185664,0.5374149659863946,0.21398491369336847,0.7551020408163265,0.05997501041232822
COVID-19,USOIL,1015,1,0.6666666666666666,0.11111111111111113,0.564625850340136,0.18955065019204964,0.272108843537415,0.5298255356564393,0.17006802721088435,0.6887870794576334,0.5238095238095238,0.22675736961451246,0.2108843537414966,0.6227035031699755,0.3945578231292517,0.3665602295339905,0.6054421768707483,0.15567587579249387,0.6462585034013606,0.12513304641584522
COVID-19,USOIL,1016,1,0.5306122448979592,0.22032486463973341,0.6122448979591837,0.15035401915868388,0.1836734693877551,0.6663890045814245,0.034013605442176874,0.9331297144708223,0.5578231292517006,0.19552038502475824,0.43537414965986393,0.31880235087232167,0.4965986394557823,0.25341292979776947,0.5782312925170068,0.1778888426118747,0.6122448979591837,0.15035401915868388
COVID-19,USOIL,1017,1,0.5714285714285714,0.18367346938775514,0.22448979591836735,0.6014160766347355,0.38095238095238093,0.3832199546485261,0.3129251700680272,0.4720718219260493,0.1292517006802721,0.7582026007681983,0.21768707482993196,0.6120135128881484,0.7074829931972789,0.08556619926882317,0.30612244897959184,0.4814660558100791,0.9931972789115646,4.6277014207043464e-05
COVID-19,USOIL,1018,1,0.2653061224489796,0.5397750937109537,0.7414965986394558,0.06682400851497058,0.4013605442176871,0.3583691980193438,0.3401360544217687,0.4354204266740711,0.5510204081632653,0.20158267388588094,0.4489795918367347,0.3036234902124114,0.08163265306122448,0.8433985839233653,0.3401360544217687,0.4354204266740711,0.2925170068027211,0.500532185663381
COVID-19,USOIL,1019,1,0.3401360544217687,0.4354204266740711,0.7210884353741497,0.07779166088203988,0.7482993197278912,0.06335323244944234,0.36054421768707484,0.4089036975334352,0.7006802721088435,0.08959229950483595,0.9251700680272109,0.005599518719052243,0.47619047619047616,0.2743764172335601,0.5306122448979592,0.22032486463973341,0.23129251700680273,0.5909111944097366
COVID-19,USOIL,1020,1,0.272108843537415,0.5298255356564393,0.7006802721088435,0.08959229950483595,0.782312925170068,0.04738766254801241,0.41496598639455784,0.34226479707529267,0.6938775510204082,0.0937109537692628,0.9183673469387755,0.006663890045814241,0.5374149659863946,0.21398491369336847,0.5986394557823129,0.16109028645471793,0.23809523809523808,0.5804988662131518
COVID-19,USOIL,1021,1,0.047619047619047616,0.9070294784580498,0.6462585034013606,0.12513304641584522,0.7278911564625851,0.07404322273126936,0.38095238095238093,0.3832199546485261,0.6190476190476191,0.14512471655328796,0.8571428571428571,0.020408163265306135,0.3673469387755102,0.40024989587671805,0.564625850340136,0.18955065019204964,0.25170068027210885,0.5599518719052246
COVID-19,USOIL,1022,1,0.034013605442176874,0.9331297144708223,0.5986394557823129,0.16109028645471793,0.5714285714285714,0.18367346938775514,0.5238095238095238,0.22675736961451246,0.6122448979591837,0.15035401915868388,0.7414965986394558,0.06682400851497058,0.21768707482993196,0.6120135128881484,0.4421768707482993,0.31116664352815954,0.2857142857142857,0.5102040816326531
COVID-19,USOIL,1023,1,0.006802721088435374,0.9864408348373362,0.6190476190476191,0.14512471655328796,0.5102040816326531,0.23990004164931278,0.14965986394557823,0.7230783469850526,0.5306122448979592,0.22032486463973341,0.7755102040816326,0.050395668471470235,0.19047619047619047,0.655328798185941,0.3197278911564626,0.4627701420704336,0.29931972789115646,0.490952843722523
COVID-19,USOIL,1024,1,0.02040816326530612,0.9596001665972511,0.5714285714285714,0.18367346938775514,0.4897959183673469,0.2603082049146189,0.09523809523809523,0.8185941043083901,0.4965986394557823,0.25341292979776947,0.7482993197278912,0.06335323244944234,0.17687074829931973,0.6775417650053219,0.25170068027210885,0.5599518719052246,0.32653061224489793,0.4535610162432321
COVID-19,USOIL,1025,1,0.013605442176870748,0.9729742237030866,0.42857142857142855,0.32653061224489793,0.5918367346938775,0.16659725114535612,0.08843537414965986,0.8309500671016706,0.564625850340136,0.18955065019204964,0.9115646258503401,0.007820815400990326,0.3129251700680272,0.4720718219260493,0.24489795918367346,0.5701790920449812,0.3333333333333333,0.44444444444444453
COVID-19,USOIL,1026,1,0.07482993197278912,0.8559396547734741,0.29931972789115646,0.490952843722523,0.6190476190476191,0.14512471655328796,0.04081632653061224,0.920033319450229,0.38095238095238093,0.3832199546485261,0.8231292517006803,0.031283261603961304,0.272108843537415,0.5298255356564393,0.20408163265306123,0.6334860474802165,0.38095238095238093,0.3832199546485261
COVID-19,USOIL,1027,1,0.20408163265306123,0.6334860474802165,0.2108843537414966,0.6227035031699755,0.5578231292517006,0.19552038502475824,0.061224489795918366,0.8812994585589339,0.3469387755102041,0.4264889629321117,0.8027210884353742,0.03891896894812347,0.3197278911564626,0.4627701420704336,0.16326530612244897,0.7001249479383591,0.40816326530612246,0.3502707205331112
COVID-19,USOIL,1028,1,0.23809523809523808,0.5804988662131518,0.10884353741496598,0.7941598408070711,0.48299319727891155,0.2672960340598825,0.3673469387755102,0.40024989587671805,0.46938775510204084,0.2815493544356517,0.7959183673469388,0.04164931278633903,0.3877551020408163,0.3748438150770512,0.1564625850340136,0.7115553704474988,0.4421768707482993,0.31116664352815954
COVID-19,USOIL,1029,1,0.22448979591836735,0.6014160766347355,0.11564625850340136,0.7820815400990327,0.4421768707482993,0.31116664352815954,0.027210884353741496,0.9463186635198296,0.30612244897959184,0.4814660558100791,0.7619047619047619,0.056689342403628135,0.4421768707482993,0.31116664352815954,0.08163265306122448,0.8433985839233653,0.46258503401360546,0.28881484566615756
COVID-19,USOIL,1030,1,0.14285714285714285,0.7346938775510206,0.17687074829931973,0.6775417650053219,0.5034013605442177,0.24661020870933406,0.06802721088435375,0.8685732796519969,0.42857142857142855,0.32653061224489793,0.782312925170068,0.04738766254801241,0.4897959183673469,0.2603082049146189,0.14285714285714285,0.7346938775510206,0.48299319727891155,0.2672960340598825
COVID-19,USOIL,1031,1,0.14965986394557823,0.7230783469850526,0.2789115646258503,0.5199685316303393,0.5238095238095238,0.22675736961451246,0.1836734693877551,0.6663890045814245,0.272108843537415,0.5298255356564393,0.8163265306122449,0.033735943356934604,0.6190476190476191,0.14512471655328796,0.23809523809523808,0.5804988662131518,0.5102040816326531,0.23990004164931278
COVID-19,USOIL,1032,1,0.09523809523809523,0.8185941043083901,0.38095238095238093,0.3832199546485261,0.5374149659863946,0.21398491369336847,0.3469387755102041,0.4264889629321117,0.41496598639455784,0.34226479707529267,0.8503401360544217,0.022398074876209005,0.7006802721088435,0.08959229950483595,0.11564625850340136,0.7820815400990327,0.5034013605442177,0.24661020870933406
COVID-19,USOIL,1033,1,0.11564625850340136,0.7820815400990327,0.4489795918367347,0.3036234902124114,0.6054421768707483,0.15567587579249387,0.11564625850340136,0.7820815400990327,0.48299319727891155,0.2672960340598825,0.7891156462585034,0.04447221065296868,0.7959183673469388,0.04164931278633903,0.10204081632653061,0.8063306955435235,0.46938775510204084,0.2815493544356517
COVID-19,USOIL,1034,1,0.06802721088435375,0.8685732796519969,0.5102040816326531,0.23990004164931278,0.6530612244897959,0.12036651395251982,0.272108843537415,0.5298255356564393,0.5918367346938775,0.16659725114535612,0.8979591836734694,0.010412328196584757,0.8299319727891157,0.02892313387940209,0.17687074829931973,0.6775417650053219,0.4557823129251701,0.2961728909250774
COVID-19,USOIL,1035,1,0.16326530612244897,0.7001249479383591,0.5850340136054422,0.17219676986440835,0.6802721088435374,0.1022259243833588,0.2789115646258503,0.5199685316303393,0.6394557823129252,0.12999213290758477,0.8299319727891157,0.02892313387940209,0.8503401360544217,0.022398074876209005,0.10884353741496598,0.7941598408070711,0.43537414965986393,0.31880235087232167
COVID-19,USOIL,1036,1,0.08163265306122448,0.8433985839233653,0.6054421768707483,0.15567587579249387,0.6394557823129252,0.12999213290758477,0.2585034013605442,0.549817205793882,0.6530612244897959,0.12036651395251982,0.8435374149659864,0.024480540515525923,0.8435374149659864,0.024480540515525923,0.19727891156462585,0.6443611458188717,0.41496598639455784,0.34226479707529267
COVID-19,USOIL,1037,1,0.10204081632653061,0.8063306955435235,0.6326530612244898,0.13494377342773842,0.6462585034013606,0.12513304641584522,0.32653061224489793,0.4535610162432321,0.6870748299319728,0.09792216206210376,0.8639455782312925,0.018510805682817356,0.8367346938775511,0.026655560183256963,0.19047619047619047,0.655328798185941,0.3877551020408163,0.3748438150770512
COVID-19,USOIL,1038,1,0.1292517006802721,0.7582026007681983,0.6598639455782312,0.11569253551760843,0.7006802721088435,0.08959229950483595,0.19047619047619047,0.655328798185941,0.7278911564625851,0.07404322273126936,0.9455782312925171,0.0029617289092507696,0.8571428571428571,0.020408163265306135,0.2585034013605442,0.549817205793882,0.3741496598639456,0.39168864824841504
COVID-19,USOIL,1039,1,0.061224489795918366,0.8812994585589339,0.6938775510204082,0.0937109537692628,0.6938775510204082,0.0937109537692628,0.3877551020408163,0.3748438150770512,0.7482993197278912,0.06335323244944234,0.9319727891156463,0.004627701420704331,0.8979591836734694,0.010412328196584757,0.38095238095238093,0.3832199546485261,0.3673469387755102,0.40024989587671805
COVID-19,USOIL,1040,1,0.08843537414965986,0.8309500671016706,0.7278911564625851,0.07404322273126936,0.7210884353741497,0.07779166088203988,0.2925170068027211,0.500532185663381,0.7755102040816326,0.050395668471470235,0.9795918367346939,0.0004164931278633912,0.9387755102040817,0.003748438150770507,0.5170068027210885,0.23328242861770557,0.3401360544217687,0.4354204266740711
COVID-19,USOIL,1041,1,0.2925170068027211,0.500532185663381,0.7619047619047619,0.056689342403628135,0.8299319727891157,0.02892313387940209,0.48299319727891155,0.2672960340598825,0.8503401360544217,0.022398074876209005,0.9659863945578231,0.0011569253551760865,0.9523809523809523,0.0022675736961451295,0.7006802721088435,0.08959229950483595,0.3129251700680272,0.4720718219260493
COVID-19,USOIL,1042,1,0.4013605442176871,0.3583691980193438,0.782312925170068,0.04738766254801241,0.8231292517006803,0.031283261603961304,0.7142857142857143,0.08163265306122448,0.8639455782312925,0.018510805682817356,0.9727891156462585,0.0007404322273126954,0.9659863945578231,0.0011569253551760865,0.6802721088435374,0.1022259243833588,0.2585034013605442,0.549817205793882
COVID-19,USOIL,1043,1,0.3673469387755102,0.40024989587671805,0.8095238095238095,0.03628117913832199,0.8095238095238095,0.03628117913832199,0.6258503401360545,0.13998796797630614,0.8979591836734694,0.010412328196584757,0.9591836734693877,0.0016659725114535648,0.9795918367346939,0.0004164931278633912,0.6530612244897959,0.12036651395251982,0.24489795918367346,0.5701790920449812
COVID-19,USOIL,1044,1,0.5782312925170068,0.1778888426118747,0.8163265306122449,0.033735943356934604,0.8027210884353742,0.03891896894812347,0.8299319727891157,0.02892313387940209,0.9319727891156463,0.004627701420704331,0.9523809523809523,0.0022675736961451295,0.9863945578231292,0.00018510805682817386,0.7619047619047619,0.056689342403628135,0.22448979591836735,0.6014160766347355
COVID-19,USOIL,1045,1,0.5918367346938775,0.16659725114535612,0.8367346938775511,0.026655560183256963,0.7755102040816326,0.050395668471470235,0.8367346938775511,0.026655560183256963,0.9931972789115646,4.6277014207043464e-05,0.9931972789115646,4.6277014207043464e-05,0.9931972789115646,4.6277014207043464e-05,0.7482993197278912,0.06335323244944234,0.21768707482993196,0.6120135128881484
COVID-19,USOIL,1046,1,0.7006802721088435,0.08959229950483595,0.8027210884353742,0.03891896894812347,0.7414965986394558,0.06682400851497058,0.8843537414965986,0.013374057105835535,0.9863945578231292,0.00018510805682817386,0.8367346938775511,0.026655560183256963,0.9591836734693877,0.0016659725114535648,0.7278911564625851,0.07404322273126936,0.19047619047619047,0.655328798185941
COVID-19,USOIL,1047,1,0.4965986394557823,0.25341292979776947,0.46258503401360546,0.28881484566615756,0.6258503401360545,0.13998796797630614,0.564625850340136,0.18955065019204964,0.07482993197278912,0.8559396547734741,0.006802721088435374,0.9864408348373362,0.02040816326530612,0.9596001665972511,0.2108843537414966,0.6227035031699755,0.5782312925170068,0.1778888426118747
COVID-19,USOIL,1048,1,0.48299319727891155,0.2672960340598825,0.6530612244897959,0.12036651395251982,0.5782312925170068,0.1778888426118747,0.5986394557823129,0.16109028645471793,0.24489795918367346,0.5701790920449812,0.013605442176870748,0.9729742237030866,0.006802721088435374,0.9864408348373362,0.36054421768707484,0.4089036975334352,0.2653061224489796,0.5397750937109537
COVID-19,USOIL,1049,1,0.3469387755102041,0.4264889629321117,0.8639455782312925,0.018510805682817356,0.9727891156462585,0.0007404322273126954,0.8163265306122449,0.033735943356934604,0.8163265306122449,0.033735943356934604,0.8095238095238095,0.03628117913832199,0.1360544217687075,0.7464019621454023,0.4557823129251701,0.2961728909250774,0.11564625850340136,0.7820815400990327
COVID-19,USOIL,1050,1,0.47619047619047616,0.2743764172335601,0.8843537414965986,0.013374057105835535,0.9795918367346939,0.0004164931278633912,0.7346938775510204,0.07038733860891293,0.7210884353741497,0.07779166088203988,0.7006802721088435,0.08959229950483595,0.05442176870748299,0.8941181914942848,0.40816326530612246,0.3502707205331112,0.1292517006802721,0.7582026007681983
COVID-19,USOIL,1051,1,0.7074829931972789,0.08556619926882317,0.8435374149659864,0.024480540515525923,0.9863945578231292,0.00018510805682817386,0.673469387755102,0.10662224073302792,0.782312925170068,0.04738766254801241,0.7278911564625851,0.07404322273126936,0.10204081632653061,0.8063306955435235,0.3673469387755102,0.40024989587671805,0.10204081632653061,0.8063306955435235
COVID-19,USOIL,1052,1,0.6870748299319728,0.09792216206210376,0.8503401360544217,0.022398074876209005,0.9659863945578231,0.0011569253551760865,0.8979591836734694,0.010412328196584757,0.8231292517006803,0.031283261603961304,0.7074829931972789,0.08556619926882317,0.23129251700680273,0.5909111944097366,0.5510204081632653,0.20158267388588094,0.09523809523809523,0.8185941043083901
COVID-19,USOIL,1053,1,0.43537414965986393,0.31880235087232167,0.8299319727891157,0.02892313387940209,0.9931972789115646,4.6277014207043464e-05,0.8571428571428571,0.020408163265306135,0.7414965986394558,0.06682400851497058,0.8707482993197279,0.016706002128742663,0.034013605442176874,0.9331297144708223,0.4965986394557823,0.25341292979776947,0.10884353741496598,0.7941598408070711
COVID-19,USOIL,1054,1,0.3129251700680272,0.4720718219260493,0.891156462585034,0.011846915637003103,0.8775510204081632,0.014993752603082056,0.6802721088435374,0.1022259243833588,0.9795918367346939,0.0004164931278633912,0.6938775510204082,0.0937109537692628,0.8775510204081632,0.014993752603082056,0.7891156462585034,0.04447221065296868,0.08163265306122448,0.8433985839233653
COVID-19,USOIL,1055,1,0.7755102040816326,0.050395668471470235,0.9047619047619048,0.009070294784580497,0.9183673469387755,0.006663890045814241,0.7482993197278912,0.06335323244944234,0.9591836734693877,0.0016659725114535648,0.9863945578231292,0.00018510805682817386,0.8707482993197279,0.016706002128742663,0.8503401360544217,0.022398074876209005,0.061224489795918366,0.8812994585589339
COVID-19,USOIL,1056,1,0.7346938775510204,0.07038733860891293,0.8979591836734694,0.010412328196584757,0.9591836734693877,0.0016659725114535648,0.8027210884353742,0.03891896894812347,0.9455782312925171,0.0029617289092507696,0.6462585034013606,0.12513304641584522,0.7891156462585034,0.04447221065296868,0.6938775510204082,0.0937109537692628,0.047619047619047616,0.9070294784580498
COVID-19,USOIL,1057,1,0.5986394557823129,0.16109028645471793,0.9183673469387755,0.006663890045814241,0.9523809523809523,0.0022675736961451295,0.7959183673469388,0.04164931278633903,0.9523809523809523,0.0022675736961451295,0.3673469387755102,0.40024989587671805,0.7619047619047619,0.056689342403628135,0.782312925170068,0.04738766254801241,0.027210884353741496,0.9463186635198296
COVID-19,USOIL,1058,1,0.36054421768707484,0.4089036975334352,0.9251700680272109,0.005599518719052243,0.9387755102040817,0.003748438150770507,0.7210884353741497,0.07779166088203988,0.8843537414965986,0.013374057105835535,0.5782312925170068,0.1778888426118747,0.7755102040816326,0.050395668471470235,0.7210884353741497,0.07779166088203988,0.013605442176870748,0.9729742237030866
COVID-19,USOIL,1059,1,0.564625850340136,0.18955065019204964,0.9319727891156463,0.004627701420704331,0.9251700680272109,0.005599518719052243,0.9387755102040817,0.003748438150770507,0.891156462585034,0.011846915637003103,0.5306122448979592,0.22032486463973341,0.8843537414965986,0.013374057105835535,0.7755102040816326,0.050395668471470235,0.006802721088435374,0.9864408348373362
COVID-19,USOIL,1060,1,0.6530612244897959,0.12036651395251982,0.9387755102040817,0.003748438150770507,0.8843537414965986,0.013374057105835535,0.9727891156462585,0.0007404322273126954,0.9251700680272109,0.005599518719052243,0.6122448979591837,0.15035401915868388,0.9115646258503401,0.007820815400990326,0.8027210884353742,0.03891896894812347,0.02040816326530612,0.9596001665972511
COVID-19,USOIL,1061,1,0.17006802721088435,0.6887870794576334,0.9455782312925171,0.0029617289092507696,0.8435374149659864,0.024480540515525923,0.9115646258503401,0.007820815400990326,0.9727891156462585,0.0007404322273126954,0.6394557823129252,0.12999213290758477,0.9251700680272109,0.005599518719052243,0.7687074829931972,0.05349622842334214,0.04081632653061224,0.920033319450229
COVID-19,USOIL,1062,1,0.35374149659863946,0.4176500532185664,0.9523809523809523,0.0022675736961451295,0.9115646258503401,0.007820815400990326,0.9047619047619048,0.009070294784580497,0.9387755102040817,0.003748438150770507,0.4965986394557823,0.25341292979776947,0.9047619047619048,0.009070294784580497,0.6598639455782312,0.11569253551760843,0.034013605442176874,0.9331297144708223
COVID-19,USOIL,1063,1,0.54421768707483,0.2077375167754176,0.9659863945578231,0.0011569253551760865,0.8707482993197279,0.016706002128742663,0.8231292517006803,0.031283261603961304,0.9183673469387755,0.006663890045814241,0.38095238095238093,0.3832199546485261,0.9183673469387755,0.006663890045814241,0.6870748299319728,0.09792216206210376,0.05442176870748299,0.8941181914942848
COVID-19,USOIL,1064,1,0.4897959183673469,0.2603082049146189,0.9931972789115646,4.6277014207043464e-05,0.8367346938775511,0.026655560183256963,0.782312925170068,0.04738766254801241,0.9047619047619048,0.009070294784580497,0.6802721088435374,0.1022259243833588,0.9455782312925171,0.0029617289092507696,0.46938775510204084,0.2815493544356517,0.06802721088435375,0.8685732796519969
COVID-19,USOIL,1065,1,0.5578231292517006,0.19552038502475824,0.9863945578231292,0.00018510805682817386,0.7551020408163265,0.05997501041232822,0.9251700680272109,0.005599518719052243,0.9659863945578231,0.0011569253551760865,0.7142857142857143,0.08163265306122448,0.9727891156462585,0.0007404322273126954,0.6122448979591837,0.15035401915868388,0.07482993197278912,0.8559396547734741
COVID-19,USOIL,1066,1,0.25170068027210885,0.5599518719052246,0.9795918367346939,0.0004164931278633912,0.7891156462585034,0.04447221065296868,0.6054421768707483,0.15567587579249387,0.9115646258503401,0.007820815400990326,0.891156462585034,0.011846915637003103,0.891156462585034,0.011846915637003103,0.6462585034013606,0.12513304641584522,0.08843537414965986,0.8309500671016706
COVID-19,USOIL,1067,1,0.5034013605442177,0.24661020870933406,0.9727891156462585,0.0007404322273126954,0.7619047619047619,0.056689342403628135,0.6394557823129252,0.12999213290758477,0.8299319727891157,0.02892313387940209,0.1292517006802721,0.7582026007681983,0.12244897959183673,0.7700957934194085,0.3945578231292517,0.3665602295339905,0.12244897959183673,0.7700957934194085
COVID-19,USOIL,1068,1,0.6190476190476191,0.14512471655328796,0.9591836734693877,0.0016659725114535648,0.7687074829931972,0.05349622842334214,0.5850340136054422,0.17219676986440835,0.8095238095238095,0.03628117913832199,0.22448979591836735,0.6014160766347355,0.06802721088435375,0.8685732796519969,0.4489795918367347,0.3036234902124114,0.1360544217687075,0.7464019621454023
COVID-19,USOIL,1069,1,0.3945578231292517,0.3665602295339905,0.9115646258503401,0.007820815400990326,0.7959183673469388,0.04164931278633903,0.3333333333333333,0.44444444444444453,0.7687074829931972,0.05349622842334214,0.02040816326530612,0.9596001665972511,0.013605442176870748,0.9729742237030866,0.3877551020408163,0.3748438150770512,0.14285714285714285,0.7346938775510206
COVID-19,USOIL,1070,1,0.4489795918367347,0.3036234902124114,0.8775510204081632,0.014993752603082056,0.8163265306122449,0.033735943356934604,0.40816326530612246,0.3502707205331112,0.7551020408163265,0.05997501041232822,0.061224489795918366,0.8812994585589339,0.027210884353741496,0.9463186635198296,0.41496598639455784,0.34226479707529267,0.16326530612244897,0.7001249479383591
COVID-19,USOIL,1071,1,0.40816326530612246,0.3502707205331112,0.8571428571428571,0.020408163265306135,0.8503401360544217,0.022398074876209005,0.6462585034013606,0.12513304641584522,0.8027210884353742,0.03891896894812347,0.027210884353741496,0.9463186635198296,0.047619047619047616,0.9070294784580498,0.46258503401360546,0.28881484566615756,0.1564625850340136,0.7115553704474988
COVID-19,USOIL,1072,1,0.782312925170068,0.04738766254801241,0.8231292517006803,0.031283261603961304,0.891156462585034,0.011846915637003103,0.6122448979591837,0.15035401915868388,0.7891156462585034,0.04447221065296868,0.08163265306122448,0.8433985839233653,0.04081632653061224,0.920033319450229,0.4897959183673469,0.2603082049146189,0.1836734693877551,0.6663890045814245
COVID-19,USOIL,1073,1,0.5102040816326531,0.23990004164931278,0.7959183673469388,0.04164931278633903,0.9455782312925171,0.0029617289092507696,0.4897959183673469,0.2603082049146189,0.7959183673469388,0.04164931278633903,0.10204081632653061,0.8063306955435235,0.061224489795918366,0.8812994585589339,0.4217687074829932,0.33435142764588827,0.17006802721088435,0.6887870794576334
COVID-19,USOIL,1074,1,0.46258503401360546,0.28881484566615756,0.7891156462585034,0.04447221065296868,0.9319727891156463,0.004627701420704331,0.5918367346938775,0.16659725114535612,0.8775510204081632,0.014993752603082056,0.54421768707483,0.2077375167754176,0.08843537414965986,0.8309500671016706,0.54421768707483,0.2077375167754176,0.14965986394557823,0.7230783469850526
COVID-19,USOIL,1075,1,0.42857142857142855,0.32653061224489793,0.7755102040816326,0.050395668471470235,0.8979591836734694,0.010412328196584757,0.5714285714285714,0.18367346938775514,0.8367346938775511,0.026655560183256963,0.25170068027210885,0.5599518719052246,0.07482993197278912,0.8559396547734741,0.48299319727891155,0.2672960340598825,0.19727891156462585,0.6443611458188717
COVID-19,USOIL,1076,1,0.5374149659863946,0.21398491369336847,0.7687074829931972,0.05349622842334214,0.9047619047619048,0.009070294784580497,0.43537414965986393,0.31880235087232167,0.8707482993197279,0.016706002128742663,0.24489795918367346,0.5701790920449812,0.14965986394557823,0.7230783469850526,0.3333333333333333,0.44444444444444453,0.17687074829931973,0.6775417650053219
COVID-19,USOIL,1077,1,0.3877551020408163,0.3748438150770512,0.7482993197278912,0.06335323244944234,0.8571428571428571,0.020408163265306135,0.4013605442176871,0.3583691980193438,0.8435374149659864,0.024480540515525923,0.2925170068027211,0.500532185663381,0.10884353741496598,0.7941598408070711,0.1836734693877551,0.6663890045814245,0.2108843537414966,0.6227035031699755
COVID-19,USOIL,1078,1,0.6054421768707483,0.15567587579249387,0.7346938775510204,0.07038733860891293,0.8639455782312925,0.018510805682817356,0.3197278911564626,0.4627701420704336,0.8571428571428571,0.020408163265306135,0.6258503401360545,0.13998796797630614,0.17006802721088435,0.6887870794576334,0.21768707482993196,0.6120135128881484,0.20408163265306123,0.6334860474802165
COVID-19,USOIL,1079,0,0.027210884353741496,0.0007404322273126937,0.047619047619047616,0.0022675736961451243,0.2585034013605442,0.06682400851497063,0.05442176870748299,0.0029617289092507748,0.034013605442176874,0.0011569253551760843,0.3401360544217687,0.1156925355176084,0.2857142857142857,0.08163265306122448,0.034013605442176874,0.0011569253551760843,0.6054421768707483,0.3665602295339905
COVID-19,USOIL,1080,0,0.05442176870748299,0.0029617289092507748,0.013605442176870748,0.00018510805682817342,0.07482993197278912,0.005599518719052247,0.1564625850340136,0.02448054051552594,0.013605442176870748,0.00018510805682817342,0.14285714285714285,0.02040816326530612,0.1836734693877551,0.03373594335693461,0.02040816326530612,0.00041649312786339016,0.7278911564625851,0.5298255356564395
COVID-19,USOIL,1081,0,0.12244897959183673,0.014993752603082049,0.006802721088435374,4.6277014207043356e-05,0.14285714285714285,0.02040816326530612,0.047619047619047616,0.0022675736961451243,0.006802721088435374,4.6277014207043356e-05,0.06802721088435375,0.004627701420704337,0.16326530612244897,0.02665556018325697,0.006802721088435374,4.6277014207043356e-05,0.7619047619047619,0.5804988662131518
COVID-19,USOIL,1082,0,0.17687074829931973,0.03128326160396131,0.02040816326530612,0.00041649312786339016,0.3741496598639456,0.1399879679763062,0.013605442176870748,0.00018510805682817342,0.027210884353741496,0.0007404322273126937,0.14965986394557823,0.022398074876208988,0.2108843537414966,0.04447221065296868,0.013605442176870748,0.00018510805682817342,0.7346938775510204,0.5397750937109538
COVID-19,USOIL,1083,0,0.30612244897959184,0.0937109537692628,0.07482993197278912,0.005599518719052247,0.42857142857142855,0.18367346938775508,0.006802721088435374,4.6277014207043356e-05,0.02040816326530612,0.00041649312786339016,0.1360544217687075,0.01851080568281735,0.25170068027210885,0.06335323244944237,0.027210884353741496,0.0007404322273126937,0.6598639455782312,0.43542042667407094
COVID-19,USOIL,1084,0,0.23129251700680273,0.05349622842334213,0.04081632653061224,0.0016659725114535606,0.6326530612244898,0.40024989587671805,0.10884353741496598,0.011846915637003099,0.10204081632653061,0.010412328196584757,0.17006802721088435,0.0289231338794021,0.22448979591836735,0.05039566847147022,0.04081632653061224,0.0016659725114535606,0.6802721088435374,0.4627701420704336
COVID-19,USOIL,1085,0,0.1836734693877551,0.03373594335693461,0.027210884353741496,0.0007404322273126937,0.564625850340136,0.31880235087232167,0.1360544217687075,0.01851080568281735,0.04081632653061224,0.0016659725114535606,0.17687074829931973,0.03128326160396131,0.20408163265306123,0.04164931278633903,0.047619047619047616,0.0022675736961451243,0.6870748299319728,0.4720718219260493
COVID-19,USOIL,1086,0,0.2108843537414966,0.04447221065296868,0.06802721088435375,0.004627701420704337,0.24489795918367346,0.059975010412328195,0.19727891156462585,0.03891896894812347,0.047619047619047616,0.0022675736961451243,0.2857142857142857,0.08163265306122448,0.23809523809523808,0.056689342403628114,0.05442176870748299,0.0029617289092507748,0.5986394557823129,0.3583691980193438
COVID-19,USOIL,1087,0,0.29931972789115646,0.08959229950483595,0.10204081632653061,0.010412328196584757,0.17687074829931973,0.03128326160396131,0.24489795918367346,0.059975010412328195,0.08843537414965986,0.007820815400990328,0.272108843537415,0.0740432227312694,0.2653061224489796,0.07038733860891296,0.07482993197278912,0.005599518719052247,0.5714285714285714,0.32653061224489793
COVID-19,USOIL,1088,0,0.2857142857142857,0.08163265306122448,0.09523809523809523,0.009070294784580497,0.19727891156462585,0.03891896894812347,0.1292517006802721,0.016706002128742656,0.14965986394557823,0.022398074876208988,0.36054421768707484,0.12999213290758482,0.2789115646258503,0.07779166088203988,0.1292517006802721,0.016706002128742656,0.5578231292517006,0.31116664352815954
COVID-19,USOIL,1089,0,0.32653061224489793,0.10662224073302788,0.4217687074829932,0.1778888426118747,0.12244897959183673,0.014993752603082049,0.07482993197278912,0.005599518719052247,0.1564625850340136,0.02448054051552594,0.5102040816326531,0.2603082049146189,0.41496598639455784,0.17219676986440835,0.32653061224489793,0.10662224073302788,0.4965986394557823,0.24661020870933406
COVID-19,USOIL,1090,0,0.5170068027210885,0.2672960340598825,0.46938775510204084,0.22032486463973347,0.2108843537414966,0.04447221065296868,0.29931972789115646,0.08959229950483595,0.19047619047619047,0.03628117913832199,0.5714285714285714,0.32653061224489793,0.4217687074829932,0.1778888426118747,0.3129251700680272,0.09792216206210376,0.47619047619047616,0.22675736961451246
COVID-19,USOIL,1091,0,0.38095238095238093,0.14512471655328796,0.12244897959183673,0.014993752603082049,0.3945578231292517,0.15567587579249387,0.35374149659863946,0.12513304641584524,0.1360544217687075,0.01851080568281735,0.20408163265306123,0.04164931278633903,0.29931972789115646,0.08959229950483595,0.2653061224489796,0.07038733860891296,0.5850340136054422,0.34226479707529267
COVID-19,USOIL,1092,0,0.4217687074829932,0.1778888426118747,0.3401360544217687,0.1156925355176084,0.43537414965986393,0.18955065019204959,0.20408163265306123,0.04164931278633903,0.23129251700680273,0.05349622842334213,0.4217687074829932,0.1778888426118747,0.38095238095238093,0.14512471655328796,0.29931972789115646,0.08959229950483595,0.5374149659863946,0.28881484566615767
COVID-19,USOIL,1093,0,0.6598639455782312,0.43542042667407094,0.3469387755102041,0.12036651395251978,0.5510204081632653,0.3036234902124114,0.47619047619047616,0.22675736961451246,0.3333333333333333,0.1111111111111111,0.3333333333333333,0.1111111111111111,0.3401360544217687,0.1156925355176084,0.3469387755102041,0.12036651395251978,0.5238095238095238,0.2743764172335601
COVID-19,USOIL,1094,0,0.7687074829931972,0.5909111944097366,0.4013605442176871,0.16109028645471793,0.46938775510204084,0.22032486463973347,0.5510204081632653,0.3036234902124114,0.3741496598639456,0.1399879679763062,0.3945578231292517,0.15567587579249387,0.32653061224489793,0.10662224073302788,0.4013605442176871,0.16109028645471793,0.5510204081632653,0.3036234902124114
COVID-19,USOIL,1095,0,0.6802721088435374,0.4627701420704336,0.4557823129251701,0.20773751677541766,0.5850340136054422,0.34226479707529267,0.4421768707482993,0.1955203850247582,0.4421768707482993,0.1955203850247582,0.23809523809523808,0.056689342403628114,0.2925170068027211,0.08556619926882317,0.5850340136054422,0.34226479707529267,0.5170068027210885,0.2672960340598825
COVID-19,USOIL,1096,0,0.6938775510204082,0.4814660558100791,0.35374149659863946,0.12513304641584524,0.6666666666666666,0.4444444444444444,0.46938775510204084,0.22032486463973347,0.4557823129251701,0.20773751677541766,0.3129251700680272,0.09792216206210376,0.3333333333333333,0.1111111111111111,0.5578231292517006,0.31116664352815954,0.6326530612244898,0.40024989587671805
COVID-19,USOIL,1097,0,0.6326530612244898,0.40024989587671805,0.14285714285714285,0.02040816326530612,0.3469387755102041,0.12036651395251978,0.5034013605442177,0.25341292979776947,0.20408163265306123,0.04164931278633903,0.2653061224489796,0.07038733860891296,0.3741496598639456,0.1399879679763062,0.6258503401360545,0.39168864824841504,0.7414965986394558,0.5498172057938823
COVID-19,USOIL,1098,0,0.7482993197278912,0.5599518719052248,0.17006802721088435,0.0289231338794021,0.006802721088435374,4.6277014207043356e-05,0.8435374149659864,0.7115553704474988,0.22448979591836735,0.05039566847147022,0.42857142857142855,0.18367346938775508,0.6258503401360545,0.39168864824841504,0.7959183673469388,0.6334860474802165,0.673469387755102,0.453561016243232
COVID-19,USOIL,1099,0,0.7959183673469388,0.6334860474802165,0.2925170068027211,0.08556619926882317,0.3877551020408163,0.15035401915868388,0.7551020408163265,0.5701790920449812,0.2789115646258503,0.07779166088203988,0.46258503401360546,0.21398491369336853,0.6938775510204082,0.4814660558100791,0.8571428571428571,0.7346938775510203,0.7006802721088435,0.490952843722523
COVID-19,USOIL,1100,0,0.9047619047619048,0.8185941043083901,0.43537414965986393,0.18955065019204959,0.013605442176870748,0.00018510805682817342,0.6326530612244898,0.40024989587671805,0.47619047619047616,0.22675736961451246,0.5918367346938775,0.3502707205331112,0.8231292517006803,0.6775417650053219,0.9319727891156463,0.8685732796519969,0.6258503401360545,0.39168864824841504
COVID-19,USOIL,1101,0,0.8367346938775511,0.7001249479383591,0.48299319727891155,0.23328242861770557,0.46258503401360546,0.21398491369336853,0.8503401360544217,0.7230783469850525,0.5714285714285714,0.32653061224489793,0.5578231292517006,0.31116664352815954,0.8639455782312925,0.7464019621454023,0.9727891156462585,0.9463186635198296,0.564625850340136,0.31880235087232167
COVID-19,USOIL,1102,0,0.8775510204081632,0.7700957934194085,0.3333333333333333,0.1111111111111111,0.16326530612244897,0.02665556018325697,0.6938775510204082,0.4814660558100791,0.5102040816326531,0.2603082049146189,0.47619047619047616,0.22675736961451246,0.8163265306122449,0.6663890045814245,0.8435374149659864,0.7115553704474988,0.6666666666666666,0.4444444444444444
COVID-19,USOIL,1103,0,0.9727891156462585,0.9463186635198296,0.36054421768707484,0.12999213290758482,0.47619047619047616,0.22675736961451246,0.7278911564625851,0.5298255356564395,0.6326530612244898,0.40024989587671805,0.46938775510204084,0.22032486463973347,0.7482993197278912,0.5599518719052248,0.9183673469387755,0.8433985839233653,0.6394557823129252,0.4089036975334352
COVID-19,USOIL,1104,0,0.9795918367346939,0.9596001665972511,0.4421768707482993,0.1955203850247582,0.40816326530612246,0.16659725114535612,0.7414965986394558,0.5498172057938823,0.6666666666666666,0.4444444444444444,0.6666666666666666,0.4444444444444444,0.782312925170068,0.6120135128881484,0.9591836734693877,0.920033319450229,0.54421768707483,0.2961728909250776
COVID-19,USOIL,1105,0,0.9863945578231292,0.9729742237030866,0.3877551020408163,0.15035401915868388,0.5170068027210885,0.2672960340598825,0.7619047619047619,0.5804988662131518,0.5850340136054422,0.34226479707529267,0.5850340136054422,0.34226479707529267,0.7687074829931972,0.5909111944097366,0.9387755102040817,0.8812994585589339,0.6190476190476191,0.3832199546485261
COVID-19,USOIL,1106,0,0.9931972789115646,0.9864408348373362,0.41496598639455784,0.17219676986440835,0.09523809523809523,0.009070294784580497,0.9931972789115646,0.9864408348373362,0.5782312925170068,0.33435142764588827,0.5986394557823129,0.3583691980193438,0.8095238095238095,0.655328798185941,0.9931972789115646,0.9864408348373362,0.6938775510204082,0.4814660558100791
COVID-19,USOIL,1107,0,0.9183673469387755,0.8433985839233653,0.1360544217687075,0.01851080568281735,0.027210884353741496,0.0007404322273126937,0.8707482993197279,0.7582026007681983,0.3401360544217687,0.1156925355176084,0.29931972789115646,0.08959229950483595,0.6122448979591837,0.3748438150770512,0.9523809523809523,0.9070294784580498,0.8231292517006803,0.6775417650053219
COVID-19,USOIL,1108,0,0.8979591836734694,0.8063306955435235,0.25170068027210885,0.06335323244944237,0.19047619047619047,0.03628117913832199,0.891156462585034,0.7941598408070711,0.4013605442176871,0.16109028645471793,0.4557823129251701,0.20773751677541766,0.673469387755102,0.453561016243232,0.9659863945578231,0.9331297144708223,0.782312925170068,0.6120135128881484
COVID-19,USOIL,1109,0,0.891156462585034,0.7941598408070711,0.21768707482993196,0.047387662548012396,0.02040816326530612,0.00041649312786339016,0.9795918367346939,0.9596001665972511,0.3673469387755102,0.13494377342773844,0.4897959183673469,0.23990004164931278,0.6530612244897959,0.4264889629321115,0.9863945578231292,0.9729742237030866,0.8027210884353742,0.6443611458188717
COVID-19,USOIL,1110,0,0.9659863945578231,0.9331297144708223,0.3129251700680272,0.09792216206210376,0.35374149659863946,0.12513304641584524,0.9863945578231292,0.9729742237030866,0.5170068027210885,0.2672960340598825,0.5170068027210885,0.2672960340598825,0.6462585034013606,0.4176500532185664,0.9795918367346939,0.9596001665972511,0.7687074829931972,0.5909111944097366
COVID-19,USOIL,1111,0,0.7210884353741497,0.5199685316303393,0.19727891156462585,0.03891896894812347,0.4217687074829932,0.1778888426118747,0.8775510204081632,0.7700957934194085,0.16326530612244897,0.02665556018325697,0.09523809523809523,0.009070294784580497,0.5510204081632653,0.3036234902124114,0.8299319727891157,0.6887870794576334,0.9727891156462585,0.9463186635198296
COVID-19,USOIL,1112,0,0.8027210884353742,0.6443611458188717,0.23809523809523808,0.056689342403628114,0.3673469387755102,0.13494377342773844,0.6666666666666666,0.4444444444444444,0.09523809523809523,0.009070294784580497,0.08843537414965986,0.007820815400990328,0.5578231292517006,0.31116664352815954,0.8095238095238095,0.655328798185941,0.9319727891156463,0.8685732796519969
COVID-19,USOIL,1113,0,0.8231292517006803,0.6775417650053219,0.1836734693877551,0.03373594335693461,0.32653061224489793,0.10662224073302788,0.7891156462585034,0.6227035031699755,0.3945578231292517,0.15567587579249387,0.11564625850340136,0.013374057105835533,0.5238095238095238,0.2743764172335601,0.8163265306122449,0.6663890045814245,0.9115646258503401,0.8309500671016706
COVID-19,USOIL,1114,0,0.9591836734693877,0.920033319450229,0.14965986394557823,0.022398074876208988,0.2789115646258503,0.07779166088203988,0.5374149659863946,0.28881484566615767,0.2108843537414966,0.04447221065296868,0.12244897959183673,0.014993752603082049,0.46938775510204084,0.22032486463973347,0.7551020408163265,0.5701790920449812,0.8843537414965986,0.7820815400990327
COVID-19,USOIL,1115,0,0.8843537414965986,0.7820815400990327,0.20408163265306123,0.04164931278633903,0.20408163265306123,0.04164931278633903,0.7006802721088435,0.490952843722523,0.10884353741496598,0.011846915637003099,0.19047619047619047,0.03628117913832199,0.42857142857142855,0.18367346938775508,0.7414965986394558,0.5498172057938823,0.8299319727891157,0.6887870794576334
COVID-19,USOIL,1116,0,0.8163265306122449,0.6663890045814245,0.23129251700680273,0.05349622842334213,0.7346938775510204,0.5397750937109538,0.6870748299319728,0.4720718219260493,0.11564625850340136,0.013374057105835533,0.1836734693877551,0.03373594335693461,0.40816326530612246,0.16659725114535612,0.6666666666666666,0.4444444444444444,0.8435374149659864,0.7115553704474988
COVID-19,USOIL,1117,0,0.8299319727891157,0.6887870794576334,0.061224489795918366,0.003748438150770512,0.10884353741496598,0.011846915637003099,0.5306122448979592,0.2815493544356518,0.2585034013605442,0.06682400851497063,0.04081632653061224,0.0016659725114535606,0.48299319727891155,0.23328242861770557,0.7346938775510204,0.5397750937109538,0.8639455782312925,0.7464019621454023
COVID-19,USOIL,1118,0,0.9523809523809523,0.9070294784580498,0.3741496598639456,0.1399879679763062,0.034013605442176874,0.0011569253551760843,0.9523809523809523,0.9070294784580498,0.29931972789115646,0.08959229950483595,0.4421768707482993,0.1955203850247582,0.6598639455782312,0.43542042667407094,0.9251700680272109,0.8559396547734741,0.8571428571428571,0.7346938775510203
COVID-19,USOIL,1119,0,0.7142857142857143,0.5102040816326531,0.32653061224489793,0.10662224073302788,0.06802721088435375,0.004627701420704337,0.9591836734693877,0.920033319450229,0.2653061224489796,0.07038733860891296,0.23129251700680273,0.05349622842334213,0.6870748299319728,0.4720718219260493,0.891156462585034,0.7941598408070711,0.9047619047619048,0.8185941043083901
COVID-19,USOIL,1120,0,0.8435374149659864,0.7115553704474988,0.2585034013605442,0.06682400851497063,0.4557823129251701,0.20773751677541766,0.9659863945578231,0.9331297144708223,0.3129251700680272,0.09792216206210376,0.3197278911564626,0.1022259243833588,0.6802721088435374,0.4627701420704336,0.9047619047619048,0.8185941043083901,0.9659863945578231,0.9331297144708223
COVID-19,USOIL,1121,0,0.8503401360544217,0.7230783469850525,0.2857142857142857,0.08163265306122448,0.047619047619047616,0.0022675736961451243,0.9319727891156463,0.8685732796519969,0.35374149659863946,0.12513304641584524,0.3741496598639456,0.1399879679763062,0.7210884353741497,0.5199685316303393,0.9455782312925171,0.8941181914942848,0.9591836734693877,0.920033319450229
COVID-19,USOIL,1122,0,0.9251700680272109,0.8559396547734741,0.16326530612244897,0.02665556018325697,0.08843537414965986,0.007820815400990328,0.7755102040816326,0.6014160766347355,0.21768707482993196,0.047387662548012396,0.1564625850340136,0.02448054051552594,0.7346938775510204,0.5397750937109538,0.8979591836734694,0.8063306955435235,0.9795918367346939,0.9596001665972511
COVID-19,USOIL,1123,0,0.9319727891156463,0.8685732796519969,0.1564625850340136,0.02448054051552594,0.11564625850340136,0.013374057105835533,0.9455782312925171,0.8941181914942848,0.4897959183673469,0.23990004164931278,0.30612244897959184,0.0937109537692628,0.7278911564625851,0.5298255356564395,0.8707482993197279,0.7582026007681983,0.9387755102040817,0.8812994585589339
COVID-19,USOIL,1124,0,0.8639455782312925,0.7464019621454023,0.30612244897959184,0.0937109537692628,0.3197278911564626,0.1022259243833588,0.6530612244897959,0.4264889629321115,0.25170068027210885,0.06335323244944237,0.3469387755102041,0.12036651395251978,0.7142857142857143,0.5102040816326531,0.8231292517006803,0.6775417650053219,0.9183673469387755,0.8433985839233653
COVID-19,USOIL,1125,0,0.8707482993197279,0.7582026007681983,0.19047619047619047,0.03628117913832199,0.17006802721088435,0.0289231338794021,0.9183673469387755,0.8433985839233653,0.4217687074829932,0.1778888426118747,0.32653061224489793,0.10662224073302788,0.7551020408163265,0.5701790920449812,0.9115646258503401,0.8309500671016706,0.8979591836734694,0.8063306955435235
COVID-19,USOIL,1126,0,0.9387755102040817,0.8812994585589339,0.2653061224489796,0.07038733860891296,0.5306122448979592,0.2815493544356518,0.8095238095238095,0.655328798185941,0.19727891156462585,0.03891896894812347,0.2789115646258503,0.07779166088203988,0.7414965986394558,0.5498172057938823,0.8367346938775511,0.7001249479383591,0.9251700680272109,0.8559396547734741
COVID-19,USOIL,1127,0,0.8571428571428571,0.7346938775510203,0.4965986394557823,0.24661020870933406,0.41496598639455784,0.17219676986440835,0.8639455782312925,0.7464019621454023,0.36054421768707484,0.12999213290758482,0.10884353741496598,0.011846915637003099,0.6394557823129252,0.4089036975334352,0.8843537414965986,0.7820815400990327,0.7891156462585034,0.6227035031699755
COVID-19,USOIL,1128,0,0.9115646258503401,0.8309500671016706,0.3197278911564626,0.1022259243833588,0.061224489795918366,0.003748438150770512,0.6598639455782312,0.43542042667407094,0.23809523809523808,0.056689342403628114,0.05442176870748299,0.0029617289092507748,0.564625850340136,0.31880235087232167,0.8639455782312925,0.7464019621454023,0.8367346938775511,0.7001249479383591
COVID-19,GOLD,982,0,0.1836734693877551,0.03373594335693461,0.48299319727891155,0.23328242861770557,0.8367346938775511,0.7001249479383591,0.1836734693877551,0.03373594335693461,0.5918367346938775,0.3502707205331112,0.9659863945578231,0.9331297144708223,0.564625850340136,0.31880235087232167,0.1564625850340136,0.02448054051552594,0.21768707482993196,0.047387662548012396
COVID-19,GOLD,983,0,0.21768707482993196,0.047387662548012396,0.3333333333333333,0.1111111111111111,0.8231292517006803,0.6775417650053219,0.061224489795918366,0.003748438150770512,0.36054421768707484,0.12999213290758482,0.8027210884353742,0.6443611458188717,0.5306122448979592,0.2815493544356518,0.22448979591836735,0.05039566847147022,0.23809523809523808,0.056689342403628114
COVID-19,GOLD,984,0,0.1564625850340136,0.02448054051552594,0.11564625850340136,0.013374057105835533,0.8163265306122449,0.6663890045814245,0.14965986394557823,0.022398074876208988,0.3877551020408163,0.15035401915868388,0.7551020408163265,0.5701790920449812,0.5102040816326531,0.2603082049146189,0.19047619047619047,0.03628117913832199,0.2653061224489796,0.07038733860891296
COVID-19,GOLD,985,0,0.10204081632653061,0.010412328196584757,0.09523809523809523,0.009070294784580497,0.7959183673469388,0.6334860474802165,0.14285714285714285,0.02040816326530612,0.2585034013605442,0.06682400851497063,0.7142857142857143,0.5102040816326531,0.5374149659863946,0.28881484566615767,0.17687074829931973,0.03128326160396131,0.2857142857142857,0.08163265306122448
COVID-19,GOLD,986,0,0.16326530612244897,0.02665556018325697,0.08163265306122448,0.006663890045814243,0.7278911564625851,0.5298255356564395,0.10884353741496598,0.011846915637003099,0.1292517006802721,0.016706002128742656,0.673469387755102,0.453561016243232,0.5782312925170068,0.33435142764588827,0.14285714285714285,0.02040816326530612,0.3129251700680272,0.09792216206210376
COVID-19,GOLD,987,0,0.1292517006802721,0.016706002128742656,0.12244897959183673,0.014993752603082049,0.7346938775510204,0.5397750937109538,0.006802721088435374,4.6277014207043356e-05,0.23809523809523808,0.056689342403628114,0.6938775510204082,0.4814660558100791,0.6462585034013606,0.4176500532185664,0.23129251700680273,0.05349622842334213,0.3333333333333333,0.1111111111111111
COVID-19,GOLD,988,0,0.11564625850340136,0.013374057105835533,0.08843537414965986,0.007820815400990328,0.6054421768707483,0.3665602295339905,0.013605442176870748,0.00018510805682817342,0.23129251700680273,0.05349622842334213,0.5918367346938775,0.3502707205331112,0.40816326530612246,0.16659725114535612,0.23809523809523808,0.056689342403628114,0.35374149659863946,0.12513304641584524
COVID-19,GOLD,989,0,0.14285714285714285,0.02040816326530612,0.14965986394557823,0.022398074876208988,0.42857142857142855,0.18367346938775508,0.16326530612244897,0.02665556018325697,0.20408163265306123,0.04164931278633903,0.5238095238095238,0.2743764172335601,0.36054421768707484,0.12999213290758482,0.2925170068027211,0.08556619926882317,0.3197278911564626,0.1022259243833588
COVID-19,GOLD,990,0,0.19047619047619047,0.03628117913832199,0.17006802721088435,0.0289231338794021,0.1564625850340136,0.02448054051552594,0.06802721088435375,0.004627701420704337,0.14285714285714285,0.02040816326530612,0.564625850340136,0.31880235087232167,0.29931972789115646,0.08959229950483595,0.2653061224489796,0.07038733860891296,0.32653061224489793,0.10662224073302788
COVID-19,GOLD,991,0,0.19727891156462585,0.03891896894812347,0.1292517006802721,0.016706002128742656,0.23129251700680273,0.05349622842334213,0.23129251700680273,0.05349622842334213,0.08163265306122448,0.006663890045814243,0.23129251700680273,0.05349622842334213,0.24489795918367346,0.059975010412328195,0.20408163265306123,0.04164931278633903,0.3945578231292517,0.15567587579249387
COVID-19,GOLD,992,0,0.2108843537414966,0.04447221065296868,0.21768707482993196,0.047387662548012396,0.6394557823129252,0.4089036975334352,0.35374149659863946,0.12513304641584524,0.10884353741496598,0.011846915637003099,0.2585034013605442,0.06682400851497063,0.2789115646258503,0.07779166088203988,0.24489795918367346,0.059975010412328195,0.38095238095238093,0.14512471655328796
COVID-19,GOLD,993,0,0.2925170068027211,0.08556619926882317,0.23809523809523808,0.056689342403628114,0.7006802721088435,0.490952843722523,0.30612244897959184,0.0937109537692628,0.2653061224489796,0.07038733860891296,0.3673469387755102,0.13494377342773844,0.30612244897959184,0.0937109537692628,0.29931972789115646,0.08959229950483595,0.3673469387755102,0.13494377342773844
COVID-19,GOLD,994,0,0.3197278911564626,0.1022259243833588,0.2925170068027211,0.08556619926882317,0.6462585034013606,0.4176500532185664,0.17687074829931973,0.03128326160396131,0.2789115646258503,0.07779166088203988,0.17687074829931973,0.03128326160396131,0.2585034013605442,0.06682400851497063,0.3401360544217687,0.1156925355176084,0.40816326530612246,0.16659725114535612
COVID-19,GOLD,995,0,0.2789115646258503,0.07779166088203988,0.2857142857142857,0.08163265306122448,0.5102040816326531,0.2603082049146189,0.32653061224489793,0.10662224073302788,0.11564625850340136,0.013374057105835533,0.1360544217687075,0.01851080568281735,0.22448979591836735,0.05039566847147022,0.3197278911564626,0.1022259243833588,0.43537414965986393,0.18955065019204959
COVID-19,GOLD,996,0,0.30612244897959184,0.0937109537692628,0.3197278911564626,0.1022259243833588,0.6530612244897959,0.4264889629321115,0.3333333333333333,0.1111111111111111,0.12244897959183673,0.014993752603082049,0.047619047619047616,0.0022675736961451243,0.16326530612244897,0.02665556018325697,0.3741496598639456,0.1399879679763062,0.4217687074829932,0.1778888426118747
COVID-19,GOLD,997,0,0.272108843537415,0.0740432227312694,0.32653061224489793,0.10662224073302788,0.5850340136054422,0.34226479707529267,0.41496598639455784,0.17219676986440835,0.30612244897959184,0.0937109537692628,0.05442176870748299,0.0029617289092507748,0.17006802721088435,0.0289231338794021,0.36054421768707484,0.12999213290758482,0.46938775510204084,0.22032486463973347
COVID-19,GOLD,998,0,0.3401360544217687,0.1156925355176084,0.2108843537414966,0.04447221065296868,0.3333333333333333,0.1111111111111111,0.6054421768707483,0.3665602295339905,0.14965986394557823,0.022398074876208988,0.09523809523809523,0.009070294784580497,0.25170068027210885,0.06335323244944237,0.42857142857142855,0.18367346938775508,0.6802721088435374,0.4627701420704336
COVID-19,GOLD,999,0,0.5170068027210885,0.2672960340598825,0.19727891156462585,0.03891896894812347,0.027210884353741496,0.0007404322273126937,0.3877551020408163,0.15035401915868388,0.21768707482993196,0.047387662548012396,0.14965986394557823,0.022398074876208988,0.38095238095238093,0.14512471655328796,0.5034013605442177,0.25341292979776947,0.782312925170068,0.6120135128881484
COVID-19,GOLD,1000,0,0.5306122448979592,0.2815493544356518,0.24489795918367346,0.059975010412328195,0.013605442176870748,0.00018510805682817342,0.564625850340136,0.31880235087232167,0.25170068027210885,0.06335323244944237,0.14285714285714285,0.02040816326530612,0.5034013605442177,0.25341292979776947,0.6190476190476191,0.3832199546485261,0.8299319727891157,0.6887870794576334
COVID-19,GOLD,1001,0,0.5782312925170068,0.33435142764588827,0.30612244897959184,0.0937109537692628,0.3197278911564626,0.1022259243833588,0.6394557823129252,0.4089036975334352,0.22448979591836735,0.05039566847147022,0.23809523809523808,0.056689342403628114,0.3877551020408163,0.15035401915868388,0.5714285714285714,0.32653061224489793,0.8503401360544217,0.7230783469850525
COVID-19,GOLD,1002,0,0.6122448979591837,0.3748438150770512,0.3877551020408163,0.15035401915868388,0.3129251700680272,0.09792216206210376,0.5714285714285714,0.32653061224489793,0.3401360544217687,0.1156925355176084,0.2857142857142857,0.08163265306122448,0.54421768707483,0.2961728909250776,0.6394557823129252,0.4089036975334352,0.8639455782312925,0.7464019621454023
COVID-19,GOLD,1003,0,0.36054421768707484,0.12999213290758482,0.2653061224489796,0.07038733860891296,0.2585034013605442,0.06682400851497063,0.47619047619047616,0.22675736961451246,0.09523809523809523,0.009070294784580497,0.013605442176870748,0.00018510805682817342,0.3945578231292517,0.15567587579249387,0.35374149659863946,0.12513304641584524,0.9931972789115646,0.9864408348373362
COVID-19,GOLD,1004,0,0.564625850340136,0.31880235087232167,0.8027210884353742,0.6443611458188717,0.9523809523809523,0.9070294784580498,0.3741496598639456,0.1399879679763062,0.8163265306122449,0.6663890045814245,0.5578231292517006,0.31116664352815954,0.05442176870748299,0.0029617289092507748,0.48299319727891155,0.23328242861770557,0.08163265306122448,0.006663890045814243
COVID-19,GOLD,1005,1,0.22448979591836735,0.6014160766347355,0.8639455782312925,0.018510805682817356,0.9115646258503401,0.007820815400990326,0.4013605442176871,0.3583691980193438,0.891156462585034,0.011846915637003103,0.46258503401360546,0.28881484566615756,0.006802721088435374,0.9864408348373362,0.3877551020408163,0.3748438150770512,0.04081632653061224,0.920033319450229
COVID-19,GOLD,1006,1,0.14965986394557823,0.7230783469850526,0.8571428571428571,0.020408163265306135,0.9727891156462585,0.0007404322273126954,0.19727891156462585,0.6443611458188717,0.9659863945578231,0.0011569253551760865,0.7006802721088435,0.08959229950483595,0.20408163265306123,0.6334860474802165,0.2585034013605442,0.549817205793882,0.013605442176870748,0.9729742237030866
COVID-19,GOLD,1007,1,0.061224489795918366,0.8812994585589339,0.9183673469387755,0.006663890045814241,0.9931972789115646,4.6277014207043464e-05,0.272108843537415,0.5298255356564393,0.9931972789115646,4.6277014207043464e-05,0.9047619047619048,0.009070294784580497,0.8163265306122449,0.033735943356934604,0.32653061224489793,0.4535610162432321,0.006802721088435374,0.9864408348373362
COVID-19,GOLD,1008,1,0.08163265306122448,0.8433985839233653,0.9115646258503401,0.007820815400990326,0.9863945578231292,0.00018510805682817386,0.3129251700680272,0.4720718219260493,0.9795918367346939,0.0004164931278633912,0.7891156462585034,0.04447221065296868,0.6530612244897959,0.12036651395251982,0.30612244897959184,0.4814660558100791,0.02040816326530612,0.9596001665972511
COVID-19,GOLD,1009,1,0.06802721088435375,0.8685732796519969,0.8775510204081632,0.014993752603082056,0.9795918367346939,0.0004164931278633912,0.10204081632653061,0.8063306955435235,0.9591836734693877,0.0016659725114535648,0.9319727891156463,0.004627701420704331,0.4557823129251701,0.2961728909250774,0.2857142857142857,0.5102040816326531,0.027210884353741496,0.9463186635198296
COVID-19,GOLD,1010,1,0.12244897959183673,0.7700957934194085,0.8503401360544217,0.022398074876209005,0.9659863945578231,0.0011569253551760865,0.25170068027210885,0.5599518719052246,0.9251700680272109,0.005599518719052243,0.9251700680272109,0.005599518719052243,0.4013605442176871,0.3583691980193438,0.21768707482993196,0.6120135128881484,0.05442176870748299,0.8941181914942848
COVID-19,GOLD,1011,1,0.6530612244897959,0.12036651395251982,0.8707482993197279,0.016706002128742663,0.9251700680272109,0.005599518719052243,0.6462585034013606,0.12513304641584522,0.9387755102040817,0.003748438150770507,0.891156462585034,0.011846915637003103,0.9251700680272109,0.005599518719052243,0.5238095238095238,0.22675736961451246,0.061224489795918366,0.8812994585589339
COVID-19,GOLD,1012,1,0.8843537414965986,0.013374057105835535,0.9795918367346939,0.0004164931278633912,0.9319727891156463,0.004627701420704331,0.5306122448979592,0.22032486463973341,0.9863945578231292,0.00018510805682817386,0.9863945578231292,0.00018510805682817386,0.9931972789115646,4.6277014207043464e-05,0.6054421768707483,0.15567587579249387,0.034013605442176874,0.9331297144708223
COVID-19,GOLD,1013,1,0.7687074829931972,0.05349622842334214,0.9727891156462585,0.0007404322273126954,0.8707482993197279,0.016706002128742663,0.5170068027210885,0.23328242861770557,0.9727891156462585,0.0007404322273126954,0.9931972789115646,4.6277014207043464e-05,0.9863945578231292,0.00018510805682817386,0.7210884353741497,0.07779166088203988,0.07482993197278912,0.8559396547734741
COVID-19,GOLD,1014,1,0.7278911564625851,0.07404322273126936,0.9591836734693877,0.0016659725114535648,0.9455782312925171,0.0029617289092507696,0.5510204081632653,0.20158267388588094,0.9523809523809523,0.0022675736961451295,0.9727891156462585,0.0007404322273126954,0.9795918367346939,0.0004164931278633912,0.6462585034013606,0.12513304641584522,0.10204081632653061,0.8063306955435235
COVID-19,GOLD,1015,1,0.6190476190476191,0.14512471655328796,0.8231292517006803,0.031283261603961304,0.7142857142857143,0.08163265306122448,0.7891156462585034,0.04447221065296868,0.9455782312925171,0.0029617289092507696,0.9795918367346939,0.0004164931278633912,0.9727891156462585,0.0007404322273126954,0.7482993197278912,0.06335323244944234,0.14965986394557823,0.7230783469850526
COVID-19,GOLD,1016,1,0.6326530612244898,0.13494377342773842,0.7346938775510204,0.07038733860891293,0.7482993197278912,0.06335323244944234,0.8299319727891157,0.02892313387940209,0.9319727891156463,0.004627701420704331,0.9523809523809523,0.0022675736961451295,0.9591836734693877,0.0016659725114535648,0.7006802721088435,0.08959229950483595,0.17006802721088435,0.6887870794576334
COVID-19,GOLD,1017,1,0.6666666666666666,0.11111111111111113,0.6530612244897959,0.12036651395251982,0.6326530612244898,0.13494377342773842,0.6530612244897959,0.12036651395251982,0.8435374149659864,0.024480540515525923,0.9455782312925171,0.0029617289092507696,0.9523809523809523,0.0022675736961451295,0.7142857142857143,0.08163265306122448,0.19727891156462585,0.6443611458188717
COVID-19,GOLD,1018,1,0.6258503401360545,0.13998796797630614,0.5918367346938775,0.16659725114535612,0.6870748299319728,0.09792216206210376,0.7482993197278912,0.06335323244944234,0.6802721088435374,0.1022259243833588,0.9115646258503401,0.007820815400990326,0.9455782312925171,0.0029617289092507696,0.673469387755102,0.10662224073302792,0.2108843537414966,0.6227035031699755
COVID-19,GOLD,1019,1,0.7210884353741497,0.07779166088203988,0.4489795918367347,0.3036234902124114,0.5714285714285714,0.18367346938775514,0.7755102040816326,0.050395668471470235,0.5578231292517006,0.19552038502475824,0.8775510204081632,0.014993752603082056,0.9319727891156463,0.004627701420704331,0.7619047619047619,0.056689342403628135,0.22448979591836735,0.6014160766347355
COVID-19,GOLD,1020,1,0.7619047619047619,0.056689342403628135,0.5034013605442177,0.24661020870933406,0.5238095238095238,0.22675736961451246,0.6666666666666666,0.11111111111111113,0.8027210884353742,0.03891896894812347,0.8979591836734694,0.010412328196584757,0.9659863945578231,0.0011569253551760865,0.891156462585034,0.011846915637003103,0.23129251700680273,0.5909111944097366
COVID-19,GOLD,1021,1,0.7482993197278912,0.06335323244944234,0.3469387755102041,0.4264889629321117,0.034013605442176874,0.9331297144708223,0.7210884353741497,0.07779166088203988,0.43537414965986393,0.31880235087232167,0.4421768707482993,0.31116664352815954,0.3333333333333333,0.44444444444444453,0.7755102040816326,0.050395668471470235,0.5578231292517006,0.19552038502475824
COVID-19,GOLD,1022,1,0.6394557823129252,0.12999213290758477,0.40816326530612246,0.3502707205331112,0.48299319727891155,0.2672960340598825,0.6938775510204082,0.0937109537692628,0.3129251700680272,0.4720718219260493,0.5102040816326531,0.23990004164931278,0.5510204081632653,0.20158267388588094,0.6666666666666666,0.11111111111111113,0.8027210884353742,0.03891896894812347
COVID-19,GOLD,1023,1,0.6938775510204082,0.0937109537692628,0.54421768707483,0.2077375167754176,0.17006802721088435,0.6887870794576334,0.5850340136054422,0.17219676986440835,0.46938775510204084,0.2815493544356517,0.5714285714285714,0.18367346938775514,0.6326530612244898,0.13494377342773842,0.6598639455782312,0.11569253551760843,0.7346938775510204,0.07038733860891293
COVID-19,GOLD,1024,1,0.7074829931972789,0.08556619926882317,0.7006802721088435,0.08959229950483595,0.4965986394557823,0.25341292979776947,0.7142857142857143,0.08163265306122448,0.6530612244897959,0.12036651395251982,0.6190476190476191,0.14512471655328796,0.7414965986394558,0.06682400851497058,0.6326530612244898,0.13494377342773842,0.7142857142857143,0.08163265306122448
COVID-19,GOLD,1025,1,0.6462585034013606,0.12513304641584522,0.8163265306122449,0.033735943356934604,0.564625850340136,0.18955065019204964,0.6190476190476191,0.14512471655328796,0.6190476190476191,0.14512471655328796,0.7278911564625851,0.07404322273126936,0.7959183673469388,0.04164931278633903,0.7074829931972789,0.08556619926882317,0.6190476190476191,0.14512471655328796
COVID-19,GOLD,1026,1,0.7006802721088435,0.08959229950483595,0.9251700680272109,0.005599518719052243,0.4557823129251701,0.2961728909250774,0.7006802721088435,0.08959229950483595,0.782312925170068,0.04738766254801241,0.7619047619047619,0.056689342403628135,0.8367346938775511,0.026655560183256963,0.6530612244897959,0.12036651395251982,0.5102040816326531,0.23990004164931278
COVID-19,GOLD,1027,1,0.7346938775510204,0.07038733860891293,0.9319727891156463,0.004627701420704331,0.9387755102040817,0.003748438150770507,0.40816326530612246,0.3502707205331112,0.7619047619047619,0.056689342403628135,0.7482993197278912,0.06335323244944234,0.8299319727891157,0.02892313387940209,0.7278911564625851,0.07404322273126936,0.5170068027210885,0.23328242861770557
COVID-19,GOLD,1028,1,0.8979591836734694,0.010412328196584757,0.9387755102040817,0.003748438150770507,0.8979591836734694,0.010412328196584757,0.7687074829931972,0.05349622842334214,0.7959183673469388,0.04164931278633903,0.8163265306122449,0.033735943356934604,0.9047619047619048,0.009070294784580497,0.8979591836734694,0.010412328196584757,0.4489795918367347,0.3036234902124114
COVID-19,GOLD,1029,1,0.9183673469387755,0.006663890045814241,0.9047619047619048,0.009070294784580497,0.9591836734693877,0.0016659725114535648,0.7619047619047619,0.056689342403628135,0.8775510204081632,0.014993752603082056,0.8299319727891157,0.02892313387940209,0.891156462585034,0.011846915637003103,0.9183673469387755,0.006663890045814241,0.42857142857142855,0.32653061224489793
COVID-19,GOLD,1030,1,0.9727891156462585,0.0007404322273126954,0.9523809523809523,0.0022675736961451295,0.7210884353741497,0.07779166088203988,0.9591836734693877,0.0016659725114535648,0.8707482993197279,0.016706002128742663,0.8435374149659864,0.024480540515525923,0.8979591836734694,0.010412328196584757,0.9251700680272109,0.005599518719052243,0.3741496598639456,0.39168864824841504
COVID-19,GOLD,1031,1,0.9863945578231292,0.00018510805682817386,0.9455782312925171,0.0029617289092507696,0.20408163265306123,0.6334860474802165,0.9319727891156463,0.004627701420704331,0.8979591836734694,0.010412328196584757,0.8707482993197279,0.016706002128742663,0.8843537414965986,0.013374057105835535,0.9455782312925171,0.0029617289092507696,0.3469387755102041,0.4264889629321117
COVID-19,GOLD,1032,1,0.9455782312925171,0.0029617289092507696,0.8979591836734694,0.010412328196584757,0.10204081632653061,0.8063306955435235,0.8707482993197279,0.016706002128742663,0.9115646258503401,0.007820815400990326,0.8503401360544217,0.022398074876209005,0.8707482993197279,0.016706002128742663,0.9387755102040817,0.003748438150770507,0.30612244897959184,0.4814660558100791
COVID-19,GOLD,1033,1,0.9387755102040817,0.003748438150770507,0.891156462585034,0.011846915637003103,0.2925170068027211,0.500532185663381,0.8435374149659864,0.024480540515525923,0.8095238095238095,0.03628117913832199,0.8095238095238095,0.03628117913832199,0.8775510204081632,0.014993752603082056,0.9863945578231292,0.00018510805682817386,0.2925170068027211,0.500532185663381
COVID-19,GOLD,1034,1,0.9659863945578231,0.0011569253551760865,0.8435374149659864,0.024480540515525923,0.46938775510204084,0.2815493544356517,0.9659863945578231,0.0011569253551760865,0.8231292517006803,0.031283261603961304,0.7755102040816326,0.050395668471470235,0.8639455782312925,0.018510805682817356,0.9795918367346939,0.0004164931278633912,0.29931972789115646,0.490952843722523
COVID-19,GOLD,1035,1,0.9931972789115646,4.6277014207043464e-05,0.8367346938775511,0.026655560183256963,0.272108843537415,0.5298255356564393,0.9387755102040817,0.003748438150770507,0.9183673469387755,0.006663890045814241,0.7687074829931972,0.05349622842334214,0.8503401360544217,0.022398074876209005,0.9659863945578231,0.0011569253551760865,0.2789115646258503,0.5199685316303393
COVID-19,GOLD,1036,1,0.9795918367346939,0.0004164931278633912,0.8843537414965986,0.013374057105835535,0.5578231292517006,0.19552038502475824,0.6870748299319728,0.09792216206210376,0.8571428571428571,0.020408163265306135,0.782312925170068,0.04738766254801241,0.8435374149659864,0.024480540515525923,0.9591836734693877,0.0016659725114535648,0.272108843537415,0.5298255356564393
COVID-19,GOLD,1037,1,0.9591836734693877,0.0016659725114535648,0.9659863945578231,0.0011569253551760865,0.11564625850340136,0.7820815400990327,0.9727891156462585,0.0007404322273126954,0.8843537414965986,0.013374057105835535,0.8231292517006803,0.031283261603961304,0.9115646258503401,0.007820815400990326,0.9931972789115646,4.6277014207043464e-05,0.2585034013605442,0.549817205793882
COVID-19,GOLD,1038,1,0.9523809523809523,0.0022675736961451295,0.9863945578231292,0.00018510805682817386,0.1836734693877551,0.6663890045814245,0.8775510204081632,0.014993752603082056,0.9047619047619048,0.009070294784580497,0.8843537414965986,0.013374057105835535,0.9387755102040817,0.003748438150770507,0.9727891156462585,0.0007404322273126954,0.24489795918367346,0.5701790920449812
COVID-19,GOLD,1039,1,0.9251700680272109,0.005599518719052243,0.9931972789115646,4.6277014207043464e-05,0.46258503401360546,0.28881484566615756,0.9931972789115646,4.6277014207043464e-05,0.8639455782312925,0.018510805682817356,0.8639455782312925,0.018510805682817356,0.9183673469387755,0.006663890045814241,0.9523809523809523,0.0022675736961451295,0.25170068027210885,0.5599518719052246
COVID-19,GOLD,1040,1,0.3945578231292517,0.3665602295339905,0.7687074829931972,0.05349622842334214,0.8027210884353742,0.03891896894812347,0.4897959183673469,0.2603082049146189,0.5986394557823129,0.16109028645471793,0.7074829931972789,0.08556619926882317,0.8571428571428571,0.020408163265306135,0.5918367346938775,0.16659725114535612,0.9523809523809523,0.0022675736961451295
COVID-19,GOLD,1041,1,0.3741496598639456,0.39168864824841504,0.7755102040816326,0.050395668471470235,0.9183673469387755,0.006663890045814241,0.38095238095238093,0.3832199546485261,0.5102040816326531,0.23990004164931278,0.6530612244897959,0.12036651395251982,0.8231292517006803,0.031283261603961304,0.6258503401360545,0.13998796797630614,0.8367346938775511,0.026655560183256963
COVID-19,GOLD,1042,1,0.3469387755102041,0.4264889629321117,0.7891156462585034,0.04447221065296868,0.7074829931972789,0.08556619926882317,0.4217687074829932,0.33435142764588827,0.5034013605442177,0.24661020870933406,0.7414965986394558,0.06682400851497058,0.7551020408163265,0.05997501041232822,0.564625850340136,0.18955065019204964,0.7278911564625851,0.07404322273126936
COVID-19,GOLD,1043,1,0.35374149659863946,0.4176500532185664,0.7074829931972789,0.08556619926882317,0.5306122448979592,0.22032486463973341,0.4965986394557823,0.25341292979776947,0.6326530612244898,0.13494377342773842,0.6666666666666666,0.11111111111111113,0.782312925170068,0.04738766254801241,0.54421768707483,0.2077375167754176,0.7755102040816326,0.050395668471470235
COVID-19,GOLD,1044,1,0.38095238095238093,0.3832199546485261,0.6462585034013606,0.12513304641584522,0.4217687074829932,0.33435142764588827,0.2857142857142857,0.5102040816326531,0.5238095238095238,0.22675736961451246,0.6598639455782312,0.11569253551760843,0.7755102040816326,0.050395668471470235,0.4965986394557823,0.25341292979776947,0.7959183673469388,0.04164931278633903
COVID-19,GOLD,1045,1,0.4217687074829932,0.33435142764588827,0.46938775510204084,0.2815493544356517,0.36054421768707484,0.4089036975334352,0.673469387755102,0.10662224073302792,0.4421768707482993,0.31116664352815954,0.6122448979591837,0.15035401915868388,0.7619047619047619,0.056689342403628135,0.5306122448979592,0.22032486463973341,0.7891156462585034,0.04447221065296868
COVID-19,GOLD,1046,1,0.40816326530612246,0.3502707205331112,0.38095238095238093,0.3832199546485261,0.30612244897959184,0.4814660558100791,0.5918367346938775,0.16659725114535612,0.46258503401360546,0.28881484566615756,0.6054421768707483,0.15567587579249387,0.7346938775510204,0.07038733860891293,0.6122448979591837,0.15035401915868388,0.7687074829931972,0.05349622842334214
COVID-19,GOLD,1047,1,0.43537414965986393,0.31880235087232167,0.3129251700680272,0.4720718219260493,0.047619047619047616,0.9070294784580498,0.4557823129251701,0.2961728909250774,0.5170068027210885,0.23328242861770557,0.5510204081632653,0.20158267388588094,0.7210884353741497,0.07779166088203988,0.5510204081632653,0.20158267388588094,0.7619047619047619,0.056689342403628135
COVID-19,GOLD,1048,1,0.46258503401360546,0.28881484566615756,0.272108843537415,0.5298255356564393,0.006802721088435374,0.9864408348373362,0.48299319727891155,0.2672960340598825,0.32653061224489793,0.4535610162432321,0.5306122448979592,0.22032486463973341,0.6190476190476191,0.14512471655328796,0.4217687074829932,0.33435142764588827,0.7210884353741497,0.07779166088203988
COVID-19,GOLD,1049,1,0.46938775510204084,0.2815493544356517,0.23129251700680273,0.5909111944097366,0.061224489795918366,0.8812994585589339,0.5986394557823129,0.16109028645471793,0.4013605442176871,0.3583691980193438,0.4013605442176871,0.3583691980193438,0.5578231292517006,0.19552038502475824,0.5170068027210885,0.23328242861770557,0.6666666666666666,0.11111111111111113
COVID-19,GOLD,1050,1,0.5374149659863946,0.21398491369336847,0.19047619047619047,0.655328798185941,0.32653061224489793,0.4535610162432321,0.3673469387755102,0.40024989587671805,0.17006802721088435,0.6887870794576334,0.32653061224489793,0.4535610162432321,0.4421768707482993,0.31116664352815954,0.4421768707482993,0.31116664352815954,0.5986394557823129,0.16109028645471793
COVID-19,GOLD,1051,1,0.41496598639455784,0.34226479707529267,0.17687074829931973,0.6775417650053219,0.17687074829931973,0.6775417650053219,0.5578231292517006,0.19552038502475824,0.19727891156462585,0.6443611458188717,0.29931972789115646,0.490952843722523,0.35374149659863946,0.4176500532185664,0.38095238095238093,0.3832199546485261,0.5306122448979592,0.22032486463973341
COVID-19,GOLD,1052,1,0.4013605442176871,0.3583691980193438,0.1836734693877551,0.6663890045814245,0.6938775510204082,0.0937109537692628,0.5782312925170068,0.1778888426118747,0.17687074829931973,0.6775417650053219,0.2789115646258503,0.5199685316303393,0.2925170068027211,0.500532185663381,0.3673469387755102,0.40024989587671805,0.47619047619047616,0.2743764172335601
COVID-19,GOLD,1053,1,0.4489795918367347,0.3036234902124114,0.14285714285714285,0.7346938775510206,0.19727891156462585,0.6443611458188717,0.4489795918367347,0.3036234902124114,0.3197278911564626,0.4627701420704336,0.19047619047619047,0.655328798185941,0.23809523809523808,0.5804988662131518,0.4013605442176871,0.3583691980193438,0.4965986394557823,0.25341292979776947
COVID-19,GOLD,1054,1,0.4557823129251701,0.2961728909250774,0.16326530612244897,0.7001249479383591,0.4897959183673469,0.2603082049146189,0.29931972789115646,0.490952843722523,0.1564625850340136,0.7115553704474988,0.16326530612244897,0.7001249479383591,0.2108843537414966,0.6227035031699755,0.43537414965986393,0.31880235087232167,0.5782312925170068,0.1778888426118747
COVID-19,GOLD,1055,1,0.5578231292517006,0.19552038502475824,0.22448979591836735,0.6014160766347355,0.06802721088435375,0.8685732796519969,0.3197278911564626,0.4627701420704336,0.2108843537414966,0.6227035031699755,0.10884353741496598,0.7941598408070711,0.14965986394557823,0.7230783469850526,0.4489795918367347,0.3036234902124114,0.5510204081632653,0.20158267388588094
COVID-19,GOLD,1056,1,0.3877551020408163,0.3748438150770512,0.25170068027210885,0.5599518719052246,0.3469387755102041,0.4264889629321117,0.21768707482993196,0.6120135128881484,0.19047619047619047,0.655328798185941,0.21768707482993196,0.6120135128881484,0.11564625850340136,0.7820815400990327,0.40816326530612246,0.3502707205331112,0.5850340136054422,0.17219676986440835
COVID-19,GOLD,1057,1,0.32653061224489793,0.4535610162432321,0.35374149659863946,0.4176500532185664,0.673469387755102,0.10662224073302792,0.46938775510204084,0.2815493544356517,0.24489795918367346,0.5701790920449812,0.2108843537414966,0.6227035031699755,0.10204081632653061,0.8063306955435235,0.41496598639455784,0.34226479707529267,0.6394557823129252,0.12999213290758477
COVID-19,GOLD,1058,1,0.5034013605442177,0.24661020870933406,0.1564625850340136,0.7115553704474988,0.23809523809523808,0.5804988662131518,0.5238095238095238,0.22675736961451246,0.272108843537415,0.5298255356564393,0.07482993197278912,0.8559396547734741,0.3469387755102041,0.4264889629321117,0.46938775510204084,0.2815493544356517,0.8775510204081632,0.014993752603082056
COVID-19,GOLD,1059,1,0.5238095238095238,0.22675736961451246,0.20408163265306123,0.6334860474802165,0.07482993197278912,0.8559396547734741,0.4421768707482993,0.31116664352815954,0.35374149659863946,0.4176500532185664,0.12244897959183673,0.7700957934194085,0.46258503401360546,0.28881484566615756,0.5102040816326531,0.23990004164931278,0.8979591836734694,0.010412328196584757
COVID-19,GOLD,1060,1,0.5102040816326531,0.23990004164931278,0.29931972789115646,0.490952843722523,0.38095238095238093,0.3832199546485261,0.5034013605442177,0.24661020870933406,0.40816326530612246,0.3502707205331112,0.19727891156462585,0.6443611458188717,0.41496598639455784,0.34226479707529267,0.46258503401360546,0.28881484566615756,0.891156462585034,0.011846915637003103
COVID-19,GOLD,1061,1,0.5510204081632653,0.20158267388588094,0.43537414965986393,0.31880235087232167,0.05442176870748299,0.8941181914942848,0.54421768707483,0.2077375167754176,0.564625850340136,0.18955065019204964,0.11564625850340136,0.7820815400990327,0.4217687074829932,0.33435142764588827,0.4897959183673469,0.2603082049146189,0.9183673469387755,0.006663890045814241
COVID-19,GOLD,1062,1,0.6054421768707483,0.15567587579249387,0.4897959183673469,0.2603082049146189,0.41496598639455784,0.34226479707529267,0.5374149659863946,0.21398491369336847,0.38095238095238093,0.3832199546485261,0.1292517006802721,0.7582026007681983,0.3673469387755102,0.40024989587671805,0.47619047619047616,0.2743764172335601,0.9047619047619048,0.009070294784580497
COVID-19,GOLD,1063,1,0.5850340136054422,0.17219676986440835,0.4557823129251701,0.2961728909250774,0.02040816326530612,0.9596001665972511,0.6326530612244898,0.13494377342773842,0.3333333333333333,0.44444444444444453,0.08843537414965986,0.8309500671016706,0.32653061224489793,0.4535610162432321,0.4557823129251701,0.2961728909250774,0.9115646258503401,0.007820815400990326
COVID-19,GOLD,1064,1,0.5918367346938775,0.16659725114535612,0.5374149659863946,0.21398491369336847,0.19047619047619047,0.655328798185941,0.36054421768707484,0.4089036975334352,0.4217687074829932,0.33435142764588827,0.17006802721088435,0.6887870794576334,0.2857142857142857,0.5102040816326531,0.5578231292517006,0.19552038502475824,0.8435374149659864,0.024480540515525923
COVID-19,GOLD,1065,1,0.48299319727891155,0.2672960340598825,0.6326530612244898,0.13494377342773842,0.08843537414965986,0.8309500671016706,0.6258503401360545,0.13998796797630614,0.3673469387755102,0.40024989587671805,0.41496598639455784,0.34226479707529267,0.3401360544217687,0.4354204266740711,0.5850340136054422,0.17219676986440835,0.8095238095238095,0.03628117913832199
COVID-19,GOLD,1066,1,0.6598639455782312,0.11569253551760843,0.5510204081632653,0.20158267388588094,0.3673469387755102,0.40024989587671805,0.7346938775510204,0.07038733860891293,0.4897959183673469,0.2603082049146189,0.1836734693877551,0.6663890045814245,0.8027210884353742,0.03891896894812347,0.6870748299319728,0.09792216206210376,0.9727891156462585,0.0007404322273126954
COVID-19,GOLD,1067,1,0.6802721088435374,0.1022259243833588,0.5238095238095238,0.22675736961451246,0.47619047619047616,0.2743764172335601,0.8027210884353742,0.03891896894812347,0.5374149659863946,0.21398491369336847,0.24489795918367346,0.5701790920449812,0.7891156462585034,0.04447221065296868,0.7414965986394558,0.06682400851497058,0.9795918367346939,0.0004164931278633912
COVID-19,GOLD,1068,1,0.9319727891156463,0.004627701420704331,0.7551020408163265,0.05997501041232822,0.12244897959183673,0.7700957934194085,0.9047619047619048,0.009070294784580497,0.7482993197278912,0.06335323244944234,0.5850340136054422,0.17219676986440835,0.8095238095238095,0.03628117913832199,0.9319727891156463,0.004627701420704331,0.6326530612244898,0.13494377342773842
COVID-19,GOLD,1069,1,0.891156462585034,0.011846915637003103,0.7278911564625851,0.07404322273126936,0.1360544217687075,0.7464019621454023,0.8979591836734694,0.010412328196584757,0.6598639455782312,0.11569253551760843,0.54421768707483,0.2077375167754176,0.7687074829931972,0.05349622842334214,0.9115646258503401,0.007820815400990326,0.7482993197278912,0.06335323244944234
COVID-19,GOLD,1070,1,0.782312925170068,0.04738766254801241,0.6394557823129252,0.12999213290758477,0.4421768707482993,0.31116664352815954,0.7278911564625851,0.07404322273126936,0.6394557823129252,0.12999213290758477,0.4897959183673469,0.2603082049146189,0.6870748299319728,0.09792216206210376,0.8707482993197279,0.016706002128742663,0.8231292517006803,0.031283261603961304
COVID-19,GOLD,1071,1,0.7414965986394558,0.06682400851497058,0.8095238095238095,0.03628117913832199,0.6802721088435374,0.1022259243833588,0.9795918367346939,0.0004164931278633912,0.7346938775510204,0.07038733860891293,0.7210884353741497,0.07779166088203988,0.7006802721088435,0.08959229950483595,0.8843537414965986,0.013374057105835535,0.48299319727891155,0.2672960340598825
COVID-19,GOLD,1072,1,0.8163265306122449,0.033735943356934604,0.7959183673469388,0.04164931278633903,0.1292517006802721,0.7582026007681983,0.8571428571428571,0.020408163265306135,0.7687074829931972,0.05349622842334214,0.6802721088435374,0.1022259243833588,0.6666666666666666,0.11111111111111113,0.8503401360544217,0.022398074876209005,0.4013605442176871,0.3583691980193438
COVID-19,GOLD,1073,1,0.8503401360544217,0.022398074876209005,0.8299319727891157,0.02892313387940209,0.3877551020408163,0.3748438150770512,0.7414965986394558,0.06682400851497058,0.7142857142857143,0.08163265306122448,0.6258503401360545,0.13998796797630614,0.4897959183673469,0.2603082049146189,0.8299319727891157,0.02892313387940209,0.3401360544217687,0.4354204266740711
COVID-19,GOLD,1074,1,0.7959183673469388,0.04164931278633903,0.782312925170068,0.04738766254801241,0.04081632653061224,0.920033319450229,0.9251700680272109,0.005599518719052243,0.7551020408163265,0.05997501041232822,0.5986394557823129,0.16109028645471793,0.5714285714285714,0.18367346938775514,0.8775510204081632,0.014993752603082056,0.4897959183673469,0.2603082049146189
COVID-19,GOLD,1075,1,0.8775510204081632,0.014993752603082056,0.7619047619047619,0.056689342403628135,0.14285714285714285,0.7346938775510206,0.8503401360544217,0.022398074876209005,0.7074829931972789,0.08556619926882317,0.5034013605442177,0.24661020870933406,0.5238095238095238,0.22675736961451246,0.8639455782312925,0.018510805682817356,0.5034013605442177,0.24661020870933406
COVID-19,GOLD,1076,1,0.8639455782312925,0.018510805682817356,0.6802721088435374,0.1022259243833588,0.08163265306122448,0.8433985839233653,0.7074829931972789,0.08556619926882317,0.6122448979591837,0.15035401915868388,0.4557823129251701,0.2961728909250774,0.5170068027210885,0.23328242861770557,0.7891156462585034,0.04447221065296868,0.5374149659863946,0.21398491369336847
COVID-19,GOLD,1077,1,0.8435374149659864,0.024480540515525923,0.6598639455782312,0.11569253551760843,0.21768707482993196,0.6120135128881484,0.8843537414965986,0.013374057105835535,0.673469387755102,0.10662224073302792,0.4965986394557823,0.25341292979776947,0.5918367346938775,0.16659725114535612,0.8231292517006803,0.031283261603961304,0.5714285714285714,0.18367346938775514
COVID-19,GOLD,1078,0,0.9115646258503401,0.8309500671016706,0.6258503401360545,0.39168864824841504,0.14965986394557823,0.022398074876208988,0.9523809523809523,0.9070294784580498,0.5782312925170068,0.33435142764588827,0.46938775510204084,0.22032486463973347,0.6598639455782312,0.43542042667407094,0.9047619047619048,0.8185941043083901,0.673469387755102,0.453561016243232
COVID-19,GOLD,1079,0,0.7755102040816326,0.6014160766347355,0.5850340136054422,0.34226479707529267,0.09523809523809523,0.009070294784580497,0.8231292517006803,0.6775417650053219,0.6870748299319728,0.4720718219260493,0.5170068027210885,0.2672960340598825,0.6054421768707483,0.3665602295339905,0.8163265306122449,0.6663890045814245,0.7551020408163265,0.5701790920449812
COVID-19,GOLD,1080,0,0.8027210884353742,0.6443611458188717,0.7142857142857143,0.5102040816326531,0.2653061224489796,0.07038733860891296,0.8095238095238095,0.655328798185941,0.7006802721088435,0.490952843722523,0.5374149659863946,0.28881484566615767,0.5986394557823129,0.3583691980193438,0.8571428571428571,0.7346938775510203,0.6462585034013606,0.4176500532185664
COVID-19,GOLD,1081,0,0.8231292517006803,0.6775417650053219,0.7482993197278912,0.5599518719052248,0.2789115646258503,0.07779166088203988,0.8367346938775511,0.7001249479383591,0.7414965986394558,0.5498172057938823,0.47619047619047616,0.22675736961451246,0.46938775510204084,0.22032486463973347,0.8367346938775511,0.7001249479383591,0.54421768707483,0.2961728909250776
COVID-19,GOLD,1082,0,0.6870748299319728,0.4720718219260493,0.7414965986394558,0.5498172057938823,0.54421768707483,0.2961728909250776,0.9183673469387755,0.8433985839233653,0.4965986394557823,0.24661020870933406,0.4489795918367347,0.2015826738858809,0.3197278911564626,0.1022259243833588,0.782312925170068,0.6120135128881484,0.46258503401360546,0.21398491369336853
COVID-19,GOLD,1083,0,0.7891156462585034,0.6227035031699755,0.6938775510204082,0.4814660558100791,0.24489795918367346,0.059975010412328195,0.7959183673469388,0.6334860474802165,0.5850340136054422,0.34226479707529267,0.43537414965986393,0.18955065019204959,0.48299319727891155,0.23328242861770557,0.8095238095238095,0.655328798185941,0.6122448979591837,0.3748438150770512
COVID-19,GOLD,1084,0,0.8571428571428571,0.7346938775510203,0.7210884353741497,0.5199685316303393,0.10884353741496598,0.011846915637003099,0.9115646258503401,0.8309500671016706,0.6054421768707483,0.3665602295339905,0.40816326530612246,0.16659725114535612,0.6394557823129252,0.4089036975334352,0.8027210884353742,0.6443611458188717,0.6870748299319728,0.4720718219260493
COVID-19,GOLD,1085,0,0.8707482993197279,0.7582026007681983,0.6666666666666666,0.4444444444444444,0.2857142857142857,0.08163265306122448,0.7551020408163265,0.5701790920449812,0.7210884353741497,0.5199685316303393,0.3945578231292517,0.15567587579249387,0.6258503401360545,0.39168864824841504,0.8435374149659864,0.7115553704474988,0.7414965986394558,0.5498172057938823
COVID-19,GOLD,1086,0,0.9047619047619048,0.8185941043083901,0.6054421768707483,0.3665602295339905,0.2108843537414966,0.04447221065296868,0.9863945578231292,0.9729742237030866,0.3741496598639456,0.1399879679763062,0.3401360544217687,0.1156925355176084,0.673469387755102,0.453561016243232,0.7687074829931972,0.5909111944097366,0.8571428571428571,0.7346938775510203
COVID-19,GOLD,1087,0,0.8367346938775511,0.7001249479383591,0.4965986394557823,0.24661020870933406,0.9047619047619048,0.8185941043083901,0.9455782312925171,0.8941181914942848,0.47619047619047616,0.22675736961451246,0.36054421768707484,0.12999213290758482,0.7278911564625851,0.5298255356564395,0.7959183673469388,0.6334860474802165,0.9455782312925171,0.8941181914942848
COVID-19,GOLD,1088,0,0.8095238095238095,0.655328798185941,0.6122448979591837,0.3748438150770512,0.16326530612244897,0.02665556018325697,0.8639455782312925,0.7464019621454023,0.5306122448979592,0.2815493544356518,0.38095238095238093,0.14512471655328796,0.7482993197278912,0.5599518719052248,0.6938775510204082,0.4814660558100791,0.9659863945578231,0.9331297144708223
COVID-19,GOLD,1089,0,0.8299319727891157,0.6887870794576334,0.6190476190476191,0.3832199546485261,0.5986394557823129,0.3583691980193438,0.8163265306122449,0.6663890045814245,0.41496598639455784,0.17219676986440835,0.3197278911564626,0.1022259243833588,0.7142857142857143,0.5102040816326531,0.7346938775510204,0.5397750937109538,0.9591836734693877,0.920033319450229
COVID-19,GOLD,1090,0,0.7551020408163265,0.5701790920449812,0.42857142857142855,0.18367346938775508,0.22448979591836735,0.05039566847147022,0.891156462585034,0.7941598408070711,0.42857142857142855,0.18367346938775508,0.3877551020408163,0.15035401915868388,0.7074829931972789,0.500532185663381,0.7551020408163265,0.5701790920449812,0.9863945578231292,0.9729742237030866
COVID-19,GOLD,1091,0,0.7142857142857143,0.5102040816326531,0.5578231292517006,0.31116664352815954,0.5782312925170068,0.33435142764588827,0.42857142857142855,0.18367346938775508,0.5510204081632653,0.3036234902124114,0.2925170068027211,0.08556619926882317,0.272108843537415,0.0740432227312694,0.5986394557823129,0.3583691980193438,0.8163265306122449,0.6663890045814245
COVID-19,GOLD,1092,0,0.673469387755102,0.453561016243232,0.5986394557823129,0.3583691980193438,0.25170068027210885,0.06335323244944237,0.6802721088435374,0.4627701420704336,0.4489795918367347,0.2015826738858809,0.3741496598639456,0.1399879679763062,0.3129251700680272,0.09792216206210376,0.6802721088435374,0.4627701420704336,0.8707482993197279,0.7582026007681983
COVID-19,GOLD,1093,0,0.5986394557823129,0.3583691980193438,0.46258503401360546,0.21398491369336853,0.7551020408163265,0.5701790920449812,0.6598639455782312,0.43542042667407094,0.2925170068027211,0.08556619926882317,0.3469387755102041,0.12036651395251978,0.42857142857142855,0.18367346938775508,0.5782312925170068,0.33435142764588827,0.9387755102040817,0.8812994585589339
COVID-19,GOLD,1094,0,0.5714285714285714,0.32653061224489793,0.4421768707482993,0.1955203850247582,0.6258503401360545,0.39168864824841504,0.782312925170068,0.6120135128881484,0.2857142857142857,0.08163265306122448,0.42857142857142855,0.18367346938775508,0.4489795918367347,0.2015826738858809,0.5374149659863946,0.28881484566615767,0.9319727891156463,0.8685732796519969
COVID-19,GOLD,1095,0,0.54421768707483,0.2961728909250776,0.41496598639455784,0.17219676986440835,0.4013605442176871,0.16109028645471793,0.6122448979591837,0.3748438150770512,0.3469387755102041,0.12036651395251978,0.4217687074829932,0.1778888426118747,0.43537414965986393,0.18955065019204959,0.3945578231292517,0.15567587579249387,0.8843537414965986,0.7820815400990327
COVID-19,GOLD,1096,0,0.3333333333333333,0.1111111111111111,0.564625850340136,0.31880235087232167,0.6122448979591837,0.3748438150770512,0.3401360544217687,0.1156925355176084,0.29931972789115646,0.08959229950483595,0.3333333333333333,0.1111111111111111,0.14285714285714285,0.02040816326530612,0.3333333333333333,0.1111111111111111,0.7006802721088435,0.490952843722523
COVID-19,GOLD,1097,0,0.4965986394557823,0.24661020870933406,0.5306122448979592,0.2815493544356518,0.7414965986394558,0.5498172057938823,0.43537414965986393,0.18955065019204959,0.16326530612244897,0.02665556018325697,0.272108843537415,0.0740432227312694,0.1292517006802721,0.016706002128742656,0.3129251700680272,0.09792216206210376,0.6938775510204082,0.4814660558100791
COVID-19,GOLD,1098,0,0.42857142857142855,0.18367346938775508,0.2585034013605442,0.06682400851497063,0.4489795918367347,0.2015826738858809,0.46258503401360546,0.21398491369336853,0.1836734693877551,0.03373594335693461,0.25170068027210885,0.06335323244944237,0.1564625850340136,0.02448054051552594,0.3469387755102041,0.12036651395251978,0.7074829931972789,0.500532185663381
COVID-19,GOLD,1099,0,0.4421768707482993,0.1955203850247582,0.10204081632653061,0.010412328196584757,0.43537414965986393,0.18955065019204959,0.1292517006802721,0.016706002128742656,0.07482993197278912,0.005599518719052247,0.2653061224489796,0.07038733860891296,0.12244897959183673,0.014993752603082049,0.272108843537415,0.0740432227312694,0.6530612244897959,0.4264889629321115
COVID-19,GOLD,1100,0,0.3129251700680272,0.09792216206210376,0.07482993197278912,0.005599518719052247,0.7687074829931972,0.5909111944097366,0.2108843537414966,0.04447221065296868,0.06802721088435375,0.004627701420704337,0.3129251700680272,0.09792216206210376,0.047619047619047616,0.0022675736961451243,0.17006802721088435,0.0289231338794021,0.4421768707482993,0.1955203850247582
COVID-19,GOLD,1101,0,0.23809523809523808,0.056689342403628114,0.06802721088435375,0.004627701420704337,0.5510204081632653,0.3036234902124114,0.09523809523809523,0.009070294784580497,0.10204081632653061,0.010412328196584757,0.034013605442176874,0.0011569253551760843,0.04081632653061224,0.0016659725114535606,0.1360544217687075,0.01851080568281735,0.36054421768707484,0.12999213290758482
COVID-19,GOLD,1102,0,0.25170068027210885,0.06335323244944237,0.04081632653061224,0.0016659725114535606,0.8095238095238095,0.655328798185941,0.2925170068027211,0.08556619926882317,0.05442176870748299,0.0029617289092507748,0.04081632653061224,0.0016659725114535606,0.08163265306122448,0.006663890045814243,0.1836734693877551,0.03373594335693461,0.41496598639455784,0.17219676986440835
COVID-19,GOLD,1103,0,0.17687074829931973,0.03128326160396131,0.013605442176870748,0.00018510805682817342,0.3401360544217687,0.1156925355176084,0.20408163265306123,0.04164931278633903,0.061224489795918366,0.003748438150770512,0.10204081632653061,0.010412328196584757,0.09523809523809523,0.009070294784580497,0.11564625850340136,0.013374057105835533,0.564625850340136,0.31880235087232167
COVID-19,GOLD,1104,0,0.2857142857142857,0.08163265306122448,0.006802721088435374,4.6277014207043356e-05,0.29931972789115646,0.08959229950483595,0.17006802721088435,0.0289231338794021,0.047619047619047616,0.0022675736961451243,0.027210884353741496,0.0007404322273126937,0.10884353741496598,0.011846915637003099,0.19727891156462585,0.03891896894812347,0.6258503401360545,0.39168864824841504
COVID-19,GOLD,1105,0,0.2653061224489796,0.07038733860891296,0.02040816326530612,0.00041649312786339016,0.3741496598639456,0.1399879679763062,0.3469387755102041,0.12036651395251978,0.04081632653061224,0.0016659725114535606,0.061224489795918366,0.003748438150770512,0.1360544217687075,0.01851080568281735,0.2108843537414966,0.04447221065296868,0.6598639455782312,0.43542042667407094
COVID-19,GOLD,1106,0,0.24489795918367346,0.059975010412328195,0.027210884353741496,0.0007404322273126937,0.5374149659863946,0.28881484566615767,0.5102040816326531,0.2603082049146189,0.013605442176870748,0.00018510805682817342,0.06802721088435375,0.004627701420704337,0.17687074829931973,0.03128326160396131,0.10884353741496598,0.011846915637003099,0.6054421768707483,0.3665602295339905
COVID-19,GOLD,1107,0,0.29931972789115646,0.08959229950483595,0.034013605442176874,0.0011569253551760843,0.3945578231292517,0.15567587579249387,0.22448979591836735,0.05039566847147022,0.034013605442176874,0.0011569253551760843,0.08163265306122448,0.006663890045814243,0.19047619047619047,0.03628117913832199,0.08163265306122448,0.006663890045814243,0.5918367346938775,0.3502707205331112
COVID-19,GOLD,1108,0,0.17006802721088435,0.0289231338794021,0.05442176870748299,0.0029617289092507748,0.35374149659863946,0.12513304641584524,0.24489795918367346,0.059975010412328195,0.027210884353741496,0.0007404322273126937,0.22448979591836735,0.05039566847147022,0.21768707482993196,0.047387662548012396,0.006802721088435374,4.6277014207043356e-05,0.5238095238095238,0.2743764172335601
COVID-19,GOLD,1109,0,0.20408163265306123,0.04164931278633903,0.061224489795918366,0.003748438150770512,0.5918367346938775,0.3502707205331112,0.047619047619047616,0.0022675736961451243,0.02040816326530612,0.00041649312786339016,0.20408163265306123,0.04164931278633903,0.23129251700680273,0.05349622842334213,0.034013605442176874,0.0011569253551760843,0.4557823129251701,0.20773751677541766
COVID-19,GOLD,1110,0,0.09523809523809523,0.009070294784580497,0.047619047619047616,0.0022675736961451243,0.8571428571428571,0.7346938775510203,0.23809523809523808,0.056689342403628114,0.006802721088435374,4.6277014207043356e-05,0.006802721088435374,4.6277014207043356e-05,0.1836734693877551,0.03373594335693461,0.013605442176870748,0.00018510805682817342,0.9251700680272109,0.8559396547734741
COVID-19,GOLD,1111,0,0.10884353741496598,0.011846915637003099,0.10884353741496598,0.011846915637003099,0.5170068027210885,0.2672960340598825,0.19047619047619047,0.03628117913832199,0.08843537414965986,0.007820815400990328,0.02040816326530612,0.00041649312786339016,0.19727891156462585,0.03891896894812347,0.047619047619047616,0.0022675736961451243,0.3877551020408163,0.15035401915868388
COVID-19,GOLD,1112,0,0.08843537414965986,0.007820815400990328,0.3741496598639456,0.1399879679763062,0.782312925170068,0.6120135128881484,0.2789115646258503,0.07779166088203988,0.5714285714285714,0.32653061224489793,0.1564625850340136,0.02448054051552594,0.08843537414965986,0.007820815400990328,0.09523809523809523,0.009070294784580497,0.12244897959183673,0.014993752603082049
COVID-19,GOLD,1113,0,0.034013605442176874,0.0011569253551760843,0.36054421768707484,0.12999213290758482,0.6598639455782312,0.43542042667407094,0.07482993197278912,0.005599518719052247,0.48299319727891155,0.23328242861770557,0.30612244897959184,0.0937109537692628,0.02040816326530612,0.00041649312786339016,0.08843537414965986,0.007820815400990328,0.1292517006802721,0.016706002128742656
COVID-19,GOLD,1114,0,0.23129251700680273,0.05349622842334213,0.5714285714285714,0.32653061224489793,0.8775510204081632,0.7700957934194085,0.08843537414965986,0.007820815400990328,0.8503401360544217,0.7230783469850525,0.35374149659863946,0.12513304641584524,0.034013605442176874,0.0011569253551760843,0.12244897959183673,0.014993752603082049,0.047619047619047616,0.0022675736961451243
COVID-19,GOLD,1115,0,0.2585034013605442,0.06682400851497063,0.4013605442176871,0.16109028645471793,0.8503401360544217,0.7230783469850525,0.08163265306122448,0.006663890045814243,0.7278911564625851,0.5298255356564395,0.48299319727891155,0.23328242861770557,0.027210884353741496,0.0007404322273126937,0.16326530612244897,0.02665556018325697,0.06802721088435375,0.004627701420704337
COVID-19,GOLD,1116,0,0.1360544217687075,0.01851080568281735,0.3673469387755102,0.13494377342773844,0.7755102040816326,0.6014160766347355,0.11564625850340136,0.013374057105835533,0.54421768707483,0.2961728909250776,0.5782312925170068,0.33435142764588827,0.013605442176870748,0.00018510805682817342,0.1292517006802721,0.016706002128742656,0.08843537414965986,0.007820815400990328
COVID-19,GOLD,1117,0,0.04081632653061224,0.0016659725114535606,0.3401360544217687,0.1156925355176084,0.6666666666666666,0.4444444444444444,0.12244897959183673,0.014993752603082049,0.4557823129251701,0.20773751677541766,0.6394557823129252,0.4089036975334352,0.061224489795918366,0.003748438150770512,0.10204081632653061,0.010412328196584757,0.11564625850340136,0.013374057105835533
COVID-19,GOLD,1118,0,0.027210884353741496,0.0007404322273126937,0.2789115646258503,0.07779166088203988,0.5034013605442177,0.25341292979776947,0.2585034013605442,0.06682400851497063,0.3945578231292517,0.15567587579249387,0.6326530612244898,0.40024989587671805,0.07482993197278912,0.005599518719052247,0.07482993197278912,0.005599518719052247,0.1564625850340136,0.02448054051552594
COVID-19,GOLD,1119,0,0.006802721088435374,4.6277014207043356e-05,0.1360544217687075,0.01851080568281735,0.40816326530612246,0.16659725114535612,0.1564625850340136,0.02448054051552594,0.1360544217687075,0.01851080568281735,0.6462585034013606,0.4176500532185664,0.06802721088435375,0.004627701420704337,0.05442176870748299,0.0029617289092507748,0.16326530612244897,0.02665556018325697
COVID-19,GOLD,1120,0,0.02040816326530612,0.00041649312786339016,0.3945578231292517,0.15567587579249387,0.8435374149659864,0.7115553704474988,0.02040816326530612,0.00041649312786339016,0.6938775510204082,0.4814660558100791,0.8367346938775511,0.7001249479383591,0.2653061224489796,0.07038733860891296,0.02040816326530612,0.00041649312786339016,0.14285714285714285,0.02040816326530612
COVID-19,GOLD,1121,0,0.07482993197278912,0.005599518719052247,0.673469387755102,0.453561016243232,0.8843537414965986,0.7820815400990327,0.05442176870748299,0.0029617289092507748,0.8299319727891157,0.6887870794576334,0.9591836734693877,0.920033319450229,0.4965986394557823,0.24661020870933406,0.04081632653061224,0.0016659725114535606,0.10884353741496598,0.011846915637003099
COVID-19,GOLD,1122,0,0.047619047619047616,0.0022675736961451243,0.6870748299319728,0.4720718219260493,0.891156462585034,0.7941598408070711,0.027210884353741496,0.0007404322273126937,0.8367346938775511,0.7001249479383591,0.9387755102040817,0.8812994585589339,0.5850340136054422,0.34226479707529267,0.06802721088435375,0.004627701420704337,0.09523809523809523,0.009070294784580497
COVID-19,GOLD,1123,0,0.05442176870748299,0.0029617289092507748,0.5782312925170068,0.33435142764588827,0.8299319727891157,0.6887870794576334,0.04081632653061224,0.0016659725114535606,0.7755102040816326,0.6014160766347355,0.8571428571428571,0.7346938775510203,0.47619047619047616,0.22675736961451246,0.061224489795918366,0.003748438150770512,0.1360544217687075,0.01851080568281735
COVID-19,GOLD,1124,0,0.013605442176870748,0.00018510805682817342,0.4217687074829932,0.1778888426118747,0.8639455782312925,0.7464019621454023,0.034013605442176874,0.0011569253551760843,0.6258503401360545,0.39168864824841504,0.7959183673469388,0.6334860474802165,0.3741496598639456,0.1399879679763062,0.027210884353741496,0.0007404322273126937,0.1836734693877551,0.03373594335693461
COVID-19,GOLD,1125,0,0.3673469387755102,0.13494377342773844,0.5170068027210885,0.2672960340598825,0.7891156462585034,0.6227035031699755,0.1360544217687075,0.01851080568281735,0.7891156462585034,0.6227035031699755,0.9183673469387755,0.8433985839233653,0.6802721088435374,0.4627701420704336,0.14965986394557823,0.022398074876208988,0.17687074829931973,0.03128326160396131
COVID-19,GOLD,1126,0,0.47619047619047616,0.22675736961451246,0.5102040816326531,0.2603082049146189,0.7619047619047619,0.5804988662131518,0.3945578231292517,0.15567587579249387,0.6666666666666666,0.4444444444444444,0.7346938775510204,0.5397750937109538,0.6938775510204082,0.4814660558100791,0.25170068027210885,0.06335323244944237,0.19047619047619047,0.03628117913832199
COVID-19,GOLD,1127,0,0.4897959183673469,0.23990004164931278,0.47619047619047616,0.22675736961451246,0.6190476190476191,0.3832199546485261,0.2653061224489796,0.07038733860891296,0.6462585034013606,0.4176500532185664,0.6870748299319728,0.4720718219260493,0.6122448979591837,0.3748438150770512,0.2789115646258503,0.07779166088203988,0.20408163265306123,0.04164931278633903
COVID-19,EURUSD,1018,0,0.8431372549019608,0.7108804306036139,0.22875816993464052,0.052330300311845865,0.21568627450980393,0.0465205690119185,0.8235294117647058,0.6782006920415224,0.10457516339869281,0.010935964799863302,0.05228758169934641,0.0027339911999658254,0.22875816993464052,0.052330300311845865,0.7647058823529411,0.5847750865051903,0.8954248366013072,0.8017856380024777
COVID-19,EURUSD,1019,0,0.9803921568627451,0.9611687812379853,0.6535947712418301,0.4271861249946602,0.1437908496732026,0.02067580844974155,0.803921568627451,0.6462898885044214,0.7973856209150327,0.6358238284420523,0.6143790849673203,0.37746166004528175,0.8431372549019608,0.7108804306036139,0.9869281045751634,0.9740270836003248,0.3006535947712418,0.09039258404887009
COVID-19,EURUSD,1020,0,0.8627450980392157,0.744329104190696,0.7712418300653595,0.5948139604425648,0.39215686274509803,0.15378700499807765,0.9215686274509803,0.8492887351018837,0.7908496732026143,0.6254432056046819,0.5359477124183006,0.2872399504464095,0.7516339869281046,0.5649536503054381,0.9281045751633987,0.8613781024392329,0.35947712418300654,0.1292238028108847
COVID-19,EURUSD,1021,0,0.9084967320261438,0.8253663121021829,0.7843137254901961,0.6151480199923106,0.20915032679738563,0.04374385919945321,0.9607843137254902,0.9231064975009612,0.7124183006535948,0.5075398351061557,0.48366013071895425,0.2339271220470759,0.6993464052287581,0.4890853945063864,0.8954248366013072,0.8017856380024777,0.42483660130718953,0.18048613781024392
COVID-19,EURUSD,1022,0,0.9869281045751634,0.9740270836003248,0.8169934640522876,0.6674783203041565,0.0915032679738562,0.008372848049895338,0.8823529411764706,0.7785467128027681,0.6601307189542484,0.43577256610705284,0.5163398692810458,0.2666068606091675,0.6797385620915033,0.4620445127942245,0.8562091503267973,0.7330941091033363,0.4444444444444444,0.19753086419753085
COVID-19,EURUSD,1023,0,0.9934640522875817,0.9869708231876629,0.7908496732026143,0.6254432056046819,0.20261437908496732,0.041052586611986845,0.9477124183006536,0.898158827801273,0.6535947712418301,0.4271861249946602,0.5490196078431373,0.3014225297962323,0.6339869281045751,0.4019394250074757,0.8431372549019608,0.7108804306036139,0.41830065359477125,0.17497543679781283
COVID-19,EURUSD,1024,0,0.9738562091503268,0.948395916100645,0.8562091503267973,0.7330941091033363,0.16339869281045752,0.026699132812166262,0.954248366013072,0.9105899440386177,0.7647058823529411,0.5847750865051903,0.7058823529411765,0.4982698961937717,0.6928104575163399,0.47998633004400015,0.8627450980392157,0.744329104190696,0.33986928104575165,0.11551112819855612
COVID-19,EURUSD,1025,0,0.9281045751633987,0.8613781024392329,0.9869281045751634,0.9740270836003248,0.6405228758169934,0.41026955444487156,0.9934640522875817,0.9869708231876629,0.9215686274509803,0.8492887351018837,0.9803921568627451,0.9611687812379853,0.9869281045751634,0.9740270836003248,0.9150326797385621,0.8372848049895338,0.21568627450980393,0.0465205690119185
COVID-19,EURUSD,1026,0,0.9150326797385621,0.8372848049895338,0.7189542483660131,0.5168952112435388,0.0718954248366013,0.0051689521124353875,0.8431372549019608,0.7108804306036139,0.49673202614379086,0.24674270579691573,0.46405228758169936,0.2153445256098082,0.30718954248366015,0.09436541501132044,0.869281045751634,0.7556495365030544,0.5294117647058824,0.28027681660899656
COVID-19,EURUSD,1027,0,0.9019607843137255,0.8135332564398309,0.2875816993464052,0.0827032337989662,0.6078431372549019,0.3694732795078815,0.47058823529411764,0.22145328719723184,0.16339869281045752,0.026699132812166262,0.12418300653594772,0.015421419112307233,0.21568627450980393,0.0465205690119185,0.6601307189542484,0.43577256610705284,0.9215686274509803,0.8492887351018837
COVID-19,EURUSD,1028,0,0.8562091503267973,0.7330941091033363,0.3137254901960784,0.09842368319876971,0.6143790849673203,0.37746166004528175,0.8627450980392157,0.744329104190696,0.1437908496732026,0.02067580844974155,0.24836601307189543,0.061685676449228934,0.17647058823529413,0.031141868512110732,0.5816993464052288,0.33837412960827035,0.9019607843137255,0.8135332564398309
COVID-19,EURUSD,1029,0,0.8366013071895425,0.6999017471912513,0.35294117647058826,0.12456747404844293,0.2222222222222222,0.04938271604938271,0.6928104575163399,0.47998633004400015,0.2875816993464052,0.0827032337989662,0.32679738562091504,0.10679653124866505,0.3137254901960784,0.09842368319876971,0.5555555555555556,0.308641975308642,0.8888888888888888,0.7901234567901234
COVID-19,EURUSD,1030,0,0.7973856209150327,0.6358238284420523,0.3660130718954248,0.1339655687983254,0.27450980392156865,0.07535563244905807,0.738562091503268,0.5454739630056816,0.5359477124183006,0.2872399504464095,0.35294117647058826,0.12456747404844293,0.43790849673202614,0.19176385151010295,0.6013071895424836,0.36157033619548035,0.8235294117647058,0.6782006920415224
COVID-19,EURUSD,1031,0,0.6601307189542484,0.43577256610705284,0.2549019607843137,0.0649750096116878,0.4117647058823529,0.1695501730103806,0.673202614379085,0.45320176000683504,0.42483660130718953,0.18048613781024392,0.43790849673202614,0.19176385151010295,0.49673202614379086,0.24674270579691573,0.6535947712418301,0.4271861249946602,0.6143790849673203,0.37746166004528175
COVID-19,EURUSD,1032,0,0.5947712418300654,0.35375283010807806,0.19607843137254902,0.03844675124951941,0.5816993464052288,0.33837412960827035,0.6862745098039216,0.47097270280661285,0.43790849673202614,0.19176385151010295,0.3464052287581699,0.11999658251100004,0.5294117647058824,0.28027681660899656,0.7450980392156863,0.5551710880430604,0.5882352941176471,0.34602076124567477
COVID-19,EURUSD,1033,0,0.7124183006535948,0.5075398351061557,0.20915032679738563,0.04374385919945321,0.6797385620915033,0.4620445127942245,0.7843137254901961,0.6151480199923106,0.5882352941176471,0.34602076124567477,0.41830065359477125,0.17497543679781283,0.5032679738562091,0.253278653509334,0.7516339869281046,0.5649536503054381,0.5163398692810458,0.2666068606091675
COVID-19,EURUSD,1034,0,0.5359477124183006,0.2872399504464095,0.23529411764705882,0.05536332179930796,0.49019607843137253,0.24029219530949633,0.7908496732026143,0.6254432056046819,0.40522875816993464,0.16421034644794738,0.38562091503267976,0.1487034901106412,0.48366013071895425,0.2339271220470759,0.738562091503268,0.5454739630056816,0.477124183006536,0.22764748600965443
COVID-19,EURUSD,1035,0,0.803921568627451,0.6462898885044214,0.1503267973856209,0.02259814601221752,0.39869281045751637,0.15895595711051308,0.32679738562091504,0.10679653124866505,0.3660130718954248,0.1339655687983254,0.22875816993464052,0.052330300311845865,0.3202614379084967,0.10256738861121789,0.5032679738562091,0.253278653509334,0.6274509803921569,0.39369473279507883
COVID-19,EURUSD,1036,0,0.738562091503268,0.5454739630056816,0.13071895424836602,0.01708744499978641,0.43790849673202614,0.19176385151010295,0.5751633986928104,0.3308129351958648,0.2222222222222222,0.04938271604938271,0.09803921568627451,0.009611687812379853,0.19607843137254902,0.03844675124951941,0.477124183006536,0.22764748600965443,0.8562091503267973,0.7330941091033363
COVID-19,EURUSD,1037,0,0.5228758169934641,0.27339911999658256,0.0784313725490196,0.006151480199923107,0.477124183006536,0.22764748600965443,0.5032679738562091,0.253278653509334,0.058823529411764705,0.0034602076124567475,0.058823529411764705,0.0034602076124567475,0.10457516339869281,0.010935964799863302,0.3790849673202614,0.14370541244820367,0.9150326797385621,0.8372848049895338
COVID-19,EURUSD,1038,0,0.42483660130718953,0.18048613781024392,0.08496732026143791,0.0072194455124097575,0.48366013071895425,0.2339271220470759,0.1111111111111111,0.012345679012345678,0.026143790849673203,0.0006834977999914564,0.013071895424836602,0.0001708744499978641,0.11764705882352941,0.01384083044982699,0.2549019607843137,0.0649750096116878,0.9477124183006536,0.898158827801273
COVID-19,EURUSD,1039,0,0.5490196078431373,0.3014225297962323,0.1111111111111111,0.012345679012345678,0.5098039215686274,0.2599000384467512,0.19607843137254902,0.03844675124951941,0.032679738562091505,0.0010679653124866506,0.0392156862745098,0.0015378700499807767,0.13725490196078433,0.01883890811226452,0.32679738562091504,0.10679653124866505,0.9281045751633987,0.8613781024392329
COVID-19,EURUSD,1040,0,0.5424836601307189,0.29428852150882134,0.10457516339869281,0.010935964799863302,0.4444444444444444,0.19753086419753085,0.1437908496732026,0.02067580844974155,0.013071895424836602,0.0001708744499978641,0.026143790849673203,0.0006834977999914564,0.16993464052287582,0.02887778204963903,0.22875816993464052,0.052330300311845865,0.9673202614379085,0.9357084881883037
COVID-19,EURUSD,1041,0,0.5686274509803921,0.32333717800845824,0.013071895424836602,0.0001708744499978641,0.5163398692810458,0.2666068606091675,0.026143790849673203,0.0006834977999914564,0.006535947712418301,4.271861249946602e-05,0.006535947712418301,4.271861249946602e-05,0.1437908496732026,0.02067580844974155,0.12418300653594772,0.015421419112307233,0.9869281045751634,0.9740270836003248
COVID-19,EURUSD,1042,0,0.673202614379085,0.45320176000683504,0.0196078431372549,0.00038446751249519417,0.26143790849673204,0.06834977999914564,0.032679738562091505,0.0010679653124866506,0.0392156862745098,0.0015378700499807767,0.032679738562091505,0.0010679653124866506,0.1111111111111111,0.012345679012345678,0.16339869281045752,0.026699132812166262,0.9411764705882353,0.8858131487889274
COVID-19,EURUSD,1043,0,0.6209150326797386,0.3855354778076808,0.026143790849673203,0.0006834977999914564,0.30718954248366015,0.09436541501132044,0.35294117647058826,0.12456747404844293,0.0457516339869281,0.0020932120124738346,0.0457516339869281,0.0020932120124738346,0.16339869281045752,0.026699132812166262,0.1503267973856209,0.02259814601221752,0.934640522875817,0.8735529070015806
COVID-19,EURUSD,1044,0,0.45751633986928103,0.20932120124738346,0.006535947712418301,4.271861249946602e-05,0.3660130718954248,0.1339655687983254,0.1568627450980392,0.024605920799692427,0.0196078431372549,0.00038446751249519417,0.0196078431372549,0.00038446751249519417,0.0915032679738562,0.008372848049895338,0.013071895424836602,0.0001708744499978641,0.954248366013072,0.9105899440386177
COVID-19,EURUSD,1045,1,0.3006535947712418,0.4890853945063864,0.13725490196078433,0.744329104190696,0.058823529411764705,0.8858131487889274,0.24836601307189543,0.5649536503054381,0.0784313725490196,0.849288735101884,0.17647058823529413,0.6782006920415224,0.3790849673202614,0.3855354778076808,0.10457516339869281,0.8017856380024777,0.7254901960784313,0.07535563244905807
COVID-19,EURUSD,1046,1,0.40522875816993464,0.35375283010807806,0.06535947712418301,0.8735529070015806,0.0457516339869281,0.9105899440386177,0.08496732026143791,0.8372848049895338,0.05228758169934641,0.898158827801273,0.1568627450980392,0.7108804306036139,0.32679738562091504,0.45320176000683504,0.1111111111111111,0.7901234567901234,0.803921568627451,0.038446751249519406
COVID-19,EURUSD,1047,1,0.4117647058823529,0.34602076124567477,0.05228758169934641,0.898158827801273,0.026143790849673203,0.948395916100645,0.0718954248366013,0.8613781024392329,0.0718954248366013,0.8613781024392329,0.2679738562091503,0.5358622751933018,0.3464052287581699,0.4271861249946602,0.026143790849673203,0.948395916100645,0.8366013071895425,0.02669913281216625
COVID-19,EURUSD,1048,1,0.35947712418300654,0.41026955444487156,0.0718954248366013,0.8613781024392329,0.13725490196078433,0.744329104190696,0.12418300653594772,0.7670554060404118,0.11764705882352941,0.7785467128027681,0.1895424836601307,0.6568413857917895,0.3333333333333333,0.44444444444444453,0.06535947712418301,0.8735529070015806,0.8169934640522876,0.03349139219958136
COVID-19,EURUSD,1049,1,0.33986928104575165,0.43577256610705284,0.058823529411764705,0.8858131487889274,0.2875816993464052,0.5075398351061557,0.0392156862745098,0.9231064975009612,0.12418300653594772,0.7670554060404118,0.1437908496732026,0.7330941091033364,0.2875816993464052,0.5075398351061557,0.032679738562091505,0.9357084881883037,0.7908496732026143,0.043743859199453214
COVID-19,EURUSD,1050,1,0.3790849673202614,0.3855354778076808,0.0457516339869281,0.9105899440386177,0.29411764705882354,0.49826989619377154,0.05228758169934641,0.898158827801273,0.1111111111111111,0.7901234567901234,0.1111111111111111,0.7901234567901234,0.23529411764705882,0.5847750865051903,0.13071895424836602,0.7556495365030544,0.7843137254901961,0.0465205690119185
COVID-19,EURUSD,1051,1,0.3660130718954248,0.4019394250074757,0.0915032679738562,0.8253663121021829,0.3202614379084967,0.4620445127942245,0.2549019607843137,0.5551710880430604,0.08496732026143791,0.8372848049895338,0.08496732026143791,0.8372848049895338,0.24183006535947713,0.5748216497928147,0.29411764705882354,0.49826989619377154,0.8431372549019608,0.024605920799692427
COVID-19,EURUSD,1052,1,0.38562091503267976,0.37746166004528175,0.12418300653594772,0.7670554060404118,0.24836601307189543,0.5649536503054381,0.29411764705882354,0.49826989619377154,0.0915032679738562,0.8253663121021829,0.1830065359477124,0.6674783203041565,0.33986928104575165,0.43577256610705284,0.42483660130718953,0.3308129351958648,0.8758169934640523,0.015421419112307233
COVID-19,EURUSD,1053,1,0.5882352941176471,0.1695501730103806,0.27450980392156865,0.5263360246059208,0.28104575163398693,0.5168952112435388,0.5163398692810458,0.23392712204707586,0.3333333333333333,0.44444444444444453,0.35947712418300654,0.41026955444487156,0.47058823529411764,0.28027681660899656,0.5424836601307189,0.20932120124738351,0.8823529411764706,0.013840830449826995
COVID-19,EURUSD,1054,1,0.5620915032679739,0.19176385151010295,0.49673202614379086,0.253278653509334,0.7124183006535948,0.0827032337989662,0.06535947712418301,0.8735529070015806,0.5163398692810458,0.23392712204707586,0.47058823529411764,0.28027681660899656,0.5620915032679739,0.19176385151010295,0.48366013071895425,0.26660686060916733,0.7189542483660131,0.07898671451151267
COVID-19,EURUSD,1055,1,0.6797385620915033,0.10256738861121789,0.6928104575163399,0.09436541501132044,0.6601307189542484,0.11551112819855612,0.43790849673202614,0.31594685804605066,0.5816993464052288,0.17497543679781277,0.5620915032679739,0.19176385151010295,0.6209150326797386,0.14370541244820367,0.45751633986928103,0.29428852150882145,0.673202614379085,0.106796531248665
COVID-19,EURUSD,1056,1,0.37254901960784315,0.39369473279507883,0.8104575163398693,0.03592635311205092,0.738562091503268,0.06834977999914561,0.2222222222222222,0.6049382716049383,0.738562091503268,0.06834977999914561,0.7189542483660131,0.07898671451151267,0.5424836601307189,0.20932120124738351,0.35294117647058826,0.41868512110726636,0.46405228758169936,0.2872399504464095
COVID-19,EURUSD,1057,1,0.1437908496732026,0.7330941091033364,0.9934640522875817,4.271861249946571e-05,0.803921568627451,0.038446751249519406,0.477124183006536,0.27339911999658245,0.9150326797385621,0.007219445512409762,0.8235294117647058,0.03114186851211074,0.37254901960784315,0.39369473279507883,0.24183006535947713,0.5748216497928147,0.0392156862745098,0.9231064975009612
COVID-19,EURUSD,1058,1,0.0196078431372549,0.9611687812379853,0.9803921568627451,0.0003844675124951958,0.8235294117647058,0.03114186851211074,0.4117647058823529,0.34602076124567477,0.8627450980392157,0.0188389081122645,0.6666666666666666,0.11111111111111113,0.40522875816993464,0.35375283010807806,0.3006535947712418,0.4890853945063864,0.0718954248366013,0.8613781024392329
COVID-19,EURUSD,1059,1,0.16339869281045752,0.6999017471912513,0.869281045751634,0.017087444999786403,0.8169934640522876,0.03349139219958136,0.48366013071895425,0.26660686060916733,0.8235294117647058,0.03114186851211074,0.8562091503267973,0.020675808449741564,0.43137254901960786,0.32333717800845824,0.26143790849673204,0.5454739630056816,0.1568627450980392,0.7108804306036139
COVID-19,EURUSD,1060,1,0.17647058823529413,0.6782006920415224,0.8300653594771242,0.028877782049639013,0.8104575163398693,0.03592635311205092,0.42483660130718953,0.3308129351958648,0.7777777777777778,0.04938271604938271,0.8758169934640523,0.015421419112307233,0.46405228758169936,0.2872399504464095,0.1437908496732026,0.7330941091033364,0.16993464052287582,0.6890085010038873
COVID-19,EURUSD,1061,1,0.1830065359477124,0.6674783203041565,0.7320261437908496,0.0718099876116024,0.7320261437908496,0.0718099876116024,0.39869281045751637,0.36157033619548035,0.6470588235294118,0.12456747404844289,0.8104575163398693,0.03592635311205092,0.49019607843137253,0.2599000384467512,0.21568627450980393,0.6151480199923106,0.1895424836601307,0.6568413857917895
COVID-19,EURUSD,1062,1,0.2549019607843137,0.5551710880430604,0.6339869281045751,0.13396556879832544,0.6993464052287581,0.09039258404887011,0.16993464052287582,0.6890085010038873,0.6143790849673203,0.14870349011064118,0.7908496732026143,0.043743859199453214,0.5555555555555556,0.19753086419753085,0.2679738562091503,0.5358622751933018,0.2222222222222222,0.6049382716049383
COVID-19,EURUSD,1063,1,0.3333333333333333,0.44444444444444453,0.5751633986928104,0.18048613781024397,0.7058823529411765,0.08650519031141866,0.0457516339869281,0.9105899440386177,0.6274509803921569,0.1387927720107651,0.6013071895424836,0.15895595711051308,0.5816993464052288,0.17497543679781277,0.39869281045751637,0.36157033619548035,0.26143790849673204,0.5454739630056816
COVID-19,EURUSD,1064,1,0.43137254901960786,0.32333717800845824,0.5882352941176471,0.1695501730103806,0.6666666666666666,0.11111111111111113,0.3333333333333333,0.44444444444444453,0.7254901960784313,0.07535563244905807,0.6535947712418301,0.11999658251100004,0.7058823529411765,0.08650519031141866,0.5294117647058824,0.22145328719723184,0.24183006535947713,0.5748216497928147
COVID-19,EURUSD,1065,1,0.35294117647058826,0.41868512110726636,0.6143790849673203,0.14870349011064118,0.6862745098039216,0.09842368319876971,0.20261437908496732,0.6358238284420523,0.7058823529411765,0.08650519031141866,0.6993464052287581,0.09039258404887011,0.8300653594771242,0.028877782049639013,0.6143790849673203,0.14870349011064118,0.22875816993464052,0.5948139604425648
COVID-19,EURUSD,1066,1,0.477124183006536,0.27339911999658245,0.3333333333333333,0.44444444444444453,0.37254901960784315,0.39369473279507883,0.5816993464052288,0.17497543679781277,0.32679738562091504,0.45320176000683504,0.27450980392156865,0.5263360246059208,0.12418300653594772,0.7670554060404118,0.5947712418300654,0.16421034644794738,0.5751633986928104,0.18048613781024397
COVID-19,EURUSD,1067,1,0.5032679738562091,0.24674270579691573,0.39869281045751637,0.36157033619548035,0.23529411764705882,0.5847750865051903,0.6078431372549019,0.1537870049980777,0.5294117647058824,0.22145328719723184,0.477124183006536,0.27339911999658245,0.39869281045751637,0.36157033619548035,0.5490196078431373,0.20338331410995766,0.49673202614379086,0.253278653509334
COVID-19,EURUSD,1068,1,0.39215686274509803,0.36947327950788167,0.5032679738562091,0.24674270579691573,0.43137254901960786,0.32333717800845824,0.45751633986928103,0.29428852150882145,0.6928104575163399,0.09436541501132044,0.6797385620915033,0.10256738861121789,0.5359477124183006,0.2153445256098082,0.4444444444444444,0.308641975308642,0.43137254901960786,0.32333717800845824
COVID-19,EURUSD,1069,1,0.24836601307189543,0.5649536503054381,0.6078431372549019,0.1537870049980777,0.5032679738562091,0.24674270579691573,0.3464052287581699,0.4271861249946602,0.6209150326797386,0.14370541244820367,0.6339869281045751,0.13396556879832544,0.6601307189542484,0.11551112819855612,0.43790849673202614,0.31594685804605066,0.39869281045751637,0.36157033619548035
COVID-19,EURUSD,1070,1,0.39869281045751637,0.36157033619548035,0.7777777777777778,0.04938271604938271,0.5359477124183006,0.2153445256098082,0.5228758169934641,0.22764748600965437,0.6862745098039216,0.09842368319876971,0.738562091503268,0.06834977999914561,0.6405228758169934,0.12922380281088475,0.37254901960784315,0.39369473279507883,0.38562091503267976,0.37746166004528175
COVID-19,EURUSD,1071,1,0.7189542483660131,0.07898671451151267,0.8366013071895425,0.02669913281216625,0.5424836601307189,0.20932120124738351,0.6143790849673203,0.14870349011064118,0.6339869281045751,0.13396556879832544,0.7581699346405228,0.05848178051176899,0.6143790849673203,0.14870349011064118,0.46405228758169936,0.2872399504464095,0.45098039215686275,0.3014225297962323
COVID-19,EURUSD,1072,1,0.7712418300653595,0.05233030031184586,0.803921568627451,0.038446751249519406,0.5686274509803921,0.186082276047674,0.39215686274509803,0.36947327950788167,0.6013071895424836,0.15895595711051308,0.6470588235294118,0.12456747404844289,0.6535947712418301,0.11999658251100004,0.5686274509803921,0.186082276047674,0.5424836601307189,0.20932120124738351
COVID-19,EURUSD,1073,1,0.7058823529411765,0.08650519031141866,0.7973856209150327,0.041052586611986824,0.45098039215686275,0.3014225297962323,0.7516339869281046,0.061685676449228934,0.5228758169934641,0.22764748600965437,0.5555555555555556,0.19753086419753085,0.5882352941176471,0.1695501730103806,0.5359477124183006,0.2153445256098082,0.6013071895424836,0.15895595711051308
COVID-19,EURUSD,1074,1,0.7908496732026143,0.043743859199453214,0.7450980392156863,0.0649750096116878,0.46405228758169936,0.2872399504464095,0.5620915032679739,0.19176385151010295,0.5098039215686274,0.2402921953094964,0.5032679738562091,0.24674270579691573,0.5490196078431373,0.20338331410995766,0.47058823529411764,0.28027681660899656,0.6470588235294118,0.12456747404844289
COVID-19,EURUSD,1075,1,0.8496732026143791,0.02259814601221753,0.6797385620915033,0.10256738861121789,0.49673202614379086,0.253278653509334,0.6797385620915033,0.10256738861121789,0.45098039215686275,0.3014225297962323,0.5424836601307189,0.20932120124738351,0.477124183006536,0.27339911999658245,0.5620915032679739,0.19176385151010295,0.6797385620915033,0.10256738861121789
COVID-19,EURUSD,1076,1,0.7516339869281046,0.061685676449228934,0.5555555555555556,0.19753086419753085,0.33986928104575165,0.43577256610705284,0.6209150326797386,0.14370541244820367,0.49019607843137253,0.2599000384467512,0.49673202614379086,0.253278653509334,0.4444444444444444,0.308641975308642,0.673202614379085,0.106796531248665,0.6993464052287581,0.09039258404887011
COVID-19,EURUSD,1077,1,0.49019607843137253,0.2599000384467512,0.49019607843137253,0.2599000384467512,0.35947712418300654,0.41026955444487156,0.7777777777777778,0.04938271604938271,0.43137254901960786,0.32333717800845824,0.45751633986928103,0.29428852150882145,0.4117647058823529,0.34602076124567477,0.6928104575163399,0.09436541501132044,0.6862745098039216,0.09842368319876971
COVID-19,EURUSD,1078,1,0.4444444444444444,0.308641975308642,0.38562091503267976,0.37746166004528175,0.10457516339869281,0.8017856380024777,0.28104575163398693,0.5168952112435388,0.28104575163398693,0.5168952112435388,0.40522875816993464,0.35375283010807806,0.45751633986928103,0.29428852150882145,0.7058823529411765,0.08650519031141866,0.7124183006535948,0.0827032337989662
COVID-19,EURUSD,1079,1,0.49673202614379086,0.253278653509334,0.3202614379084967,0.4620445127942245,0.0784313725490196,0.849288735101884,0.5424836601307189,0.20932120124738351,0.27450980392156865,0.5263360246059208,0.3790849673202614,0.3855354778076808,0.41830065359477125,0.33837412960827024,0.6666666666666666,0.11111111111111113,0.7450980392156863,0.0649750096116878
COVID-19,EURUSD,1080,1,0.6013071895424836,0.15895595711051308,0.28104575163398693,0.5168952112435388,0.09803921568627451,0.8135332564398309,0.5490196078431373,0.20338331410995766,0.24836601307189543,0.5649536503054381,0.3333333333333333,0.44444444444444453,0.39215686274509803,0.36947327950788167,0.7189542483660131,0.07898671451151267,0.7647058823529411,0.05536332179930798
COVID-19,EURUSD,1081,1,0.5098039215686274,0.2402921953094964,0.26143790849673204,0.5454739630056816,0.032679738562091505,0.9357084881883037,0.3660130718954248,0.4019394250074757,0.3006535947712418,0.4890853945063864,0.3006535947712418,0.4890853945063864,0.35294117647058826,0.41868512110726636,0.7777777777777778,0.04938271604938271,0.7973856209150327,0.041052586611986824
COVID-19,EURUSD,1082,1,0.5751633986928104,0.18048613781024397,0.1895424836601307,0.6568413857917895,0.006535947712418301,0.9869708231876629,0.40522875816993464,0.35375283010807806,0.19607843137254902,0.6462898885044214,0.19607843137254902,0.6462898885044214,0.2679738562091503,0.5358622751933018,0.7254901960784313,0.07535563244905807,0.8496732026143791,0.02259814601221753
COVID-19,EURUSD,1083,1,0.6862745098039216,0.09842368319876971,0.1830065359477124,0.6674783203041565,0.013071895424836602,0.9740270836003248,0.6535947712418301,0.11999658251100004,0.23529411764705882,0.5847750865051903,0.2222222222222222,0.6049382716049383,0.1895424836601307,0.6568413857917895,0.7320261437908496,0.0718099876116024,0.7777777777777778,0.04938271604938271
COVID-19,EURUSD,1084,1,0.48366013071895425,0.26660686060916733,0.21568627450980393,0.6151480199923106,0.06535947712418301,0.8735529070015806,0.33986928104575165,0.43577256610705284,0.20261437908496732,0.6358238284420523,0.3202614379084967,0.4620445127942245,0.09803921568627451,0.8135332564398309,0.6797385620915033,0.10256738861121789,0.6928104575163399,0.09436541501132044
COVID-19,EURUSD,1085,1,0.3137254901960784,0.47097270280661285,0.2679738562091503,0.5358622751933018,0.1503267973856209,0.7219445512409757,0.7320261437908496,0.0718099876116024,0.1568627450980392,0.7108804306036139,0.16339869281045752,0.6999017471912513,0.0457516339869281,0.9105899440386177,0.6209150326797386,0.14370541244820367,0.6078431372549019,0.1537870049980777
COVID-19,EURUSD,1086,1,0.27450980392156865,0.5263360246059208,0.3006535947712418,0.4890853945063864,0.12418300653594772,0.7670554060404118,0.45098039215686275,0.3014225297962323,0.30718954248366015,0.47998633004400015,0.29411764705882354,0.49826989619377154,0.013071895424836602,0.9740270836003248,0.49673202614379086,0.253278653509334,0.48366013071895425,0.26660686060916733
COVID-19,EURUSD,1087,1,0.30718954248366015,0.47998633004400015,0.41830065359477125,0.33837412960827024,0.16993464052287582,0.6890085010038873,0.6666666666666666,0.11111111111111113,0.39215686274509803,0.36947327950788167,0.2875816993464052,0.5075398351061557,0.0196078431372549,0.9611687812379853,0.5228758169934641,0.22764748600965437,0.37254901960784315,0.39369473279507883
COVID-19,EURUSD,1088,1,0.29411764705882354,0.49826989619377154,0.6013071895424836,0.15895595711051308,0.3790849673202614,0.3855354778076808,0.5098039215686274,0.2402921953094964,0.35947712418300654,0.41026955444487156,0.3660130718954248,0.4019394250074757,0.026143790849673203,0.948395916100645,0.49019607843137253,0.2599000384467512,0.2875816993464052,0.5075398351061557
COVID-19,EURUSD,1089,1,0.28104575163398693,0.5168952112435388,0.7516339869281046,0.061685676449228934,0.5882352941176471,0.1695501730103806,0.49019607843137253,0.2599000384467512,0.5424836601307189,0.20932120124738351,0.33986928104575165,0.43577256610705284,0.05228758169934641,0.898158827801273,0.5163398692810458,0.23392712204707586,0.2549019607843137,0.5551710880430604
COVID-19,EURUSD,1090,1,0.5294117647058824,0.22145328719723184,0.8235294117647058,0.03114186851211074,0.6013071895424836,0.15895595711051308,0.49673202614379086,0.253278653509334,0.5555555555555556,0.19753086419753085,0.39215686274509803,0.36947327950788167,0.0784313725490196,0.849288735101884,0.6993464052287581,0.09039258404887011,0.3202614379084967,0.4620445127942245
COVID-19,EURUSD,1091,1,0.6535947712418301,0.11999658251100004,0.6666666666666666,0.11111111111111113,0.5751633986928104,0.18048613781024397,0.8300653594771242,0.028877782049639013,0.33986928104575165,0.43577256610705284,0.37254901960784315,0.39369473279507883,0.1568627450980392,0.7108804306036139,0.7124183006535948,0.0827032337989662,0.40522875816993464,0.35375283010807806
COVID-19,EURUSD,1092,1,0.7843137254901961,0.0465205690119185,0.5163398692810458,0.23392712204707586,0.42483660130718953,0.3308129351958648,0.7647058823529411,0.05536332179930798,0.477124183006536,0.27339911999658245,0.26143790849673204,0.5454739630056816,0.1830065359477124,0.6674783203041565,0.8823529411764706,0.013840830449826995,0.5947712418300654,0.16421034644794738
COVID-19,EURUSD,1093,1,0.7581699346405228,0.05848178051176899,0.46405228758169936,0.2872399504464095,0.3464052287581699,0.4271861249946602,0.8169934640522876,0.03349139219958136,0.47058823529411764,0.28027681660899656,0.24183006535947713,0.5748216497928147,0.2549019607843137,0.5551710880430604,0.8300653594771242,0.028877782049639013,0.6209150326797386,0.14370541244820367
COVID-19,EURUSD,1094,1,0.8823529411764706,0.013840830449826995,0.47058823529411764,0.28027681660899656,0.17647058823529413,0.6782006920415224,0.8758169934640523,0.015421419112307233,0.5751633986928104,0.18048613781024397,0.20915032679738563,0.6254432056046819,0.2222222222222222,0.6049382716049383,0.8366013071895425,0.02669913281216625,0.5686274509803921,0.186082276047674
COVID-19,EURUSD,1095,1,0.869281045751634,0.017087444999786403,0.43790849673202614,0.31594685804605066,0.13071895424836602,0.7556495365030544,0.5686274509803921,0.186082276047674,0.35294117647058826,0.41868512110726636,0.1503267973856209,0.7219445512409757,0.28104575163398693,0.5168952112435388,0.8235294117647058,0.03114186851211074,0.7581699346405228,0.05848178051176899
COVID-19,EURUSD,1096,1,0.7777777777777778,0.04938271604938271,0.42483660130718953,0.3308129351958648,0.5228758169934641,0.22764748600965437,0.5882352941176471,0.1695501730103806,0.39869281045751637,0.36157033619548035,0.0915032679738562,0.8253663121021829,0.20261437908496732,0.6358238284420523,0.8104575163398693,0.03592635311205092,0.6666666666666666,0.11111111111111113
COVID-19,EURUSD,1097,1,0.6143790849673203,0.14870349011064118,0.39215686274509803,0.36947327950788167,0.2679738562091503,0.5358622751933018,0.6601307189542484,0.11551112819855612,0.2679738562091503,0.5358622751933018,0.06535947712418301,0.8735529070015806,0.08496732026143791,0.8372848049895338,0.7581699346405228,0.05848178051176899,0.6535947712418301,0.11999658251100004
COVID-19,EURUSD,1098,1,0.6993464052287581,0.09039258404887011,0.6405228758169934,0.12922380281088475,0.2549019607843137,0.5551710880430604,0.7254901960784313,0.07535563244905807,0.3202614379084967,0.4620445127942245,0.11764705882352941,0.7785467128027681,0.006535947712418301,0.9869708231876629,0.7973856209150327,0.041052586611986824,0.35294117647058826,0.41868512110726636
COVID-19,EURUSD,1099,1,0.8235294117647058,0.03114186851211074,0.9477124183006536,0.002733991199965829,0.6535947712418301,0.11999658251100004,0.7450980392156863,0.0649750096116878,0.8888888888888888,0.01234567901234569,0.5751633986928104,0.18048613781024397,0.8496732026143791,0.02259814601221753,0.8758169934640523,0.015421419112307233,0.0784313725490196,0.849288735101884
COVID-19,EURUSD,1100,1,0.8758169934640523,0.015421419112307233,0.9411764705882353,0.003460207612456749,0.7973856209150327,0.041052586611986824,0.7712418300653595,0.05233030031184586,0.9738562091503268,0.0006834977999914572,0.7254901960784313,0.07535563244905807,0.9673202614379085,0.0010679653124866502,0.8888888888888888,0.01234567901234569,0.032679738562091505,0.9357084881883037
COVID-19,EURUSD,1101,1,0.5163398692810458,0.23392712204707586,0.8823529411764706,0.013840830449826995,0.7647058823529411,0.05536332179930798,0.7189542483660131,0.07898671451151267,0.954248366013072,0.0020932120124738302,0.49019607843137253,0.2599000384467512,0.8888888888888888,0.01234567901234569,0.7843137254901961,0.0465205690119185,0.0457516339869281,0.9105899440386177
COVID-19,EURUSD,1102,1,0.0784313725490196,0.849288735101884,0.8431372549019608,0.024605920799692427,0.8431372549019608,0.024605920799692427,0.7973856209150327,0.041052586611986824,0.9607843137254902,0.0015378700499807745,0.6274509803921569,0.1387927720107651,0.9215686274509803,0.006151480199923115,0.5882352941176471,0.1695501730103806,0.026143790849673203,0.948395916100645
COVID-19,EURUSD,1103,1,0.21568627450980393,0.6151480199923106,0.9084967320261438,0.00837284804989534,0.9019607843137255,0.009611687812379852,0.6339869281045751,0.13396556879832544,0.9934640522875817,4.271861249946571e-05,0.6405228758169934,0.12922380281088475,0.9934640522875817,4.271861249946571e-05,0.7712418300653595,0.05233030031184586,0.006535947712418301,0.9869708231876629
COVID-19,EURUSD,1104,1,0.6928104575163399,0.09436541501132044,0.954248366013072,0.0020932120124738302,0.6209150326797386,0.14370541244820367,0.8366013071895425,0.02669913281216625,0.9019607843137255,0.009611687812379852,0.7516339869281046,0.061685676449228934,0.869281045751634,0.017087444999786403,0.954248366013072,0.0020932120124738302,0.19607843137254902,0.6462898885044214
COVID-19,EURUSD,1105,1,0.6339869281045751,0.13396556879832544,0.9738562091503268,0.0006834977999914572,0.6339869281045751,0.13396556879832544,0.9281045751633987,0.005168952112435383,0.869281045751634,0.017087444999786403,0.7712418300653595,0.05233030031184586,0.954248366013072,0.0020932120124738302,0.9084967320261438,0.00837284804989534,0.1830065359477124,0.6674783203041565
COVID-19,EURUSD,1106,1,0.9477124183006536,0.002733991199965829,0.9673202614379085,0.0010679653124866502,0.5555555555555556,0.19753086419753085,0.9411764705882353,0.003460207612456749,0.8496732026143791,0.02259814601221753,0.6078431372549019,0.1537870049980777,0.9084967320261438,0.00837284804989534,0.9607843137254902,0.0015378700499807745,0.29411764705882354,0.49826989619377154
COVID-19,EURUSD,1107,1,0.8954248366013072,0.010935964799863293,0.9607843137254902,0.0015378700499807745,0.45751633986928103,0.29428852150882145,0.8562091503267973,0.020675808449741564,0.8562091503267973,0.020675808449741564,0.6209150326797386,0.14370541244820367,0.7973856209150327,0.041052586611986824,0.934640522875817,0.004271861249946601,0.23529411764705882,0.5847750865051903
COVID-19,EURUSD,1108,1,0.9215686274509803,0.006151480199923115,0.9281045751633987,0.005168952112435383,0.24183006535947713,0.5748216497928147,0.9803921568627451,0.0003844675124951958,0.8104575163398693,0.03592635311205092,0.7450980392156863,0.0649750096116878,0.7712418300653595,0.05233030031184586,0.9215686274509803,0.006151480199923115,0.27450980392156865,0.5263360246059208
COVID-19,EURUSD,1109,1,0.8300653594771242,0.028877782049639013,0.9215686274509803,0.006151480199923115,0.0196078431372549,0.9611687812379853,0.9019607843137255,0.009611687812379852,0.7450980392156863,0.0649750096116878,0.5882352941176471,0.1695501730103806,0.7320261437908496,0.0718099876116024,0.9411764705882353,0.003460207612456749,0.3464052287581699,0.4271861249946602
COVID-19,EURUSD,1110,1,0.7450980392156863,0.0649750096116878,0.8758169934640523,0.015421419112307233,0.5947712418300654,0.16421034644794738,0.9673202614379085,0.0010679653124866502,0.7320261437908496,0.0718099876116024,0.5947712418300654,0.16421034644794738,0.7124183006535948,0.0827032337989662,0.9738562091503268,0.0006834977999914572,0.45751633986928103,0.29428852150882145
COVID-19,EURUSD,1111,1,0.8169934640522876,0.03349139219958136,0.9019607843137255,0.009611687812379852,0.3137254901960784,0.47097270280661285,0.8888888888888888,0.01234567901234569,0.7189542483660131,0.07898671451151267,0.6862745098039216,0.09842368319876971,0.7647058823529411,0.05536332179930798,0.9477124183006536,0.002733991199965829,0.5098039215686274,0.2402921953094964
COVID-19,EURUSD,1112,1,0.934640522875817,0.004271861249946601,0.9150326797385621,0.007219445512409762,0.1568627450980392,0.7108804306036139,0.8954248366013072,0.010935964799863293,0.7516339869281046,0.061685676449228934,0.7124183006535948,0.0827032337989662,0.7777777777777778,0.04938271604938271,0.9934640522875817,4.271861249946571e-05,0.5555555555555556,0.19753086419753085
COVID-19,EURUSD,1113,1,0.8888888888888888,0.01234567901234569,0.8888888888888888,0.01234567901234569,0.05228758169934641,0.898158827801273,0.934640522875817,0.004271861249946601,0.6993464052287581,0.09039258404887011,0.7647058823529411,0.05536332179930798,0.7581699346405228,0.05848178051176899,0.9803921568627451,0.0003844675124951958,0.5359477124183006,0.2153445256098082
COVID-19,EURUSD,1114,1,0.9411764705882353,0.003460207612456749,0.934640522875817,0.004271861249946601,0.22875816993464052,0.5948139604425648,0.9869281045751634,0.00017087444999786284,0.7843137254901961,0.0465205690119185,0.7320261437908496,0.0718099876116024,0.7908496732026143,0.043743859199453214,0.9673202614379085,0.0010679653124866502,0.49019607843137253,0.2599000384467512
COVID-19,EURUSD,1115,1,0.6078431372549019,0.1537870049980777,0.8627450980392157,0.0188389081122645,0.7189542483660131,0.07898671451151267,0.9150326797385621,0.007219445512409762,0.6797385620915033,0.10256738861121789,0.6928104575163399,0.09436541501132044,0.7254901960784313,0.07535563244905807,0.9019607843137255,0.009611687812379852,0.32679738562091504,0.45320176000683504
COVID-19,EURUSD,1116,1,0.2875816993464052,0.5075398351061557,0.7254901960784313,0.07535563244905807,0.7450980392156863,0.0649750096116878,0.869281045751634,0.017087444999786403,0.8758169934640523,0.015421419112307233,0.7777777777777778,0.04938271604938271,0.5163398692810458,0.23392712204707586,0.5751633986928104,0.18048613781024397,0.11764705882352941,0.7785467128027681
COVID-19,EURUSD,1117,1,0.1895424836601307,0.6568413857917895,0.7058823529411765,0.08650519031141866,0.8366013071895425,0.02669913281216625,0.6470588235294118,0.12456747404844289,0.934640522875817,0.004271861249946601,0.5816993464052288,0.17497543679781277,0.6470588235294118,0.12456747404844289,0.6274509803921569,0.1387927720107651,0.05228758169934641,0.898158827801273
COVID-19,EURUSD,1118,1,0.13071895424836602,0.7556495365030544,0.7647058823529411,0.05536332179930798,0.7581699346405228,0.05848178051176899,0.6274509803921569,0.1387927720107651,0.8954248366013072,0.010935964799863293,0.8431372549019608,0.024605920799692427,0.673202614379085,0.106796531248665,0.5098039215686274,0.2402921953094964,0.10457516339869281,0.8017856380024777
COVID-19,EURUSD,1119,0,0.013071895424836602,0.0001708744499978641,0.7581699346405228,0.5748216497928147,0.8758169934640523,0.7670554060404118,0.22875816993464052,0.052330300311845865,0.9673202614379085,0.9357084881883037,0.8627450980392157,0.744329104190696,0.8562091503267973,0.7330941091033363,0.35947712418300654,0.1292238028108847,0.058823529411764705,0.0034602076124567475
COVID-19,EURUSD,1120,0,0.0915032679738562,0.008372848049895338,0.673202614379085,0.45320176000683504,0.934640522875817,0.8735529070015806,0.26143790849673204,0.06834977999914564,0.9281045751633987,0.8613781024392329,0.7843137254901961,0.6151480199923106,0.9150326797385621,0.8372848049895338,0.3202614379084967,0.10256738861121789,0.06535947712418301,0.0042718612499466025
COVID-19,EURUSD,1121,0,0.09803921568627451,0.009611687812379853,0.6862745098039216,0.47097270280661285,0.9869281045751634,0.9740270836003248,0.2875816993464052,0.0827032337989662,0.9869281045751634,0.9740270836003248,0.934640522875817,0.8735529070015806,0.9803921568627451,0.9611687812379853,0.33986928104575165,0.11551112819855612,0.0196078431372549,0.00038446751249519417
COVID-19,EURUSD,1122,0,0.1568627450980392,0.024605920799692427,0.6274509803921569,0.39369473279507883,0.9673202614379085,0.9357084881883037,0.17647058823529413,0.031141868512110732,0.9411764705882353,0.8858131487889274,0.8823529411764706,0.7785467128027681,0.9411764705882353,0.8858131487889274,0.3660130718954248,0.1339655687983254,0.08496732026143791,0.0072194455124097575
COVID-19,EURUSD,1123,0,0.12418300653594772,0.015421419112307233,0.7124183006535948,0.5075398351061557,0.9934640522875817,0.9869708231876629,0.1830065359477124,0.03349139219958135,0.9803921568627451,0.9611687812379853,0.9934640522875817,0.9869708231876629,0.9738562091503268,0.948395916100645,0.3333333333333333,0.1111111111111111,0.1503267973856209,0.02259814601221752
COVID-19,EURUSD,1124,0,0.026143790849673203,0.0006834977999914564,0.6470588235294118,0.41868512110726647,0.9738562091503268,0.948395916100645,0.20915032679738563,0.04374385919945321,0.8823529411764706,0.7785467128027681,0.9411764705882353,0.8858131487889274,0.9607843137254902,0.9231064975009612,0.27450980392156865,0.07535563244905807,0.17647058823529413,0.031141868512110732
COVID-19,EURUSD,1125,0,0.06535947712418301,0.0042718612499466025,0.5620915032679739,0.31594685804605066,0.9607843137254902,0.9231064975009612,0.1895424836601307,0.03592635311205092,0.7581699346405228,0.5748216497928147,0.9477124183006536,0.898158827801273,0.9477124183006536,0.898158827801273,0.20915032679738563,0.04374385919945321,0.20261437908496732,0.041052586611986845
COVID-19,EURUSD,1126,0,0.11764705882352941,0.01384083044982699,0.5228758169934641,0.27339911999658256,0.9215686274509803,0.8492887351018837,0.09803921568627451,0.009611687812379853,0.5947712418300654,0.35375283010807806,0.9607843137254902,0.9231064975009612,0.8823529411764706,0.7785467128027681,0.16993464052287582,0.02887778204963903,0.2679738562091503,0.07180998761160237
COVID-19,EURUSD,1127,0,0.1503267973856209,0.02259814601221752,0.477124183006536,0.22764748600965443,0.8823529411764706,0.7785467128027681,0.35947712418300654,0.1292238028108847,0.48366013071895425,0.2339271220470759,0.9281045751633987,0.8613781024392329,0.8104575163398693,0.6568413857917895,0.0915032679738562,0.008372848049895338,0.30718954248366015,0.09436541501132044
COVID-19,EURUSD,1128,0,0.19607843137254902,0.03844675124951941,0.4117647058823529,0.1695501730103806,0.8888888888888888,0.7901234567901234,0.6993464052287581,0.4890853945063864,0.37254901960784315,0.1387927720107651,0.9738562091503268,0.948395916100645,0.8627450980392157,0.744329104190696,0.08496732026143791,0.0072194455124097575,0.3660130718954248,0.1339655687983254
COVID-19,EURUSD,1129,0,0.24183006535947713,0.05848178051176898,0.35947712418300654,0.1292238028108847,0.8496732026143791,0.7219445512409757,0.4444444444444444,0.19753086419753085,0.3790849673202614,0.14370541244820367,0.9673202614379085,0.9357084881883037,0.8169934640522876,0.6674783203041565,0.0392156862745098,0.0015378700499807767,0.43790849673202614,0.19176385151010295
COVID-19,EURUSD,1130,0,0.23529411764705882,0.05536332179930796,0.30718954248366015,0.09436541501132044,0.7908496732026143,0.6254432056046819,0.37254901960784315,0.1387927720107651,0.3137254901960784,0.09842368319876971,0.9019607843137255,0.8135332564398309,0.7450980392156863,0.5551710880430604,0.1568627450980392,0.024605920799692427,0.5032679738562091,0.253278653509334
COVID-19,EURUSD,1131,0,0.26143790849673204,0.06834977999914564,0.24183006535947713,0.05848178051176898,0.7254901960784313,0.5263360246059208,0.13071895424836602,0.01708744499978641,0.22875816993464052,0.052330300311845865,0.8169934640522876,0.6674783203041565,0.6666666666666666,0.4444444444444444,0.2222222222222222,0.04938271604938271,0.5490196078431373,0.3014225297962323
COVID-19,EURUSD,1132,0,0.2679738562091503,0.07180998761160237,0.17647058823529413,0.031141868512110732,0.6470588235294118,0.41868512110726647,0.16339869281045752,0.026699132812166262,0.1830065359477124,0.03349139219958135,0.673202614379085,0.45320176000683504,0.6013071895424836,0.36157033619548035,0.24836601307189543,0.061685676449228934,0.5816993464052288,0.33837412960827035
COVID-19,EURUSD,1133,0,0.3464052287581699,0.11999658251100004,0.1568627450980392,0.024605920799692427,0.5490196078431373,0.3014225297962323,0.3790849673202614,0.14370541244820367,0.26143790849673204,0.06834977999914564,0.6601307189542484,0.43577256610705284,0.5751633986928104,0.3308129351958648,0.19607843137254902,0.03844675124951941,0.6339869281045751,0.4019394250074757
COVID-19,EURUSD,1134,0,0.41830065359477125,0.17497543679781283,0.1437908496732026,0.02067580844974155,0.673202614379085,0.45320176000683504,0.24183006535947713,0.05848178051176898,0.13725490196078433,0.01883890811226452,0.5686274509803921,0.32333717800845824,0.5686274509803921,0.32333717800845824,0.2875816993464052,0.0827032337989662,0.6405228758169934,0.41026955444487156
COVID-19,EURUSD,1135,0,0.45098039215686275,0.20338331410995772,0.11764705882352941,0.01384083044982699,0.5620915032679739,0.31594685804605066,0.2679738562091503,0.07180998761160237,0.21568627450980393,0.0465205690119185,0.4444444444444444,0.19753086419753085,0.5098039215686274,0.2599000384467512,0.20261437908496732,0.041052586611986845,0.6601307189542484,0.43577256610705284
COVID-19,EURUSD,1136,0,0.3202614379084967,0.10256738861121789,0.09803921568627451,0.009611687812379853,0.35294117647058826,0.12456747404844293,0.23529411764705882,0.05536332179930796,0.17647058823529413,0.031141868512110732,0.4117647058823529,0.1695501730103806,0.42483660130718953,0.18048613781024392,0.23529411764705882,0.05536332179930796,0.7058823529411765,0.4982698961937717
COVID-19,EURUSD,1137,0,0.32679738562091504,0.10679653124866505,0.0392156862745098,0.0015378700499807767,0.3333333333333333,0.1111111111111111,0.0784313725490196,0.006151480199923107,0.09803921568627451,0.009611687812379853,0.30718954248366015,0.09436541501132044,0.29411764705882354,0.08650519031141869,0.1895424836601307,0.03592635311205092,0.7712418300653595,0.5948139604425648
COVID-19,EURUSD,1138,0,0.47058823529411764,0.22145328719723184,0.032679738562091505,0.0010679653124866506,0.11764705882352941,0.01384083044982699,0.46405228758169936,0.2153445256098082,0.06535947712418301,0.0042718612499466025,0.28104575163398693,0.07898671451151267,0.20915032679738563,0.04374385919945321,0.3137254901960784,0.09842368319876971,0.8104575163398693,0.6568413857917895
COVID-19,EURUSD,1139,0,0.5816993464052288,0.33837412960827035,0.16339869281045752,0.026699132812166262,0.1895424836601307,0.03592635311205092,0.6405228758169934,0.41026955444487156,0.3464052287581699,0.11999658251100004,0.3137254901960784,0.09842368319876971,0.3660130718954248,0.1339655687983254,0.4117647058823529,0.1695501730103806,0.738562091503268,0.5454739630056816
COVID-19,EURUSD,1140,0,0.43790849673202614,0.19176385151010295,0.16993464052287582,0.02887778204963903,0.1111111111111111,0.012345679012345678,0.38562091503267976,0.1487034901106412,0.1503267973856209,0.02259814601221752,0.2549019607843137,0.0649750096116878,0.3006535947712418,0.09039258404887009,0.41830065359477125,0.17497543679781283,0.8300653594771242,0.6890085010038874
COVID-19,EURUSD,1141,0,0.46405228758169936,0.2153445256098082,0.20261437908496732,0.041052586611986845,0.41830065359477125,0.17497543679781283,0.3137254901960784,0.09842368319876971,0.16993464052287582,0.02887778204963903,0.16993464052287582,0.02887778204963903,0.24836601307189543,0.061685676449228934,0.38562091503267976,0.1487034901106412,0.869281045751634,0.7556495365030544
COVID-19,EURUSD,1142,0,0.6274509803921569,0.39369473279507883,0.33986928104575165,0.11551112819855612,0.08496732026143791,0.0072194455124097575,0.21568627450980393,0.0465205690119185,0.13071895424836602,0.01708744499978641,0.13071895424836602,0.01708744499978641,0.13071895424836602,0.01708744499978641,0.40522875816993464,0.16421034644794738,0.8627450980392157,0.744329104190696
COVID-19,EURUSD,1143,0,0.7647058823529411,0.5847750865051903,0.43137254901960786,0.186082276047674,0.0392156862745098,0.0015378700499807767,0.13725490196078433,0.01883890811226452,0.1895424836601307,0.03592635311205092,0.23529411764705882,0.05536332179930796,0.0718954248366013,0.0051689521124353875,0.45098039215686275,0.20338331410995772,0.7516339869281046,0.5649536503054381
COVID-19,EURUSD,1144,0,0.6470588235294118,0.41868512110726647,0.48366013071895425,0.2339271220470759,0.19607843137254902,0.03844675124951941,0.5555555555555556,0.308641975308642,0.41830065359477125,0.17497543679781283,0.20261437908496732,0.041052586611986845,0.058823529411764705,0.0034602076124567475,0.43137254901960786,0.186082276047674,0.7320261437908496,0.5358622751933017
COVID-19,EURUSD,1145,0,0.7254901960784313,0.5263360246059208,0.4444444444444444,0.19753086419753085,0.3006535947712418,0.09039258404887009,0.3006535947712418,0.09039258404887009,0.4444444444444444,0.19753086419753085,0.21568627450980393,0.0465205690119185,0.38562091503267976,0.1487034901106412,0.6470588235294118,0.41868512110726647,0.9084967320261438,0.8253663121021829
COVID-19,EURUSD,1146,0,0.9673202614379085,0.9357084881883037,0.3790849673202614,0.14370541244820367,0.5294117647058824,0.28027681660899656,0.8104575163398693,0.6568413857917895,0.46405228758169936,0.2153445256098082,0.13725490196078433,0.01883890811226452,0.5228758169934641,0.27339911999658256,0.6862745098039216,0.47097270280661285,0.9607843137254902,0.9231064975009612
COVID-19,EURUSD,1147,0,0.9607843137254902,0.9231064975009612,0.32679738562091504,0.10679653124866505,0.38562091503267976,0.1487034901106412,0.7581699346405228,0.5748216497928147,0.24183006535947713,0.05848178051176898,0.0784313725490196,0.006151480199923107,0.6274509803921569,0.39369473279507883,0.7908496732026143,0.6254432056046819,0.9934640522875817,0.9869708231876629
COVID-19,EURUSD,1148,0,0.954248366013072,0.9105899440386177,0.37254901960784315,0.1387927720107651,0.40522875816993464,0.16421034644794738,0.9738562091503268,0.948395916100645,0.5490196078431373,0.3014225297962323,0.10457516339869281,0.010935964799863302,0.6078431372549019,0.3694732795078815,0.8169934640522876,0.6674783203041565,0.9738562091503268,0.948395916100645
COVID-19,EURUSD,1149,0,0.8104575163398693,0.6568413857917895,0.24836601307189543,0.061685676449228934,0.47058823529411764,0.22145328719723184,0.7124183006535948,0.5075398351061557,0.2549019607843137,0.0649750096116878,0.0718954248366013,0.0051689521124353875,0.45098039215686275,0.20338331410995772,0.6405228758169934,0.41026955444487156,0.9803921568627451,0.9611687812379853
COVID-19,EURUSD,1150,0,0.6666666666666666,0.4444444444444444,0.8954248366013072,0.8017856380024777,0.1830065359477124,0.03349139219958135,0.8496732026143791,0.7219445512409757,0.5620915032679739,0.31594685804605066,0.5228758169934641,0.27339911999658256,0.35947712418300654,0.1292238028108847,0.8496732026143791,0.7219445512409757,0.39215686274509803,0.15378700499807765
COVID-19,EURUSD,1151,0,0.7320261437908496,0.5358622751933017,0.8496732026143791,0.7219445512409757,0.32679738562091504,0.10679653124866505,0.9084967320261438,0.8253663121021829,0.5686274509803921,0.32333717800845824,0.43137254901960786,0.186082276047674,0.26143790849673204,0.06834977999914564,0.803921568627451,0.6462898885044214,0.5620915032679739,0.31594685804605066
COVID-19,EURUSD,1152,0,0.6405228758169934,0.41026955444487156,0.738562091503268,0.5454739630056816,0.6274509803921569,0.39369473279507883,0.5947712418300654,0.35375283010807806,0.5032679738562091,0.253278653509334,0.45098039215686275,0.20338331410995772,0.06535947712418301,0.0042718612499466025,0.6078431372549019,0.3694732795078815,0.4117647058823529,0.1695501730103806
COVID-19,EURUSD,1153,0,0.5555555555555556,0.308641975308642,0.5490196078431373,0.3014225297962323,0.6928104575163399,0.47998633004400015,0.7058823529411765,0.4982698961937717,0.38562091503267976,0.1487034901106412,0.39869281045751637,0.15895595711051308,0.032679738562091505,0.0010679653124866506,0.6339869281045751,0.4019394250074757,0.3137254901960784,0.09842368319876971
COVID-19,EURUSD,1154,0,0.22875816993464052,0.052330300311845865,0.6993464052287581,0.4890853945063864,0.7712418300653595,0.5948139604425648,0.6013071895424836,0.36157033619548035,0.6405228758169934,0.41026955444487156,0.42483660130718953,0.18048613781024392,0.0392156862745098,0.0015378700499807767,0.39215686274509803,0.15378700499807765,0.13725490196078433,0.01883890811226452
COVID-19,EURUSD,1155,0,0.032679738562091505,0.0010679653124866506,0.5686274509803921,0.32333717800845824,0.7516339869281046,0.5649536503054381,0.5294117647058824,0.28027681660899656,0.673202614379085,0.45320176000683504,0.5294117647058824,0.28027681660899656,0.1503267973856209,0.02259814601221752,0.3464052287581699,0.11999658251100004,0.1111111111111111,0.012345679012345678
COVID-19,EURUSD,1156,0,0.0718954248366013,0.0051689521124353875,0.5359477124183006,0.2872399504464095,0.7843137254901961,0.6151480199923106,0.30718954248366015,0.09436541501132044,0.803921568627451,0.6462898885044214,0.5098039215686274,0.2599000384467512,0.27450980392156865,0.07535563244905807,0.30718954248366015,0.09436541501132044,0.12418300653594772,0.015421419112307233
COVID-19,EURUSD,1157,0,0.1111111111111111,0.012345679012345678,0.5816993464052288,0.33837412960827035,0.869281045751634,0.7556495365030544,0.10457516339869281,0.010935964799863302,0.8300653594771242,0.6890085010038874,0.8496732026143791,0.7219445512409757,0.5947712418300654,0.35375283010807806,0.28104575163398693,0.07898671451151267,0.09803921568627451,0.009611687812379853
COVID-19,EURUSD,1158,0,0.0392156862745098,0.0015378700499807767,0.6601307189542484,0.43577256610705284,0.9803921568627451,0.9611687812379853,0.27450980392156865,0.07535563244905807,0.9477124183006536,0.898158827801273,0.803921568627451,0.6462898885044214,0.934640522875817,0.8735529070015806,0.17647058823529413,0.031141868512110732,0.013071895424836602,0.0001708744499978641
COVID-19,EURUSD,1159,0,0.006535947712418301,4.271861249946602e-05,0.6209150326797386,0.3855354778076808,0.9411764705882353,0.8858131487889274,0.058823529411764705,0.0034602076124567475,0.9084967320261438,0.8253663121021829,0.8954248366013072,0.8017856380024777,0.803921568627451,0.6462898885044214,0.1830065359477124,0.03349139219958135,0.0915032679738562,0.008372848049895338
COVID-19,EURUSD,1160,0,0.0457516339869281,0.0020932120124738346,0.5947712418300654,0.35375283010807806,0.9281045751633987,0.8613781024392329,0.013071895424836602,0.0001708744499978641,0.8366013071895425,0.6999017471912513,0.9084967320261438,0.8253663121021829,0.8366013071895425,0.6999017471912513,0.13725490196078433,0.01883890811226452,0.1437908496732026,0.02067580844974155
COVID-19,EURUSD,1161,0,0.13725490196078433,0.01883890811226452,0.5424836601307189,0.29428852150882134,0.9477124183006536,0.898158827801273,0.3202614379084967,0.10256738861121789,0.8431372549019608,0.7108804306036139,0.8366013071895425,0.6999017471912513,0.8758169934640523,0.7670554060404118,0.0718954248366013,0.0051689521124353875,0.13071895424836602,0.01708744499978641
COVID-19,EURUSD,1162,0,0.08496732026143791,0.0072194455124097575,0.5098039215686274,0.2599000384467512,0.9150326797385621,0.8372848049895338,0.0196078431372549,0.00038446751249519417,0.8169934640522876,0.6674783203041565,0.7973856209150327,0.6358238284420523,0.7843137254901961,0.6151480199923106,0.09803921568627451,0.009611687812379853,0.16339869281045752,0.026699132812166262
COVID-19,EURUSD,1163,0,0.05228758169934641,0.0027339911999658254,0.45098039215686275,0.20338331410995772,0.8562091503267973,0.7330941091033363,0.006535947712418301,4.271861249946602e-05,0.6666666666666666,0.4444444444444444,0.8300653594771242,0.6890085010038874,0.7189542483660131,0.5168952112435388,0.006535947712418301,4.271861249946602e-05,0.20915032679738563,0.04374385919945321
COVID-19,EURUSD,1164,0,0.058823529411764705,0.0034602076124567475,0.5294117647058824,0.28027681660899656,0.954248366013072,0.9105899440386177,0.0915032679738562,0.008372848049895338,0.7712418300653595,0.5948139604425648,0.9869281045751634,0.9740270836003248,0.9281045751633987,0.8613781024392329,0.0457516339869281,0.0020932120124738346,0.24836601307189543,0.061685676449228934
COVID-19,EURUSD,1165,0,0.10457516339869281,0.010935964799863302,0.45751633986928103,0.20932120124738346,0.9084967320261438,0.8253663121021829,0.5359477124183006,0.2872399504464095,0.6078431372549019,0.3694732795078815,0.9150326797385621,0.8372848049895338,0.9019607843137255,0.8135332564398309,0.05228758169934641,0.0027339911999658254,0.28104575163398693,0.07898671451151267
COVID-19,EURUSD,1166,0,0.16993464052287582,0.02887778204963903,0.40522875816993464,0.16421034644794738,0.8954248366013072,0.8017856380024777,0.43137254901960786,0.186082276047674,0.4117647058823529,0.1695501730103806,0.954248366013072,0.9105899440386177,0.8954248366013072,0.8017856380024777,0.0784313725490196,0.006151480199923107,0.3333333333333333,0.1111111111111111
COVID-19,EURUSD,1167,0,0.20261437908496732,0.041052586611986845,0.3464052287581699,0.11999658251100004,0.8627450980392157,0.744329104190696,0.1503267973856209,0.02259814601221752,0.45751633986928103,0.20932120124738346,0.9215686274509803,0.8492887351018837,0.8235294117647058,0.6782006920415224,0.0196078431372549,0.00038446751249519417,0.3790849673202614,0.14370541244820367
COVID-19,EURUSD,1168,0,0.20915032679738563,0.04374385919945321,0.29411764705882354,0.08650519031141869,0.8300653594771242,0.6890085010038874,0.41830065359477125,0.17497543679781283,0.29411764705882354,0.08650519031141869,0.869281045751634,0.7556495365030544,0.738562091503268,0.5454739630056816,0.058823529411764705,0.0034602076124567475,0.47058823529411764,0.22145328719723184
COVID-19,EURUSD,1169,0,0.2222222222222222,0.04938271604938271,0.2222222222222222,0.04938271604938271,0.7777777777777778,0.6049382716049383,0.11764705882352941,0.01384083044982699,0.20915032679738563,0.04374385919945321,0.8888888888888888,0.7901234567901234,0.6862745098039216,0.47097270280661285,0.11764705882352941,0.01384083044982699,0.5228758169934641,0.27339911999658256
Russia--Ukraine,USOIL,1487,0,0.10317460317460317,0.010644998740236835,0.03968253968253968,0.0015747039556563364,0.29365079365079366,0.086230788611741,0.23015873015873015,0.05297304106827916,0.20634920634920634,0.04257999496094734,0.1746031746031746,0.030486268581506673,0.07142857142857142,0.00510204081632653,0.18253968253968253,0.03332073570168808,0.4444444444444444,0.19753086419753085
Russia--Ukraine,USOIL,1488,0,0.05555555555555555,0.0030864197530864196,0.4126984126984127,0.17031997984378935,0.626984126984127,0.39310909549004786,0.21428571428571427,0.04591836734693877,0.25396825396825395,0.06449987402368354,0.2857142857142857,0.08163265306122448,0.023809523809523808,0.0005668934240362811,0.1349206349206349,0.01820357772738725,0.35714285714285715,0.12755102040816327
Russia--Ukraine,USOIL,1489,0,0.031746031746031744,0.0010078105316200553,0.30158730158730157,0.09095490047871,0.6587301587301587,0.4339254220206601,0.07936507936507936,0.006298815822625346,0.23809523809523808,0.056689342403628114,0.2777777777777778,0.0771604938271605,0.007936507936507936,6.298815822625346e-05,0.05555555555555555,0.0030864197530864196,0.3333333333333333,0.1111111111111111
Russia--Ukraine,USOIL,1490,0,0.1111111111111111,0.012345679012345678,0.49206349206349204,0.2421264802217183,0.753968253968254,0.5684681279919375,0.14285714285714285,0.02040816326530612,0.36507936507936506,0.13328294280675232,0.5079365079365079,0.25799949609473416,0.09523809523809523,0.009070294784580497,0.007936507936507936,6.298815822625346e-05,0.23015873015873015,0.05297304106827916
Russia--Ukraine,USOIL,1491,0,0.03968253968253968,0.0015747039556563364,0.4444444444444444,0.19753086419753085,0.6825396825396826,0.46586041824137064,0.031746031746031744,0.0010078105316200553,0.30158730158730157,0.09095490047871,0.5238095238095238,0.2743764172335601,0.03968253968253968,0.0015747039556563364,0.03968253968253968,0.0015747039556563364,0.29365079365079366,0.086230788611741
Russia--Ukraine,USOIL,1492,0,0.07142857142857142,0.00510204081632653,0.3412698412698413,0.11646510456034266,0.6746031746031746,0.45508944318468136,0.015873015873015872,0.00025195263290501383,0.2619047619047619,0.06859410430839002,0.4365079365079365,0.19053917863441674,0.031746031746031744,0.0010078105316200553,0.15873015873015872,0.025195263290501382,0.36507936507936506,0.13328294280675232
Russia--Ukraine,USOIL,1493,0,0.07936507936507936,0.006298815822625346,0.1984126984126984,0.03936759889140841,0.4523809523809524,0.20464852607709752,0.1111111111111111,0.012345679012345678,0.1111111111111111,0.012345679012345678,0.25396825396825395,0.06449987402368354,0.06349206349206349,0.004031242126480221,0.1111111111111111,0.012345679012345678,0.3968253968253968,0.15747039556563364
Russia--Ukraine,USOIL,1494,0,0.06349206349206349,0.004031242126480221,0.10317460317460317,0.010644998740236835,0.3968253968253968,0.15747039556563364,0.0873015873015873,0.007621567145376668,0.0873015873015873,0.007621567145376668,0.20634920634920634,0.04257999496094734,0.05555555555555555,0.0030864197530864196,0.07142857142857142,0.00510204081632653,0.4365079365079365,0.19053917863441674
Russia--Ukraine,USOIL,1495,0,0.11904761904761904,0.014172335600907028,0.06349206349206349,0.004031242126480221,0.373015873015873,0.1391408415217939,0.16666666666666666,0.027777777777777776,0.12698412698412698,0.016124968505920885,0.1111111111111111,0.012345679012345678,0.07936507936507936,0.006298815822625346,0.07936507936507936,0.006298815822625346,0.46825396825396826,0.2192617787855883
Russia--Ukraine,USOIL,1496,0,0.14285714285714285,0.02040816326530612,0.1349206349206349,0.01820357772738725,0.42857142857142855,0.18367346938775508,0.18253968253968253,0.03332073570168808,0.031746031746031744,0.0010078105316200553,0.15873015873015872,0.025195263290501382,0.11904761904761904,0.014172335600907028,0.10317460317460317,0.010644998740236835,0.48412698412698413,0.23437893675988913
Russia--Ukraine,USOIL,1497,0,0.0873015873015873,0.007621567145376668,0.015873015873015872,0.00025195263290501383,0.2857142857142857,0.08163265306122448,0.19047619047619047,0.03628117913832199,0.015873015873015872,0.00025195263290501383,0.047619047619047616,0.0022675736961451243,0.10317460317460317,0.010644998740236835,0.031746031746031744,0.0010078105316200553,0.5952380952380952,0.3543083900226757
Russia--Ukraine,USOIL,1498,0,0.18253968253968253,0.03332073570168808,0.11904761904761904,0.014172335600907028,0.5158730158730159,0.26612496850592093,0.06349206349206349,0.004031242126480221,0.06349206349206349,0.004031242126480221,0.03968253968253968,0.0015747039556563364,0.12698412698412698,0.016124968505920885,0.0873015873015873,0.007621567145376668,0.6031746031746031,0.36381960191484
Russia--Ukraine,USOIL,1499,0,0.20634920634920634,0.04257999496094734,0.2698412698412698,0.072814310909549,0.6666666666666666,0.4444444444444444,0.05555555555555555,0.0030864197530864196,0.07142857142857142,0.00510204081632653,0.031746031746031744,0.0010078105316200553,0.21428571428571427,0.04591836734693877,0.06349206349206349,0.004031242126480221,0.5476190476190477,0.2998866213151928
Russia--Ukraine,USOIL,1500,0,0.047619047619047616,0.0022675736961451243,0.007936507936507936,6.298815822625346e-05,0.49206349206349204,0.2421264802217183,0.047619047619047616,0.0022675736961451243,0.007936507936507936,6.298815822625346e-05,0.007936507936507936,6.298815822625346e-05,0.047619047619047616,0.0022675736961451243,0.023809523809523808,0.0005668934240362811,0.8253968253968254,0.6812799193751574
Russia--Ukraine,USOIL,1501,0,0.015873015873015872,0.00025195263290501383,0.023809523809523808,0.0005668934240362811,0.0873015873015873,0.007621567145376668,0.03968253968253968,0.0015747039556563364,0.023809523809523808,0.0005668934240362811,0.11904761904761904,0.014172335600907028,0.0873015873015873,0.007621567145376668,0.015873015873015872,0.00025195263290501383,0.7380952380952381,0.5447845804988662
Russia--Ukraine,USOIL,1502,0,0.023809523809523808,0.0005668934240362811,0.05555555555555555,0.0030864197530864196,0.18253968253968253,0.03332073570168808,0.12698412698412698,0.016124968505920885,0.09523809523809523,0.009070294784580497,0.2619047619047619,0.06859410430839002,0.14285714285714285,0.02040816326530612,0.047619047619047616,0.0022675736961451243,0.5714285714285714,0.32653061224489793
Russia--Ukraine,USOIL,1503,0,0.007936507936507936,6.298815822625346e-05,0.07936507936507936,0.006298815822625346,0.5079365079365079,0.25799949609473416,0.10317460317460317,0.010644998740236835,0.1349206349206349,0.01820357772738725,0.2698412698412698,0.072814310909549,0.18253968253968253,0.03332073570168808,0.09523809523809523,0.009070294784580497,0.5317460317460317,0.2827538422776518
Russia--Ukraine,USOIL,1504,0,0.12698412698412698,0.016124968505920885,0.42063492063492064,0.17693373645754598,0.3492063492063492,0.12194507432602669,0.09523809523809523,0.009070294784580497,0.23015873015873015,0.05297304106827916,0.30952380952380953,0.09580498866213152,0.42857142857142855,0.18367346938775508,0.16666666666666666,0.027777777777777776,0.47619047619047616,0.22675736961451246
Russia--Ukraine,USOIL,1505,0,0.09523809523809523,0.009070294784580497,0.16666666666666666,0.027777777777777776,0.30158730158730157,0.09095490047871,0.15079365079365079,0.0227387251196775,0.07936507936507936,0.006298815822625346,0.15079365079365079,0.0227387251196775,0.3253968253968254,0.10588309397833208,0.1746031746031746,0.030486268581506673,0.6111111111111112,0.37345679012345684
Russia--Ukraine,USOIL,1506,1,0.15873015873015872,0.7077349458301839,0.15079365079365079,0.7211514235323759,0.23809523809523808,0.5804988662131518,0.2698412698412698,0.5331317712270094,0.10317460317460317,0.8042957923910306,0.12698412698412698,0.762156714537667,0.3968253968253968,0.3638196019148401,0.14285714285714285,0.7346938775510206,0.6904761904761905,0.09580498866213152
Russia--Ukraine,USOIL,1507,1,0.16666666666666666,0.6944444444444445,0.30952380952380953,0.4767573696145125,0.16666666666666666,0.6944444444444445,0.023809523809523808,0.9529478458049886,0.2698412698412698,0.5331317712270094,0.24603174603174602,0.5684681279919375,0.4444444444444444,0.308641975308642,0.12698412698412698,0.762156714537667,0.7063492063492064,0.08623078861174097
Russia--Ukraine,USOIL,1508,1,0.1746031746031746,0.6812799193751574,0.19047619047619047,0.655328798185941,0.047619047619047616,0.9070294784580498,0.11904761904761904,0.7760770975056689,0.11904761904761904,0.7760770975056689,0.05555555555555555,0.8919753086419753,0.35714285714285715,0.4132653061224489,0.15079365079365079,0.7211514235323759,0.8174603174603174,0.03332073570168809
Russia--Ukraine,USOIL,1509,1,0.1984126984126984,0.6425422020660116,0.20634920634920634,0.6298815822625348,0.1349206349206349,0.7483623078861175,0.1746031746031746,0.6812799193751574,0.15079365079365079,0.7211514235323759,0.07936507936507936,0.8475686570924668,0.30952380952380953,0.4767573696145125,0.11904761904761904,0.7760770975056689,0.8015873015873016,0.0393675988914084
Russia--Ukraine,USOIL,1510,1,0.1349206349206349,0.7483623078861175,0.23015873015873015,0.5926555807508189,0.07936507936507936,0.8475686570924668,0.30158730158730157,0.48778029730410677,0.14285714285714285,0.7346938775510206,0.07142857142857142,0.8622448979591837,0.31746031746031744,0.46586041824137064,0.19047619047619047,0.655328798185941,0.8095238095238095,0.03628117913832199
Russia--Ukraine,USOIL,1511,1,0.15079365079365079,0.7211514235323759,0.3968253968253968,0.3638196019148401,0.09523809523809523,0.8185941043083901,0.2619047619047619,0.5447845804988662,0.15873015873015872,0.7077349458301839,0.14285714285714285,0.7346938775510206,0.3412698412698413,0.4339254220206601,0.20634920634920634,0.6298815822625348,0.8492063492063492,0.022738725119677505
Russia--Ukraine,USOIL,1512,1,0.2222222222222222,0.6049382716049383,0.14285714285714285,0.7346938775510206,0.15873015873015872,0.7077349458301839,0.31746031746031744,0.46586041824137064,0.05555555555555555,0.8919753086419753,0.06349206349206349,0.8770471151423532,0.24603174603174602,0.5684681279919375,0.2222222222222222,0.6049382716049383,0.8968253968253969,0.01064499874023683
Russia--Ukraine,USOIL,1513,1,0.3333333333333333,0.44444444444444453,0.09523809523809523,0.8185941043083901,0.1984126984126984,0.6425422020660116,0.23809523809523808,0.5804988662131518,0.047619047619047616,0.9070294784580498,0.015873015873015872,0.9685059208868734,0.19047619047619047,0.655328798185941,0.25396825396825395,0.5565633660871756,0.9603174603174603,0.0015747039556563342
Russia--Ukraine,USOIL,1514,1,0.2619047619047619,0.5447845804988662,0.031746031746031744,0.9375157470395565,0.4444444444444444,0.308641975308642,0.15873015873015872,0.7077349458301839,0.03968253968253968,0.922209624590577,0.023809523809523808,0.9529478458049886,0.15873015873015872,0.7077349458301839,0.21428571428571427,0.6173469387755102,0.9920634920634921,6.298815822625302e-05
Russia--Ukraine,USOIL,1515,1,0.23015873015873015,0.5926555807508189,0.047619047619047616,0.9070294784580498,0.5476190476190477,0.20464852607709746,0.30952380952380953,0.4767573696145125,0.24603174603174602,0.5684681279919375,0.0873015873015873,0.833018392542202,0.15079365079365079,0.7211514235323759,0.2777777777777778,0.5216049382716049,0.8650793650793651,0.018203577727387243
Russia--Ukraine,USOIL,1516,1,0.30952380952380953,0.4767573696145125,0.23809523809523808,0.5804988662131518,0.031746031746031744,0.9375157470395565,0.40476190476190477,0.3543083900226757,0.1984126984126984,0.6425422020660116,0.21428571428571427,0.6173469387755102,0.2698412698412698,0.5331317712270094,0.3968253968253968,0.3638196019148401,0.7777777777777778,0.04938271604938271
Russia--Ukraine,USOIL,1517,1,0.373015873015873,0.39310909549004786,0.5396825396825397,0.2118921642731167,0.9920634920634921,6.298815822625302e-05,0.29365079365079366,0.4989292013101536,0.6587301587301587,0.11646510456034266,0.4444444444444444,0.308641975308642,0.015873015873015872,0.9685059208868734,0.2619047619047619,0.5447845804988662,0.07142857142857142,0.8622448979591837
Russia--Ukraine,USOIL,1518,1,0.49206349206349204,0.25799949609473416,0.9285714285714286,0.005102040816326526,0.7857142857142857,0.045918367346938785,0.6507936507936508,0.12194507432602669,0.9920634920634921,6.298815822625302e-05,0.9761904761904762,0.0005668934240362824,0.8333333333333334,0.027777777777777766,0.36507936507936506,0.4031242126480221,0.007936507936507936,0.9841899722852104
Russia--Ukraine,USOIL,1519,1,0.40476190476190477,0.3543083900226757,0.7857142857142857,0.045918367346938785,0.7142857142857143,0.08163265306122448,0.4365079365079365,0.3175233056185437,0.8968253968253969,0.01064499874023683,0.9047619047619048,0.009070294784580497,0.8174603174603174,0.03332073570168809,0.4126984126984127,0.344923154446964,0.015873015873015872,0.9685059208868734
Russia--Ukraine,USOIL,1520,1,0.2857142857142857,0.5102040816326531,0.8253968253968254,0.030486268581506694,0.8333333333333334,0.027777777777777766,0.6666666666666666,0.11111111111111113,0.9841269841269841,0.0002519526329050156,0.9285714285714286,0.005102040816326526,0.9365079365079365,0.004031242126480221,0.30158730158730157,0.48778029730410677,0.023809523809523808,0.9529478458049886
Russia--Ukraine,USOIL,1521,1,0.29365079365079366,0.4989292013101536,0.8650793650793651,0.018203577727387243,0.8968253968253969,0.01064499874023683,0.48412698412698413,0.2661249685059208,0.9603174603174603,0.0015747039556563342,0.9841269841269841,0.0002519526329050156,0.9841269841269841,0.0002519526329050156,0.2857142857142857,0.5102040816326531,0.031746031746031744,0.9375157470395565
Russia--Ukraine,USOIL,1522,1,0.24603174603174602,0.5684681279919375,0.8968253968253969,0.01064499874023683,0.9444444444444444,0.0030864197530864226,0.5396825396825397,0.2118921642731167,0.9126984126984127,0.0076215671453766735,0.9920634920634921,6.298815822625302e-05,0.9920634920634921,6.298815822625302e-05,0.1984126984126984,0.6425422020660116,0.03968253968253968,0.922209624590577
Russia--Ukraine,USOIL,1523,1,0.31746031746031744,0.46586041824137064,0.8174603174603174,0.03332073570168809,0.8095238095238095,0.03628117913832199,0.4523809523809524,0.2998866213151928,0.8650793650793651,0.018203577727387243,0.9682539682539683,0.0010078105316200553,0.8809523809523809,0.014172335600907034,0.24603174603174602,0.5684681279919375,0.05555555555555555,0.8919753086419753
Russia--Ukraine,USOIL,1524,1,0.5396825396825397,0.2118921642731167,0.9047619047619048,0.009070294784580497,0.9761904761904762,0.0005668934240362824,0.7142857142857143,0.08163265306122448,0.9285714285714286,0.005102040816326526,0.9523809523809523,0.0022675736961451295,0.9603174603174603,0.0015747039556563342,0.5079365079365079,0.24212648022171834,0.047619047619047616,0.9070294784580498
Russia--Ukraine,USOIL,1525,1,0.6190476190476191,0.14512471655328796,0.9365079365079365,0.004031242126480221,0.8888888888888888,0.01234567901234569,0.7777777777777778,0.04938271604938271,0.9523809523809523,0.0022675736961451295,0.9126984126984127,0.0076215671453766735,0.9523809523809523,0.0022675736961451295,0.5396825396825397,0.2118921642731167,0.0873015873015873,0.833018392542202
Russia--Ukraine,USOIL,1526,1,0.5952380952380952,0.16383219954648526,0.8809523809523809,0.014172335600907034,0.8809523809523809,0.014172335600907034,0.5317460317460317,0.2192617787855883,0.9206349206349206,0.006298815822625354,0.8412698412698413,0.025195263290501382,0.8968253968253969,0.01064499874023683,0.5634920634920635,0.19053917863441674,0.1111111111111111,0.7901234567901234
Russia--Ukraine,USOIL,1527,1,0.5634920634920635,0.19053917863441674,0.9206349206349206,0.006298815822625354,0.9682539682539683,0.0010078105316200553,0.3888888888888889,0.37345679012345684,0.8888888888888888,0.01234567901234569,0.8888888888888888,0.01234567901234569,0.8888888888888888,0.01234567901234569,0.6111111111111112,0.15123456790123452,0.10317460317460317,0.8042957923910306
Russia--Ukraine,USOIL,1528,1,0.6825396825396826,0.10078105316200553,0.9841269841269841,0.0002519526329050156,0.8650793650793651,0.018203577727387243,0.5158730158730159,0.23437893675988908,0.9682539682539683,0.0010078105316200553,0.9444444444444444,0.0030864197530864226,0.9761904761904762,0.0005668934240362824,0.5714285714285714,0.18367346938775514,0.06349206349206349,0.8770471151423532
Russia--Ukraine,USOIL,1529,1,0.753968253968254,0.060531620055429586,0.9761904761904762,0.0005668934240362824,0.9365079365079365,0.004031242126480221,0.7222222222222222,0.0771604938271605,0.9444444444444444,0.0030864197530864226,0.9603174603174603,0.0015747039556563342,0.9444444444444444,0.0030864197530864226,0.6031746031746031,0.1574703955656337,0.07936507936507936,0.8475686570924668
Russia--Ukraine,USOIL,1530,1,0.6507936507936508,0.12194507432602669,0.9444444444444444,0.0030864197530864226,0.9603174603174603,0.0015747039556563342,0.6904761904761905,0.09580498866213152,0.9047619047619048,0.009070294784580497,0.9365079365079365,0.004031242126480221,0.9126984126984127,0.0076215671453766735,0.6190476190476191,0.14512471655328796,0.09523809523809523,0.8185941043083901
Russia--Ukraine,USOIL,1531,1,0.8174603174603174,0.03332073570168809,0.9523809523809523,0.0022675736961451295,0.9126984126984127,0.0076215671453766735,0.8968253968253969,0.01064499874023683,0.9761904761904762,0.0005668934240362824,0.8809523809523809,0.014172335600907034,0.9682539682539683,0.0010078105316200553,0.8571428571428571,0.020408163265306135,0.11904761904761904,0.7760770975056689
Russia--Ukraine,USOIL,1532,1,0.746031746031746,0.06449987402368354,0.8492063492063492,0.022738725119677505,0.8015873015873016,0.0393675988914084,0.8253968253968254,0.030486268581506694,0.9365079365079365,0.004031242126480221,0.9206349206349206,0.006298815822625354,0.9285714285714286,0.005102040816326526,0.8095238095238095,0.03628117913832199,0.1349206349206349,0.7483623078861175
Russia--Ukraine,USOIL,1533,1,0.7301587301587301,0.07281431090954903,0.8015873015873016,0.0393675988914084,0.7619047619047619,0.056689342403628135,0.9444444444444444,0.0030864197530864226,0.873015873015873,0.016124968505920885,0.8968253968253969,0.01064499874023683,0.9206349206349206,0.006298815822625354,0.6825396825396826,0.10078105316200553,0.15079365079365079,0.7211514235323759
Russia--Ukraine,USOIL,1534,1,0.7142857142857143,0.08163265306122448,0.7698412698412699,0.052973041068279145,0.7222222222222222,0.0771604938271605,0.7857142857142857,0.045918367346938785,0.8492063492063492,0.022738725119677505,0.8492063492063492,0.022738725119677505,0.9047619047619048,0.009070294784580497,0.7222222222222222,0.0771604938271605,0.15873015873015872,0.7077349458301839
Russia--Ukraine,USOIL,1535,1,0.7619047619047619,0.056689342403628135,0.7301587301587301,0.07281431090954903,0.9285714285714286,0.005102040816326526,0.5952380952380952,0.16383219954648526,0.7619047619047619,0.056689342403628135,0.8571428571428571,0.020408163265306135,0.8650793650793651,0.018203577727387243,0.7301587301587301,0.07281431090954903,0.20634920634920634,0.6298815822625348
Russia--Ukraine,USOIL,1536,1,0.8015873015873016,0.0393675988914084,0.753968253968254,0.060531620055429586,0.5873015873015873,0.17031997984378935,0.6190476190476191,0.14512471655328796,0.7301587301587301,0.07281431090954903,0.8253968253968254,0.030486268581506694,0.8412698412698413,0.025195263290501382,0.6428571428571429,0.12755102040816324,0.2222222222222222,0.6049382716049383
Russia--Ukraine,USOIL,1537,1,0.8571428571428571,0.020408163265306135,0.9603174603174603,0.0015747039556563342,0.7301587301587301,0.07281431090954903,0.7301587301587301,0.07281431090954903,0.7698412698412699,0.052973041068279145,0.873015873015873,0.016124968505920885,0.873015873015873,0.016124968505920885,0.8333333333333334,0.027777777777777766,0.21428571428571427,0.6173469387755102
Russia--Ukraine,USOIL,1538,1,0.8492063492063492,0.022738725119677505,0.9126984126984127,0.0076215671453766735,0.6190476190476191,0.14512471655328796,0.8650793650793651,0.018203577727387243,0.7777777777777778,0.04938271604938271,0.7619047619047619,0.056689342403628135,0.8571428571428571,0.020408163265306135,0.746031746031746,0.06449987402368354,0.23809523809523808,0.5804988662131518
Russia--Ukraine,USOIL,1539,1,0.8968253968253969,0.01064499874023683,0.8571428571428571,0.020408163265306135,0.5952380952380952,0.16383219954648526,0.8412698412698413,0.025195263290501382,0.8571428571428571,0.020408163265306135,0.753968253968254,0.060531620055429586,0.8492063492063492,0.022738725119677505,0.753968253968254,0.060531620055429586,0.24603174603174602,0.5684681279919375
Russia--Ukraine,USOIL,1540,1,0.8809523809523809,0.014172335600907034,0.7936507936507936,0.04257999496094736,0.8492063492063492,0.022738725119677505,0.8571428571428571,0.020408163265306135,0.8253968253968254,0.030486268581506694,0.7380952380952381,0.06859410430839,0.8253968253968254,0.030486268581506694,0.7619047619047619,0.056689342403628135,0.25396825396825395,0.5565633660871756
Russia--Ukraine,USOIL,1541,1,0.9126984126984127,0.0076215671453766735,0.7380952380952381,0.06859410430839,0.46825396825396826,0.2827538422776518,0.5714285714285714,0.18367346938775514,0.7142857142857143,0.08163265306122448,0.8095238095238095,0.03628117913832199,0.8095238095238095,0.03628117913832199,0.5873015873015873,0.17031997984378935,0.2698412698412698,0.5331317712270094
Russia--Ukraine,USOIL,1542,1,0.9285714285714286,0.005102040816326526,0.6904761904761905,0.09580498866213152,0.6507936507936508,0.12194507432602669,0.6349206349206349,0.13328294280675235,0.7380952380952381,0.06859410430839,0.7777777777777778,0.04938271604938271,0.7936507936507936,0.04257999496094736,0.6984126984126984,0.09095490047871002,0.3253968253968254,0.45508944318468136
Russia--Ukraine,USOIL,1543,1,0.9523809523809523,0.0022675736961451295,0.7063492063492064,0.08623078861174097,0.9523809523809523,0.0022675736961451295,0.9047619047619048,0.009070294784580497,0.7936507936507936,0.04257999496094736,0.7936507936507936,0.04257999496094736,0.8015873015873016,0.0393675988914084,0.6587301587301587,0.11646510456034266,0.2619047619047619,0.5447845804988662
Russia--Ukraine,USOIL,1544,1,0.8888888888888888,0.01234567901234569,0.746031746031746,0.06449987402368354,0.4603174603174603,0.2912572436381961,0.746031746031746,0.06449987402368354,0.7063492063492064,0.08623078861174097,0.8174603174603174,0.03332073570168809,0.7777777777777778,0.04938271604938271,0.8809523809523809,0.014172335600907034,0.2857142857142857,0.5102040816326531
Russia--Ukraine,USOIL,1545,1,0.9365079365079365,0.004031242126480221,0.8095238095238095,0.03628117913832199,0.8571428571428571,0.020408163265306135,0.6825396825396826,0.10078105316200553,0.6904761904761905,0.09580498866213152,0.8650793650793651,0.018203577727387243,0.7698412698412699,0.052973041068279145,0.873015873015873,0.016124968505920885,0.30158730158730157,0.48778029730410677
Russia--Ukraine,USOIL,1546,1,0.9047619047619048,0.009070294784580497,0.7777777777777778,0.04938271604938271,0.7063492063492064,0.08623078861174097,0.9126984126984127,0.0076215671453766735,0.6984126984126984,0.09095490047871002,0.6587301587301587,0.11646510456034266,0.746031746031746,0.06449987402368354,0.9047619047619048,0.009070294784580497,0.30952380952380953,0.4767573696145125
Russia--Ukraine,USOIL,1547,1,0.9444444444444444,0.0030864197530864226,0.9682539682539683,0.0010078105316200553,0.8412698412698413,0.025195263290501382,0.9603174603174603,0.0015747039556563342,0.8412698412698413,0.025195263290501382,0.7142857142857143,0.08163265306122448,0.7857142857142857,0.045918367346938785,0.9206349206349206,0.006298815822625354,0.1746031746031746,0.6812799193751574
Russia--Ukraine,USOIL,1548,1,0.873015873015873,0.016124968505920885,0.8412698412698413,0.025195263290501382,0.9047619047619048,0.009070294784580497,0.8888888888888888,0.01234567901234569,0.8015873015873016,0.0393675988914084,0.6349206349206349,0.13328294280675235,0.7619047619047619,0.056689342403628135,0.8968253968253969,0.01064499874023683,0.18253968253968253,0.668241370622323
Russia--Ukraine,USOIL,1549,1,0.7936507936507936,0.04257999496094736,0.6825396825396826,0.10078105316200553,0.6111111111111112,0.15123456790123452,0.6031746031746031,0.1574703955656337,0.8095238095238095,0.03628117913832199,0.6984126984126984,0.09095490047871002,0.7142857142857143,0.08163265306122448,0.7936507936507936,0.04257999496094736,0.1984126984126984,0.6425422020660116
Russia--Ukraine,USOIL,1550,1,0.8095238095238095,0.03628117913832199,0.6666666666666666,0.11111111111111113,0.6904761904761905,0.09580498866213152,0.3968253968253968,0.3638196019148401,0.7857142857142857,0.045918367346938785,0.6666666666666666,0.11111111111111113,0.7222222222222222,0.0771604938271605,0.9126984126984127,0.0076215671453766735,0.19047619047619047,0.655328798185941
Russia--Ukraine,USOIL,1551,1,0.7698412698412699,0.052973041068279145,0.7222222222222222,0.0771604938271605,0.7698412698412699,0.052973041068279145,0.5634920634920635,0.19053917863441674,0.8174603174603174,0.03332073570168809,0.6746031746031746,0.10588309397833204,0.7380952380952381,0.06859410430839,0.6507936507936508,0.12194507432602669,0.16666666666666666,0.6944444444444445
Russia--Ukraine,USOIL,1552,1,0.7857142857142857,0.045918367346938785,0.873015873015873,0.016124968505920885,0.873015873015873,0.016124968505920885,0.7063492063492064,0.08623078861174097,0.8333333333333334,0.027777777777777766,0.8333333333333334,0.027777777777777766,0.7063492063492064,0.08623078861174097,0.626984126984127,0.1391408415217939,0.14285714285714285,0.7346938775510206
Russia--Ukraine,USOIL,1553,1,0.7777777777777778,0.04938271604938271,0.9920634920634921,6.298815822625302e-05,0.7936507936507936,0.04257999496094736,0.7936507936507936,0.04257999496094736,0.8809523809523809,0.014172335600907034,0.746031746031746,0.06449987402368354,0.6587301587301587,0.11646510456034266,0.5476190476190477,0.20464852607709746,0.12698412698412698,0.762156714537667
Russia--Ukraine,USOIL,1554,1,0.9682539682539683,0.0010078105316200553,0.6984126984126984,0.09095490047871002,0.5317460317460317,0.2192617787855883,0.7619047619047619,0.056689342403628135,0.6746031746031746,0.10588309397833204,0.7063492063492064,0.08623078861174097,0.6984126984126984,0.09095490047871002,0.9444444444444444,0.0030864197530864226,0.4523809523809524,0.2998866213151928
Russia--Ukraine,USOIL,1555,1,0.9920634920634921,6.298815822625302e-05,0.7142857142857143,0.08163265306122448,0.6428571428571429,0.12755102040816324,0.9920634920634921,6.298815822625302e-05,0.753968253968254,0.060531620055429586,0.6904761904761905,0.09580498866213152,0.7301587301587301,0.07281431090954903,0.9841269841269841,0.0002519526329050156,0.373015873015873,0.39310909549004786
Russia--Ukraine,USOIL,1556,1,0.9841269841269841,0.0002519526329050156,0.7619047619047619,0.056689342403628135,0.05555555555555555,0.8919753086419753,0.9206349206349206,0.006298815822625354,0.6825396825396826,0.10078105316200553,0.7222222222222222,0.0771604938271605,0.753968253968254,0.060531620055429586,0.9920634920634921,6.298815822625302e-05,0.3412698412698413,0.4339254220206601
Russia--Ukraine,USOIL,1557,1,0.9761904761904762,0.0005668934240362824,0.8888888888888888,0.01234567901234569,0.7380952380952381,0.06859410430839,0.9682539682539683,0.0010078105316200553,0.7222222222222222,0.0771604938271605,0.7301587301587301,0.07281431090954903,0.6904761904761905,0.09580498866213152,0.9523809523809523,0.0022675736961451295,0.2777777777777778,0.5216049382716049
Russia--Ukraine,USOIL,1558,1,0.9603174603174603,0.0015747039556563342,0.8333333333333334,0.027777777777777766,0.6984126984126984,0.09095490047871002,0.8015873015873016,0.0393675988914084,0.746031746031746,0.06449987402368354,0.6825396825396826,0.10078105316200553,0.6746031746031746,0.10588309397833204,0.8888888888888888,0.01234567901234569,0.31746031746031744,0.46586041824137064
Russia--Ukraine,USOIL,1559,1,0.9206349206349206,0.006298815822625354,0.6746031746031746,0.10588309397833204,0.1111111111111111,0.7901234567901234,0.9285714285714286,0.005102040816326526,0.6666666666666666,0.11111111111111113,0.6190476190476191,0.14512471655328796,0.626984126984127,0.1391408415217939,0.9285714285714286,0.005102040816326526,0.3492063492063492,0.4235323759133283
Russia--Ukraine,USOIL,1560,1,0.8412698412698413,0.025195263290501382,0.6428571428571429,0.12755102040816324,0.3253968253968254,0.45508944318468136,0.873015873015873,0.016124968505920885,0.6507936507936508,0.12194507432602669,0.5634920634920635,0.19053917863441674,0.2777777777777778,0.5216049382716049,0.9365079365079365,0.004031242126480221,0.3888888888888889,0.37345679012345684
Russia--Ukraine,USOIL,1561,1,0.7222222222222222,0.0771604938271605,0.6507936507936508,0.12194507432602669,0.20634920634920634,0.6298815822625348,0.5873015873015873,0.17031997984378935,0.6031746031746031,0.1574703955656337,0.5396825396825397,0.2118921642731167,0.25396825396825395,0.5565633660871756,0.8412698412698413,0.025195263290501382,0.38095238095238093,0.3832199546485261
Russia--Ukraine,USOIL,1562,1,0.6428571428571429,0.12755102040816324,0.6349206349206349,0.13328294280675235,0.5555555555555556,0.19753086419753085,0.7698412698412699,0.052973041068279145,0.5555555555555556,0.19753086419753085,0.5793650793650794,0.17693373645754593,0.373015873015873,0.39310909549004786,0.6746031746031746,0.10588309397833204,0.40476190476190477,0.3543083900226757
Russia--Ukraine,USOIL,1563,1,0.7063492063492064,0.08623078861174097,0.6587301587301587,0.11646510456034266,0.6031746031746031,0.1574703955656337,0.6428571428571429,0.12755102040816324,0.5476190476190477,0.20464852607709746,0.5952380952380952,0.16383219954648526,0.38095238095238093,0.3832199546485261,0.7857142857142857,0.045918367346938785,0.4126984126984127,0.344923154446964
Russia--Ukraine,USOIL,1564,1,0.5714285714285714,0.18367346938775514,0.626984126984127,0.1391408415217939,0.47619047619047616,0.2743764172335601,0.5238095238095238,0.22675736961451246,0.6349206349206349,0.13328294280675235,0.5714285714285714,0.18367346938775514,0.3333333333333333,0.44444444444444453,0.6904761904761905,0.09580498866213152,0.42063492063492064,0.3356638951877046
Russia--Ukraine,USOIL,1565,1,0.6349206349206349,0.13328294280675235,0.6111111111111112,0.15123456790123452,0.24603174603174602,0.5684681279919375,0.8809523809523809,0.014172335600907034,0.5396825396825397,0.2118921642731167,0.5,0.25,0.5079365079365079,0.24212648022171834,0.7777777777777778,0.04938271604938271,0.5238095238095238,0.22675736961451246
Russia--Ukraine,USOIL,1566,1,0.6984126984126984,0.09095490047871002,0.6190476190476191,0.14512471655328796,0.30952380952380953,0.4767573696145125,0.8333333333333334,0.027777777777777766,0.5952380952380952,0.16383219954648526,0.5158730158730159,0.23437893675988908,0.5238095238095238,0.22675736961451246,0.8492063492063492,0.022738725119677505,0.4603174603174603,0.2912572436381961
Russia--Ukraine,USOIL,1567,1,0.8333333333333334,0.027777777777777766,0.5555555555555556,0.19753086419753085,0.7777777777777778,0.04938271604938271,0.9365079365079365,0.004031242126480221,0.5317460317460317,0.2192617787855883,0.5476190476190477,0.20464852607709746,0.6666666666666666,0.11111111111111113,0.9761904761904762,0.0005668934240362824,0.9761904761904762,0.0005668934240362824
Russia--Ukraine,USOIL,1568,1,0.8253968253968254,0.030486268581506694,0.5317460317460317,0.2192617787855883,0.8174603174603174,0.03332073570168809,0.9523809523809523,0.0022675736961451295,0.5714285714285714,0.18367346938775514,0.49206349206349204,0.25799949609473416,0.6825396825396826,0.10078105316200553,0.9682539682539683,0.0010078105316200553,0.9682539682539683,0.0010078105316200553
Russia--Ukraine,USOIL,1569,1,0.8650793650793651,0.018203577727387243,0.5476190476190477,0.20464852607709746,0.9206349206349206,0.006298815822625354,0.9841269841269841,0.0002519526329050156,0.5634920634920635,0.19053917863441674,0.47619047619047616,0.2743764172335601,0.6507936507936508,0.12194507432602669,0.9603174603174603,0.0015747039556563342,0.9126984126984127,0.0076215671453766735
Russia--Ukraine,USOIL,1570,1,0.6904761904761905,0.09580498866213152,0.5634920634920635,0.19053917863441674,0.9841269841269841,0.0002519526329050156,0.5,0.25,0.5793650793650794,0.17693373645754593,0.42857142857142855,0.32653061224489793,0.4603174603174603,0.2912572436381961,0.7380952380952381,0.06859410430839,0.42857142857142855,0.32653061224489793
Russia--Ukraine,USOIL,1571,0,0.5079365079365079,0.25799949609473416,0.5238095238095238,0.2743764172335601,0.38095238095238093,0.14512471655328796,0.6746031746031746,0.45508944318468136,0.5238095238095238,0.2743764172335601,0.4126984126984127,0.17031997984378935,0.49206349206349204,0.2421264802217183,0.8174603174603174,0.668241370622323,0.5,0.25
Russia--Ukraine,USOIL,1572,0,0.5158730158730159,0.26612496850592093,0.46825396825396826,0.2192617787855883,0.11904761904761904,0.014172335600907028,0.5793650793650794,0.3356638951877048,0.5158730158730159,0.26612496850592093,0.373015873015873,0.1391408415217939,0.5634920634920635,0.3175233056185437,0.7063492063492064,0.4989292013101538,0.7222222222222222,0.5216049382716049
Russia--Ukraine,USOIL,1573,0,0.6111111111111112,0.37345679012345684,0.48412698412698413,0.23437893675988913,0.3412698412698413,0.11646510456034266,0.5079365079365079,0.25799949609473416,0.47619047619047616,0.22675736961451246,0.36507936507936506,0.13328294280675232,0.5952380952380952,0.3543083900226757,0.5952380952380952,0.3543083900226757,0.746031746031746,0.5565633660871756
Russia--Ukraine,USOIL,1574,0,0.4523809523809524,0.20464852607709752,0.47619047619047616,0.22675736961451246,0.2777777777777778,0.0771604938271605,0.8492063492063492,0.7211514235323759,0.3412698412698413,0.11646510456034266,0.3412698412698413,0.11646510456034266,0.6428571428571429,0.41326530612244905,0.7142857142857143,0.5102040816326531,0.7619047619047619,0.5804988662131518
Russia--Ukraine,USOIL,1575,0,0.6587301587301587,0.4339254220206601,0.38095238095238093,0.14512471655328796,0.03968253968253968,0.0015747039556563364,0.6111111111111112,0.37345679012345684,0.3968253968253968,0.15747039556563364,0.3253968253968254,0.10588309397833208,0.6031746031746031,0.36381960191484,0.7698412698412699,0.5926555807508189,0.8571428571428571,0.7346938775510203
Russia--Ukraine,USOIL,1576,0,0.5317460317460317,0.2827538422776518,0.21428571428571427,0.04591836734693877,0.14285714285714285,0.02040816326530612,0.7380952380952381,0.5447845804988662,0.373015873015873,0.1391408415217939,0.29365079365079366,0.086230788611741,0.5555555555555556,0.308641975308642,0.6666666666666666,0.4444444444444444,0.9523809523809523,0.9070294784580498
Russia--Ukraine,USOIL,1577,0,0.5,0.25,0.2857142857142857,0.08163265306122448,0.2222222222222222,0.04938271604938271,0.8174603174603174,0.668241370622323,0.3333333333333333,0.1111111111111111,0.35714285714285715,0.12755102040816327,0.5476190476190477,0.2998866213151928,0.5793650793650794,0.3356638951877048,0.9841269841269841,0.9685059208868732
Russia--Ukraine,USOIL,1578,0,0.5555555555555556,0.308641975308642,0.5158730158730159,0.26612496850592093,0.5396825396825397,0.291257243638196,0.9761904761904762,0.9529478458049886,0.5,0.25,0.4523809523809524,0.20464852607709752,0.47619047619047616,0.22675736961451246,0.8253968253968254,0.6812799193751574,0.5158730158730159,0.26612496850592093
Russia--Ukraine,USOIL,1579,0,0.5238095238095238,0.2743764172335601,0.3888888888888889,0.15123456790123457,0.746031746031746,0.5565633660871756,0.8095238095238095,0.655328798185941,0.4523809523809524,0.20464852607709752,0.42063492063492064,0.17693373645754598,0.29365079365079366,0.086230788611741,0.6349206349206349,0.4031242126480221,0.626984126984127,0.39310909549004786
Russia--Ukraine,USOIL,1580,0,0.626984126984127,0.39310909549004786,0.35714285714285715,0.12755102040816327,0.4126984126984127,0.17031997984378935,0.753968253968254,0.5684681279919375,0.49206349206349204,0.2421264802217183,0.40476190476190477,0.16383219954648526,0.4126984126984127,0.17031997984378935,0.8015873015873016,0.6425422020660116,0.6428571428571429,0.41326530612244905
Russia--Ukraine,USOIL,1581,0,0.5873015873015873,0.344923154446964,0.373015873015873,0.1391408415217939,0.5,0.25,0.5555555555555556,0.308641975308642,0.46825396825396826,0.2192617787855883,0.46825396825396826,0.2192617787855883,0.5,0.25,0.8650793650793651,0.7483623078861175,0.5634920634920635,0.3175233056185437
Russia--Ukraine,USOIL,1582,0,0.4126984126984127,0.17031997984378935,0.0873015873015873,0.007621567145376668,0.023809523809523808,0.0005668934240362811,0.46825396825396826,0.2192617787855883,0.35714285714285715,0.12755102040816327,0.3968253968253968,0.15747039556563364,0.36507936507936506,0.13328294280675232,0.5555555555555556,0.308641975308642,0.5873015873015873,0.344923154446964
Russia--Ukraine,USOIL,1583,0,0.36507936507936506,0.13328294280675232,0.25396825396825395,0.06449987402368354,0.12698412698412698,0.016124968505920885,0.6984126984126984,0.48778029730410677,0.2777777777777778,0.0771604938271605,0.23015873015873015,0.05297304106827916,0.3492063492063492,0.12194507432602669,0.5,0.25,0.5555555555555556,0.308641975308642
Russia--Ukraine,USOIL,1584,0,0.35714285714285715,0.12755102040816327,0.36507936507936506,0.13328294280675232,0.6349206349206349,0.4031242126480221,0.3253968253968254,0.10588309397833208,0.31746031746031744,0.10078105316200553,0.2222222222222222,0.04938271604938271,0.3888888888888889,0.15123456790123457,0.4365079365079365,0.19053917863441674,0.6587301587301587,0.4339254220206601
Russia--Ukraine,USOIL,1585,0,0.38095238095238093,0.14512471655328796,0.2777777777777778,0.0771604938271605,0.007936507936507936,6.298815822625346e-05,0.42063492063492064,0.17693373645754598,0.30952380952380953,0.09580498866213152,0.1984126984126984,0.03936759889140841,0.40476190476190477,0.16383219954648526,0.42063492063492064,0.17693373645754598,0.6666666666666666,0.4444444444444444
Russia--Ukraine,USOIL,1586,0,0.19047619047619047,0.03628117913832199,0.24603174603174602,0.06053162005542957,0.36507936507936506,0.13328294280675232,0.373015873015873,0.1391408415217939,0.21428571428571427,0.04591836734693877,0.18253968253968253,0.03332073570168808,0.1984126984126984,0.03936759889140841,0.29365079365079366,0.086230788611741,0.6349206349206349,0.4031242126480221
Russia--Ukraine,USOIL,1587,0,0.2698412698412698,0.072814310909549,0.29365079365079366,0.086230788611741,0.23015873015873015,0.05297304106827916,0.1984126984126984,0.03936759889140841,0.29365079365079366,0.086230788611741,0.30158730158730157,0.09095490047871,0.20634920634920634,0.04257999496094734,0.23015873015873015,0.05297304106827916,0.49206349206349204,0.2421264802217183
Russia--Ukraine,USOIL,1588,0,0.21428571428571427,0.04591836734693877,0.18253968253968253,0.03332073570168808,0.35714285714285715,0.12755102040816327,0.07142857142857142,0.00510204081632653,0.19047619047619047,0.03628117913832199,0.19047619047619047,0.03628117913832199,0.1746031746031746,0.030486268581506673,0.23809523809523808,0.056689342403628114,0.6507936507936508,0.4235323759133283
Russia--Ukraine,USOIL,1589,0,0.25396825396825395,0.06449987402368354,0.1111111111111111,0.012345679012345678,0.10317460317460317,0.010644998740236835,0.007936507936507936,6.298815822625346e-05,0.1746031746031746,0.030486268581506673,0.10317460317460317,0.010644998740236835,0.16666666666666666,0.027777777777777776,0.2698412698412698,0.072814310909549,0.7142857142857143,0.5102040816326531
Russia--Ukraine,USOIL,1590,0,0.23809523809523808,0.056689342403628114,0.07142857142857142,0.00510204081632653,0.5238095238095238,0.2743764172335601,0.3412698412698413,0.11646510456034266,0.16666666666666666,0.027777777777777776,0.09523809523809523,0.009070294784580497,0.2222222222222222,0.04938271604938271,0.3253968253968254,0.10588309397833208,0.7698412698412699,0.5926555807508189
Russia--Ukraine,USOIL,1591,0,0.2777777777777778,0.0771604938271605,0.12698412698412698,0.016124968505920885,0.21428571428571427,0.04591836734693877,0.24603174603174602,0.06053162005542957,0.2222222222222222,0.04938271604938271,0.1349206349206349,0.01820357772738725,0.23809523809523808,0.056689342403628114,0.373015873015873,0.1391408415217939,0.8333333333333334,0.6944444444444445
Russia--Ukraine,USOIL,1592,0,0.3412698412698413,0.11646510456034266,0.15873015873015872,0.025195263290501382,0.3888888888888889,0.15123456790123457,0.20634920634920634,0.04257999496094734,0.18253968253968253,0.03332073570168808,0.16666666666666666,0.027777777777777776,0.2619047619047619,0.06859410430839002,0.38095238095238093,0.14512471655328796,0.873015873015873,0.762156714537667
Russia--Ukraine,USOIL,1593,0,0.4444444444444444,0.19753086419753085,0.2222222222222222,0.04938271604938271,0.48412698412698413,0.23437893675988913,0.35714285714285715,0.12755102040816327,0.2857142857142857,0.08163265306122448,0.23809523809523808,0.056689342403628114,0.42063492063492064,0.17693373645754598,0.5238095238095238,0.2743764172335601,0.9206349206349206,0.8475686570924665
Russia--Ukraine,USOIL,1594,0,0.46825396825396826,0.2192617787855883,0.2619047619047619,0.06859410430839002,0.1746031746031746,0.030486268581506673,0.4603174603174603,0.21189216427311663,0.38095238095238093,0.14512471655328796,0.3333333333333333,0.1111111111111111,0.5396825396825397,0.291257243638196,0.49206349206349204,0.2421264802217183,0.9444444444444444,0.8919753086419753
Russia--Ukraine,USOIL,1595,0,0.4603174603174603,0.21189216427311663,0.31746031746031744,0.10078105316200553,0.31746031746031744,0.10078105316200553,0.2857142857142857,0.08163265306122448,0.40476190476190477,0.16383219954648526,0.4603174603174603,0.21189216427311663,0.5714285714285714,0.32653061224489793,0.47619047619047616,0.22675736961451246,0.9285714285714286,0.8622448979591837
Russia--Ukraine,USOIL,1596,0,0.48412698412698413,0.23437893675988913,0.3492063492063492,0.12194507432602669,0.4365079365079365,0.19053917863441674,0.3492063492063492,0.12194507432602669,0.42063492063492064,0.17693373645754598,0.5873015873015873,0.344923154446964,0.6111111111111112,0.37345679012345684,0.4444444444444444,0.19753086419753085,0.8809523809523809,0.7760770975056689
Russia--Ukraine,USOIL,1597,0,0.3968253968253968,0.15747039556563364,0.5079365079365079,0.25799949609473416,0.8253968253968254,0.6812799193751574,0.2222222222222222,0.04938271604938271,0.5079365079365079,0.25799949609473416,0.5317460317460317,0.2827538422776518,0.6190476190476191,0.3832199546485261,0.40476190476190477,0.16383219954648526,0.9047619047619048,0.8185941043083901
Russia--Ukraine,USOIL,1598,0,0.5793650793650794,0.3356638951877048,0.5714285714285714,0.32653061224489793,0.42063492063492064,0.17693373645754598,0.47619047619047616,0.22675736961451246,0.5873015873015873,0.344923154446964,0.6428571428571429,0.41326530612244905,0.5793650793650794,0.3356638951877048,0.4523809523809524,0.20464852607709752,0.5793650793650794,0.3356638951877048
Russia--Ukraine,USOIL,1599,0,0.6666666666666666,0.4444444444444444,0.5873015873015873,0.344923154446964,0.2619047619047619,0.06859410430839002,0.3333333333333333,0.1111111111111111,0.6190476190476191,0.3832199546485261,0.6507936507936508,0.4235323759133283,0.5317460317460317,0.2827538422776518,0.5158730158730159,0.26612496850592093,0.6825396825396826,0.46586041824137064
Russia--Ukraine,USOIL,1600,0,0.7380952380952381,0.5447845804988662,0.5793650793650794,0.3356638951877048,0.5793650793650794,0.3356638951877048,0.49206349206349204,0.2421264802217183,0.626984126984127,0.39310909549004786,0.7857142857142857,0.6173469387755102,0.5158730158730159,0.26612496850592093,0.48412698412698413,0.23437893675988913,0.7301587301587301,0.5331317712270093
Russia--Ukraine,USOIL,1601,0,0.6746031746031746,0.45508944318468136,0.5952380952380952,0.3543083900226757,0.40476190476190477,0.16383219954648526,0.4126984126984127,0.17031997984378935,0.6428571428571429,0.41326530612244905,0.7698412698412699,0.5926555807508189,0.5873015873015873,0.344923154446964,0.46825396825396826,0.2192617787855883,0.6746031746031746,0.45508944318468136
Russia--Ukraine,USOIL,1602,0,0.6031746031746031,0.36381960191484,0.6031746031746031,0.36381960191484,0.5714285714285714,0.32653061224489793,0.5476190476190477,0.2998866213151928,0.6111111111111112,0.37345679012345684,0.8015873015873016,0.6425422020660116,0.6349206349206349,0.4031242126480221,0.5317460317460317,0.2827538422776518,0.5396825396825397,0.291257243638196
Russia--Ukraine,USOIL,1603,0,0.5476190476190477,0.2998866213151928,0.4365079365079365,0.19053917863441674,0.3333333333333333,0.1111111111111111,0.4444444444444444,0.19753086419753085,0.48412698412698413,0.23437893675988913,0.6111111111111112,0.37345679012345684,0.46825396825396826,0.2192617787855883,0.3412698412698413,0.11646510456034266,0.9365079365079365,0.8770471151423532
Russia--Ukraine,USOIL,1604,0,0.47619047619047616,0.22675736961451246,0.4523809523809524,0.20464852607709752,0.19047619047619047,0.03628117913832199,0.6587301587301587,0.4339254220206601,0.4603174603174603,0.21189216427311663,0.626984126984127,0.39310909549004786,0.48412698412698413,0.23437893675988913,0.35714285714285715,0.12755102040816327,0.8888888888888888,0.7901234567901234
Russia--Ukraine,USOIL,1605,0,0.4365079365079365,0.19053917863441674,0.40476190476190477,0.16383219954648526,0.07142857142857142,0.00510204081632653,0.626984126984127,0.39310909549004786,0.4126984126984127,0.17031997984378935,0.6031746031746031,0.36381960191484,0.4365079365079365,0.19053917863441674,0.4603174603174603,0.21189216427311663,0.8412698412698413,0.7077349458301839
Russia--Ukraine,USOIL,1606,0,0.42063492063492064,0.17693373645754598,0.42857142857142855,0.18367346938775508,0.015873015873015872,0.00025195263290501383,0.38095238095238093,0.14512471655328796,0.42857142857142855,0.18367346938775508,0.5555555555555556,0.308641975308642,0.30158730158730157,0.09095490047871,0.3333333333333333,0.1111111111111111,0.7936507936507936,0.6298815822625345
Russia--Ukraine,USOIL,1607,0,0.42857142857142855,0.18367346938775508,0.3253968253968254,0.10588309397833208,0.15079365079365079,0.0227387251196775,0.2777777777777778,0.0771604938271605,0.4444444444444444,0.19753086419753085,0.48412698412698413,0.23437893675988913,0.23015873015873015,0.05297304106827916,0.3492063492063492,0.12194507432602669,0.753968253968254,0.5684681279919375
Russia--Ukraine,USOIL,1608,0,0.3492063492063492,0.12194507432602669,0.1746031746031746,0.030486268581506673,0.06349206349206349,0.004031242126480221,0.36507936507936506,0.13328294280675232,0.3492063492063492,0.12194507432602669,0.3888888888888889,0.15123456790123457,0.1111111111111111,0.012345679012345678,0.31746031746031744,0.10078105316200553,0.7857142857142857,0.6173469387755102
Russia--Ukraine,USOIL,1609,0,0.30158730158730157,0.09095490047871,0.3333333333333333,0.1111111111111111,0.25396825396825395,0.06449987402368354,0.1349206349206349,0.01820357772738725,0.3253968253968254,0.10588309397833208,0.3492063492063492,0.12194507432602669,0.1349206349206349,0.01820357772738725,0.3888888888888889,0.15123456790123457,0.6984126984126984,0.48778029730410677
Russia--Ukraine,USOIL,1610,0,0.3253968253968254,0.10588309397833208,0.4603174603174603,0.21189216427311663,0.2698412698412698,0.072814310909549,0.25396825396825395,0.06449987402368354,0.3888888888888889,0.15123456790123457,0.31746031746031744,0.10078105316200553,0.2857142857142857,0.08163265306122448,0.30952380952380953,0.09580498866213152,0.6190476190476191,0.3832199546485261
Russia--Ukraine,USOIL,1611,0,0.3888888888888889,0.15123456790123457,0.5,0.25,0.5634920634920635,0.3175233056185437,0.42857142857142855,0.18367346938775508,0.4365079365079365,0.19053917863441674,0.38095238095238093,0.14512471655328796,0.4523809523809524,0.20464852607709752,0.42857142857142855,0.18367346938775508,0.5079365079365079,0.25799949609473416
Russia--Ukraine,GOLD,1486,0,0.7698412698412699,0.5926555807508189,0.2222222222222222,0.04938271604938271,0.2698412698412698,0.072814310909549,0.9761904761904762,0.9529478458049886,0.07936507936507936,0.006298815822625346,0.25396825396825395,0.06449987402368354,0.6428571428571429,0.41326530612244905,0.8333333333333334,0.6944444444444445,0.8015873015873016,0.6425422020660116
Russia--Ukraine,GOLD,1487,0,0.5873015873015873,0.344923154446964,0.23015873015873015,0.05297304106827916,0.06349206349206349,0.004031242126480221,0.6507936507936508,0.4235323759133283,0.1984126984126984,0.03936759889140841,0.29365079365079366,0.086230788611741,0.6825396825396826,0.46586041824137064,0.8095238095238095,0.655328798185941,0.8571428571428571,0.7346938775510203
Russia--Ukraine,GOLD,1488,0,0.5079365079365079,0.25799949609473416,0.21428571428571427,0.04591836734693877,0.5158730158730159,0.26612496850592093,0.7222222222222222,0.5216049382716049,0.07142857142857142,0.00510204081632653,0.047619047619047616,0.0022675736961451243,0.5714285714285714,0.32653061224489793,0.6111111111111112,0.37345679012345684,0.7301587301587301,0.5331317712270093
Russia--Ukraine,GOLD,1489,0,0.5952380952380952,0.3543083900226757,0.19047619047619047,0.03628117913832199,0.3888888888888889,0.15123456790123457,0.7380952380952381,0.5447845804988662,0.16666666666666666,0.027777777777777776,0.0873015873015873,0.007621567145376668,0.5793650793650794,0.3356638951877048,0.5793650793650794,0.3356638951877048,0.7857142857142857,0.6173469387755102
Russia--Ukraine,GOLD,1490,0,0.6190476190476191,0.3832199546485261,0.16666666666666666,0.027777777777777776,0.09523809523809523,0.009070294784580497,0.753968253968254,0.5684681279919375,0.20634920634920634,0.04257999496094734,0.05555555555555555,0.0030864197530864196,0.626984126984127,0.39310909549004786,0.6428571428571429,0.41326530612244905,0.873015873015873,0.762156714537667
Russia--Ukraine,GOLD,1491,0,0.5158730158730159,0.26612496850592093,0.15873015873015872,0.025195263290501382,0.1746031746031746,0.030486268581506673,0.6904761904761905,0.4767573696145125,0.21428571428571427,0.04591836734693877,0.16666666666666666,0.027777777777777776,0.6349206349206349,0.4031242126480221,0.6587301587301587,0.4339254220206601,0.8888888888888888,0.7901234567901234
Russia--Ukraine,GOLD,1492,0,0.4603174603174603,0.21189216427311663,0.047619047619047616,0.0022675736961451243,0.24603174603174602,0.06053162005542957,0.5714285714285714,0.32653061224489793,0.25396825396825395,0.06449987402368354,0.023809523809523808,0.0005668934240362811,0.5476190476190477,0.2998866213151928,0.5158730158730159,0.26612496850592093,0.8492063492063492,0.7211514235323759
Russia--Ukraine,GOLD,1493,0,0.5317460317460317,0.2827538422776518,0.05555555555555555,0.0030864197530864196,0.07936507936507936,0.006298815822625346,0.5873015873015873,0.344923154446964,0.15873015873015872,0.025195263290501382,0.031746031746031744,0.0010078105316200553,0.5873015873015873,0.344923154446964,0.626984126984127,0.39310909549004786,0.9444444444444444,0.8919753086419753
Russia--Ukraine,GOLD,1494,0,0.5476190476190477,0.2998866213151928,0.06349206349206349,0.004031242126480221,0.4444444444444444,0.19753086419753085,0.5952380952380952,0.3543083900226757,0.11904761904761904,0.014172335600907028,0.06349206349206349,0.004031242126480221,0.6587301587301587,0.4339254220206601,0.6984126984126984,0.48778029730410677,0.9603174603174603,0.922209624590577
Russia--Ukraine,GOLD,1495,0,0.6031746031746031,0.36381960191484,0.07936507936507936,0.006298815822625346,0.25396825396825395,0.06449987402368354,0.23015873015873015,0.05297304106827916,0.1746031746031746,0.030486268581506673,0.1984126984126984,0.03936759889140841,0.6746031746031746,0.45508944318468136,0.7222222222222222,0.5216049382716049,0.9523809523809523,0.9070294784580498
Russia--Ukraine,GOLD,1496,0,0.5634920634920635,0.3175233056185437,0.15079365079365079,0.0227387251196775,0.5793650793650794,0.3356638951877048,0.8412698412698413,0.7077349458301839,0.1111111111111111,0.012345679012345678,0.15079365079365079,0.0227387251196775,0.6190476190476191,0.3832199546485261,0.7777777777777778,0.6049382716049383,0.9682539682539683,0.9375157470395565
Russia--Ukraine,GOLD,1497,0,0.9603174603174603,0.922209624590577,0.8015873015873016,0.6425422020660116,0.5317460317460317,0.2827538422776518,0.9206349206349206,0.8475686570924665,0.9126984126984127,0.833018392542202,0.9682539682539683,0.9375157470395565,0.9365079365079365,0.8770471151423532,0.9523809523809523,0.9070294784580498,0.2777777777777778,0.0771604938271605
Russia--Ukraine,GOLD,1498,0,0.9761904761904762,0.9529478458049886,0.8571428571428571,0.7346938775510203,0.8015873015873016,0.6425422020660116,0.9047619047619048,0.8185941043083901,0.8492063492063492,0.7211514235323759,0.9841269841269841,0.9685059208868732,0.8253968253968254,0.6812799193751574,0.9206349206349206,0.8475686570924665,0.29365079365079366,0.086230788611741
Russia--Ukraine,GOLD,1499,0,0.9920634920634921,0.9841899722852104,0.873015873015873,0.762156714537667,0.9841269841269841,0.9685059208868732,0.9920634920634921,0.9841899722852104,0.873015873015873,0.762156714537667,0.9920634920634921,0.9841899722852104,0.7936507936507936,0.6298815822625345,0.9920634920634921,0.9841899722852104,0.2857142857142857,0.08163265306122448
Russia--Ukraine,GOLD,1500,0,0.9841269841269841,0.9685059208868732,0.9285714285714286,0.8622448979591837,0.2857142857142857,0.08163265306122448,0.9285714285714286,0.8622448979591837,0.9206349206349206,0.8475686570924665,0.9285714285714286,0.8622448979591837,0.7301587301587301,0.5331317712270093,0.9603174603174603,0.922209624590577,0.30952380952380953,0.09580498866213152
Russia--Ukraine,GOLD,1501,0,0.9126984126984127,0.833018392542202,0.8492063492063492,0.7211514235323759,0.9365079365079365,0.8770471151423532,0.9603174603174603,0.922209624590577,0.8333333333333334,0.6944444444444445,0.873015873015873,0.762156714537667,0.6666666666666666,0.4444444444444444,0.8888888888888888,0.7901234567901234,0.3888888888888889,0.15123456790123457
Russia--Ukraine,GOLD,1502,0,0.9523809523809523,0.9070294784580498,0.8333333333333334,0.6944444444444445,0.10317460317460317,0.010644998740236835,0.9523809523809523,0.9070294784580498,0.7857142857142857,0.6173469387755102,0.8571428571428571,0.7346938775510203,0.7063492063492064,0.4989292013101538,0.9444444444444444,0.8919753086419753,0.4444444444444444,0.19753086419753085
Russia--Ukraine,GOLD,1503,0,0.7777777777777778,0.6049382716049383,0.8174603174603174,0.668241370622323,0.023809523809523808,0.0005668934240362811,0.8809523809523809,0.7760770975056689,0.7142857142857143,0.5102040816326531,0.8492063492063492,0.7211514235323759,0.8095238095238095,0.655328798185941,0.9682539682539683,0.9375157470395565,0.5317460317460317,0.2827538422776518
Russia--Ukraine,GOLD,1504,0,0.8571428571428571,0.7346938775510203,0.7698412698412699,0.5926555807508189,0.015873015873015872,0.00025195263290501383,0.9444444444444444,0.8919753086419753,0.6507936507936508,0.4235323759133283,0.8650793650793651,0.7483623078861175,0.9126984126984127,0.833018392542202,0.873015873015873,0.762156714537667,0.6031746031746031,0.36381960191484
Russia--Ukraine,GOLD,1505,1,0.9444444444444444,0.0030864197530864226,0.7619047619047619,0.056689342403628135,0.626984126984127,0.1391408415217939,0.8492063492063492,0.022738725119677505,0.7698412698412699,0.052973041068279145,0.8968253968253969,0.01064499874023683,0.9761904761904762,0.0005668934240362824,0.8650793650793651,0.018203577727387243,0.6428571428571429,0.12755102040816324
Russia--Ukraine,GOLD,1506,1,0.8492063492063492,0.022738725119677505,0.8253968253968254,0.030486268581506694,0.14285714285714285,0.7346938775510206,0.7698412698412699,0.052973041068279145,0.7301587301587301,0.07281431090954903,0.9603174603174603,0.0015747039556563342,0.746031746031746,0.06449987402368354,0.746031746031746,0.06449987402368354,0.373015873015873,0.39310909549004786
Russia--Ukraine,GOLD,1507,1,0.8015873015873016,0.0393675988914084,0.7936507936507936,0.04257999496094736,0.3253968253968254,0.45508944318468136,0.7619047619047619,0.056689342403628135,0.7619047619047619,0.056689342403628135,0.9206349206349206,0.006298815822625354,0.8888888888888888,0.01234567901234569,0.8809523809523809,0.014172335600907034,0.4603174603174603,0.2912572436381961
Russia--Ukraine,GOLD,1508,1,0.8333333333333334,0.027777777777777766,0.7777777777777778,0.04938271604938271,0.007936507936507936,0.9841899722852104,0.873015873015873,0.016124968505920885,0.7936507936507936,0.04257999496094736,0.9365079365079365,0.004031242126480221,0.8492063492063492,0.022738725119677505,0.8174603174603174,0.03332073570168809,0.42857142857142855,0.32653061224489793
Russia--Ukraine,GOLD,1509,1,0.8253968253968254,0.030486268581506694,0.8095238095238095,0.03628117913832199,0.5873015873015873,0.17031997984378935,0.5079365079365079,0.24212648022171834,0.8571428571428571,0.020408163265306135,0.8333333333333334,0.027777777777777766,0.2619047619047619,0.5447845804988662,0.47619047619047616,0.2743764172335601,0.10317460317460317,0.8042957923910306
Russia--Ukraine,GOLD,1510,1,0.7936507936507936,0.04257999496094736,0.7222222222222222,0.0771604938271605,0.6984126984126984,0.09095490047871002,0.6031746031746031,0.1574703955656337,0.8174603174603174,0.03332073570168809,0.6746031746031746,0.10588309397833204,0.3333333333333333,0.44444444444444453,0.48412698412698413,0.2661249685059208,0.12698412698412698,0.762156714537667
Russia--Ukraine,GOLD,1511,1,0.40476190476190477,0.3543083900226757,0.6825396825396826,0.10078105316200553,0.2777777777777778,0.5216049382716049,0.23809523809523808,0.5804988662131518,0.8809523809523809,0.014172335600907034,0.7619047619047619,0.056689342403628135,0.38095238095238093,0.3832199546485261,0.2857142857142857,0.5102040816326531,0.15079365079365079,0.7211514235323759
Russia--Ukraine,GOLD,1512,1,0.3492063492063492,0.4235323759133283,0.6349206349206349,0.13328294280675235,0.19047619047619047,0.655328798185941,0.5238095238095238,0.22675736961451246,0.8095238095238095,0.03628117913832199,0.6984126984126984,0.09095490047871002,0.30952380952380953,0.4767573696145125,0.2777777777777778,0.5216049382716049,0.18253968253968253,0.668241370622323
Russia--Ukraine,GOLD,1513,1,0.15873015873015872,0.7077349458301839,0.5873015873015873,0.17031997984378935,0.5,0.25,0.30158730158730157,0.48778029730410677,0.7380952380952381,0.06859410430839,0.6666666666666666,0.11111111111111113,0.2777777777777778,0.5216049382716049,0.23809523809523808,0.5804988662131518,0.19047619047619047,0.655328798185941
Russia--Ukraine,GOLD,1514,1,0.23015873015873015,0.5926555807508189,0.5079365079365079,0.24212648022171834,0.29365079365079366,0.4989292013101536,0.2857142857142857,0.5102040816326531,0.626984126984127,0.1391408415217939,0.6507936507936508,0.12194507432602669,0.16666666666666666,0.6944444444444445,0.23015873015873015,0.5926555807508189,0.24603174603174602,0.5684681279919375
Russia--Ukraine,GOLD,1515,1,0.30158730158730157,0.48778029730410677,0.4365079365079365,0.3175233056185437,0.3333333333333333,0.44444444444444453,0.1984126984126984,0.6425422020660116,0.373015873015873,0.39310909549004786,0.5158730158730159,0.23437893675988908,0.23015873015873015,0.5926555807508189,0.10317460317460317,0.8042957923910306,0.3253968253968254,0.45508944318468136
Russia--Ukraine,GOLD,1516,1,0.21428571428571427,0.6173469387755102,0.4603174603174603,0.2912572436381961,0.6904761904761905,0.09580498866213152,0.29365079365079366,0.4989292013101536,0.46825396825396826,0.2827538422776518,0.48412698412698413,0.2661249685059208,0.1349206349206349,0.7483623078861175,0.29365079365079366,0.4989292013101536,0.2619047619047619,0.5447845804988662
Russia--Ukraine,GOLD,1517,1,0.12698412698412698,0.762156714537667,0.38095238095238093,0.3832199546485261,0.5396825396825397,0.2118921642731167,0.5317460317460317,0.2192617787855883,0.31746031746031744,0.46586041824137064,0.5,0.25,0.1984126984126984,0.6425422020660116,0.21428571428571427,0.6173469387755102,0.36507936507936506,0.4031242126480221
Russia--Ukraine,GOLD,1518,1,0.11904761904761904,0.7760770975056689,0.29365079365079366,0.4989292013101536,0.5079365079365079,0.24212648022171834,0.2698412698412698,0.5331317712270094,0.19047619047619047,0.655328798185941,0.6587301587301587,0.11646510456034266,0.29365079365079366,0.4989292013101536,0.2222222222222222,0.6049382716049383,0.4365079365079365,0.3175233056185437
Russia--Ukraine,GOLD,1519,1,0.18253968253968253,0.668241370622323,0.3333333333333333,0.44444444444444453,0.7063492063492064,0.08623078861174097,0.015873015873015872,0.9685059208868734,0.2698412698412698,0.5331317712270094,0.4444444444444444,0.308641975308642,0.2222222222222222,0.6049382716049383,0.1111111111111111,0.7901234567901234,0.3492063492063492,0.4235323759133283
Russia--Ukraine,GOLD,1520,1,0.03968253968253968,0.922209624590577,0.48412698412698413,0.2661249685059208,0.746031746031746,0.06449987402368354,0.12698412698412698,0.762156714537667,0.5238095238095238,0.22675736961451246,0.4126984126984127,0.344923154446964,0.15873015873015872,0.7077349458301839,0.023809523809523808,0.9529478458049886,0.2222222222222222,0.6049382716049383
Russia--Ukraine,GOLD,1521,1,0.031746031746031744,0.9375157470395565,0.5793650793650794,0.17693373645754593,0.753968253968254,0.060531620055429586,0.03968253968253968,0.922209624590577,0.753968253968254,0.060531620055429586,0.4365079365079365,0.3175233056185437,0.15079365079365079,0.7211514235323759,0.05555555555555555,0.8919753086419753,0.11904761904761904,0.7760770975056689
Russia--Ukraine,GOLD,1522,1,0.09523809523809523,0.8185941043083901,0.5396825396825397,0.2118921642731167,0.7936507936507936,0.04257999496094736,0.09523809523809523,0.8185941043083901,0.5396825396825397,0.2118921642731167,0.30158730158730157,0.48778029730410677,0.19047619047619047,0.655328798185941,0.03968253968253968,0.922209624590577,0.14285714285714285,0.7346938775510206
Russia--Ukraine,GOLD,1523,1,0.023809523809523808,0.9529478458049886,0.4523809523809524,0.2998866213151928,0.8571428571428571,0.020408163265306135,0.1746031746031746,0.6812799193751574,0.3888888888888889,0.37345679012345684,0.35714285714285715,0.4132653061224489,0.25396825396825395,0.5565633660871756,0.007936507936507936,0.9841899722852104,0.21428571428571427,0.6173469387755102
Russia--Ukraine,GOLD,1524,1,0.047619047619047616,0.9070294784580498,0.3492063492063492,0.4235323759133283,0.8968253968253969,0.01064499874023683,0.031746031746031744,0.9375157470395565,0.24603174603174602,0.5684681279919375,0.2857142857142857,0.5102040816326531,0.3253968253968254,0.45508944318468136,0.015873015873015872,0.9685059208868734,0.2698412698412698,0.5331317712270094
Russia--Ukraine,GOLD,1525,1,0.06349206349206349,0.8770471151423532,0.3253968253968254,0.45508944318468136,0.8888888888888888,0.01234567901234569,0.07142857142857142,0.8622448979591837,0.2777777777777778,0.5216049382716049,0.1111111111111111,0.7901234567901234,0.35714285714285715,0.4132653061224489,0.07936507936507936,0.8475686570924668,0.3412698412698413,0.4339254220206601
Russia--Ukraine,GOLD,1526,1,0.19047619047619047,0.655328798185941,0.2619047619047619,0.5447845804988662,0.873015873015873,0.016124968505920885,0.007936507936507936,0.9841899722852104,0.30952380952380953,0.4767573696145125,0.10317460317460317,0.8042957923910306,0.3412698412698413,0.4339254220206601,0.1349206349206349,0.7483623078861175,0.42063492063492064,0.3356638951877046
Russia--Ukraine,GOLD,1527,1,0.30952380952380953,0.4767573696145125,0.36507936507936506,0.4031242126480221,0.9206349206349206,0.006298815822625354,0.023809523809523808,0.9529478458049886,0.4523809523809524,0.2998866213151928,0.3333333333333333,0.44444444444444453,0.4365079365079365,0.3175233056185437,0.20634920634920634,0.6298815822625348,0.38095238095238093,0.3832199546485261
Russia--Ukraine,GOLD,1528,1,0.2777777777777778,0.5216049382716049,0.40476190476190477,0.3543083900226757,0.8809523809523809,0.014172335600907034,0.15873015873015872,0.7077349458301839,0.5714285714285714,0.18367346938775514,0.3888888888888889,0.37345679012345684,0.48412698412698413,0.2661249685059208,0.1984126984126984,0.6425422020660116,0.4126984126984127,0.344923154446964
Russia--Ukraine,GOLD,1529,1,0.24603174603174602,0.5684681279919375,0.3888888888888889,0.37345679012345684,0.8174603174603174,0.03332073570168809,0.14285714285714285,0.7346938775510206,0.5634920634920635,0.19053917863441674,0.11904761904761904,0.7760770975056689,0.3888888888888889,0.37345679012345684,0.06349206349206349,0.8770471151423532,0.4523809523809524,0.2998866213151928
Russia--Ukraine,GOLD,1530,1,0.3968253968253968,0.3638196019148401,0.35714285714285715,0.4132653061224489,0.6349206349206349,0.13328294280675235,0.24603174603174602,0.5684681279919375,0.2857142857142857,0.5102040816326531,0.14285714285714285,0.7346938775510206,0.36507936507936506,0.4031242126480221,0.047619047619047616,0.9070294784580498,0.5396825396825397,0.2118921642731167
Russia--Ukraine,GOLD,1531,1,0.3888888888888889,0.37345679012345684,0.30952380952380953,0.4767573696145125,0.6428571428571429,0.12755102040816324,0.38095238095238093,0.3832199546485261,0.23015873015873015,0.5926555807508189,0.07142857142857142,0.8622448979591837,0.30158730158730157,0.48778029730410677,0.2619047619047619,0.5447845804988662,0.5793650793650794,0.17693373645754593
Russia--Ukraine,GOLD,1532,1,0.4523809523809524,0.2998866213151928,0.42063492063492064,0.3356638951877046,0.6190476190476191,0.14512471655328796,0.46825396825396826,0.2827538422776518,0.4444444444444444,0.308641975308642,0.24603174603174602,0.5684681279919375,0.2857142857142857,0.5102040816326531,0.25396825396825395,0.5565633660871756,0.49206349206349204,0.25799949609473416
Russia--Ukraine,GOLD,1533,1,0.47619047619047616,0.2743764172335601,0.4444444444444444,0.308641975308642,0.3968253968253968,0.3638196019148401,0.3888888888888889,0.37345679012345684,0.5555555555555556,0.19753086419753085,0.1746031746031746,0.6812799193751574,0.3492063492063492,0.4235323759133283,0.30158730158730157,0.48778029730410677,0.5079365079365079,0.24212648022171834
Russia--Ukraine,GOLD,1534,1,0.6428571428571429,0.12755102040816324,0.5158730158730159,0.23437893675988908,0.42063492063492064,0.3356638951877046,0.47619047619047616,0.2743764172335601,0.5476190476190477,0.20464852607709746,0.2619047619047619,0.5447845804988662,0.373015873015873,0.39310909549004786,0.3412698412698413,0.4339254220206601,0.5,0.25
Russia--Ukraine,GOLD,1535,1,0.42063492063492064,0.3356638951877046,0.49206349206349204,0.25799949609473416,0.5714285714285714,0.18367346938775514,0.4126984126984127,0.344923154446964,0.29365079365079366,0.4989292013101536,0.15873015873015872,0.7077349458301839,0.2698412698412698,0.5331317712270094,0.3333333333333333,0.44444444444444453,0.5555555555555556,0.19753086419753085
Russia--Ukraine,GOLD,1536,1,0.6666666666666666,0.11111111111111113,0.5555555555555556,0.19753086419753085,0.6507936507936508,0.12194507432602669,0.3253968253968254,0.45508944318468136,0.38095238095238093,0.3832199546485261,0.2222222222222222,0.6049382716049383,0.12698412698412698,0.762156714537667,0.3888888888888889,0.37345679012345684,0.5158730158730159,0.23437893675988908
Russia--Ukraine,GOLD,1537,1,0.5714285714285714,0.18367346938775514,0.746031746031746,0.06449987402368354,0.9047619047619048,0.009070294784580497,0.5634920634920635,0.19053917863441674,0.7063492063492064,0.08623078861174097,0.373015873015873,0.39310909549004786,0.07142857142857142,0.8622448979591837,0.4126984126984127,0.344923154446964,0.30158730158730157,0.48778029730410677
Russia--Ukraine,GOLD,1538,1,0.6587301587301587,0.11646510456034266,0.7380952380952381,0.06859410430839,0.8492063492063492,0.022738725119677505,0.48412698412698413,0.2661249685059208,0.5,0.25,0.3412698412698413,0.4339254220206601,0.03968253968253968,0.922209624590577,0.4444444444444444,0.308641975308642,0.3968253968253968,0.3638196019148401
Russia--Ukraine,GOLD,1539,1,0.5396825396825397,0.2118921642731167,0.8650793650793651,0.018203577727387243,0.7619047619047619,0.056689342403628135,0.5158730158730159,0.23437893675988908,0.8015873015873016,0.0393675988914084,0.6428571428571429,0.12755102040816324,0.06349206349206349,0.8770471151423532,0.46825396825396826,0.2827538422776518,0.1746031746031746,0.6812799193751574
Russia--Ukraine,GOLD,1540,1,0.8174603174603174,0.03332073570168809,0.9920634920634921,6.298815822625302e-05,0.4603174603174603,0.2912572436381961,0.5476190476190477,0.20464852607709746,0.9682539682539683,0.0010078105316200553,0.9126984126984127,0.0076215671453766735,0.6111111111111112,0.15123456790123452,0.5238095238095238,0.22675736961451246,0.06349206349206349,0.8770471151423532
Russia--Ukraine,GOLD,1541,1,0.9682539682539683,0.0010078105316200553,0.9761904761904762,0.0005668934240362824,0.6746031746031746,0.10588309397833204,0.3412698412698413,0.4339254220206601,0.9444444444444444,0.0030864197530864226,0.8888888888888888,0.01234567901234569,0.5555555555555556,0.19753086419753085,0.5714285714285714,0.18367346938775514,0.07142857142857142,0.8622448979591837
Russia--Ukraine,GOLD,1542,1,0.8968253968253969,0.01064499874023683,0.9841269841269841,0.0002519526329050156,0.18253968253968253,0.668241370622323,0.4603174603174603,0.2912572436381961,0.9285714285714286,0.005102040816326526,0.8174603174603174,0.03332073570168809,0.3968253968253968,0.3638196019148401,0.5317460317460317,0.2192617787855883,0.07936507936507936,0.8475686570924668
Russia--Ukraine,GOLD,1543,1,0.7142857142857143,0.08163265306122448,0.9682539682539683,0.0010078105316200553,0.4365079365079365,0.3175233056185437,0.7142857142857143,0.08163265306122448,0.8650793650793651,0.018203577727387243,0.9047619047619048,0.009070294784580497,0.31746031746031744,0.46586041824137064,0.5079365079365079,0.24212648022171834,0.0873015873015873,0.833018392542202
Russia--Ukraine,GOLD,1544,1,0.6507936507936508,0.12194507432602669,0.9603174603174603,0.0015747039556563342,0.40476190476190477,0.3543083900226757,0.746031746031746,0.06449987402368354,0.8888888888888888,0.01234567901234569,0.8095238095238095,0.03628117913832199,0.09523809523809523,0.8185941043083901,0.6904761904761905,0.09580498866213152,0.09523809523809523,0.8185941043083901
Russia--Ukraine,GOLD,1545,1,0.5793650793650794,0.17693373645754593,0.9523809523809523,0.0022675736961451295,0.6825396825396826,0.10078105316200553,0.35714285714285715,0.4132653061224489,0.8412698412698413,0.025195263290501382,0.7222222222222222,0.0771604938271605,0.015873015873015872,0.9685059208868734,0.7142857142857143,0.08163265306122448,0.1111111111111111,0.7901234567901234
Russia--Ukraine,GOLD,1546,1,0.5238095238095238,0.22675736961451246,0.9444444444444444,0.0030864197530864226,0.7380952380952381,0.06859410430839,0.4444444444444444,0.308641975308642,0.9523809523809523,0.0022675736961451295,0.8809523809523809,0.014172335600907034,0.6031746031746031,0.1574703955656337,0.6031746031746031,0.1574703955656337,0.031746031746031744,0.9375157470395565
Russia--Ukraine,GOLD,1547,1,0.7063492063492064,0.08623078861174097,0.9365079365079365,0.004031242126480221,0.9126984126984127,0.0076215671453766735,0.8253968253968254,0.030486268581506694,0.9841269841269841,0.0002519526329050156,0.753968253968254,0.060531620055429586,0.9841269841269841,0.0002519526329050156,0.5476190476190477,0.20464852607709746,0.015873015873015872,0.9685059208868734
Russia--Ukraine,GOLD,1548,1,0.7619047619047619,0.056689342403628135,0.9206349206349206,0.006298815822625354,0.7857142857142857,0.045918367346938785,0.49206349206349204,0.25799949609473416,0.9920634920634921,6.298815822625302e-05,0.7857142857142857,0.045918367346938785,0.9285714285714286,0.005102040816326526,0.7063492063492064,0.08623078861174097,0.023809523809523808,0.9529478458049886
Russia--Ukraine,GOLD,1549,1,0.746031746031746,0.06449987402368354,0.8888888888888888,0.01234567901234569,0.7777777777777778,0.04938271604938271,0.7777777777777778,0.04938271604938271,0.9761904761904762,0.0005668934240362824,0.7777777777777778,0.04938271604938271,0.6904761904761905,0.09580498866213152,0.5396825396825397,0.2118921642731167,0.047619047619047616,0.9070294784580498
Russia--Ukraine,GOLD,1550,1,0.5555555555555556,0.19753086419753085,0.8809523809523809,0.014172335600907034,0.8412698412698413,0.025195263290501382,0.5,0.25,0.9365079365079365,0.004031242126480221,0.5952380952380952,0.16383219954648526,0.5317460317460317,0.2192617787855883,0.5,0.25,0.05555555555555555,0.8919753086419753
Russia--Ukraine,GOLD,1551,1,0.42857142857142855,0.32653061224489793,0.8968253968253969,0.01064499874023683,0.9523809523809523,0.0022675736961451295,0.6746031746031746,0.10588309397833204,0.8968253968253969,0.01064499874023683,0.5873015873015873,0.17031997984378935,0.5238095238095238,0.22675736961451246,0.49206349206349204,0.25799949609473416,0.03968253968253968,0.922209624590577
Russia--Ukraine,GOLD,1552,1,0.38095238095238093,0.3832199546485261,0.9047619047619048,0.009070294784580497,0.9920634920634921,6.298815822625302e-05,0.626984126984127,0.1391408415217939,0.9603174603174603,0.0015747039556563342,0.9444444444444444,0.0030864197530864226,0.5952380952380952,0.16383219954648526,0.5952380952380952,0.16383219954648526,0.007936507936507936,0.9841899722852104
Russia--Ukraine,GOLD,1553,1,0.6984126984126984,0.09095490047871002,0.9126984126984127,0.0076215671453766735,0.5952380952380952,0.16383219954648526,0.7936507936507936,0.04257999496094736,0.9047619047619048,0.009070294784580497,0.9761904761904762,0.0005668934240362824,0.8571428571428571,0.020408163265306135,0.8015873015873016,0.0393675988914084,0.35714285714285715,0.4132653061224489
Russia--Ukraine,GOLD,1554,1,0.6904761904761905,0.09580498866213152,0.6111111111111112,0.15123456790123452,0.0873015873015873,0.833018392542202,0.7857142857142857,0.045918367346938785,0.5079365079365079,0.24212648022171834,0.7063492063492064,0.08623078861174097,0.5158730158730159,0.23437893675988908,0.7380952380952381,0.06859410430839,0.6190476190476191,0.14512471655328796
Russia--Ukraine,GOLD,1555,1,0.9047619047619048,0.009070294784580497,0.5476190476190477,0.20464852607709746,0.47619047619047616,0.2743764172335601,0.8015873015873016,0.0393675988914084,0.5317460317460317,0.2192617787855883,0.626984126984127,0.1391408415217939,0.7380952380952381,0.06859410430839,0.9761904761904762,0.0005668934240362824,0.7380952380952381,0.06859410430839
Russia--Ukraine,GOLD,1556,1,0.8412698412698413,0.025195263290501382,0.5,0.25,0.3412698412698413,0.4339254220206601,0.6111111111111112,0.15123456790123452,0.30158730158730157,0.48778029730410677,0.6190476190476191,0.14512471655328796,0.7698412698412699,0.052973041068279145,0.7857142857142857,0.045918367346938785,0.9206349206349206,0.006298815822625354
Russia--Ukraine,GOLD,1557,1,0.7857142857142857,0.045918367346938785,0.5634920634920635,0.19053917863441674,0.6031746031746031,0.1574703955656337,0.6587301587301587,0.11646510456034266,0.48412698412698413,0.2661249685059208,0.6349206349206349,0.13328294280675235,0.7142857142857143,0.08163265306122448,0.7698412698412699,0.052973041068279145,0.7777777777777778,0.04938271604938271
Russia--Ukraine,GOLD,1558,1,0.8650793650793651,0.018203577727387243,0.6190476190476191,0.14512471655328796,0.9444444444444444,0.0030864197530864226,0.6190476190476191,0.14512471655328796,0.6746031746031746,0.10588309397833204,0.6904761904761905,0.09580498866213152,0.7222222222222222,0.0771604938271605,0.7619047619047619,0.056689342403628135,0.7063492063492064,0.08623078861174097
Russia--Ukraine,GOLD,1559,1,0.6349206349206349,0.13328294280675235,0.47619047619047616,0.2743764172335601,0.5476190476190477,0.20464852607709746,0.42857142857142855,0.32653061224489793,0.3492063492063492,0.4235323759133283,0.5714285714285714,0.18367346938775514,0.9206349206349206,0.006298815822625354,0.5873015873015873,0.17031997984378935,0.9841269841269841,0.0002519526329050156
Russia--Ukraine,GOLD,1560,1,0.48412698412698413,0.2661249685059208,0.3968253968253968,0.3638196019148401,0.7142857142857143,0.08163265306122448,0.6984126984126984,0.09095490047871002,0.4365079365079365,0.3175233056185437,0.5238095238095238,0.22675736961451246,0.8650793650793651,0.018203577727387243,0.6507936507936508,0.12194507432602669,0.9761904761904762,0.0005668934240362824
Russia--Ukraine,GOLD,1561,1,0.6746031746031746,0.10588309397833204,0.2698412698412698,0.5331317712270094,0.8253968253968254,0.030486268581506694,0.6666666666666666,0.11111111111111113,0.36507936507936506,0.4031242126480221,0.5793650793650794,0.17693373645754593,0.9047619047619048,0.009070294784580497,0.6349206349206349,0.13328294280675235,0.9365079365079365,0.004031242126480221
Russia--Ukraine,GOLD,1562,1,0.626984126984127,0.1391408415217939,0.30158730158730157,0.48778029730410677,0.03968253968253968,0.922209624590577,0.6349206349206349,0.13328294280675235,0.35714285714285715,0.4132653061224489,0.6031746031746031,0.1574703955656337,0.8968253968253969,0.01064499874023683,0.42857142857142855,0.32653061224489793,0.8809523809523809,0.014172335600907034
Russia--Ukraine,GOLD,1563,1,0.6111111111111112,0.15123456790123452,0.2777777777777778,0.5216049382716049,0.30952380952380953,0.4767573696145125,0.3333333333333333,0.44444444444444453,0.3968253968253968,0.3638196019148401,0.746031746031746,0.06449987402368354,0.873015873015873,0.016124968505920885,0.4603174603174603,0.2912572436381961,0.8174603174603174,0.03332073570168809
Russia--Ukraine,GOLD,1564,1,0.5,0.25,0.25396825396825395,0.5565633660871756,0.2619047619047619,0.5447845804988662,0.5396825396825397,0.2118921642731167,0.4603174603174603,0.2912572436381961,0.6111111111111112,0.15123456790123452,0.8333333333333334,0.027777777777777766,0.35714285714285715,0.4132653061224489,0.7936507936507936,0.04257999496094736
Russia--Ukraine,GOLD,1565,1,0.31746031746031744,0.46586041824137064,0.11904761904761904,0.7760770975056689,0.1111111111111111,0.7901234567901234,0.21428571428571427,0.6173469387755102,0.12698412698412698,0.762156714537667,0.5079365079365079,0.24212648022171834,0.6984126984126984,0.09095490047871002,0.40476190476190477,0.3543083900226757,0.9126984126984127,0.0076215671453766735
Russia--Ukraine,GOLD,1566,1,0.29365079365079366,0.4989292013101536,0.1111111111111111,0.7901234567901234,0.031746031746031744,0.9375157470395565,0.11904761904761904,0.7760770975056689,0.23809523809523808,0.5804988662131518,0.5396825396825397,0.2118921642731167,0.6507936507936508,0.12194507432602669,0.3492063492063492,0.4235323759133283,0.8253968253968254,0.030486268581506694
Russia--Ukraine,GOLD,1567,1,0.1984126984126984,0.6425422020660116,0.0873015873015873,0.833018392542202,0.36507936507936506,0.4031242126480221,0.18253968253968253,0.668241370622323,0.18253968253968253,0.668241370622323,0.49206349206349204,0.25799949609473416,0.5634920634920635,0.19053917863441674,0.2698412698412698,0.5331317712270094,0.8968253968253969,0.01064499874023683
Russia--Ukraine,GOLD,1568,1,0.14285714285714285,0.7346938775510206,0.03968253968253968,0.922209624590577,0.20634920634920634,0.6298815822625348,0.2222222222222222,0.6049382716049383,0.09523809523809523,0.8185941043083901,0.4603174603174603,0.2912572436381961,0.5079365079365079,0.24212648022171834,0.1746031746031746,0.6812799193751574,0.9285714285714286,0.005102040816326526
Russia--Ukraine,GOLD,1569,1,0.23809523809523808,0.5804988662131518,0.07142857142857142,0.8622448979591837,0.23809523809523808,0.5804988662131518,0.3968253968253968,0.3638196019148401,0.06349206349206349,0.8770471151423532,0.47619047619047616,0.2743764172335601,0.47619047619047616,0.2743764172335601,0.16666666666666666,0.6944444444444445,0.8333333333333334,0.027777777777777766
Russia--Ukraine,GOLD,1570,0,0.0873015873015873,0.007621567145376668,0.10317460317460317,0.010644998740236835,0.49206349206349204,0.2421264802217183,0.20634920634920634,0.04257999496094734,0.10317460317460317,0.010644998740236835,0.42063492063492064,0.17693373645754598,0.40476190476190477,0.16383219954648526,0.14285714285714285,0.02040816326530612,0.7619047619047619,0.5804988662131518
Russia--Ukraine,GOLD,1571,0,0.1111111111111111,0.012345679012345678,0.1349206349206349,0.01820357772738725,0.5555555555555556,0.308641975308642,0.15079365079365079,0.0227387251196775,0.0873015873015873,0.007621567145376668,0.42857142857142855,0.18367346938775508,0.42063492063492064,0.17693373645754598,0.18253968253968253,0.03332073570168808,0.6349206349206349,0.4031242126480221
Russia--Ukraine,GOLD,1572,0,0.15079365079365079,0.0227387251196775,0.18253968253968253,0.03332073570168808,0.5238095238095238,0.2743764172335601,0.2619047619047619,0.06859410430839002,0.05555555555555555,0.0030864197530864196,0.31746031746031744,0.10078105316200553,0.4126984126984127,0.17031997984378935,0.07142857142857142,0.00510204081632653,0.6111111111111112,0.37345679012345684
Russia--Ukraine,GOLD,1573,0,0.1349206349206349,0.01820357772738725,0.20634920634920634,0.04257999496094734,0.38095238095238093,0.14512471655328796,0.25396825396825395,0.06449987402368354,0.2222222222222222,0.04938271604938271,0.38095238095238093,0.14512471655328796,0.4523809523809524,0.20464852607709752,0.19047619047619047,0.03628117913832199,0.5714285714285714,0.32653061224489793
Russia--Ukraine,GOLD,1574,0,0.10317460317460317,0.010644998740236835,0.1984126984126984,0.03936759889140841,0.21428571428571427,0.04591836734693877,0.31746031746031744,0.10078105316200553,0.3253968253968254,0.10588309397833208,0.3253968253968254,0.10588309397833208,0.49206349206349204,0.2421264802217183,0.15079365079365079,0.0227387251196775,0.5238095238095238,0.2743764172335601
Russia--Ukraine,GOLD,1575,0,0.07142857142857142,0.00510204081632653,0.24603174603174602,0.06053162005542957,0.48412698412698413,0.23437893675988913,0.4523809523809524,0.20464852607709752,0.3333333333333333,0.1111111111111111,0.3492063492063492,0.12194507432602669,0.46825396825396826,0.2192617787855883,0.11904761904761904,0.014172335600907028,0.48412698412698413,0.23437893675988913
Russia--Ukraine,GOLD,1576,0,0.05555555555555555,0.0030864197530864196,0.2857142857142857,0.08163265306122448,0.7698412698412699,0.5926555807508189,0.07936507936507936,0.006298815822625346,0.4126984126984127,0.17031997984378935,0.36507936507936506,0.13328294280675232,0.5,0.25,0.12698412698412698,0.016124968505920885,0.40476190476190477,0.16383219954648526
Russia--Ukraine,GOLD,1577,0,0.015873015873015872,0.00025195263290501383,0.3412698412698413,0.11646510456034266,0.9285714285714286,0.8622448979591837,0.1349206349206349,0.01820357772738725,0.47619047619047616,0.22675736961451246,0.40476190476190477,0.16383219954648526,0.5396825396825397,0.291257243638196,0.15873015873015872,0.025195263290501382,0.31746031746031744,0.10078105316200553
Russia--Ukraine,GOLD,1578,0,0.007936507936507936,6.298815822625346e-05,0.373015873015873,0.1391408415217939,0.9682539682539683,0.9375157470395565,0.1111111111111111,0.012345679012345678,0.49206349206349204,0.2421264802217183,0.30952380952380953,0.09580498866213152,0.4603174603174603,0.21189216427311663,0.09523809523809523,0.009070294784580497,0.25396825396825395,0.06449987402368354
Russia--Ukraine,GOLD,1579,0,0.07936507936507936,0.006298815822625346,0.4126984126984127,0.17031997984378935,0.9761904761904762,0.9529478458049886,0.0873015873015873,0.007621567145376668,0.7222222222222222,0.5216049382716049,0.2777777777777778,0.0771604938271605,0.42857142857142855,0.18367346938775508,0.031746031746031744,0.0010078105316200553,0.20634920634920634,0.04257999496094734
Russia--Ukraine,GOLD,1580,0,0.1746031746031746,0.030486268581506673,0.5238095238095238,0.2743764172335601,0.9603174603174603,0.922209624590577,0.047619047619047616,0.0022675736961451243,0.8253968253968254,0.6812799193751574,0.23809523809523808,0.056689342403628114,0.4444444444444444,0.19753086419753085,0.0873015873015873,0.007621567145376668,0.1349206349206349,0.01820357772738725
Russia--Ukraine,GOLD,1581,0,0.2698412698412698,0.072814310909549,0.46825396825396826,0.2192617787855883,0.8333333333333334,0.6944444444444445,0.06349206349206349,0.004031242126480221,0.5158730158730159,0.26612496850592093,0.21428571428571427,0.04591836734693877,0.07936507936507936,0.006298815822625346,0.24603174603174602,0.06053162005542957,0.1984126984126984,0.03936759889140841
Russia--Ukraine,GOLD,1582,0,0.16666666666666666,0.027777777777777776,0.5317460317460317,0.2827538422776518,0.8095238095238095,0.655328798185941,0.16666666666666666,0.027777777777777776,0.6190476190476191,0.3832199546485261,0.18253968253968253,0.03332073570168808,0.05555555555555555,0.0030864197530864196,0.3253968253968254,0.10588309397833208,0.16666666666666666,0.027777777777777776
Russia--Ukraine,GOLD,1583,0,0.25396825396825395,0.06449987402368354,0.5952380952380952,0.3543083900226757,0.7222222222222222,0.5216049382716049,0.2777777777777778,0.0771604938271605,0.6825396825396826,0.46586041824137064,0.19047619047619047,0.03628117913832199,0.023809523809523808,0.0005668934240362811,0.31746031746031744,0.10078105316200553,0.15873015873015872,0.025195263290501382
Russia--Ukraine,GOLD,1584,0,0.2222222222222222,0.04938271604938271,0.5714285714285714,0.32653061224489793,0.3492063492063492,0.12194507432602669,0.3492063492063492,0.12194507432602669,0.5873015873015873,0.344923154446964,0.2698412698412698,0.072814310909549,0.007936507936507936,6.298815822625346e-05,0.373015873015873,0.1391408415217939,0.23809523809523808,0.056689342403628114
Russia--Ukraine,GOLD,1585,0,0.373015873015873,0.1391408415217939,0.6031746031746031,0.36381960191484,0.11904761904761904,0.014172335600907028,0.40476190476190477,0.16383219954648526,0.2619047619047619,0.06859410430839002,0.3968253968253968,0.15747039556563364,0.1111111111111111,0.012345679012345678,0.4365079365079365,0.19053917863441674,0.5476190476190477,0.2998866213151928
Russia--Ukraine,GOLD,1586,0,0.35714285714285715,0.12755102040816327,0.6428571428571429,0.41326530612244905,0.2222222222222222,0.04938271604938271,0.6825396825396826,0.46586041824137064,0.42063492063492064,0.17693373645754598,0.4523809523809524,0.20464852607709752,0.047619047619047616,0.0022675736961451243,0.42063492063492064,0.17693373645754598,0.46825396825396826,0.2192617787855883
Russia--Ukraine,GOLD,1587,0,0.49206349206349204,0.2421264802217183,0.6904761904761905,0.4767573696145125,0.31746031746031744,0.10078105316200553,0.4365079365079365,0.19053917863441674,0.3412698412698413,0.11646510456034266,0.5476190476190477,0.2998866213151928,0.11904761904761904,0.014172335600907028,0.5555555555555556,0.308641975308642,0.47619047619047616,0.22675736961451246
Russia--Ukraine,GOLD,1588,0,0.4444444444444444,0.19753086419753085,0.753968253968254,0.5684681279919375,0.5634920634920635,0.3175233056185437,0.373015873015873,0.1391408415217939,0.6904761904761905,0.4767573696145125,0.5317460317460317,0.2827538422776518,0.031746031746031744,0.0010078105316200553,0.6190476190476191,0.3832199546485261,0.3333333333333333,0.1111111111111111
Russia--Ukraine,GOLD,1589,0,0.4126984126984127,0.17031997984378935,0.8412698412698413,0.7077349458301839,0.46825396825396826,0.2192617787855883,0.8333333333333334,0.6944444444444445,0.746031746031746,0.5565633660871756,0.5555555555555556,0.308641975308642,0.0873015873015873,0.007621567145376668,0.7301587301587301,0.5331317712270093,0.23015873015873015,0.05297304106827916
Russia--Ukraine,GOLD,1590,0,0.753968253968254,0.5684681279919375,0.626984126984127,0.39310909549004786,0.047619047619047616,0.0022675736961451243,0.8174603174603174,0.668241370622323,0.5793650793650794,0.3356638951877048,0.8412698412698413,0.7077349458301839,0.9444444444444444,0.8919753086419753,0.7936507936507936,0.6298815822625345,0.8412698412698413,0.7077349458301839
Russia--Ukraine,GOLD,1591,0,0.6825396825396826,0.46586041824137064,0.6666666666666666,0.4444444444444444,0.8650793650793651,0.7483623078861175,0.8968253968253969,0.8042957923910306,0.6984126984126984,0.48778029730410677,0.9523809523809523,0.9070294784580498,0.9603174603174603,0.922209624590577,0.8968253968253969,0.8042957923910306,0.8095238095238095,0.655328798185941
Russia--Ukraine,GOLD,1592,0,0.7222222222222222,0.5216049382716049,0.6746031746031746,0.45508944318468136,0.1349206349206349,0.01820357772738725,0.8571428571428571,0.7346938775510203,0.6428571428571429,0.41326530612244905,0.8015873015873016,0.6425422020660116,0.8809523809523809,0.7760770975056689,0.8492063492063492,0.7211514235323759,0.753968253968254,0.5684681279919375
Russia--Ukraine,GOLD,1593,0,0.7380952380952381,0.5447845804988662,0.6587301587301587,0.4339254220206601,0.35714285714285715,0.12755102040816327,0.8095238095238095,0.655328798185941,0.7777777777777778,0.6049382716049383,0.7936507936507936,0.6298815822625345,0.8412698412698413,0.7077349458301839,0.9047619047619048,0.8185941043083901,0.626984126984127,0.39310909549004786
Russia--Ukraine,GOLD,1594,0,0.7301587301587301,0.5331317712270093,0.6507936507936508,0.4235323759133283,0.15873015873015872,0.025195263290501382,0.8888888888888888,0.7901234567901234,0.6031746031746031,0.36381960191484,0.7380952380952381,0.5447845804988662,0.7857142857142857,0.6173469387755102,0.8571428571428571,0.7346938775510203,0.5952380952380952,0.3543083900226757
Russia--Ukraine,GOLD,1595,0,0.873015873015873,0.762156714537667,0.7063492063492064,0.4989292013101538,0.373015873015873,0.1391408415217939,0.9841269841269841,0.9685059208868732,0.6666666666666666,0.4444444444444444,0.8253968253968254,0.6812799193751574,0.9920634920634921,0.9841899722852104,0.9285714285714286,0.8622448979591837,0.8650793650793651,0.7483623078861175
Russia--Ukraine,GOLD,1596,0,0.9285714285714286,0.8622448979591837,0.7142857142857143,0.5102040816326531,0.6587301587301587,0.4339254220206601,0.9682539682539683,0.9375157470395565,0.6587301587301587,0.4339254220206601,0.6825396825396826,0.46586041824137064,0.9682539682539683,0.9375157470395565,0.9365079365079365,0.8770471151423532,0.7698412698412699,0.5926555807508189
Russia--Ukraine,GOLD,1597,0,0.9206349206349206,0.8475686570924665,0.7301587301587301,0.5331317712270093,0.6111111111111112,0.37345679012345684,0.9365079365079365,0.8770471151423532,0.42857142857142855,0.18367346938775508,0.7142857142857143,0.5102040816326531,0.9523809523809523,0.9070294784580498,0.9841269841269841,0.9685059208868732,0.6507936507936508,0.4235323759133283
Russia--Ukraine,GOLD,1598,0,0.9365079365079365,0.8770471151423532,0.7857142857142857,0.6173469387755102,0.4523809523809524,0.20464852607709752,0.6428571428571429,0.41326530612244905,0.6111111111111112,0.37345679012345684,0.7301587301587301,0.5331317712270093,0.7777777777777778,0.6049382716049383,0.9126984126984127,0.833018392542202,0.5873015873015873,0.344923154446964
Russia--Ukraine,GOLD,1599,0,0.8809523809523809,0.7760770975056689,0.6984126984126984,0.48778029730410677,0.4126984126984127,0.17031997984378935,0.9126984126984127,0.833018392542202,0.6349206349206349,0.4031242126480221,0.7698412698412699,0.5926555807508189,0.8174603174603174,0.668241370622323,0.8412698412698413,0.7077349458301839,0.5634920634920635,0.3175233056185437
Russia--Ukraine,GOLD,1600,0,0.8888888888888888,0.7901234567901234,0.42857142857142855,0.18367346938775508,0.6666666666666666,0.4444444444444444,0.8650793650793651,0.7483623078861175,0.5952380952380952,0.3543083900226757,0.5634920634920635,0.3175233056185437,0.7619047619047619,0.5804988662131518,0.8253968253968254,0.6812799193751574,0.6587301587301587,0.4339254220206601
Russia--Ukraine,GOLD,1601,0,0.8095238095238095,0.655328798185941,0.31746031746031744,0.10078105316200553,0.7301587301587301,0.5331317712270093,0.7301587301587301,0.5331317712270093,0.40476190476190477,0.16383219954648526,0.46825396825396826,0.2192617787855883,0.753968253968254,0.5684681279919375,0.753968253968254,0.5684681279919375,0.9047619047619048,0.8185941043083901
Russia--Ukraine,GOLD,1602,0,0.46825396825396826,0.2192617787855883,0.23809523809523808,0.056689342403628114,0.42857142857142855,0.18367346938775508,0.7063492063492064,0.4989292013101538,0.03968253968253968,0.0015747039556563364,0.23015873015873015,0.05297304106827916,0.8015873015873016,0.6425422020660116,0.6825396825396826,0.46586041824137064,0.9920634920634921,0.9841899722852104
Russia--Ukraine,GOLD,1603,0,0.36507936507936506,0.13328294280675232,0.1746031746031746,0.030486268581506673,0.30158730158730157,0.09095490047871,0.5793650793650794,0.3356638951877048,0.14285714285714285,0.02040816326530612,0.03968253968253968,0.0015747039556563364,0.21428571428571427,0.04591836734693877,0.6746031746031746,0.45508944318468136,0.746031746031746,0.5565633660871756
Russia--Ukraine,GOLD,1604,0,0.2619047619047619,0.06859410430839002,0.14285714285714285,0.02040816326530612,0.23015873015873015,0.05297304106827916,0.30952380952380953,0.09580498866213152,0.1349206349206349,0.01820357772738725,0.007936507936507936,6.298815822625346e-05,0.20634920634920634,0.04257999496094734,0.6666666666666666,0.4444444444444444,0.7222222222222222,0.5216049382716049
Russia--Ukraine,GOLD,1605,0,0.3412698412698413,0.11646510456034266,0.12698412698412698,0.016124968505920885,0.16666666666666666,0.027777777777777776,0.5555555555555556,0.308641975308642,0.15079365079365079,0.0227387251196775,0.015873015873015872,0.00025195263290501383,0.23809523809523808,0.056689342403628114,0.5634920634920635,0.3175233056185437,0.7142857142857143,0.5102040816326531
Russia--Ukraine,GOLD,1606,0,0.4365079365079365,0.19053917863441674,0.09523809523809523,0.009070294784580497,0.15079365079365079,0.0227387251196775,0.19047619047619047,0.03628117913832199,0.023809523809523808,0.0005668934240362811,0.07936507936507936,0.006298815822625346,0.18253968253968253,0.03332073570168808,0.4523809523809524,0.20464852607709752,0.6825396825396826,0.46586041824137064
Russia--Ukraine,GOLD,1607,0,0.3253968253968254,0.10588309397833208,0.031746031746031744,0.0010078105316200553,0.12698412698412698,0.016124968505920885,0.36507936507936506,0.13328294280675232,0.007936507936507936,6.298815822625346e-05,0.12698412698412698,0.016124968505920885,0.10317460317460317,0.010644998740236835,0.38095238095238093,0.14512471655328796,0.6904761904761905,0.4767573696145125
Russia--Ukraine,GOLD,1608,0,0.3333333333333333,0.1111111111111111,0.015873015873015872,0.00025195263290501383,0.1984126984126984,0.03936759889140841,0.10317460317460317,0.010644998740236835,0.031746031746031744,0.0010078105316200553,0.20634920634920634,0.04257999496094734,0.1746031746031746,0.030486268581506673,0.3968253968253968,0.15747039556563364,0.6984126984126984,0.48778029730410677
Russia--Ukraine,GOLD,1609,0,0.20634920634920634,0.04257999496094734,0.007936507936507936,6.298815822625346e-05,0.07142857142857142,0.00510204081632653,0.42063492063492064,0.17693373645754598,0.047619047619047616,0.0022675736961451243,0.09523809523809523,0.009070294784580497,0.14285714285714285,0.02040816326530612,0.36507936507936506,0.13328294280675232,0.6666666666666666,0.4444444444444444
Russia--Ukraine,GOLD,1610,0,0.2857142857142857,0.08163265306122448,0.023809523809523808,0.0005668934240362811,0.05555555555555555,0.0030864197530864196,0.05555555555555555,0.0030864197530864196,0.015873015873015872,0.00025195263290501383,0.1349206349206349,0.01820357772738725,0.24603174603174602,0.06053162005542957,0.30952380952380953,0.09580498866213152,0.6746031746031746,0.45508944318468136
Russia--Ukraine,EURUSD,1540,0,0.5038167938931297,0.2538313618087524,0.9847328244274809,0.9696987355049239,0.9618320610687023,0.925120913699668,0.46564885496183206,0.2168288561272653,0.9694656488549618,0.9398636443097721,0.3969465648854962,0.15756657537439542,0.007633587786259542,5.827166249053085e-05,0.8091603053435115,0.6547403997436048,0.015267175572519083,0.0002330866499621234
Russia--Ukraine,EURUSD,1541,0,0.5190839694656488,0.26944816735621463,0.9694656488549618,0.9398636443097721,0.9007633587786259,0.8113746285181516,0.8320610687022901,0.6923256220499971,0.9541984732824428,0.9104947264145447,0.183206106870229,0.03356447759454577,0.030534351145038167,0.0009323465998484936,0.8931297709923665,0.797680787832877,0.007633587786259542,5.827166249053085e-05
Russia--Ukraine,EURUSD,1542,0,0.5648854961832062,0.31909562379814704,0.9465648854961832,0.8959850824544024,0.7786259541984732,0.606258376551483,0.5954198473282443,0.3545247945923897,0.8931297709923665,0.797680787832877,0.31297709923664124,0.09795466464658238,0.04580152671755725,0.0020977798496591106,0.6259541984732825,0.3918186585863295,0.022900763358778626,0.0005244449624147776
Russia--Ukraine,EURUSD,1543,0,0.5114503816793893,0.261581492919993,0.7786259541984732,0.606258376551483,0.7557251908396947,0.5711205640696929,0.4122137404580153,0.169920167822388,0.7862595419847328,0.6182040673620418,0.3053435114503817,0.09323465998484938,0.03816793893129771,0.0014567915622632716,0.5801526717557252,0.3365771225453062,0.030534351145038167,0.0009323465998484936
Russia--Ukraine,EURUSD,1544,0,0.6717557251908397,0.451255754326671,0.9389312977099237,0.8815919818192414,0.9465648854961832,0.8959850824544024,0.7786259541984732,0.606258376551483,0.6870229007633588,0.4720004661733,0.2900763358778626,0.08414428063632655,0.0916030534351145,0.008391119398636442,0.8244274809160306,0.679680671289552,0.03816793893129771,0.0014567915622632716
Russia--Ukraine,EURUSD,1545,0,0.7633587786259542,0.5827166249053086,0.816793893129771,0.6671522638540878,0.7251908396946565,0.525901753977041,0.9923664122137404,0.9847910960899714,0.732824427480916,0.5370316415127323,0.2824427480916031,0.07977390594953676,0.07633587786259542,0.005827166249053086,0.8778625954198473,0.7706427364372705,0.04580152671755725,0.0020977798496591106
Russia--Ukraine,EURUSD,1546,0,0.6564885496183206,0.43097721577996617,0.8702290076335878,0.757298525726939,0.8625954198473282,0.7440708583415885,0.8931297709923665,0.797680787832877,0.8702290076335878,0.757298525726939,0.1984732824427481,0.039391643843598854,0.12213740458015267,0.014917545597575898,0.9007633587786259,0.8113746285181516,0.07633587786259542,0.005827166249053086
Russia--Ukraine,EURUSD,1547,0,0.7786259541984732,0.606258376551483,0.8396946564885496,0.7050871161354233,0.8702290076335878,0.757298525726939,0.9389312977099237,0.8815919818192414,0.8320610687022901,0.6923256220499971,0.21374045801526717,0.045684983392576185,0.1450381679389313,0.021036070159081637,0.9083969465648855,0.8251850125284074,0.05343511450381679,0.0028553114620360116
Russia--Ukraine,EURUSD,1548,0,0.8396946564885496,0.7050871161354233,0.8320610687022901,0.6923256220499971,0.8473282442748091,0.7179651535458306,0.8854961832061069,0.7841034904725832,0.8396946564885496,0.7050871161354233,0.25190839694656486,0.0634578404521881,0.10687022900763359,0.011421245848144046,0.9770992366412213,0.9547229182448574,0.09923664122137404,0.009847910960899714
Russia--Ukraine,EURUSD,1549,0,0.8015267175572519,0.6424450789581027,0.9007633587786259,0.8113746285181516,0.7480916030534351,0.5596410465590583,0.8778625954198473,0.7706427364372705,0.9236641221374046,0.8531554105238622,0.2595419847328244,0.06736204183905366,0.13740458015267176,0.018880018646932,0.7404580152671756,0.5482780723734049,0.0916030534351145,0.008391119398636442
Russia--Ukraine,EURUSD,1550,0,0.8778625954198473,0.7706427364372705,0.9618320610687023,0.925120913699668,0.8778625954198473,0.7706427364372705,0.9847328244274809,0.9696987355049239,0.9007633587786259,0.8113746285181516,0.6259541984732825,0.3918186585863295,0.31297709923664124,0.09795466464658238,0.7862595419847328,0.6182040673620418,0.08396946564885496,0.007050871161354234
Russia--Ukraine,EURUSD,1551,0,0.4122137404580153,0.169920167822388,0.4122137404580153,0.169920167822388,0.9694656488549618,0.9398636443097721,0.3282442748091603,0.10774430394499154,0.11450381679389313,0.013111124060369442,0.16030534351145037,0.025697803158324102,0.7175572519083969,0.5148884097663305,0.3893129770992366,0.15156459413787074,0.9923664122137404,0.9847910960899714
Russia--Ukraine,EURUSD,1552,0,0.4580152671755725,0.20977798496591107,0.549618320610687,0.302080298350912,0.9236641221374046,0.8531554105238622,0.06870229007633588,0.004720004661733,0.2595419847328244,0.06736204183905366,0.22900763358778625,0.05244449624147777,0.7862595419847328,0.6182040673620418,0.4351145038167939,0.18932463143173475,0.9847328244274809,0.9696987355049239
Russia--Ukraine,EURUSD,1553,0,0.5343511450381679,0.2855311462036012,0.5954198473282443,0.3545247945923897,0.9923664122137404,0.9847910960899714,0.5572519083969466,0.31052968941203896,0.26717557251908397,0.0713827865509003,0.16793893129770993,0.028203484645416936,0.6870229007633588,0.4720004661733,0.5419847328244275,0.29374745061476604,0.9541984732824428,0.9104947264145447
Russia--Ukraine,EURUSD,1554,0,0.5572519083969466,0.31052968941203896,0.5648854961832062,0.31909562379814704,0.9083969465648855,0.8251850125284074,0.6183206106870229,0.38232037760037296,0.3969465648854962,0.15756657537439542,0.22137404580152673,0.04900646815453645,0.732824427480916,0.5370316415127323,0.5572519083969466,0.31052968941203896,0.9694656488549618,0.9398636443097721
Russia--Ukraine,EURUSD,1555,0,0.5267175572519084,0.2774313851174174,0.5190839694656488,0.26944816735621463,0.7709923664122137,0.5944292290659052,0.6870229007633588,0.4720004661733,0.2366412213740458,0.05599906765340015,0.29770992366412213,0.08863119864809743,0.7404580152671756,0.5482780723734049,0.48854961832061067,0.23868072956121436,0.9770992366412213,0.9547229182448574
Russia--Ukraine,EURUSD,1556,0,0.732824427480916,0.5370316415127323,0.5343511450381679,0.2855311462036012,0.5343511450381679,0.2855311462036012,0.366412213740458,0.13425791037818308,0.3435114503816794,0.118000116543325,0.32061068702290074,0.10279121263329641,0.7480916030534351,0.5596410465590583,0.6335877862595419,0.401433482897267,0.9618320610687023,0.925120913699668
Russia--Ukraine,EURUSD,1557,0,0.7938931297709924,0.6302663014975817,0.5801526717557252,0.3365771225453062,0.31297709923664124,0.09795466464658238,0.732824427480916,0.5370316415127323,0.29770992366412213,0.08863119864809743,0.366412213740458,0.13425791037818308,0.7099236641221374,0.5039916088806013,0.8396946564885496,0.7050871161354233,0.9389312977099237,0.8815919818192414
Russia--Ukraine,EURUSD,1558,0,0.9236641221374046,0.8531554105238622,0.6412213740458015,0.41116485053318563,0.13740458015267176,0.018880018646932,0.9465648854961832,0.8959850824544024,0.4732824427480916,0.2239962706136006,0.48854961832061067,0.23868072956121436,0.7557251908396947,0.5711205640696929,0.8320610687022901,0.6923256220499971,0.9083969465648855,0.8251850125284074
Russia--Ukraine,EURUSD,1559,0,0.9847328244274809,0.9696987355049239,0.6564885496183206,0.43097721577996617,0.32061068702290074,0.10279121263329641,0.4961832061068702,0.24619777402249285,0.37404580152671757,0.13991026163976458,0.549618320610687,0.302080298350912,0.8244274809160306,0.679680671289552,0.7938931297709924,0.6302663014975817,0.8931297709923665,0.797680787832877
Russia--Ukraine,EURUSD,1560,0,0.9694656488549618,0.9398636443097721,0.732824427480916,0.5370316415127323,0.12213740458015267,0.014917545597575898,0.9007633587786259,0.8113746285181516,0.7633587786259542,0.5827166249053086,0.6106870229007634,0.3729386399393975,0.8702290076335878,0.757298525726939,0.7251908396946565,0.525901753977041,0.8854961832061069,0.7841034904725832
Russia--Ukraine,EURUSD,1561,1,0.9312977099236641,0.004720004661733,0.7709923664122137,0.05244449624147779,0.6335877862595419,0.13425791037818313,0.9541984732824428,0.0020977798496591075,0.648854961832061,0.1233028378299633,0.7099236641221374,0.08414428063632658,0.9083969465648855,0.008391119398636451,0.7480916030534351,0.0634578404521881,0.8473282442748091,0.023308664996212352
Russia--Ukraine,EURUSD,1562,1,0.8854961832061069,0.013111124060369435,0.7175572519083969,0.07977390594953676,0.10687022900763359,0.797680787832877,0.7022900763358778,0.08863119864809746,0.6183206106870229,0.1456791562263271,0.8091603053435115,0.036419789056581775,0.8854961832061069,0.013111124060369435,0.7633587786259542,0.055999067653400125,0.8320610687022901,0.028203484645416915
Russia--Ukraine,EURUSD,1563,1,0.9389312977099237,0.0037293863993939735,0.7862595419847328,0.0456849833925762,0.08396946564885496,0.8391119398636443,0.7709923664122137,0.05244449624147779,0.7022900763358778,0.08863119864809746,0.7557251908396947,0.059670182390303576,0.9465648854961832,0.0028553114620360094,0.916030534351145,0.007050871161354238,0.8244274809160306,0.03082570945749081
Russia--Ukraine,EURUSD,1564,1,0.9465648854961832,0.0028553114620360094,0.7251908396946565,0.075520074587728,0.09923664122137404,0.8113746285181516,0.9312977099236641,0.004720004661733,0.5343511450381679,0.2168288561272653,0.6717557251908397,0.10774430394499154,0.8778625954198473,0.014917545597575894,0.9618320610687023,0.0014567915622632677,0.8625954198473282,0.018880018646932
Russia--Ukraine,EURUSD,1565,1,0.8931297709923665,0.011421245848144038,0.6717557251908397,0.10774430394499154,0.8549618320610687,0.021036070159081644,0.6717557251908397,0.10774430394499154,0.5877862595419847,0.169920167822388,0.816793893129771,0.03356447759454576,0.8320610687022901,0.028203484645416915,0.8015267175572519,0.039391643843598854,0.8091603053435115,0.036419789056581775
Russia--Ukraine,EURUSD,1566,1,0.8091603053435115,0.036419789056581775,0.6870229007633588,0.09795466464658234,0.1297709923664122,0.757298525726939,0.816793893129771,0.03356447759454576,0.5114503816793893,0.23868072956121442,0.7480916030534351,0.0634578404521881,0.8396946564885496,0.025697803158324123,0.8549618320610687,0.021036070159081644,0.7938931297709924,0.042480041955597
Russia--Ukraine,EURUSD,1567,1,0.7404580152671756,0.06736204183905366,0.6793893129770993,0.10279121263329641,0.20610687022900764,0.6302663014975817,0.8473282442748091,0.023308664996212352,0.42748091603053434,0.32777810150923603,0.8396946564885496,0.025697803158324123,0.9007633587786259,0.009847910960899726,0.732824427480916,0.0713827865509003,0.8015267175572519,0.039391643843598854
Russia--Ukraine,EURUSD,1568,1,0.7175572519083969,0.07977390594953676,0.7938931297709924,0.042480041955597,0.030534351145038167,0.9398636443097721,0.7175572519083969,0.07977390594953676,0.5725190839694656,0.1827399335703048,0.8244274809160306,0.03082570945749081,0.9236641221374046,0.005827166249053088,0.8625954198473282,0.018880018646932,0.816793893129771,0.03356447759454576
Russia--Ukraine,EURUSD,1569,1,0.7480916030534351,0.0634578404521881,0.8091603053435115,0.036419789056581775,0.9312977099236641,0.004720004661733,0.6412213740458015,0.1287221024415827,0.4122137404580153,0.3454926869063574,0.7709923664122137,0.05244449624147779,0.9389312977099237,0.0037293863993939735,0.8854961832061069,0.013111124060369435,0.8549618320610687,0.021036070159081644
Russia--Ukraine,EURUSD,1570,1,0.8244274809160306,0.03082570945749081,0.8549618320610687,0.021036070159081644,0.061068702290076333,0.8815919818192414,0.7633587786259542,0.055999067653400125,0.4351145038167939,0.31909562379814704,0.732824427480916,0.0713827865509003,0.916030534351145,0.007050871161354238,0.7175572519083969,0.07977390594953676,0.8396946564885496,0.025697803158324123
Russia--Ukraine,EURUSD,1571,1,0.9618320610687023,0.0014567915622632677,0.8473282442748091,0.023308664996212352,0.5877862595419847,0.169920167822388,0.7251908396946565,0.075520074587728,0.6641221374045801,0.11281393858166774,0.6946564885496184,0.09323465998484934,0.8091603053435115,0.036419789056581775,0.6106870229007634,0.15156459413787074,0.7251908396946565,0.075520074587728
Russia--Ukraine,EURUSD,1572,1,0.9770992366412213,0.0005244449624147795,0.7557251908396947,0.059670182390303576,0.0916030534351145,0.8251850125284074,0.6793893129770993,0.10279121263329641,0.5572519083969466,0.19602587261814575,0.7022900763358778,0.08863119864809746,0.7709923664122137,0.05244449624147779,0.6946564885496184,0.09323465998484934,0.7404580152671756,0.06736204183905366
Russia--Ukraine,EURUSD,1573,1,0.9923664122137404,5.8271662490531046e-05,0.7099236641221374,0.08414428063632658,0.03816793893129771,0.925120913699668,0.33587786259541985,0.441058213390828,0.5648854961832062,0.1893246314317347,0.6793893129770993,0.10279121263329641,0.6793893129770993,0.10279121263329641,0.6870229007633588,0.09795466464658234,0.7709923664122137,0.05244449624147779
Russia--Ukraine,EURUSD,1574,1,0.9541984732824428,0.0020977798496591075,0.6946564885496184,0.09323465998484934,0.007633587786259542,0.9847910960899714,0.48854961832061067,0.2615814929199931,0.6793893129770993,0.10279121263329641,0.8320610687022901,0.028203484645416915,0.6564885496183206,0.118000116543325,0.648854961832061,0.1233028378299633,0.7557251908396947,0.059670182390303576
Russia--Ukraine,EURUSD,1575,1,0.916030534351145,0.007050871161354238,0.6106870229007634,0.15156459413787074,0.26717557251908397,0.5370316415127323,0.44274809160305345,0.31052968941203885,0.7557251908396947,0.059670182390303576,0.7251908396946565,0.075520074587728,0.6335877862595419,0.13425791037818313,0.5114503816793893,0.23868072956121442,0.7862595419847328,0.0456849833925762
Russia--Ukraine,EURUSD,1576,1,0.7099236641221374,0.08414428063632658,0.4961832061068702,0.2538313618087524,0.04580152671755725,0.9104947264145447,0.7099236641221374,0.08414428063632658,0.4961832061068702,0.2538313618087524,0.5877862595419847,0.169920167822388,0.5725190839694656,0.1827399335703048,0.366412213740458,0.40143348289726716,0.8702290076335878,0.016840510459763414
Russia--Ukraine,EURUSD,1577,1,0.3816793893129771,0.38232037760037296,0.6259541984732825,0.13991026163976455,0.366412213740458,0.40143348289726716,0.3435114503816794,0.43097721577996617,0.45038167938931295,0.302080298350912,0.7175572519083969,0.07977390594953676,0.40458015267175573,0.3545247945923897,0.2595419847328244,0.5482780723734049,0.6183206106870229,0.1456791562263271
Russia--Ukraine,EURUSD,1578,1,0.3969465648854962,0.3636734456034031,0.5877862595419847,0.169920167822388,0.33587786259541985,0.441058213390828,0.1984732824427481,0.6424450789581027,0.5419847328244275,0.20977798496591107,0.7938931297709924,0.042480041955597,0.29770992366412213,0.4932113513198532,0.20610687022900764,0.6302663014975817,0.549618320610687,0.2028436571295379
Russia--Ukraine,EURUSD,1579,1,0.37404580152671757,0.39181865858632936,0.4580152671755725,0.29374745061476604,0.2748091603053435,0.525901753977041,0.32061068702290074,0.46156983858749495,0.48854961832061067,0.2615814929199931,0.7862595419847328,0.0456849833925762,0.3435114503816794,0.43097721577996617,0.3282442748091603,0.451255754326671,0.5801526717557252,0.17627177903385585
Russia--Ukraine,EURUSD,1580,1,0.40458015267175573,0.3545247945923897,0.3816793893129771,0.38232037760037296,0.22137404580152673,0.606258376551483,0.4732824427480916,0.2774313851174174,0.3816793893129771,0.38232037760037296,0.8473282442748091,0.023308664996212352,0.4732824427480916,0.2774313851174174,0.3435114503816794,0.43097721577996617,0.6259541984732825,0.13991026163976455
Russia--Ukraine,EURUSD,1581,1,0.2900763358778626,0.5039916088806013,0.3435114503816794,0.43097721577996617,0.46564885496183206,0.2855311462036012,0.2748091603053435,0.525901753977041,0.3511450381679389,0.4210127614940855,0.6641221374045801,0.11281393858166774,0.5419847328244275,0.20977798496591107,0.31297709923664124,0.4720004661733,0.6335877862595419,0.13425791037818313
Russia--Ukraine,EURUSD,1582,1,0.3435114503816794,0.43097721577996617,0.29770992366412213,0.4932113513198532,0.5419847328244275,0.20977798496591107,0.2824427480916031,0.5148884097663305,0.5038167938931297,0.2461977740224929,0.6335877862595419,0.13425791037818313,0.5572519083969466,0.19602587261814575,0.37404580152671757,0.39181865858632936,0.5877862595419847,0.169920167822388
Russia--Ukraine,EURUSD,1583,1,0.29770992366412213,0.4932113513198532,0.2595419847328244,0.5482780723734049,0.8091603053435115,0.036419789056581775,0.12213740458015267,0.7706427364372705,0.5190839694656488,0.231280228424917,0.5419847328244275,0.20977798496591107,0.5114503816793893,0.23868072956121442,0.45038167938931295,0.302080298350912,0.5038167938931297,0.2461977740224929
Russia--Ukraine,EURUSD,1584,1,0.24427480916030533,0.5711205640696929,0.21374045801526717,0.6182040673620418,0.3893129770992366,0.3729386399393975,0.2366412213740458,0.5827166249053084,0.15267175572519084,0.7179651535458306,0.44274809160305345,0.31052968941203885,0.42748091603053434,0.32777810150923603,0.42748091603053434,0.32777810150923603,0.4122137404580153,0.3454926869063574
Russia--Ukraine,EURUSD,1585,1,0.183206106870229,0.6671522638540878,0.13740458015267176,0.7440708583415885,0.6412213740458015,0.1287221024415827,0.20610687022900764,0.6302663014975817,0.16030534351145037,0.7050871161354234,0.5190839694656488,0.231280228424917,0.4122137404580153,0.3454926869063574,0.35877862595419846,0.41116485053318563,0.366412213740458,0.40143348289726716
Russia--Ukraine,EURUSD,1586,1,0.15267175572519084,0.7179651535458306,0.12213740458015267,0.7706427364372705,0.48091603053435117,0.26944816735621463,0.061068702290076333,0.8815919818192414,0.21374045801526717,0.6182040673620418,0.48091603053435117,0.26944816735621463,0.3969465648854962,0.3636734456034031,0.22900763358778625,0.5944292290659053,0.37404580152671757,0.39181865858632936
Russia--Ukraine,EURUSD,1587,1,0.061068702290076333,0.8815919818192414,0.0916030534351145,0.8251850125284074,0.183206106870229,0.6671522638540878,0.09923664122137404,0.8113746285181516,0.183206106870229,0.6671522638540878,0.4961832061068702,0.2538313618087524,0.4351145038167939,0.31909562379814704,0.04580152671755725,0.9104947264145447,0.3511450381679389,0.4210127614940855
Russia--Ukraine,EURUSD,1588,1,0.07633587786259542,0.8531554105238622,0.061068702290076333,0.8815919818192414,0.4122137404580153,0.3454926869063574,0.0916030534351145,0.8251850125284074,0.16793893129770993,0.692325622049997,0.26717557251908397,0.5370316415127323,0.3511450381679389,0.4210127614940855,0.05343511450381679,0.8959850824544024,0.35877862595419846,0.41116485053318563
Russia--Ukraine,EURUSD,1589,1,0.09923664122137404,0.8113746285181516,0.10687022900763359,0.797680787832877,0.42748091603053434,0.32777810150923603,0.31297709923664124,0.4720004661733,0.20610687022900764,0.6302663014975817,0.2748091603053435,0.525901753977041,0.3893129770992366,0.3729386399393975,0.1297709923664122,0.757298525726939,0.32061068702290074,0.46156983858749495
Russia--Ukraine,EURUSD,1590,1,0.2748091603053435,0.525901753977041,0.31297709923664124,0.4720004661733,0.3511450381679389,0.4210127614940855,0.1297709923664122,0.757298525726939,0.2748091603053435,0.525901753977041,0.35877862595419846,0.41116485053318563,0.5190839694656488,0.231280228424917,0.2900763358778626,0.5039916088806013,0.24427480916030533,0.5711205640696929
Russia--Ukraine,EURUSD,1591,1,0.10687022900763359,0.797680787832877,0.2748091603053435,0.525901753977041,0.5267175572519084,0.2239962706136006,0.3816793893129771,0.38232037760037296,0.2900763358778626,0.5039916088806013,0.24427480916030533,0.5711205640696929,0.3053435114503817,0.48254763708408593,0.26717557251908397,0.5370316415127323,0.22900763358778625,0.5944292290659053
Russia--Ukraine,EURUSD,1592,1,0.25190839694656486,0.5596410465590583,0.26717557251908397,0.5370316415127323,0.7022900763358778,0.08863119864809746,0.24427480916030533,0.5711205640696929,0.3053435114503817,0.48254763708408593,0.2366412213740458,0.5827166249053084,0.2366412213740458,0.5827166249053084,0.17557251908396945,0.679680671289552,0.21374045801526717,0.6182040673620418
Russia--Ukraine,EURUSD,1593,1,0.0916030534351145,0.8251850125284074,0.4351145038167939,0.31909562379814704,0.6030534351145038,0.15756657537439542,0.35877862595419846,0.41116485053318563,0.35877862595419846,0.41116485053318563,0.4580152671755725,0.29374745061476604,0.3282442748091603,0.451255754326671,0.2748091603053435,0.525901753977041,0.183206106870229,0.6671522638540878
Russia--Ukraine,EURUSD,1594,1,0.2824427480916031,0.5148884097663305,0.48854961832061067,0.2615814929199931,0.816793893129771,0.03356447759454576,0.22137404580152673,0.606258376551483,0.3282442748091603,0.451255754326671,0.46564885496183206,0.2855311462036012,0.1984732824427481,0.6424450789581027,0.24427480916030533,0.5711205640696929,0.17557251908396945,0.679680671289552
Russia--Ukraine,EURUSD,1595,1,0.31297709923664124,0.4720004661733,0.5572519083969466,0.19602587261814575,0.6183206106870229,0.1456791562263271,0.1450381679389313,0.730959734281219,0.46564885496183206,0.2855311462036012,0.40458015267175573,0.3545247945923897,0.17557251908396945,0.679680671289552,0.40458015267175573,0.3545247945923897,0.15267175572519084,0.7179651535458306
Russia--Ukraine,EURUSD,1596,1,0.22900763358778625,0.5944292290659053,0.6183206106870229,0.1456791562263271,0.4198473282442748,0.3365771225453063,0.5114503816793893,0.23868072956121442,0.6946564885496184,0.09323465998484934,0.3435114503816794,0.43097721577996617,0.11450381679389313,0.7841034904725832,0.32061068702290074,0.46156983858749495,0.1450381679389313,0.730959734281219
Russia--Ukraine,EURUSD,1597,1,0.21374045801526717,0.6182040673620418,0.648854961832061,0.1233028378299633,0.40458015267175573,0.3545247945923897,0.6564885496183206,0.118000116543325,0.6335877862595419,0.13425791037818313,0.5801526717557252,0.17627177903385585,0.05343511450381679,0.8959850824544024,0.3816793893129771,0.38232037760037296,0.1297709923664122,0.757298525726939
Russia--Ukraine,EURUSD,1598,1,0.35877862595419846,0.41116485053318563,0.7022900763358778,0.08863119864809746,0.45038167938931295,0.302080298350912,0.5725190839694656,0.1827399335703048,0.6030534351145038,0.15756657537439542,0.5114503816793893,0.23868072956121442,0.09923664122137404,0.8113746285181516,0.5267175572519084,0.2239962706136006,0.11450381679389313,0.7841034904725832
Russia--Ukraine,EURUSD,1599,1,0.366412213740458,0.40143348289726716,0.8625954198473282,0.018880018646932,0.16030534351145037,0.7050871161354234,0.4198473282442748,0.3365771225453063,0.7480916030534351,0.0634578404521881,0.648854961832061,0.1233028378299633,0.183206106870229,0.6671522638540878,0.549618320610687,0.2028436571295379,0.10687022900763359,0.797680787832877
Russia--Ukraine,EURUSD,1600,1,0.3893129770992366,0.3729386399393975,0.9770992366412213,0.0005244449624147795,0.24427480916030533,0.5711205640696929,0.648854961832061,0.1233028378299633,0.9312977099236641,0.004720004661733,0.5648854961832062,0.1893246314317347,0.33587786259541985,0.441058213390828,0.5190839694656488,0.231280228424917,0.061068702290076333,0.8815919818192414
Russia--Ukraine,EURUSD,1601,1,0.4198473282442748,0.3365771225453063,0.9923664122137404,5.8271662490531046e-05,0.19083969465648856,0.6547403997436048,0.549618320610687,0.2028436571295379,0.9770992366412213,0.0005244449624147795,0.8702290076335878,0.016840510459763414,0.6183206106870229,0.1456791562263271,0.5725190839694656,0.1827399335703048,0.06870229007633588,0.8673154245090612
Russia--Ukraine,EURUSD,1602,1,0.5801526717557252,0.17627177903385585,0.8854961832061069,0.013111124060369435,0.29770992366412213,0.4932113513198532,0.8396946564885496,0.025697803158324123,0.9847328244274809,0.00023308664996212419,0.9923664122137404,5.8271662490531046e-05,0.9770992366412213,0.0005244449624147795,0.9923664122137404,5.8271662490531046e-05,0.16030534351145037,0.7050871161354234
Russia--Ukraine,EURUSD,1603,1,0.5877862595419847,0.169920167822388,0.9541984732824428,0.0020977798496591075,0.916030534351145,0.007050871161354238,0.9694656488549618,0.0009323465998484967,0.9923664122137404,5.8271662490531046e-05,0.9236641221374046,0.005827166249053088,0.9923664122137404,5.8271662490531046e-05,0.9541984732824428,0.0020977798496591075,0.13740458015267176,0.7440708583415885
Russia--Ukraine,EURUSD,1604,1,0.6259541984732825,0.13991026163976455,0.7404580152671756,0.06736204183905366,0.6946564885496184,0.09323465998484934,0.6946564885496184,0.09323465998484934,0.9618320610687023,0.0014567915622632677,0.7633587786259542,0.055999067653400125,0.7022900763358778,0.08863119864809746,0.9312977099236641,0.004720004661733,0.1984732824427481,0.6424450789581027
Russia--Ukraine,EURUSD,1605,1,0.9007633587786259,0.009847910960899726,0.8015267175572519,0.039391643843598854,0.2595419847328244,0.5482780723734049,0.9770992366412213,0.0005244449624147795,0.8854961832061069,0.013111124060369435,0.6870229007633588,0.09795466464658234,0.8473282442748091,0.023308664996212352,0.9847328244274809,0.00023308664996212419,0.5343511450381679,0.2168288561272653
Russia--Ukraine,EURUSD,1606,1,0.8473282442748091,0.023308664996212352,0.9083969465648855,0.008391119398636451,0.549618320610687,0.2028436571295379,0.916030534351145,0.007050871161354238,0.9083969465648855,0.008391119398636451,0.7786259541984732,0.049006468154536464,0.9541984732824428,0.0020977798496591075,0.9465648854961832,0.0028553114620360094,0.3282442748091603,0.451255754326671
Russia--Ukraine,EURUSD,1607,1,0.8549618320610687,0.021036070159081644,0.8931297709923665,0.011421245848144038,0.8244274809160306,0.03082570945749081,0.8549618320610687,0.021036070159081644,0.7709923664122137,0.05244449624147779,0.9083969465648855,0.008391119398636451,0.9694656488549618,0.0009323465998484967,0.9694656488549618,0.0009323465998484967,0.22137404580152673,0.606258376551483
Russia--Ukraine,EURUSD,1608,1,0.6870229007633588,0.09795466464658234,0.46564885496183206,0.2855311462036012,0.7404580152671756,0.06736204183905366,0.8091603053435115,0.036419789056581775,0.6106870229007634,0.15156459413787074,0.42748091603053434,0.32777810150923603,0.5877862595419847,0.169920167822388,0.8702290076335878,0.016840510459763414,0.5190839694656488,0.231280228424917
Russia--Ukraine,EURUSD,1609,1,0.7022900763358778,0.08863119864809746,0.5267175572519084,0.2239962706136006,0.6564885496183206,0.118000116543325,0.5877862595419847,0.169920167822388,0.816793893129771,0.03356447759454576,0.5038167938931297,0.2461977740224929,0.6106870229007634,0.15156459413787074,0.7022900763358778,0.08863119864809746,0.4198473282442748,0.3365771225453063
Russia--Ukraine,EURUSD,1610,1,0.6030534351145038,0.15756657537439542,0.5419847328244275,0.20977798496591107,0.8320610687022901,0.028203484645416915,0.6106870229007634,0.15156459413787074,0.6412213740458015,0.1287221024415827,0.3893129770992366,0.3729386399393975,0.5343511450381679,0.2168288561272653,0.5343511450381679,0.2168288561272653,0.3816793893129771,0.38232037760037296
Russia--Ukraine,EURUSD,1611,1,0.44274809160305345,0.31052968941203885,0.5725190839694656,0.1827399335703048,0.7938931297709924,0.042480041955597,0.5267175572519084,0.2239962706136006,0.6564885496183206,0.118000116543325,0.3511450381679389,0.4210127614940855,0.48854961832061067,0.2615814929199931,0.46564885496183206,0.2855311462036012,0.3053435114503817,0.48254763708408593
Russia--Ukraine,EURUSD,1612,1,0.5419847328244275,0.20977798496591107,0.6641221374045801,0.11281393858166774,0.6870229007633588,0.09795466464658234,0.3969465648854962,0.3636734456034031,0.7251908396946565,0.075520074587728,0.3282442748091603,0.451255754326671,0.3816793893129771,0.38232037760037296,0.4961832061068702,0.2538313618087524,0.19083969465648856,0.6547403997436048
Russia--Ukraine,EURUSD,1613,1,0.4961832061068702,0.2538313618087524,0.15267175572519084,0.7179651535458306,0.22900763358778625,0.5944292290659053,0.4351145038167939,0.31909562379814704,0.1984732824427481,0.6424450789581027,0.11450381679389313,0.7841034904725832,0.022900763358778626,0.9547229182448574,0.3053435114503817,0.48254763708408593,0.6946564885496184,0.09323465998484934
Russia--Ukraine,EURUSD,1614,1,0.3282442748091603,0.451255754326671,0.03816793893129771,0.925120913699668,0.7862595419847328,0.0456849833925762,0.05343511450381679,0.8959850824544024,0.1450381679389313,0.730959734281219,0.04580152671755725,0.9104947264145447,0.061068702290076333,0.8815919818192414,0.2366412213740458,0.5827166249053084,0.9236641221374046,0.005827166249053088
Russia--Ukraine,EURUSD,1615,1,0.22137404580152673,0.606258376551483,0.030534351145038167,0.9398636443097721,0.7633587786259542,0.055999067653400125,0.015267175572519083,0.9696987355049239,0.015267175572519083,0.9696987355049239,0.030534351145038167,0.9398636443097721,0.16793893129770993,0.692325622049997,0.1450381679389313,0.730959734281219,0.9465648854961832,0.0028553114620360094
Russia--Ukraine,EURUSD,1616,1,0.11450381679389313,0.7841034904725832,0.022900763358778626,0.9547229182448574,0.6641221374045801,0.11281393858166774,0.15267175572519084,0.7179651535458306,0.007633587786259542,0.9847910960899714,0.015267175572519083,0.9696987355049239,0.16030534351145037,0.7050871161354234,0.09923664122137404,0.8113746285181516,0.9312977099236641,0.004720004661733
Russia--Ukraine,EURUSD,1617,1,0.030534351145038167,0.9398636443097721,0.08396946564885496,0.8391119398636443,0.5648854961832062,0.1893246314317347,0.08396946564885496,0.8391119398636443,0.022900763358778626,0.9547229182448574,0.022900763358778626,0.9547229182448574,0.15267175572519084,0.7179651535458306,0.12213740458015267,0.7706427364372705,0.916030534351145,0.007050871161354238
Russia--Ukraine,EURUSD,1618,1,0.05343511450381679,0.8959850824544024,0.16030534351145037,0.7050871161354234,0.6793893129770993,0.10279121263329641,0.16793893129770993,0.692325622049997,0.03816793893129771,0.925120913699668,0.03816793893129771,0.925120913699668,0.22900763358778625,0.5944292290659053,0.06870229007633588,0.8673154245090612,0.9007633587786259,0.009847910960899726
Russia--Ukraine,EURUSD,1619,1,0.022900763358778626,0.9547229182448574,0.22137404580152673,0.606258376551483,0.5038167938931297,0.2461977740224929,0.183206106870229,0.6671522638540878,0.061068702290076333,0.8815919818192414,0.07633587786259542,0.8531554105238622,0.2824427480916031,0.5148884097663305,0.030534351145038167,0.9398636443097721,0.8778625954198473,0.014917545597575894
Russia--Ukraine,EURUSD,1620,1,0.13740458015267176,0.7440708583415885,0.2366412213740458,0.5827166249053084,0.48854961832061067,0.2615814929199931,0.26717557251908397,0.5370316415127323,0.06870229007633588,0.8673154245090612,0.06870229007633588,0.8673154245090612,0.2595419847328244,0.5482780723734049,0.07633587786259542,0.8531554105238622,0.7175572519083969,0.07977390594953676
Russia--Ukraine,EURUSD,1621,1,0.1984732824427481,0.6424450789581027,0.32061068702290074,0.46156983858749495,0.648854961832061,0.1233028378299633,0.13740458015267176,0.7440708583415885,0.10687022900763359,0.797680787832877,0.08396946564885496,0.8391119398636443,0.25190839694656486,0.5596410465590583,0.10687022900763359,0.797680787832877,0.648854961832061,0.1233028378299633
Russia--Ukraine,EURUSD,1622,1,0.2366412213740458,0.5827166249053084,0.3511450381679389,0.4210127614940855,0.8854961832061069,0.013111124060369435,0.10687022900763359,0.797680787832877,0.24427480916030533,0.5711205640696929,0.20610687022900764,0.6302663014975817,0.21374045801526717,0.6182040673620418,0.16030534351145037,0.7050871161354234,0.3969465648854962,0.3636734456034031
Russia--Ukraine,EURUSD,1623,1,0.32061068702290074,0.46156983858749495,0.40458015267175573,0.3545247945923897,0.9541984732824428,0.0020977798496591075,0.030534351145038167,0.9398636443097721,0.3893129770992366,0.3729386399393975,0.15267175572519084,0.7179651535458306,0.19083969465648856,0.6547403997436048,0.11450381679389313,0.7841034904725832,0.20610687022900764,0.6302663014975817
Russia--Ukraine,EURUSD,1624,1,0.12213740458015267,0.7706427364372705,0.4198473282442748,0.3365771225453063,0.9847328244274809,0.00023308664996212419,0.04580152671755725,0.9104947264145447,0.48091603053435117,0.26944816735621463,0.17557251908396945,0.679680671289552,0.20610687022900764,0.6302663014975817,0.061068702290076333,0.8815919818192414,0.16793893129770993,0.692325622049997
Russia--Ukraine,EURUSD,1625,1,0.04580152671755725,0.9104947264145447,0.4732824427480916,0.2774313851174174,0.9770992366412213,0.0005244449624147795,0.21374045801526717,0.6182040673620418,0.7099236641221374,0.08414428063632658,0.19083969465648856,0.6547403997436048,0.26717557251908397,0.5370316415127323,0.015267175572519083,0.9696987355049239,0.12213740458015267,0.7706427364372705
Russia--Ukraine,EURUSD,1626,1,0.015267175572519083,0.9696987355049239,0.19083969465648856,0.6547403997436048,0.9389312977099237,0.0037293863993939735,0.007633587786259542,0.9847910960899714,0.030534351145038167,0.9398636443097721,0.007633587786259542,0.9847910960899714,0.015267175572519083,0.9696987355049239,0.007633587786259542,0.9847910960899714,0.4351145038167939,0.31909562379814704
Russia--Ukraine,EURUSD,1627,0,0.007633587786259542,5.827166249053085e-05,0.17557251908396945,0.03082570945749082,0.8396946564885496,0.7050871161354233,0.19083969465648856,0.03641978905658179,0.07633587786259542,0.005827166249053086,0.05343511450381679,0.0028553114620360116,0.08396946564885496,0.007050871161354234,0.022900763358778626,0.0005244449624147776,0.6030534351145038,0.3636734456034031
Russia--Ukraine,EURUSD,1628,0,0.03816793893129771,0.0014567915622632716,0.1450381679389313,0.021036070159081637,0.8931297709923665,0.797680787832877,0.022900763358778626,0.0005244449624147776,0.08396946564885496,0.007050871161354234,0.061068702290076333,0.0037293863993939744,0.06870229007633588,0.004720004661733,0.03816793893129771,0.0014567915622632716,0.5725190839694656,0.32777810150923603
Russia--Ukraine,EURUSD,1629,0,0.08396946564885496,0.007050871161354234,0.007633587786259542,5.827166249053085e-05,0.4580152671755725,0.20977798496591107,0.07633587786259542,0.005827166249053086,0.05343511450381679,0.0028553114620360116,0.09923664122137404,0.009847910960899714,0.1297709923664122,0.016840510459763414,0.0916030534351145,0.008391119398636442,0.5648854961832062,0.31909562379814704
Russia--Ukraine,EURUSD,1630,0,0.1297709923664122,0.016840510459763414,0.05343511450381679,0.0028553114620360116,0.3435114503816794,0.118000116543325,0.17557251908396945,0.03082570945749082,0.2824427480916031,0.07977390594953676,0.5725190839694656,0.32777810150923603,0.6412213740458015,0.41116485053318563,0.22137404580152673,0.04900646815453645,0.29770992366412213,0.08863119864809743
Russia--Ukraine,EURUSD,1631,0,0.06870229007633588,0.004720004661733,0.07633587786259542,0.005827166249053086,0.5801526717557252,0.3365771225453062,0.3053435114503817,0.09323465998484938,0.22900763358778625,0.05244449624147777,0.5343511450381679,0.2855311462036012,0.6259541984732825,0.3918186585863295,0.183206106870229,0.03356447759454577,0.2824427480916031,0.07977390594953676
Russia--Ukraine,EURUSD,1632,0,0.1450381679389313,0.021036070159081637,0.04580152671755725,0.0020977798496591106,0.6106870229007634,0.3729386399393975,0.22900763358778625,0.05244449624147777,0.366412213740458,0.13425791037818308,0.4351145038167939,0.18932463143173475,0.5038167938931297,0.2538313618087524,0.25190839694656486,0.0634578404521881,0.2595419847328244,0.06736204183905366
Russia--Ukraine,EURUSD,1633,0,0.26717557251908397,0.0713827865509003,0.1297709923664122,0.016840510459763414,0.5954198473282443,0.3545247945923897,0.2900763358778626,0.08414428063632655,0.25190839694656486,0.0634578404521881,0.33587786259541985,0.11281393858166774,0.37404580152671757,0.13991026163976458,0.33587786259541985,0.11281393858166774,0.2366412213740458,0.05599906765340015
Russia--Ukraine,EURUSD,1634,0,0.19083969465648856,0.03641978905658179,0.1984732824427481,0.039391643843598854,0.4732824427480916,0.2239962706136006,0.37404580152671757,0.13991026163976458,0.33587786259541985,0.11281393858166774,0.4122137404580153,0.169920167822388,0.4198473282442748,0.17627177903385582,0.29770992366412213,0.08863119864809743,0.26717557251908397,0.0713827865509003
Russia--Ukraine,EURUSD,1635,0,0.16793893129770993,0.028203484645416936,0.2824427480916031,0.07977390594953676,0.25190839694656486,0.0634578404521881,0.40458015267175573,0.1636850999359012,0.31297709923664124,0.09795466464658238,0.37404580152671757,0.13991026163976458,0.2900763358778626,0.08414428063632655,0.16793893129770993,0.028203484645416936,0.2900763358778626,0.08414428063632655
Russia--Ukraine,EURUSD,1636,0,0.2595419847328244,0.06736204183905366,0.3893129770992366,0.15156459413787074,0.2824427480916031,0.07977390594953676,0.48091603053435117,0.231280228424917,0.5267175572519084,0.2774313851174174,0.4732824427480916,0.2239962706136006,0.32061068702290074,0.10279121263329641,0.21374045801526717,0.045684983392576185,0.2748091603053435,0.075520074587728
Russia--Ukraine,EURUSD,1637,0,0.48091603053435117,0.231280228424917,0.6335877862595419,0.401433482897267,0.1984732824427481,0.039391643843598854,0.6259541984732825,0.3918186585863295,0.5954198473282443,0.3545247945923897,0.6412213740458015,0.41116485053318563,0.5954198473282443,0.3545247945923897,0.4198473282442748,0.17627177903385582,0.33587786259541985,0.11281393858166774
Russia--Ukraine,EURUSD,1638,0,0.48854961832061067,0.23868072956121436,0.9312977099236641,0.8673154245090612,0.6717557251908397,0.451255754326671,0.5038167938931297,0.2538313618087524,0.7175572519083969,0.5148884097663305,0.8778625954198473,0.7706427364372705,0.6030534351145038,0.3636734456034031,0.4122137404580153,0.169920167822388,0.42748091603053434,0.18273993357030474
Russia--Ukraine,EURUSD,1639,0,0.6412213740458015,0.41116485053318563,0.916030534351145,0.8391119398636443,0.3816793893129771,0.14567915622632716,0.25190839694656486,0.0634578404521881,0.549618320610687,0.302080298350912,0.8549618320610687,0.730959734281219,0.5648854961832062,0.31909562379814704,0.3511450381679389,0.12330283782996328,0.5114503816793893,0.261581492919993
Russia--Ukraine,EURUSD,1640,0,0.6183206106870229,0.38232037760037296,0.9236641221374046,0.8531554105238622,0.6259541984732825,0.3918186585863295,0.3893129770992366,0.15156459413787074,0.5801526717557252,0.3365771225453062,0.9007633587786259,0.8113746285181516,0.4961832061068702,0.24619777402249285,0.3969465648854962,0.15756657537439542,0.4580152671755725,0.20977798496591107
Russia--Ukraine,EURUSD,1641,0,0.6793893129770993,0.46156983858749495,0.7480916030534351,0.5596410465590583,0.5190839694656488,0.26944816735621463,0.5419847328244275,0.29374745061476604,0.44274809160305345,0.1960258726181458,0.7404580152671756,0.5482780723734049,0.45038167938931295,0.2028436571295379,0.4580152671755725,0.20977798496591107,0.5267175572519084,0.2774313851174174
Russia--Ukraine,EURUSD,1642,0,0.6946564885496184,0.4825476370840861,0.5114503816793893,0.261581492919993,0.5725190839694656,0.32777810150923603,0.8244274809160306,0.679680671289552,0.4580152671755725,0.20977798496591107,0.6030534351145038,0.3636734456034031,0.44274809160305345,0.1960258726181458,0.44274809160305345,0.1960258726181458,0.6412213740458015,0.41116485053318563
Russia--Ukraine,EURUSD,1643,0,0.6335877862595419,0.401433482897267,0.3282442748091603,0.10774430394499154,0.8015267175572519,0.6424450789581027,0.5190839694656488,0.26944816735621463,0.4198473282442748,0.17627177903385582,0.5267175572519084,0.2774313851174174,0.366412213740458,0.13425791037818308,0.5648854961832062,0.31909562379814704,0.6870229007633588,0.4720004661733
Russia--Ukraine,EURUSD,1644,0,0.45038167938931295,0.2028436571295379,0.16793893129770993,0.028203484645416936,0.5572519083969466,0.31052968941203896,0.4580152671755725,0.20977798496591107,0.22137404580152673,0.04900646815453645,0.5572519083969466,0.31052968941203896,0.35877862595419846,0.12872210244158264,0.6641221374045801,0.441058213390828,0.6793893129770993,0.46156983858749495
Russia--Ukraine,EURUSD,1645,0,0.4351145038167939,0.18932463143173475,0.06870229007633588,0.004720004661733,0.7175572519083969,0.5148884097663305,0.8702290076335878,0.757298525726939,0.1297709923664122,0.016840510459763414,0.4198473282442748,0.17627177903385582,0.2748091603053435,0.075520074587728,0.4732824427480916,0.2239962706136006,0.6717557251908397,0.451255754326671
Russia--Ukraine,EURUSD,1646,0,0.33587786259541985,0.11281393858166774,0.015267175572519083,0.0002330866499621234,0.37404580152671757,0.13991026163976458,0.6030534351145038,0.3636734456034031,0.12213740458015267,0.014917545597575898,0.3816793893129771,0.14567915622632716,0.22137404580152673,0.04900646815453645,0.48091603053435117,0.231280228424917,0.6641221374045801,0.441058213390828
Russia--Ukraine,EURUSD,1647,0,0.5725190839694656,0.32777810150923603,0.11450381679389313,0.013111124060369442,0.5114503816793893,0.261581492919993,0.5648854961832062,0.31909562379814704,0.32061068702290074,0.10279121263329641,0.45038167938931295,0.2028436571295379,0.46564885496183206,0.2168288561272653,0.6030534351145038,0.3636734456034031,0.6564885496183206,0.43097721577996617
Russia--Ukraine,EURUSD,1648,0,0.6641221374045801,0.441058213390828,0.20610687022900764,0.042480041955597,0.15267175572519084,0.023308664996212345,0.8625954198473282,0.7440708583415885,0.40458015267175573,0.1636850999359012,0.5954198473282443,0.3545247945923897,0.648854961832061,0.4210127614940854,0.7709923664122137,0.5944292290659052,0.6106870229007634,0.3729386399393975
Russia--Ukraine,EURUSD,1649,0,0.549618320610687,0.302080298350912,0.3053435114503817,0.09323465998484938,0.21374045801526717,0.045684983392576185,0.7404580152671756,0.5482780723734049,0.8015267175572519,0.6424450789581027,0.8015267175572519,0.6424450789581027,0.7633587786259542,0.5827166249053086,0.816793893129771,0.6671522638540878,0.5954198473282443,0.3545247945923897
Russia--Ukraine,EURUSD,1650,0,0.648854961832061,0.4210127614940854,0.33587786259541985,0.11281393858166774,0.06870229007633588,0.004720004661733,0.7938931297709924,0.6302663014975817,0.8549618320610687,0.730959734281219,0.8931297709923665,0.797680787832877,0.8931297709923665,0.797680787832877,0.7099236641221374,0.5039916088806013,0.5419847328244275,0.29374745061476604
Russia--Ukraine,EURUSD,1651,0,0.7251908396946565,0.525901753977041,0.366412213740458,0.13425791037818308,0.16793893129770993,0.028203484645416936,0.9618320610687023,0.925120913699668,0.8244274809160306,0.679680671289552,0.916030534351145,0.8391119398636443,0.8549618320610687,0.730959734281219,0.6412213740458015,0.41116485053318563,0.5572519083969466,0.31052968941203896
Russia--Ukraine,EURUSD,1652,0,0.8625954198473282,0.7440708583415885,0.6030534351145038,0.3636734456034031,0.44274809160305345,0.1960258726181458,0.29770992366412213,0.08863119864809743,0.9389312977099237,0.8815919818192414,0.9312977099236641,0.8673154245090612,0.8015267175572519,0.6424450789581027,0.5877862595419847,0.3454926869063574,0.48854961832061067,0.23868072956121436
Russia--Ukraine,EURUSD,1653,0,0.8702290076335878,0.757298525726939,0.8244274809160306,0.679680671289552,0.4961832061068702,0.24619777402249285,0.7480916030534351,0.5596410465590583,0.9465648854961832,0.8959850824544024,0.9694656488549618,0.9398636443097721,0.7938931297709924,0.6302663014975817,0.6717557251908397,0.451255754326671,0.4732824427480916,0.2239962706136006
Russia--Ukraine,EURUSD,1654,0,0.9083969465648855,0.8251850125284074,0.8778625954198473,0.7706427364372705,0.7099236641221374,0.5039916088806013,0.5801526717557252,0.3365771225453062,0.916030534351145,0.8391119398636443,0.9770992366412213,0.9547229182448574,0.816793893129771,0.6671522638540878,0.6564885496183206,0.43097721577996617,0.48091603053435117,0.231280228424917
Russia--Ukraine,EURUSD,1655,0,0.7862595419847328,0.6182040673620418,0.7633587786259542,0.5827166249053086,0.35877862595419846,0.12872210244158264,0.6641221374045801,0.441058213390828,0.7938931297709924,0.6302663014975817,0.9847328244274809,0.9696987355049239,0.9618320610687023,0.925120913699668,0.6793893129770993,0.46156983858749495,0.46564885496183206,0.2168288561272653
Russia--Ukraine,EURUSD,1656,0,0.8320610687022901,0.6923256220499971,0.5038167938931297,0.2538313618087524,0.17557251908396945,0.03082570945749082,0.6335877862595419,0.401433482897267,0.8625954198473282,0.7440708583415885,0.9618320610687023,0.925120913699668,0.9847328244274809,0.9696987355049239,0.5954198473282443,0.3545247945923897,0.44274809160305345,0.1960258726181458
Russia--Ukraine,EURUSD,1657,0,0.7709923664122137,0.5944292290659052,0.3969465648854962,0.15756657537439542,0.022900763358778626,0.0005244449624147776,0.9236641221374046,0.8531554105238622,0.7404580152671756,0.5482780723734049,0.9541984732824428,0.9104947264145447,0.9312977099236641,0.8673154245090612,0.6183206106870229,0.38232037760037296,0.4961832061068702,0.24619777402249285
Russia--Ukraine,EURUSD,1658,0,0.816793893129771,0.6671522638540878,0.44274809160305345,0.1960258726181458,0.015267175572519083,0.0002330866499621234,0.8015267175572519,0.6424450789581027,0.7786259541984732,0.606258376551483,0.9389312977099237,0.8815919818192414,0.8625954198473282,0.7440708583415885,0.5038167938931297,0.2538313618087524,0.45038167938931295,0.2028436571295379
Russia--Ukraine,EURUSD,1659,0,0.7557251908396947,0.5711205640696929,0.48091603053435117,0.231280228424917,0.11450381679389313,0.013111124060369442,0.5343511450381679,0.2855311462036012,0.8778625954198473,0.7706427364372705,0.9465648854961832,0.8959850824544024,0.7786259541984732,0.606258376551483,0.7786259541984732,0.606258376551483,0.3893129770992366,0.15156459413787074
Russia--Ukraine,EURUSD,1660,0,0.5954198473282443,0.3545247945923897,0.45038167938931295,0.2028436571295379,0.07633587786259542,0.005827166249053086,0.7557251908396947,0.5711205640696929,0.8473282442748091,0.7179651535458306,0.8854961832061069,0.7841034904725832,0.6717557251908397,0.451255754326671,0.9236641221374046,0.8531554105238622,0.40458015267175573,0.1636850999359012
Russia--Ukraine,EURUSD,1661,0,0.6106870229007634,0.3729386399393975,0.42748091603053434,0.18273993357030474,0.732824427480916,0.5370316415127323,0.42748091603053434,0.18273993357030474,0.8091603053435115,0.6547403997436048,0.8625954198473282,0.7440708583415885,0.6946564885496184,0.4825476370840861,0.9389312977099237,0.8815919818192414,0.3435114503816794,0.118000116543325
Russia--Ukraine,EURUSD,1662,0,0.4732824427480916,0.2239962706136006,0.35877862595419846,0.12872210244158264,0.3053435114503817,0.09323465998484938,0.9083969465648855,0.8251850125284074,0.6259541984732825,0.3918186585863295,0.6564885496183206,0.43097721577996617,0.6641221374045801,0.441058213390828,0.8473282442748091,0.7179651535458306,0.31297709923664124,0.09795466464658238
Russia--Ukraine,EURUSD,1663,0,0.46564885496183206,0.2168288561272653,0.37404580152671757,0.13991026163976458,0.4351145038167939,0.18932463143173475,0.7862595419847328,0.6182040673620418,0.6717557251908397,0.451255754326671,0.6183206106870229,0.38232037760037296,0.7251908396946565,0.525901753977041,0.7557251908396947,0.5711205640696929,0.25190839694656486,0.0634578404521881
Russia--Ukraine,EURUSD,1664,0,0.42748091603053434,0.18273993357030474,0.09923664122137404,0.009847910960899714,0.05343511450381679,0.0028553114620360116,0.2595419847328244,0.06736204183905366,0.04580152671755725,0.0020977798496591106,0.12213740458015267,0.014917545597575898,0.24427480916030533,0.05967018239030359,0.2824427480916031,0.07977390594953676,0.7099236641221374,0.5039916088806013
Russia--Ukraine,EURUSD,1665,0,0.3053435114503817,0.09323465998484938,0.183206106870229,0.03356447759454577,0.2900763358778626,0.08414428063632655,0.03816793893129771,0.0014567915622632716,0.0916030534351145,0.008391119398636442,0.1297709923664122,0.016840510459763414,0.4580152671755725,0.20977798496591107,0.19083969465648856,0.03641978905658179,0.732824427480916,0.5370316415127323
Russia--Ukraine,EURUSD,1666,0,0.3511450381679389,0.12330283782996328,0.22900763358778625,0.05244449624147777,0.1450381679389313,0.021036070159081637,0.16030534351145037,0.025697803158324102,0.09923664122137404,0.009847910960899714,0.0916030534351145,0.008391119398636442,0.5267175572519084,0.2774313851174174,0.1984732824427481,0.039391643843598854,0.7480916030534351,0.5596410465590583
Russia--Ukraine,EURUSD,1667,0,0.16030534351145037,0.025697803158324102,0.2900763358778626,0.08414428063632655,0.3282442748091603,0.10774430394499154,0.45038167938931295,0.2028436571295379,0.19083969465648856,0.03641978905658179,0.13740458015267176,0.018880018646932,0.5801526717557252,0.3365771225453062,0.15267175572519084,0.023308664996212345,0.7022900763358778,0.4932113513198531
Russia--Ukraine,EURUSD,1668,0,0.20610687022900764,0.042480041955597,0.24427480916030533,0.05967018239030359,0.3969465648854962,0.15756657537439542,0.3511450381679389,0.12330283782996328,0.17557251908396945,0.03082570945749082,0.10687022900763359,0.011421245848144046,0.549618320610687,0.302080298350912,0.13740458015267176,0.018880018646932,0.7633587786259542,0.5827166249053086
Russia--Ukraine,EURUSD,1669,0,0.17557251908396945,0.03082570945749082,0.25190839694656486,0.0634578404521881,0.2366412213740458,0.05599906765340015,0.11450381679389313,0.013111124060369442,0.13740458015267176,0.018880018646932,0.1450381679389313,0.021036070159081637,0.48091603053435117,0.231280228424917,0.08396946564885496,0.007050871161354234,0.7786259541984732,0.606258376551483
Chinese,USOIL,1863,0,0.5135135135135135,0.2636961285609934,0.5337837837837838,0.2849251278305332,0.19594594594594594,0.03839481373265157,0.43243243243243246,0.18699780861943027,0.6486486486486487,0.4207450693937181,0.6959459459459459,0.4843407596785975,0.033783783783783786,0.0011413440467494523,0.668918918918919,0.4474525200876553,0.23648648648648649,0.055925858290723156
Chinese,USOIL,1864,0,0.3108108108108108,0.09660336011687362,0.46621621621621623,0.21735756026296568,0.6283783783783784,0.3948593864134405,0.5202702702702703,0.2706811541271001,0.6621621621621622,0.4384587289992696,0.6756756756756757,0.4565376186997808,0.006756756756756757,4.5653761869978094e-05,0.6891891891891891,0.47498173849525194,0.33783783783783783,0.1141344046749452
Chinese,USOIL,1865,0,0.43243243243243246,0.18699780861943027,0.38513513513513514,0.1483290723155588,0.33783783783783783,0.1141344046749452,0.5405405405405406,0.2921840759678598,0.4189189189189189,0.17549306062819575,0.6216216216216216,0.3864134404674945,0.02027027027027027,0.0004108838568298028,0.6148648648648649,0.3780588020452886,0.3918918918918919,0.15357925493060628
Chinese,USOIL,1866,0,0.34459459459459457,0.11874543462381298,0.21621621621621623,0.04674945215485757,0.4527027027027027,0.2049397370343316,0.7094594594594594,0.5033327246165084,0.41216216216216217,0.16987764791818846,0.5540540540540541,0.30697589481373266,0.02702702702702703,0.0007304601899196495,0.6351351351351351,0.4033966398831263,0.36486486486486486,0.1331263696128561
Chinese,USOIL,1867,0,0.3581081081081081,0.12824141709276846,0.2972972972972973,0.08838568298027759,0.6081081081081081,0.3697954711468225,0.5675675675675675,0.32213294375456536,0.44594594594594594,0.19886778670562455,0.5337837837837838,0.2849251278305332,0.013513513513513514,0.00018261504747991238,0.3918918918918919,0.15357925493060628,0.25,0.0625
Chinese,USOIL,1868,0,0.25675675675675674,0.06592403214024835,0.3581081081081081,0.12824141709276846,0.7432432432432432,0.5524105186267347,0.3783783783783784,0.14317019722425128,0.5202702702702703,0.2706811541271001,0.5878378378378378,0.34555332359386415,0.04054054054054054,0.0016435354273192113,0.28378378378378377,0.08053323593864134,0.16216216216216217,0.02629656683710738
Chinese,USOIL,1869,0,0.20945945945945946,0.04387326515704894,0.2635135135135135,0.06943937180423665,0.6621621621621622,0.4384587289992696,0.2702702702702703,0.07304601899196494,0.28378378378378377,0.08053323593864134,0.5067567567567568,0.2568024105186268,0.16891891891891891,0.0285336011687363,0.2905405405405405,0.08441380569758947,0.21621621621621623,0.04674945215485757
Chinese,USOIL,1870,0,0.1891891891891892,0.03579254930606282,0.28378378378378377,0.08053323593864134,0.8581081081081081,0.7363495252008766,0.19594594594594594,0.03839481373265157,0.3581081081081081,0.12824141709276846,0.4527027027027027,0.2049397370343316,0.22972972972972974,0.052775748721694674,0.20945945945945946,0.04387326515704894,0.24324324324324326,0.059167275383491605
Chinese,USOIL,1871,0,0.16216216216216217,0.02629656683710738,0.3918918918918919,0.15357925493060628,0.9391891891891891,0.8820763330898466,0.25,0.0625,0.20270270270270271,0.04108838568298028,0.6486486486486487,0.4207450693937181,0.25,0.0625,0.16891891891891891,0.0285336011687363,0.20270270270270271,0.04108838568298028
Chinese,USOIL,1872,0,0.05405405405405406,0.002921840759678598,0.3716216216216216,0.13810262965668368,0.9256756756756757,0.8568754565376187,0.006756756756756757,4.5653761869978094e-05,0.2972972972972973,0.08838568298027759,0.5743243243243243,0.3298484295105917,0.10135135135135136,0.01027209642074507,0.11486486486486487,0.013193937180423668,0.18243243243243243,0.03328159240321402
Chinese,USOIL,1873,0,0.12162162162162163,0.014791818845872901,0.27702702702702703,0.07674397370343317,0.5608108108108109,0.3145087655222791,0.12162162162162163,0.014791818845872901,0.14189189189189189,0.020133308984660335,0.39864864864864863,0.15892074506939372,0.05405405405405406,0.002921840759678598,0.07432432432432433,0.005524105186267349,0.27702702702702703,0.07674397370343317
Chinese,USOIL,1874,0,0.033783783783783786,0.0011413440467494523,0.18243243243243243,0.03328159240321402,0.5540540540540541,0.30697589481373266,0.25675675675675674,0.06592403214024835,0.12837837837837837,0.016481008035062087,0.22972972972972974,0.052775748721694674,0.060810810810810814,0.0036979547114682253,0.1554054054054054,0.024150840029218405,0.34459459459459457,0.11874543462381298
Chinese,USOIL,1875,0,0.08783783783783784,0.007715485756026297,0.16216216216216217,0.02629656683710738,0.20945945945945946,0.04387326515704894,0.10810810810810811,0.011687363038714392,0.08108108108108109,0.006574141709276845,0.1891891891891892,0.03579254930606282,0.22297297297297297,0.04971694667640614,0.10810810810810811,0.011687363038714392,0.3783783783783784,0.14317019722425128
Chinese,USOIL,1876,0,0.07432432432432433,0.005524105186267349,0.05405405405405406,0.002921840759678598,0.5405405405405406,0.2921840759678598,0.0945945945945946,0.008948137326515705,0.06756756756756757,0.004565376186997809,0.20270270270270271,0.04108838568298028,0.14189189189189189,0.020133308984660335,0.04054054054054054,0.0016435354273192113,0.41216216216216217,0.16987764791818846
Chinese,USOIL,1877,1,0.013513513513513514,0.973155588020453,0.04054054054054054,0.9205624543462381,0.34459459459459457,0.4295562454346239,0.05405405405405406,0.8948137326515705,0.060810810810810814,0.8820763330898466,0.08783783783783784,0.8320398100803507,0.35135135135135137,0.4207450693937181,0.013513513513513514,0.973155588020453,0.4594594594594595,0.2921840759678598
Chinese,USOIL,1878,1,0.0472972972972973,0.9076424397370344,0.0945945945945946,0.8197589481373264,0.36486486486486486,0.4033966398831263,0.17567567567567569,0.6795105916727538,0.04054054054054054,0.9205624543462381,0.08108108108108109,0.8444119795471146,0.41216216216216217,0.34555332359386415,0.02702702702702703,0.9466764061358657,0.4797297297297297,0.2706811541271001
Chinese,USOIL,1879,1,0.04054054054054054,0.9205624543462381,0.02702702702702703,0.9466764061358657,0.0945945945945946,0.8197589481373264,0.060810810810810814,0.8820763330898466,0.02702702702702703,0.9466764061358657,0.04054054054054054,0.9205624543462381,0.13513513513513514,0.7479912344777211,0.0472972972972973,0.9076424397370344,0.5945945945945946,0.16435354273192107
Chinese,USOIL,1880,1,0.02702702702702703,0.9466764061358657,0.013513513513513514,0.973155588020453,0.08108108108108109,0.8444119795471146,0.08108108108108109,0.8444119795471146,0.006756756756756757,0.9865321402483563,0.006756756756756757,0.9865321402483563,0.1554054054054054,0.7133400292184077,0.006756756756756757,0.9865321402483563,0.6891891891891891,0.09660336011687366
Chinese,USOIL,1881,1,0.02027027027027027,0.9598703433162893,0.08108108108108109,0.8444119795471146,0.38513513513513514,0.3780588020452886,0.0472972972972973,0.9076424397370344,0.05405405405405406,0.8948137326515705,0.05405405405405406,0.8948137326515705,0.2635135135135135,0.5424123447772097,0.033783783783783786,0.9335737764791819,0.5067567567567568,0.2432888970051132
Chinese,USOIL,1882,1,0.06756756756756757,0.8694302410518627,0.0472972972972973,0.9076424397370344,0.02027027027027027,0.9598703433162893,0.14864864864864866,0.7247991234477721,0.02027027027027027,0.9598703433162893,0.02027027027027027,0.9598703433162893,0.1891891891891892,0.6574141709276843,0.02027027027027027,0.9598703433162893,0.5540540540540541,0.19886778670562455
Chinese,USOIL,1883,1,0.14189189189189189,0.7363495252008766,0.006756756756756757,0.9865321402483563,0.21621621621621623,0.6143170197224251,0.07432432432432433,0.8568754565376187,0.033783783783783786,0.9335737764791819,0.013513513513513514,0.973155588020453,0.07432432432432433,0.8568754565376187,0.14189189189189189,0.7363495252008766,0.6824324324324325,0.10084915997078157
Chinese,USOIL,1884,1,0.19594594594594594,0.6465029218407596,0.02027027027027027,0.9598703433162893,0.28378378378378377,0.5129656683710738,0.11486486486486487,0.7834642074506939,0.013513513513513514,0.973155588020453,0.0472972972972973,0.9076424397370344,0.08108108108108109,0.8444119795471146,0.18243243243243243,0.6684167275383491,0.7635135135135135,0.05592585829072317
Chinese,USOIL,1885,1,0.2972972972972973,0.49379108838568286,0.11486486486486487,0.7834642074506939,0.006756756756756757,0.9865321402483563,0.10135135135135136,0.8075693937180425,0.10135135135135136,0.8075693937180425,0.12837837837837837,0.7597242512783053,0.14864864864864866,0.7247991234477721,0.34459459459459457,0.4295562454346239,0.6621621621621622,0.1141344046749452
Chinese,USOIL,1886,1,0.22297297297297297,0.6037710007304601,0.033783783783783786,0.9335737764791819,0.07432432432432433,0.8568754565376187,0.21621621621621623,0.6143170197224251,0.07432432432432433,0.8568754565376187,0.10810810810810811,0.7954711468224982,0.16216216216216217,0.701972242512783,0.2635135135135135,0.5424123447772097,0.7702702702702703,0.05277574872169466
Chinese,USOIL,1887,1,0.27702702702702703,0.5226899196493792,0.06756756756756757,0.8694302410518627,0.31756756756756754,0.4657140248356465,0.3716216216216216,0.3948593864134405,0.11486486486486487,0.7834642074506939,0.14864864864864866,0.7247991234477721,0.2702702702702703,0.5325054784514244,0.1891891891891892,0.6574141709276843,0.7297297297297297,0.07304601899196494
Chinese,USOIL,1888,1,0.2702702702702703,0.5325054784514244,0.060810810810810814,0.8820763330898466,0.13513513513513514,0.7479912344777211,0.32432432432432434,0.4565376186997808,0.19594594594594594,0.6465029218407596,0.16891891891891891,0.6906957633308985,0.30405405405405406,0.4843407596785975,0.24324324324324326,0.5726807888970051,0.8378378378378378,0.02629656683710738
Chinese,USOIL,1889,1,0.46621621621621623,0.2849251278305332,0.14189189189189189,0.7363495252008766,0.3918918918918919,0.3697954711468225,0.13513513513513514,0.7479912344777211,0.3310810810810811,0.4474525200876551,0.36486486486486486,0.4033966398831263,0.40540540540540543,0.3535427319211102,0.46621621621621623,0.2849251278305332,0.777027027027027,0.04971694667640616
Chinese,USOIL,1890,1,0.527027027027027,0.22370343316289268,0.12837837837837837,0.7597242512783053,0.10135135135135136,0.8075693937180425,0.46621621621621623,0.2849251278305332,0.25,0.5625,0.3581081081081081,0.4120252008765522,0.4797297297297297,0.2706811541271001,0.21621621621621623,0.6143170197224251,0.8716216216216216,0.016481008035062094
Chinese,USOIL,1891,1,0.2905405405405405,0.5033327246165084,0.14864864864864866,0.7247991234477721,0.16216216216216217,0.701972242512783,0.5540540540540541,0.19886778670562455,0.22297297297297297,0.6037710007304601,0.33783783783783783,0.4384587289992696,0.5067567567567568,0.2432888970051132,0.27702702702702703,0.5226899196493792,0.9459459459459459,0.002921840759678598
Chinese,USOIL,1892,1,0.3783783783783784,0.3864134404674945,0.2702702702702703,0.5325054784514244,0.4189189189189189,0.337655222790358,0.2905405405405405,0.5033327246165084,0.5135135135135135,0.23666910153396642,0.3310810810810811,0.4474525200876551,0.5743243243243243,0.18119978086194302,0.22297297297297297,0.6037710007304601,0.9662162162162162,0.0011413440467494514
Chinese,USOIL,1893,1,0.6216216216216216,0.14317019722425128,0.4594594594594595,0.2921840759678598,0.6891891891891891,0.09660336011687366,0.6148648648648649,0.14832907231555875,0.38513513513513514,0.3780588020452886,0.27702702702702703,0.5226899196493792,0.7027027027027027,0.08838568298027755,0.2972972972972973,0.49379108838568286,0.9864864864864865,0.00018261504747991162
Chinese,USOIL,1894,1,0.7702702702702703,0.05277574872169466,0.6486486486486487,0.12344777209642072,0.7027027027027027,0.08838568298027755,0.581081081081081,0.1754930606281958,0.35135135135135137,0.4207450693937181,0.32432432432432434,0.4565376186997808,0.7432432432432432,0.06592403214024838,0.4527027027027027,0.2995343316289263,0.9797297297297297,0.00041088385682980336
Chinese,USOIL,1895,1,0.7297297297297297,0.07304601899196494,0.6216216216216216,0.14317019722425128,0.8918918918918919,0.011687363038714392,0.6418918918918919,0.12824141709276846,0.39864864864864863,0.3616234477720964,0.38513513513513514,0.3780588020452886,0.7837837837837838,0.04674945215485757,0.5608108108108109,0.19288714390065737,0.9932432432432432,4.5653761869978656e-05
Chinese,USOIL,1896,1,0.9054054054054054,0.00894813732651571,0.5743243243243243,0.18119978086194302,0.7702702702702703,0.05277574872169466,0.5337837837837838,0.21735756026296568,0.3108108108108108,0.4749817384952521,0.2635135135135135,0.5424123447772097,0.5540540540540541,0.19886778670562455,0.5,0.25,0.972972972972973,0.0007304601899196465
Chinese,USOIL,1897,1,0.581081081081081,0.1754930606281958,0.9391891891891891,0.0036979547114682305,0.14864864864864866,0.7247991234477721,0.5135135135135135,0.23666910153396642,0.7972972972972973,0.041088385682980295,0.5135135135135135,0.23666910153396642,0.3716216216216216,0.3948593864134405,0.527027027027027,0.22370343316289268,0.14864864864864866,0.7247991234477721
Chinese,USOIL,1898,1,0.6554054054054054,0.11874543462381303,0.9932432432432432,4.5653761869978656e-05,0.9932432432432432,4.5653761869978656e-05,0.8918918918918919,0.011687363038714392,0.9932432432432432,4.5653761869978656e-05,0.9594594594594594,0.0016435354273192134,0.9932432432432432,4.5653761869978656e-05,0.6216216216216216,0.14317019722425128,0.006756756756756757,0.9865321402483563
Chinese,USOIL,1899,1,0.4527027027027027,0.2995343316289263,0.9864864864864865,0.00018261504747991162,0.972972972972973,0.0007304601899196465,0.7635135135135135,0.05592585829072317,0.9864864864864865,0.00018261504747991162,0.9459459459459459,0.002921840759678598,0.9864864864864865,0.00018261504747991162,0.6013513513513513,0.15892074506939374,0.013513513513513514,0.973155588020453
Chinese,USOIL,1900,1,0.5743243243243243,0.18119978086194302,0.9797297297297297,0.00041088385682980336,0.9594594594594594,0.0016435354273192134,0.7297297297297297,0.07304601899196494,0.9797297297297297,0.00041088385682980336,0.9797297297297297,0.00041088385682980336,0.9797297297297297,0.00041088385682980336,0.5945945945945946,0.16435354273192107,0.02027027027027027,0.9598703433162893
Chinese,USOIL,1901,1,0.36486486486486486,0.4033966398831263,0.9594594594594594,0.0016435354273192134,0.8445945945945946,0.0241508400292184,0.6486486486486487,0.12344777209642072,0.9662162162162162,0.0011413440467494514,0.9864864864864865,0.00018261504747991162,0.972972972972973,0.0007304601899196465,0.5337837837837838,0.21735756026296568,0.02702702702702703,0.9466764061358657
Chinese,USOIL,1902,1,0.3310810810810811,0.4474525200876551,0.9324324324324325,0.004565376186997806,0.7094594594594594,0.0844138056975895,0.3310810810810811,0.4474525200876551,0.972972972972973,0.0007304601899196465,0.9527027027027027,0.0022370343316289224,0.9527027027027027,0.0022370343316289224,0.40540540540540543,0.3535427319211102,0.04054054054054054,0.9205624543462381
Chinese,USOIL,1903,1,0.32432432432432434,0.4565376186997808,0.9121621621621622,0.007715485756026295,0.6824324324324325,0.10084915997078157,0.20945945945945946,0.6249543462381301,0.9594594594594594,0.0016435354273192134,0.9932432432432432,4.5653761869978656e-05,0.9054054054054054,0.00894813732651571,0.42567567567567566,0.3298484295105917,0.08783783783783784,0.8320398100803507
Chinese,USOIL,1904,1,0.10135135135135136,0.8075693937180425,0.8986486486486487,0.010272096420745062,0.777027027027027,0.04971694667640616,0.2972972972972973,0.49379108838568286,0.9527027027027027,0.0022370343316289224,0.9324324324324325,0.004565376186997806,0.6824324324324325,0.10084915997078157,0.20270270270270271,0.6356829802775749,0.05405405405405406,0.8948137326515705
Chinese,USOIL,1905,1,0.13513513513513514,0.7479912344777211,0.8581081081081081,0.020133308984660335,0.7364864864864865,0.06943937180423665,0.5472972972972973,0.20493973703433166,0.8648648648648649,0.018261504747991222,0.9662162162162162,0.0011413440467494514,0.5405405405405406,0.21110299488677864,0.12837837837837837,0.7597242512783053,0.060810810810810814,0.8820763330898466
Chinese,USOIL,1906,1,0.16891891891891891,0.6906957633308985,0.8040540540540541,0.03839481373265157,0.7837837837837838,0.04674945215485757,0.3108108108108108,0.4749817384952521,0.8513513513513513,0.022096420745069404,0.9391891891891891,0.0036979547114682305,0.4594594594594595,0.2921840759678598,0.13513513513513514,0.7479912344777211,0.07432432432432433,0.8568754565376187
Chinese,USOIL,1907,1,0.2635135135135135,0.5424123447772097,0.7364864864864865,0.06943937180423665,0.831081081081081,0.028533601168736322,0.4797297297297297,0.2706811541271001,0.7162162162162162,0.08053323593864134,0.972972972972973,0.0007304601899196465,0.4189189189189189,0.337655222790358,0.10135135135135136,0.8075693937180425,0.13513513513513514,0.7479912344777211
Chinese,USOIL,1908,1,0.17567567567567569,0.6795105916727538,0.5878378378378378,0.16987764791818846,0.722972972972973,0.07674397370343314,0.1891891891891892,0.6574141709276843,0.5472972972972973,0.20493973703433166,0.9256756756756757,0.005524105186267351,0.4391891891891892,0.31450876552227897,0.08108108108108109,0.8444119795471146,0.17567567567567569,0.6795105916727538
Chinese,USOIL,1909,1,0.18243243243243243,0.6684167275383491,0.527027027027027,0.22370343316289268,0.75,0.0625,0.35135135135135137,0.4207450693937181,0.47297297297297297,0.2777574872169466,0.918918918918919,0.006574141709276836,0.32432432432432434,0.4565376186997808,0.060810810810810814,0.8820763330898466,0.25675675675675674,0.5524105186267347
Chinese,USOIL,1910,1,0.0945945945945946,0.8197589481373264,0.42567567567567566,0.3298484295105917,0.8040540540540541,0.03839481373265157,0.20270270270270271,0.6356829802775749,0.33783783783783783,0.4384587289992696,0.8175675675675675,0.03328159240321403,0.31756756756756754,0.4657140248356465,0.06756756756756757,0.8694302410518627,0.2905405405405405,0.5033327246165084
Chinese,USOIL,1911,1,0.11486486486486487,0.7834642074506939,0.3310810810810811,0.4474525200876551,0.9054054054054054,0.00894813732651571,0.013513513513513514,0.973155588020453,0.2635135135135135,0.5424123447772097,0.5608108108108109,0.19288714390065737,0.38513513513513514,0.3780588020452886,0.08783783783783784,0.8320398100803507,0.3108108108108108,0.4749817384952521
Chinese,USOIL,1912,1,0.006756756756756757,0.9865321402483563,0.31756756756756754,0.4657140248356465,0.7635135135135135,0.05592585829072317,0.08783783783783784,0.8320398100803507,0.21621621621621623,0.6143170197224251,0.42567567567567566,0.3298484295105917,0.47297297297297297,0.2777574872169466,0.05405405405405406,0.8948137326515705,0.35135135135135137,0.4207450693937181
Chinese,USOIL,1913,1,0.14864864864864866,0.7247991234477721,0.33783783783783783,0.4384587289992696,0.7972972972972973,0.041088385682980295,0.02027027027027027,0.9598703433162893,0.18243243243243243,0.6684167275383491,0.40540540540540543,0.3535427319211102,0.20270270270270271,0.6356829802775749,0.12162162162162163,0.7715485756026297,0.3310810810810811,0.4474525200876551
Chinese,USOIL,1914,1,0.08108108108108109,0.8444119795471146,0.2905405405405405,0.5033327246165084,0.5675675675675675,0.18699780861943027,0.14189189189189189,0.7363495252008766,0.13513513513513514,0.7479912344777211,0.24324324324324326,0.5726807888970051,0.23648648648648649,0.5829528853177501,0.0945945945945946,0.8197589481373264,0.38513513513513514,0.3780588020452886
Chinese,USOIL,1915,1,0.060810810810810814,0.8820763330898466,0.24324324324324326,0.5726807888970051,0.4391891891891892,0.31450876552227897,0.033783783783783786,0.9335737764791819,0.12162162162162163,0.7715485756026297,0.20945945945945946,0.6249543462381301,0.17567567567567569,0.6795105916727538,0.16216216216216217,0.701972242512783,0.4527027027027027,0.2995343316289263
Chinese,USOIL,1916,1,0.12837837837837837,0.7597242512783053,0.19594594594594594,0.6465029218407596,0.2905405405405405,0.5033327246165084,0.06756756756756757,0.8694302410518627,0.0472972972972973,0.9076424397370344,0.13513513513513514,0.7479912344777211,0.11486486486486487,0.7834642074506939,0.19594594594594594,0.6465029218407596,0.5472972972972973,0.20493973703433166
Chinese,USOIL,1917,1,0.10810810810810811,0.7954711468224982,0.1891891891891892,0.6574141709276843,0.033783783783783786,0.9335737764791819,0.27702702702702703,0.5226899196493792,0.08783783783783784,0.8320398100803507,0.12162162162162163,0.7715485756026297,0.10810810810810811,0.7954711468224982,0.14864864864864866,0.7247991234477721,0.6486486486486487,0.12344777209642072
Chinese,USOIL,1918,1,0.30405405405405406,0.4843407596785975,0.20270270270270271,0.6356829802775749,0.25,0.5625,0.04054054054054054,0.9205624543462381,0.17567567567567569,0.6795105916727538,0.22297297297297297,0.6037710007304601,0.2905405405405405,0.5033327246165084,0.4189189189189189,0.337655222790358,0.7162162162162162,0.08053323593864134
Chinese,USOIL,1919,1,0.24324324324324326,0.5726807888970051,0.25675675675675674,0.5524105186267347,0.013513513513513514,0.973155588020453,0.31756756756756754,0.4657140248356465,0.34459459459459457,0.4295562454346239,0.3716216216216216,0.3948593864134405,0.46621621621621623,0.2849251278305332,0.5135135135135135,0.23666910153396642,0.7364864864864865,0.06943937180423665
Chinese,USOIL,1920,1,0.28378378378378377,0.5129656683710738,0.25,0.5625,0.14189189189189189,0.7363495252008766,0.28378378378378377,0.5129656683710738,0.24324324324324326,0.5726807888970051,0.46621621621621623,0.2849251278305332,0.5,0.25,0.44594594594594594,0.30697589481373266,0.7837837837837838,0.04674945215485757
Chinese,USOIL,1921,1,0.5405405405405406,0.21110299488677864,0.17567567567567569,0.6795105916727538,0.12837837837837837,0.7597242512783053,0.3918918918918919,0.3697954711468225,0.20945945945945946,0.6249543462381301,0.47297297297297297,0.2777574872169466,0.5608108108108109,0.19288714390065737,0.3108108108108108,0.4749817384952521,0.8851351351351351,0.013193937180423679
Chinese,USOIL,1922,1,0.41216216216216217,0.34555332359386415,0.4391891891891892,0.31450876552227897,0.41216216216216217,0.34555332359386415,0.4391891891891892,0.31450876552227897,0.5067567567567568,0.2432888970051132,0.527027027027027,0.22370343316289268,0.6891891891891891,0.09660336011687366,0.35135135135135137,0.4207450693937181,0.8986486486486487,0.010272096420745062
Chinese,USOIL,1923,1,0.5608108108108109,0.19288714390065737,0.5540540540540541,0.19886778670562455,0.4594594594594595,0.2921840759678598,0.22297297297297297,0.6037710007304601,0.4797297297297297,0.2706811541271001,0.6283783783783784,0.13810262965668368,0.6216216216216216,0.14317019722425128,0.49324324324324326,0.2568024105186268,0.9054054054054054,0.00894813732651571
Chinese,USOIL,1924,1,0.6148648648648649,0.14832907231555875,0.8783783783783784,0.014791818845872894,0.49324324324324326,0.2568024105186268,0.4594594594594595,0.2921840759678598,0.7905405405405406,0.04387326515704893,0.777027027027027,0.04971694667640616,0.7702702702702703,0.05277574872169466,0.5675675675675675,0.18699780861943027,0.7905405405405406,0.04387326515704893
Chinese,USOIL,1925,1,0.8986486486486487,0.010272096420745062,0.8175675675675675,0.03328159240321403,0.6351351351351351,0.13312636961285612,0.7905405405405406,0.04387326515704893,0.6013513513513513,0.15892074506939374,0.7702702702702703,0.05277574872169466,0.8918918918918919,0.011687363038714392,0.7635135135135135,0.05592585829072317,0.8243243243243243,0.03086194302410518
Chinese,USOIL,1926,1,0.9256756756756757,0.005524105186267351,0.8648648648648649,0.018261504747991222,0.42567567567567566,0.3298484295105917,0.777027027027027,0.04971694667640616,0.8445945945945946,0.0241508400292184,0.8851351351351351,0.013193937180423679,0.918918918918919,0.006574141709276836,0.5743243243243243,0.18119978086194302,0.75,0.0625
Chinese,USOIL,1927,1,0.831081081081081,0.028533601168736322,0.6891891891891891,0.09660336011687366,0.3310810810810811,0.4474525200876551,0.8986486486486487,0.010272096420745062,0.6351351351351351,0.13312636961285612,0.8243243243243243,0.03086194302410518,0.8783783783783784,0.014791818845872894,0.5405405405405406,0.21110299488677864,0.8108108108108109,0.0357925493060628
Chinese,USOIL,1928,1,0.8243243243243243,0.03086194302410518,0.6554054054054054,0.11874543462381303,0.2972972972972973,0.49379108838568286,0.6756756756756757,0.10518626734842952,0.6554054054054054,0.11874543462381303,0.8716216216216216,0.016481008035062094,0.9121621621621622,0.007715485756026295,0.6959459459459459,0.09244886778670562,0.8918918918918919,0.011687363038714392
Chinese,USOIL,1929,1,0.8513513513513513,0.022096420745069404,0.6824324324324325,0.10084915997078157,0.2702702702702703,0.5325054784514244,0.9797297297297297,0.00041088385682980336,0.7432432432432432,0.06592403214024838,0.7432432432432432,0.06592403214024838,0.9459459459459459,0.002921840759678598,0.8175675675675675,0.03328159240321403,0.9391891891891891,0.0036979547114682305
Chinese,USOIL,1930,1,0.8783783783783784,0.014791818845872894,0.668918918918919,0.10961468224981735,0.5945945945945946,0.16435354273192107,0.8648648648648649,0.018261504747991222,0.668918918918919,0.10961468224981735,0.8378378378378378,0.02629656683710738,0.9594594594594594,0.0016435354273192134,0.7837837837837838,0.04674945215485757,0.9594594594594594,0.0016435354273192134
Chinese,USOIL,1931,1,0.9662162162162162,0.0011413440467494514,0.6621621621621622,0.1141344046749452,0.3108108108108108,0.4749817384952521,0.44594594594594594,0.30697589481373266,0.6081081081081081,0.15357925493060628,0.7837837837837838,0.04674945215485757,0.9391891891891891,0.0036979547114682305,0.6824324324324325,0.10084915997078157,0.9324324324324325,0.004565376186997806
Chinese,USOIL,1932,1,0.8851351351351351,0.013193937180423679,0.7094594594594594,0.0844138056975895,0.8783783783783784,0.014791818845872894,0.8783783783783784,0.014791818845872894,0.7297297297297297,0.07304601899196494,0.6418918918918919,0.12824141709276846,0.9324324324324325,0.004565376186997806,0.7905405405405406,0.04387326515704893,0.8513513513513513,0.022096420745069404
Chinese,USOIL,1933,1,0.75,0.0625,0.7162162162162162,0.08053323593864134,0.35135135135135137,0.4207450693937181,0.8445945945945946,0.0241508400292184,0.8243243243243243,0.03086194302410518,0.6554054054054054,0.11874543462381303,0.8851351351351351,0.013193937180423679,0.6621621621621622,0.1141344046749452,0.8175675675675675,0.03328159240321403
Chinese,USOIL,1934,1,0.6891891891891891,0.09660336011687366,0.7432432432432432,0.06592403214024838,0.5202702702702703,0.23014061358655952,0.9324324324324325,0.004565376186997806,0.6283783783783784,0.13810262965668368,0.668918918918919,0.10961468224981735,0.8513513513513513,0.022096420745069404,0.8040540540540541,0.03839481373265157,0.7094594594594594,0.0844138056975895
Chinese,USOIL,1935,1,0.6081081081081081,0.15357925493060628,0.722972972972973,0.07674397370343314,0.8175675675675675,0.03328159240321403,0.8716216216216216,0.016481008035062094,0.581081081081081,0.1754930606281958,0.6081081081081081,0.15357925493060628,0.8243243243243243,0.03086194302410518,0.7297297297297297,0.07304601899196494,0.5878378378378378,0.16987764791818846
Chinese,USOIL,1936,1,0.6824324324324325,0.10084915997078157,0.8378378378378378,0.02629656683710738,0.9797297297297297,0.00041088385682980336,0.527027027027027,0.22370343316289268,0.6756756756756757,0.10518626734842952,0.6148648648648649,0.14832907231555875,0.8986486486486487,0.010272096420745062,0.8716216216216216,0.016481008035062094,0.43243243243243246,0.32213294375456536
Chinese,USOIL,1937,1,0.4189189189189189,0.337655222790358,0.5675675675675675,0.18699780861943027,0.3581081081081081,0.4120252008765522,0.668918918918919,0.10961468224981735,0.5540540540540541,0.19886778670562455,0.581081081081081,0.1754930606281958,0.7635135135135135,0.05592585829072317,0.6756756756756757,0.10518626734842952,0.6148648648648649,0.14832907231555875
Chinese,USOIL,1938,1,0.5945945945945946,0.16435354273192107,0.5608108108108109,0.19288714390065737,0.17567567567567569,0.6795105916727538,0.49324324324324326,0.2568024105186268,0.7635135135135135,0.05592585829072317,0.6351351351351351,0.13312636961285612,0.8108108108108109,0.0357925493060628,0.6283783783783784,0.13810262965668368,0.6081081081081081,0.15357925493060628
Chinese,USOIL,1939,1,0.5067567567567568,0.2432888970051132,0.6283783783783784,0.13810262965668368,0.5743243243243243,0.18119978086194302,0.8175675675675675,0.03328159240321403,0.6824324324324325,0.10084915997078157,0.6824324324324325,0.10084915997078157,0.8581081081081081,0.020133308984660335,0.722972972972973,0.07674397370343314,0.46621621621621623,0.2849251278305332
Chinese,USOIL,1940,1,0.7364864864864865,0.06943937180423665,0.8108108108108109,0.0357925493060628,0.39864864864864863,0.3616234477720964,0.6351351351351351,0.13312636961285612,0.8716216216216216,0.016481008035062094,0.6891891891891891,0.09660336011687366,0.9256756756756757,0.005524105186267351,0.6486486486486487,0.12344777209642072,0.2972972972972973,0.49379108838568286
Chinese,USOIL,1941,1,0.6621621621621622,0.1141344046749452,0.8513513513513513,0.022096420745069404,0.5,0.25,0.7027027027027027,0.08838568298027755,0.9054054054054054,0.00894813732651571,0.8108108108108109,0.0357925493060628,0.9662162162162162,0.0011413440467494514,0.6418918918918919,0.12824141709276846,0.20945945945945946,0.6249543462381301
Chinese,USOIL,1942,1,0.5675675675675675,0.18699780861943027,0.22972972972972974,0.5933162892622352,0.20270270270270271,0.6356829802775749,0.6891891891891891,0.09660336011687366,0.36486486486486486,0.4033966398831263,0.44594594594594594,0.30697589481373266,0.5337837837837838,0.21735756026296568,0.5202702702702703,0.23014061358655952,0.7567567567567568,0.05916727538349158
Chinese,USOIL,1943,1,0.5878378378378378,0.16987764791818846,0.12162162162162163,0.7715485756026297,0.6959459459459459,0.09244886778670562,0.5878378378378378,0.16987764791818846,0.1554054054054054,0.7133400292184077,0.34459459459459457,0.4295562454346239,0.5878378378378378,0.16987764791818846,0.38513513513513514,0.3780588020452886,0.9527027027027027,0.0022370343316289224
Chinese,USOIL,1944,1,0.5472972972972973,0.20493973703433166,0.23648648648648649,0.5829528853177501,0.47297297297297297,0.2777574872169466,0.3581081081081081,0.4120252008765522,0.27702702702702703,0.5226899196493792,0.4594594594594595,0.2921840759678598,0.668918918918919,0.10961468224981735,0.25675675675675674,0.5524105186267347,0.831081081081081,0.028533601168736322
Chinese,USOIL,1945,1,0.6756756756756757,0.10518626734842952,0.20945945945945946,0.6249543462381301,0.16891891891891891,0.6906957633308985,0.42567567567567566,0.3298484295105917,0.31756756756756754,0.4657140248356465,0.4391891891891892,0.31450876552227897,0.8378378378378378,0.02629656683710738,0.4864864864864865,0.2636961285609934,0.8445945945945946,0.0241508400292184
Chinese,USOIL,1946,1,0.7905405405405406,0.04387326515704893,0.22297297297297297,0.6037710007304601,0.06756756756756757,0.8694302410518627,0.7837837837837838,0.04674945215485757,0.2905405405405405,0.5033327246165084,0.3918918918918919,0.3697954711468225,0.75,0.0625,0.6081081081081081,0.15357925493060628,0.8040540540540541,0.03839481373265157
Chinese,USOIL,1947,0,0.8918918918918919,0.7954711468224982,0.35135135135135137,0.12344777209642076,0.24324324324324326,0.059167275383491605,0.30405405405405406,0.09244886778670562,0.3716216216216216,0.13810262965668368,0.4797297297297297,0.23014061358655952,0.7364864864864865,0.5424123447772097,0.8108108108108109,0.6574141709276845,0.6418918918918919,0.4120252008765522
Chinese,USOIL,1948,0,0.8108108108108109,0.6574141709276845,0.43243243243243246,0.18699780861943027,0.02702702702702703,0.0007304601899196495,0.4189189189189189,0.17549306062819575,0.5743243243243243,0.3298484295105917,0.4864864864864865,0.23666910153396642,0.6554054054054054,0.4295562454346238,0.7027027027027027,0.49379108838568303,0.6283783783783784,0.3948593864134405
Chinese,USOIL,1949,0,0.6013513513513513,0.3616234477720964,0.10810810810810811,0.011687363038714392,0.060810810810810814,0.0036979547114682253,0.38513513513513514,0.1483290723155588,0.14864864864864866,0.022096420745069397,0.2702702702702703,0.07304601899196494,0.42567567567567566,0.18119978086194302,0.5067567567567568,0.2568024105186268,0.8783783783783784,0.7715485756026297
Chinese,USOIL,1950,0,0.44594594594594594,0.19886778670562455,0.08783783783783784,0.007715485756026297,0.40540540540540543,0.16435354273192113,0.12837837837837837,0.016481008035062087,0.1891891891891892,0.03579254930606282,0.23648648648648649,0.055925858290723156,0.33783783783783783,0.1141344046749452,0.41216216216216217,0.16987764791818846,0.7972972972972973,0.6356829802775749
Chinese,USOIL,1951,0,0.4864864864864865,0.23666910153396642,0.07432432432432433,0.005524105186267349,0.2635135135135135,0.06943937180423665,0.41216216216216217,0.16987764791818846,0.10810810810810811,0.011687363038714392,0.21621621621621623,0.04674945215485757,0.2972972972972973,0.08838568298027759,0.43243243243243246,0.18699780861943027,0.7432432432432432,0.5524105186267347
Chinese,USOIL,1952,0,0.47297297297297297,0.22370343316289262,0.10135135135135136,0.01027209642074507,0.5067567567567568,0.2568024105186268,0.7567567567567568,0.5726807888970051,0.16216216216216217,0.02629656683710738,0.0945945945945946,0.008948137326515705,0.25675675675675674,0.06592403214024835,0.47297297297297297,0.22370343316289262,0.6756756756756757,0.4565376186997808
Chinese,USOIL,1953,0,0.40540540540540543,0.16435354273192113,0.13513513513513514,0.018261504747991236,0.5337837837837838,0.2849251278305332,0.4527027027027027,0.2049397370343316,0.16891891891891891,0.0285336011687363,0.10135135135135136,0.01027209642074507,0.18243243243243243,0.03328159240321402,0.31756756756756754,0.10084915997078157,0.6013513513513513,0.3616234477720964
Chinese,USOIL,1954,0,0.3716216216216216,0.13810262965668368,0.16891891891891891,0.0285336011687363,0.4797297297297297,0.23014061358655952,0.5945945945945946,0.35354273192111035,0.22972972972972974,0.052775748721694674,0.06756756756756757,0.004565376186997809,0.12837837837837837,0.016481008035062087,0.3783783783783784,0.14317019722425128,0.5,0.25
Chinese,USOIL,1955,0,0.49324324324324326,0.24328889700511325,0.30405405405405406,0.09244886778670562,0.6418918918918919,0.4120252008765522,0.2635135135135135,0.06943937180423665,0.25675675675675674,0.06592403214024835,0.033783783783783786,0.0011413440467494523,0.19594594594594594,0.03839481373265157,0.3581081081081081,0.12824141709276846,0.39864864864864863,0.15892074506939372
Chinese,USOIL,1956,0,0.22972972972972974,0.052775748721694674,0.4189189189189189,0.17549306062819575,0.6148648648648649,0.3780588020452886,0.02702702702702703,0.0007304601899196495,0.2702702702702703,0.07304601899196494,0.02702702702702703,0.0007304601899196495,0.24324324324324326,0.059167275383491605,0.17567567567567569,0.03086194302410519,0.31756756756756754,0.10084915997078157
Chinese,USOIL,1957,0,0.1554054054054054,0.024150840029218405,0.4797297297297297,0.23014061358655952,0.7297297297297297,0.5325054784514244,0.6081081081081081,0.3697954711468225,0.40540540540540543,0.16435354273192113,0.060810810810810814,0.0036979547114682253,0.12162162162162163,0.014791818845872901,0.2702702702702703,0.07304601899196494,0.2702702702702703,0.07304601899196494
Chinese,USOIL,1958,0,0.20270270270270271,0.04108838568298028,0.5472972972972973,0.2995343316289262,0.8513513513513513,0.7247991234477721,0.24324324324324326,0.059167275383491605,0.5608108108108109,0.3145087655222791,0.07432432432432433,0.005524105186267349,0.06756756756756757,0.004565376186997809,0.23648648648648649,0.055925858290723156,0.16891891891891891,0.0285336011687363
Chinese,USOIL,1959,0,0.21621621621621623,0.04674945215485757,0.6081081081081081,0.3697954711468225,0.9324324324324325,0.8694302410518627,0.40540540540540543,0.16435354273192113,0.7364864864864865,0.5424123447772097,0.14189189189189189,0.020133308984660335,0.0472972972972973,0.0022370343316289263,0.22972972972972974,0.052775748721694674,0.0945945945945946,0.008948137326515705
Chinese,USOIL,1960,0,0.33783783783783783,0.1141344046749452,0.777027027027027,0.6037710007304601,0.9864864864864865,0.973155588020453,0.47297297297297297,0.22370343316289262,0.9324324324324325,0.8694302410518627,0.16216216216216217,0.02629656683710738,0.0945945945945946,0.008948137326515705,0.33783783783783783,0.1141344046749452,0.033783783783783786,0.0011413440467494523
Chinese,USOIL,1961,0,0.31756756756756754,0.10084915997078157,0.6756756756756757,0.4565376186997808,0.9459459459459459,0.8948137326515705,0.6283783783783784,0.3948593864134405,0.8783783783783784,0.7715485756026297,0.18243243243243243,0.03328159240321402,0.08783783783783784,0.007715485756026297,0.39864864864864863,0.15892074506939372,0.0472972972972973,0.0022370343316289263
Chinese,USOIL,1962,0,0.3918918918918919,0.15357925493060628,0.1554054054054054,0.024150840029218405,0.27702702702702703,0.07674397370343317,0.1554054054054054,0.024150840029218405,0.0945945945945946,0.008948137326515705,0.11486486486486487,0.013193937180423668,0.20945945945945946,0.04387326515704894,0.36486486486486486,0.1331263696128561,0.668918918918919,0.4474525200876553
Chinese,USOIL,1963,0,0.25,0.0625,0.3783783783783784,0.14317019722425128,0.23648648648648649,0.055925858290723156,0.6959459459459459,0.4843407596785975,0.23648648648648649,0.055925858290723156,0.1554054054054054,0.024150840029218405,0.3581081081081081,0.12824141709276846,0.32432432432432434,0.10518626734842952,0.6216216216216216,0.3864134404674945
Chinese,USOIL,1964,0,0.23648648648648649,0.055925858290723156,0.47297297297297297,0.22370343316289262,0.3716216216216216,0.13810262965668368,0.16891891891891891,0.0285336011687363,0.3918918918918919,0.15357925493060628,0.17567567567567569,0.03086194302410519,0.36486486486486486,0.1331263696128561,0.25,0.0625,0.4864864864864865,0.23666910153396642
Chinese,USOIL,1965,0,0.39864864864864863,0.15892074506939372,0.49324324324324326,0.24328889700511325,0.5878378378378378,0.34555332359386415,0.36486486486486486,0.1331263696128561,0.4391891891891892,0.19288714390065742,0.19594594594594594,0.03839481373265157,0.3918918918918919,0.15357925493060628,0.30405405405405406,0.09244886778670562,0.40540540540540543,0.16435354273192113
Chinese,USOIL,1966,0,0.42567567567567566,0.18119978086194302,0.5,0.25,0.8108108108108109,0.6574141709276845,0.22972972972972974,0.052775748721694674,0.49324324324324326,0.24328889700511325,0.28378378378378377,0.08053323593864134,0.4527027027027027,0.2049397370343316,0.3310810810810811,0.1096146822498174,0.4189189189189189,0.17549306062819575
Chinese,USOIL,1967,0,0.5,0.25,0.32432432432432434,0.10518626734842952,0.22972972972972974,0.052775748721694674,0.23648648648648649,0.055925858290723156,0.30405405405405406,0.09244886778670562,0.25,0.0625,0.722972972972973,0.5226899196493792,0.3716216216216216,0.13810262965668368,0.7027027027027027,0.49379108838568303
Chinese,USOIL,1968,0,0.4391891891891892,0.19288714390065742,0.3108108108108108,0.09660336011687362,0.8716216216216216,0.7597242512783053,0.16216216216216217,0.02629656683710738,0.32432432432432434,0.10518626734842952,0.2905405405405405,0.08441380569758947,0.7905405405405406,0.6249543462381301,0.4797297297297297,0.23014061358655952,0.6554054054054054,0.4295562454346238
Chinese,USOIL,1969,0,0.5337837837837838,0.2849251278305332,0.41216216216216217,0.16987764791818846,0.6216216216216216,0.3864134404674945,0.18243243243243243,0.03328159240321402,0.4527027027027027,0.2049397370343316,0.35135135135135137,0.12344777209642076,0.7972972972972973,0.6356829802775749,0.4594594594594595,0.2111029948867787,0.5337837837837838,0.2849251278305332
Chinese,USOIL,1970,0,0.35135135135135137,0.12344777209642076,0.5067567567567568,0.2568024105186268,0.9662162162162162,0.9335737764791819,0.34459459459459457,0.11874543462381298,0.6216216216216216,0.3864134404674945,0.3108108108108108,0.09660336011687362,0.7094594594594594,0.5033327246165084,0.4391891891891892,0.19288714390065742,0.4391891891891892,0.19288714390065742
Chinese,USOIL,1971,0,0.6418918918918919,0.4120252008765522,0.36486486486486486,0.1331263696128561,0.6554054054054054,0.4295562454346238,0.5067567567567568,0.2568024105186268,0.5405405405405406,0.2921840759678598,0.25675675675675674,0.06592403214024835,0.8040540540540541,0.6465029218407596,0.581081081081081,0.33765522279035787,0.6351351351351351,0.4033966398831263
Chinese,USOIL,1972,0,0.668918918918919,0.4474525200876553,0.44594594594594594,0.19886778670562455,0.8648648648648649,0.7479912344777211,0.4864864864864865,0.23666910153396642,0.6418918918918919,0.4120252008765522,0.3783783783783784,0.14317019722425128,0.7567567567567568,0.5726807888970051,0.5540540540540541,0.30697589481373266,0.6959459459459459,0.4843407596785975
Chinese,USOIL,1973,0,0.7162162162162162,0.5129656683710738,0.34459459459459457,0.11874543462381298,0.08783783783783784,0.007715485756026297,0.9864864864864865,0.973155588020453,0.46621621621621623,0.21735756026296568,0.5675675675675675,0.32213294375456536,0.5472972972972973,0.2995343316289262,0.8648648648648649,0.7479912344777211,0.527027027027027,0.2777574872169466
Chinese,USOIL,1974,0,0.777027027027027,0.6037710007304601,0.39864864864864863,0.15892074506939372,0.46621621621621623,0.21735756026296568,0.6216216216216216,0.3864134404674945,0.43243243243243246,0.18699780861943027,0.5472972972972973,0.2995343316289262,0.5675675675675675,0.32213294375456536,0.8783783783783784,0.7715485756026297,0.581081081081081,0.33765522279035787
Chinese,USOIL,1975,0,0.8040540540540541,0.6465029218407596,0.40540540540540543,0.16435354273192113,0.44594594594594594,0.19886778670562455,0.7702702702702703,0.5933162892622352,0.527027027027027,0.2777574872169466,0.5405405405405406,0.2921840759678598,0.6283783783783784,0.3948593864134405,0.9121621621621622,0.8320398100803507,0.5743243243243243,0.3298484295105917
Chinese,USOIL,1976,0,0.7432432432432432,0.5524105186267347,0.4864864864864865,0.23666910153396642,0.7905405405405406,0.6249543462381301,0.7364864864864865,0.5424123447772097,0.6891891891891891,0.47498173849525194,0.6621621621621622,0.4384587289992696,0.6418918918918919,0.4120252008765522,0.8243243243243243,0.6795105916727538,0.5675675675675675,0.32213294375456536
Chinese,USOIL,1977,0,0.7972972972972973,0.6356829802775749,0.5405405405405406,0.2921840759678598,0.581081081081081,0.33765522279035787,0.9256756756756757,0.8568754565376187,0.5878378378378378,0.34555332359386415,0.6013513513513513,0.3616234477720964,0.6621621621621622,0.4384587289992696,0.9054054054054054,0.8197589481373264,0.5405405405405406,0.2921840759678598
Chinese,USOIL,1978,0,0.7027027027027027,0.49379108838568303,0.581081081081081,0.33765522279035787,0.11486486486486487,0.013193937180423668,0.722972972972973,0.5226899196493792,0.5675675675675675,0.32213294375456536,0.7027027027027027,0.49379108838568303,0.6013513513513513,0.3616234477720964,0.9256756756756757,0.8568754565376187,0.5608108108108109,0.3145087655222791
Chinese,USOIL,1979,0,0.8581081081081081,0.7363495252008766,0.5945945945945946,0.35354273192111035,0.3783783783783784,0.14317019722425128,0.8851351351351351,0.7834642074506939,0.7567567567567568,0.5726807888970051,0.7094594594594594,0.5033327246165084,0.7162162162162162,0.5129656683710738,0.9391891891891891,0.8820763330898466,0.5135135135135135,0.2636961285609934
Chinese,USOIL,1980,0,0.7094594594594594,0.5033327246165084,0.7905405405405406,0.6249543462381301,0.22297297297297297,0.04971694667640614,0.5,0.25,0.7094594594594594,0.5033327246165084,0.7635135135135135,0.5829528853177501,0.6351351351351351,0.4033966398831263,0.8513513513513513,0.7247991234477721,0.49324324324324326,0.24328889700511325
Chinese,USOIL,1981,0,0.6486486486486487,0.4207450693937181,0.8716216216216216,0.7597242512783053,0.1554054054054054,0.024150840029218405,0.7162162162162162,0.5129656683710738,0.7702702702702703,0.5933162892622352,0.75,0.5625,0.6081081081081081,0.3697954711468225,0.7432432432432432,0.5524105186267347,0.47297297297297297,0.22370343316289262
Chinese,USOIL,1982,0,0.5202702702702703,0.2706811541271001,0.9054054054054054,0.8197589481373264,0.8378378378378378,0.701972242512783,0.918918918918919,0.8444119795471148,0.777027027027027,0.6037710007304601,0.7162162162162162,0.5129656683710738,0.581081081081081,0.33765522279035787,0.7567567567567568,0.5726807888970051,0.42567567567567566,0.18119978086194302
Chinese,USOIL,1983,0,0.722972972972973,0.5226899196493792,0.918918918918919,0.8444119795471148,0.7162162162162162,0.5129656683710738,0.9121621621621622,0.8320398100803507,0.75,0.5625,0.8581081081081081,0.7363495252008766,0.6148648648648649,0.3780588020452886,0.7972972972972973,0.6356829802775749,0.3716216216216216,0.13810262965668368
Chinese,USOIL,1984,0,0.8648648648648649,0.7479912344777211,0.9256756756756757,0.8568754565376187,0.30405405405405406,0.09244886778670562,0.6554054054054054,0.4295562454346238,0.8040540540540541,0.6465029218407596,0.8648648648648649,0.7479912344777211,0.6486486486486487,0.4207450693937181,0.7094594594594594,0.5033327246165084,0.3581081081081081,0.12824141709276846
Chinese,USOIL,1985,0,0.8175675675675675,0.6684167275383491,0.9459459459459459,0.8948137326515705,0.0472972972972973,0.0022370343316289263,0.75,0.5625,0.8918918918918919,0.7954711468224982,0.9121621621621622,0.8320398100803507,0.6959459459459459,0.4843407596785975,0.777027027027027,0.6037710007304601,0.28378378378378377,0.08053323593864134
Chinese,USOIL,1986,0,0.7567567567567568,0.5726807888970051,0.9527027027027027,0.9076424397370344,0.18243243243243243,0.03328159240321402,0.9459459459459459,0.8948137326515705,0.8378378378378378,0.701972242512783,0.8986486486486487,0.8075693937180425,0.5945945945945946,0.35354273192111035,0.7162162162162162,0.5129656683710738,0.1891891891891892,0.03579254930606282
Chinese,USOIL,1987,0,0.6959459459459459,0.4843407596785975,0.9662162162162162,0.9335737764791819,0.6013513513513513,0.3616234477720964,0.8040540540540541,0.6465029218407596,0.918918918918919,0.8444119795471148,0.8783783783783784,0.7715485756026297,0.5202702702702703,0.2706811541271001,0.7702702702702703,0.5933162892622352,0.14189189189189189,0.020133308984660335
Chinese,USOIL,1988,0,0.6283783783783784,0.3948593864134405,0.972972972972973,0.9466764061358657,0.12162162162162163,0.014791818845872901,0.9391891891891891,0.8820763330898466,0.9391891891891891,0.8820763330898466,0.7297297297297297,0.5325054784514244,0.44594594594594594,0.19886778670562455,0.831081081081081,0.6906957633308983,0.06756756756756757,0.004565376186997809
Chinese,USOIL,1989,0,0.9932432432432432,0.9865321402483563,0.8243243243243243,0.6795105916727538,0.8851351351351351,0.7834642074506939,0.972972972972973,0.9466764061358657,0.8108108108108109,0.6574141709276845,0.5945945945945946,0.35354273192111035,0.6756756756756757,0.4565376186997808,0.9459459459459459,0.8948137326515705,0.722972972972973,0.5226899196493792
Chinese,USOIL,1990,0,0.9797297297297297,0.9598703433162893,0.8445945945945946,0.7133400292184077,0.8986486486486487,0.8075693937180425,0.8378378378378378,0.701972242512783,0.5945945945945946,0.35354273192111035,0.5,0.25,0.8716216216216216,0.7597242512783053,0.9324324324324325,0.8694302410518627,0.918918918918919,0.8444119795471148
Chinese,USOIL,1991,0,0.9459459459459459,0.8948137326515705,0.7837837837837838,0.6143170197224251,0.8243243243243243,0.6795105916727538,0.9527027027027027,0.9076424397370344,0.7027027027027027,0.49379108838568303,0.5202702702702703,0.2706811541271001,0.8648648648648649,0.7479912344777211,0.8378378378378378,0.701972242512783,0.9256756756756757,0.8568754565376187
Chinese,USOIL,1992,0,0.918918918918919,0.8444119795471148,0.6959459459459459,0.4843407596785975,0.5472972972972973,0.2995343316289262,0.8243243243243243,0.6795105916727538,0.3783783783783784,0.14317019722425128,0.43243243243243246,0.18699780861943027,0.831081081081081,0.6906957633308983,0.918918918918919,0.8444119795471148,0.8581081081081081,0.7363495252008766
Chinese,USOIL,1993,0,0.9864864864864865,0.973155588020453,0.6013513513513513,0.3616234477720964,0.32432432432432434,0.10518626734842952,0.8108108108108109,0.6574141709276845,0.5,0.25,0.4189189189189189,0.17549306062819575,0.777027027027027,0.6037710007304601,0.8851351351351351,0.7834642074506939,0.8648648648648649,0.7479912344777211
Chinese,USOIL,1994,0,0.9391891891891891,0.8820763330898466,0.5202702702702703,0.2706811541271001,0.527027027027027,0.2777574872169466,0.9594594594594594,0.9205624543462381,0.4594594594594595,0.2111029948867787,0.41216216216216217,0.16987764791818846,0.8175675675675675,0.6684167275383491,0.8581081081081081,0.7363495252008766,0.9121621621621622,0.8320398100803507
Chinese,USOIL,1995,0,0.5540540540540541,0.30697589481373266,0.75,0.5625,0.6756756756756757,0.4565376186997808,0.8581081081081081,0.7363495252008766,0.4864864864864865,0.23666910153396642,0.31756756756756754,0.10084915997078157,0.4864864864864865,0.23666910153396642,0.6554054054054054,0.4295562454346238,0.5202702702702703,0.2706811541271001
Chinese,USOIL,1996,0,0.38513513513513514,0.1483290723155588,0.8918918918918919,0.7954711468224982,0.05405405405405406,0.002921840759678598,0.39864864864864863,0.15892074506939372,0.42567567567567566,0.18119978086194302,0.30405405405405406,0.09244886778670562,0.27702702702702703,0.07674397370343317,0.5472972972972973,0.2995343316289262,0.30405405405405406,0.09244886778670562
Chinese,USOIL,1997,0,0.4797297297297297,0.23014061358655952,0.7027027027027027,0.49379108838568303,0.10810810810810811,0.011687363038714392,0.5608108108108109,0.3145087655222791,0.5337837837837838,0.2849251278305332,0.2972972972972973,0.08838568298027759,0.43243243243243246,0.18699780861943027,0.5878378378378378,0.34555332359386415,0.44594594594594594,0.19886778670562455
Chinese,USOIL,1998,0,0.4594594594594595,0.2111029948867787,0.7567567567567568,0.5726807888970051,0.04054054054054054,0.0016435354273192113,0.5743243243243243,0.3298484295105917,0.6148648648648649,0.3780588020452886,0.49324324324324326,0.24328889700511325,0.3108108108108108,0.09660336011687362,0.75,0.5625,0.19594594594594594,0.03839481373265157
Chinese,USOIL,1999,0,0.6351351351351351,0.4033966398831263,0.8851351351351351,0.7834642074506939,0.4864864864864865,0.23666910153396642,0.33783783783783783,0.1141344046749452,0.8581081081081081,0.7363495252008766,0.8918918918918919,0.7954711468224982,0.49324324324324326,0.24328889700511325,0.7364864864864865,0.5424123447772097,0.08108108108108109,0.006574141709276845
Chinese,USOIL,2000,0,0.7635135135135135,0.5829528853177501,0.7702702702702703,0.5933162892622352,0.6486486486486487,0.4207450693937181,0.6621621621621622,0.4384587289992696,0.7837837837837838,0.6143170197224251,0.7364864864864865,0.5424123447772097,0.3783783783783784,0.14317019722425128,0.8918918918918919,0.7954711468224982,0.10135135135135136,0.01027209642074507
Chinese,USOIL,2001,0,0.8716216216216216,0.7597242512783053,0.831081081081081,0.6906957633308983,0.9121621621621622,0.8320398100803507,0.6013513513513513,0.3616234477720964,0.8175675675675675,0.6684167275383491,0.7972972972972973,0.6356829802775749,0.34459459459459457,0.11874543462381298,0.9864864864864865,0.973155588020453,0.11486486486486487,0.013193937180423668
Chinese,USOIL,2002,0,0.8378378378378378,0.701972242512783,0.7635135135135135,0.5829528853177501,0.9527027027027027,0.9076424397370344,0.7432432432432432,0.5524105186267347,0.9256756756756757,0.8568754565376187,0.722972972972973,0.5226899196493792,0.3310810810810811,0.1096146822498174,0.972972972972973,0.9466764061358657,0.12837837837837837,0.016481008035062087
Chinese,USOIL,2003,0,0.972972972972973,0.9466764061358657,0.7972972972972973,0.6356829802775749,0.5135135135135135,0.2636961285609934,0.7972972972972973,0.6356829802775749,0.831081081081081,0.6906957633308983,0.7567567567567568,0.5726807888970051,0.28378378378378377,0.08053323593864134,0.9527027027027027,0.9076424397370344,0.12162162162162163,0.014791818845872901
Chinese,USOIL,2004,0,0.9527027027027027,0.9076424397370344,0.7297297297297297,0.5325054784514244,0.43243243243243246,0.18699780861943027,0.9662162162162162,0.9335737764791819,0.8851351351351351,0.7834642074506939,0.7905405405405406,0.6249543462381301,0.21621621621621623,0.04674945215485757,0.8986486486486487,0.8075693937180425,0.10810810810810811,0.011687363038714392
Chinese,USOIL,2005,0,0.9594594594594594,0.9205624543462381,0.6418918918918919,0.4120252008765522,0.668918918918919,0.4474525200876553,0.9932432432432432,0.9865321402483563,0.8986486486486487,0.8075693937180425,0.8513513513513513,0.7247991234477721,0.39864864864864863,0.15892074506939372,0.9594594594594594,0.9205624543462381,0.1554054054054054,0.024150840029218405
Chinese,USOIL,2006,0,0.9324324324324325,0.8694302410518627,0.6351351351351351,0.4033966398831263,0.918918918918919,0.8444119795471148,0.8513513513513513,0.7247991234477721,0.9459459459459459,0.8948137326515705,0.9054054054054054,0.8197589481373264,0.5135135135135135,0.2636961285609934,0.9797297297297297,0.9598703433162893,0.22297297297297297,0.04971694667640614
Chinese,USOIL,2007,0,0.8445945945945946,0.7133400292184077,0.6148648648648649,0.3780588020452886,0.7567567567567568,0.5726807888970051,0.831081081081081,0.6906957633308983,0.9121621621621622,0.8320398100803507,0.8445945945945946,0.7133400292184077,0.527027027027027,0.2777574872169466,0.9932432432432432,0.9865321402483563,0.22972972972972974,0.052775748721694674
Chinese,USOIL,2008,0,0.7837837837837838,0.6143170197224251,0.5135135135135135,0.2636961285609934,0.1891891891891892,0.03579254930606282,0.6824324324324325,0.4657140248356465,0.722972972972973,0.5226899196493792,0.831081081081081,0.6906957633308983,0.7297297297297297,0.5325054784514244,0.9662162162162162,0.9335737764791819,0.2635135135135135,0.06943937180423665
Chinese,USOIL,2009,0,0.9121621621621622,0.8320398100803507,0.4527027027027027,0.2049397370343316,0.25675675675675674,0.06592403214024835,0.9054054054054054,0.8197589481373264,0.6959459459459459,0.4843407596785975,0.8040540540540541,0.6465029218407596,0.8445945945945946,0.7133400292184077,0.8445945945945946,0.7133400292184077,0.32432432432432434,0.10518626734842952
Chinese,GOLD,1862,0,0.6891891891891891,0.47498173849525194,0.5472972972972973,0.2995343316289262,0.19594594594594594,0.03839481373265157,0.7702702702702703,0.5933162892622352,0.8040540540540541,0.6465029218407596,0.75,0.5625,0.9054054054054054,0.8197589481373264,0.7567567567567568,0.5726807888970051,0.41216216216216217,0.16987764791818846
Chinese,GOLD,1863,0,0.5743243243243243,0.3298484295105917,0.8851351351351351,0.7834642074506939,0.7972972972972973,0.6356829802775749,0.8986486486486487,0.8075693937180425,0.9324324324324325,0.8694302410518627,0.9054054054054054,0.8197589481373264,0.9391891891891891,0.8820763330898466,0.7297297297297297,0.5325054784514244,0.4527027027027027,0.2049397370343316
Chinese,GOLD,1864,0,0.6554054054054054,0.4295562454346238,0.9459459459459459,0.8948137326515705,0.8513513513513513,0.7247991234477721,0.7567567567567568,0.5726807888970051,0.8918918918918919,0.7954711468224982,0.9797297297297297,0.9598703433162893,0.9527027027027027,0.9076424397370344,0.7905405405405406,0.6249543462381301,0.43243243243243246,0.18699780861943027
Chinese,GOLD,1865,0,0.722972972972973,0.5226899196493792,0.9594594594594594,0.9205624543462381,0.4391891891891892,0.19288714390065742,0.6013513513513513,0.3616234477720964,0.8175675675675675,0.6684167275383491,0.9932432432432432,0.9865321402483563,0.9459459459459459,0.8948137326515705,0.7837837837837838,0.6143170197224251,0.4189189189189189,0.17549306062819575
Chinese,GOLD,1866,0,0.7702702702702703,0.5933162892622352,0.918918918918919,0.8444119795471148,0.6081081081081081,0.3697954711468225,0.7094594594594594,0.5033327246165084,0.722972972972973,0.5226899196493792,0.9864864864864865,0.973155588020453,0.8986486486486487,0.8075693937180425,0.8716216216216216,0.7597242512783053,0.47297297297297297,0.22370343316289262
Chinese,GOLD,1867,0,0.5472972972972973,0.2995343316289262,0.7567567567567568,0.5726807888970051,0.5675675675675675,0.32213294375456536,0.8513513513513513,0.7247991234477721,0.75,0.5625,0.9459459459459459,0.8948137326515705,0.8581081081081081,0.7363495252008766,0.8378378378378378,0.701972242512783,0.5067567567567568,0.2568024105186268
Chinese,GOLD,1868,0,0.6486486486486487,0.4207450693937181,0.42567567567567566,0.18119978086194302,0.46621621621621623,0.21735756026296568,0.6959459459459459,0.4843407596785975,0.8648648648648649,0.7479912344777211,0.9256756756756757,0.8568754565376187,0.831081081081081,0.6906957633308983,0.6418918918918919,0.4120252008765522,0.49324324324324326,0.24328889700511325
Chinese,GOLD,1869,0,0.6418918918918919,0.4120252008765522,0.5135135135135135,0.2636961285609934,0.9662162162162162,0.9335737764791819,0.9391891891891891,0.8820763330898466,0.527027027027027,0.2777574872169466,0.8716216216216216,0.7597242512783053,0.8445945945945946,0.7133400292184077,0.777027027027027,0.6037710007304601,0.4391891891891892,0.19288714390065742
Chinese,GOLD,1870,0,0.7567567567567568,0.5726807888970051,0.4864864864864865,0.23666910153396642,0.12837837837837837,0.016481008035062087,0.7027027027027027,0.49379108838568303,0.581081081081081,0.33765522279035787,0.8175675675675675,0.6684167275383491,0.7972972972972973,0.6356829802775749,0.8243243243243243,0.6795105916727538,0.46621621621621623,0.21735756026296568
Chinese,GOLD,1871,0,0.6756756756756757,0.4565376186997808,0.47297297297297297,0.22370343316289262,0.722972972972973,0.5226899196493792,0.8445945945945946,0.7133400292184077,0.6824324324324325,0.4657140248356465,0.7837837837837838,0.6143170197224251,0.8378378378378378,0.701972242512783,0.9459459459459459,0.8948137326515705,0.4797297297297297,0.23014061358655952
Chinese,GOLD,1872,0,0.7905405405405406,0.6249543462381301,0.5202702702702703,0.2706811541271001,0.16216216216216217,0.02629656683710738,0.7905405405405406,0.6249543462381301,0.7972972972972973,0.6356829802775749,0.722972972972973,0.5226899196493792,0.8918918918918919,0.7954711468224982,0.8445945945945946,0.7133400292184077,0.40540540540540543,0.16435354273192113
Chinese,GOLD,1873,0,0.8648648648648649,0.7479912344777211,0.5878378378378378,0.34555332359386415,0.8378378378378378,0.701972242512783,0.8783783783783784,0.7715485756026297,0.7702702702702703,0.5933162892622352,0.7162162162162162,0.5129656683710738,0.918918918918919,0.8444119795471148,0.9932432432432432,0.9865321402483563,0.3581081081081081,0.12824141709276846
Chinese,GOLD,1874,0,0.8243243243243243,0.6795105916727538,0.6959459459459459,0.4843407596785975,0.6148648648648649,0.3780588020452886,0.9527027027027027,0.9076424397370344,0.9054054054054054,0.8197589481373264,0.7972972972972973,0.6356829802775749,0.9256756756756757,0.8568754565376187,0.8851351351351351,0.7834642074506939,0.25,0.0625
Chinese,GOLD,1875,0,0.6824324324324325,0.4657140248356465,0.7972972972972973,0.6356829802775749,0.20270270270270271,0.04108838568298028,0.8581081081081081,0.7363495252008766,0.8986486486486487,0.8075693937180425,0.6959459459459459,0.4843407596785975,0.9324324324324325,0.8694302410518627,0.8581081081081081,0.7363495252008766,0.2972972972972973,0.08838568298027759
Chinese,GOLD,1876,1,0.6621621621621622,0.1141344046749452,0.6756756756756757,0.10518626734842952,0.3918918918918919,0.3697954711468225,0.6891891891891891,0.09660336011687366,0.9662162162162162,0.0011413440467494514,0.7905405405405406,0.04387326515704893,0.9662162162162162,0.0011413440467494514,0.6554054054054054,0.11874543462381303,0.2905405405405405,0.5033327246165084
Chinese,GOLD,1877,1,0.8445945945945946,0.0241508400292184,0.5945945945945946,0.16435354273192107,0.23648648648648649,0.5829528853177501,0.8851351351351351,0.013193937180423679,0.9594594594594594,0.0016435354273192134,0.8243243243243243,0.03086194302410518,0.9594594594594594,0.0016435354273192134,0.722972972972973,0.07674397370343314,0.3310810810810811,0.4474525200876551
Chinese,GOLD,1878,1,0.8040540540540541,0.03839481373265157,0.668918918918919,0.10961468224981735,0.39864864864864863,0.3616234477720964,0.6486486486486487,0.12344777209642072,0.9864864864864865,0.00018261504747991162,0.8581081081081081,0.020133308984660335,0.9797297297297297,0.00041088385682980336,0.9594594594594594,0.0016435354273192134,0.32432432432432434,0.4565376186997808
Chinese,GOLD,1879,1,0.8513513513513513,0.022096420745069404,0.9054054054054054,0.00894813732651571,0.6283783783783784,0.13810262965668368,0.9054054054054054,0.00894813732651571,0.9797297297297297,0.00041088385682980336,0.8851351351351351,0.013193937180423679,0.9932432432432432,4.5653761869978656e-05,0.9121621621621622,0.007715485756026295,0.27702702702702703,0.5226899196493792
Chinese,GOLD,1880,1,0.8716216216216216,0.016481008035062094,0.9864864864864865,0.00018261504747991162,0.2702702702702703,0.5325054784514244,0.8378378378378378,0.02629656683710738,0.9527027027027027,0.0022370343316289224,0.8783783783783784,0.014791818845872894,0.9864864864864865,0.00018261504747991162,0.8783783783783784,0.014791818845872894,0.2702702702702703,0.5325054784514244
Chinese,GOLD,1881,1,0.8581081081081081,0.020133308984660335,0.9932432432432432,4.5653761869978656e-05,0.6756756756756757,0.10518626734842952,0.6554054054054054,0.11874543462381303,0.918918918918919,0.006574141709276836,0.8918918918918919,0.011687363038714392,0.972972972972973,0.0007304601899196465,0.972972972972973,0.0007304601899196465,0.25675675675675674,0.5524105186267347
Chinese,GOLD,1882,1,0.7162162162162162,0.08053323593864134,0.4391891891891892,0.31450876552227897,0.02702702702702703,0.9466764061358657,0.5,0.25,0.8378378378378378,0.02629656683710738,0.8513513513513513,0.022096420745069404,0.6013513513513513,0.15892074506939374,0.6959459459459459,0.09244886778670562,0.5608108108108109,0.19288714390065737
Chinese,GOLD,1883,1,0.6081081081081081,0.15357925493060628,0.08108108108108109,0.8444119795471146,0.6621621621621622,0.1141344046749452,0.668918918918919,0.10961468224981735,0.668918918918919,0.10961468224981735,0.7702702702702703,0.05277574872169466,0.527027027027027,0.22370343316289268,0.4391891891891892,0.31450876552227897,0.6756756756756757,0.10518626734842952
Chinese,GOLD,1884,1,0.5135135135135135,0.23666910153396642,0.02027027027027027,0.9598703433162893,0.38513513513513514,0.3780588020452886,0.831081081081081,0.028533601168736322,0.28378378378378377,0.5129656683710738,0.7094594594594594,0.0844138056975895,0.4864864864864865,0.2636961285609934,0.33783783783783783,0.4384587289992696,0.7837837837837838,0.04674945215485757
Chinese,GOLD,1885,1,0.3716216216216216,0.3948593864134405,0.06756756756756757,0.8694302410518627,0.42567567567567566,0.3298484295105917,0.31756756756756754,0.4657140248356465,0.16216216216216217,0.701972242512783,0.6486486486486487,0.12344777209642072,0.5135135135135135,0.23666910153396642,0.3783783783783784,0.3864134404674945,0.722972972972973,0.07674397370343314
Chinese,GOLD,1886,1,0.5337837837837838,0.21735756026296568,0.05405405405405406,0.8948137326515705,0.8040540540540541,0.03839481373265157,0.16891891891891891,0.6906957633308985,0.0945945945945946,0.8197589481373264,0.527027027027027,0.22370343316289268,0.5,0.25,0.41216216216216217,0.34555332359386415,0.7027027027027027,0.08838568298027755
Chinese,GOLD,1887,1,0.6013513513513513,0.15892074506939374,0.060810810810810814,0.8820763330898466,0.6554054054054054,0.11874543462381303,0.3783783783783784,0.3864134404674945,0.14189189189189189,0.7363495252008766,0.34459459459459457,0.4295562454346239,0.49324324324324326,0.2568024105186268,0.5202702702702703,0.23014061358655952,0.668918918918919,0.10961468224981735
Chinese,GOLD,1888,1,0.4189189189189189,0.337655222790358,0.0472972972972973,0.9076424397370344,0.4189189189189189,0.337655222790358,0.12837837837837837,0.7597242512783053,0.033783783783783786,0.9335737764791819,0.16891891891891891,0.6906957633308985,0.39864864864864863,0.3616234477720964,0.4797297297297297,0.2706811541271001,0.6621621621621622,0.1141344046749452
Chinese,GOLD,1889,1,0.36486486486486486,0.4033966398831263,0.013513513513513514,0.973155588020453,0.668918918918919,0.10961468224981735,0.3918918918918919,0.3697954711468225,0.013513513513513514,0.973155588020453,0.08108108108108109,0.8444119795471146,0.30405405405405406,0.4843407596785975,0.3918918918918919,0.3697954711468225,0.6554054054054054,0.11874543462381303
Chinese,GOLD,1890,1,0.13513513513513514,0.7479912344777211,0.006756756756756757,0.9865321402483563,0.2905405405405405,0.5033327246165084,0.05405405405405406,0.8948137326515705,0.02702702702702703,0.9466764061358657,0.08783783783783784,0.8320398100803507,0.25675675675675674,0.5524105186267347,0.3581081081081081,0.4120252008765522,0.6351351351351351,0.13312636961285612
Chinese,GOLD,1891,1,0.2972972972972973,0.49379108838568286,0.02702702702702703,0.9466764061358657,0.14189189189189189,0.7363495252008766,0.20270270270270271,0.6356829802775749,0.006756756756756757,0.9865321402483563,0.006756756756756757,0.9865321402483563,0.22297297297297297,0.6037710007304601,0.38513513513513514,0.3780588020452886,0.5675675675675675,0.18699780861943027
Chinese,GOLD,1892,1,0.22972972972972974,0.5933162892622352,0.07432432432432433,0.8568754565376187,0.08108108108108109,0.8444119795471146,0.12162162162162163,0.7715485756026297,0.0472972972972973,0.9076424397370344,0.02027027027027027,0.9598703433162893,0.21621621621621623,0.6143170197224251,0.43243243243243246,0.32213294375456536,0.5337837837837838,0.21735756026296568
Chinese,GOLD,1893,1,0.12837837837837837,0.7597242512783053,0.16891891891891891,0.6906957633308985,0.5,0.25,0.2972972972972973,0.49379108838568286,0.04054054054054054,0.9205624543462381,0.013513513513513514,0.973155588020453,0.2702702702702703,0.5325054784514244,0.22972972972972974,0.5933162892622352,0.527027027027027,0.22370343316289268
Chinese,GOLD,1894,1,0.18243243243243243,0.6684167275383491,0.10135135135135136,0.8075693937180425,0.07432432432432433,0.8568754565376187,0.33783783783783783,0.4384587289992696,0.10810810810810811,0.7954711468224982,0.033783783783783786,0.9335737764791819,0.25,0.5625,0.18243243243243243,0.6684167275383491,0.6013513513513513,0.15892074506939374
Chinese,GOLD,1895,1,0.31756756756756754,0.4657140248356465,0.17567567567567569,0.6795105916727538,0.5135135135135135,0.23666910153396642,0.10135135135135136,0.8075693937180425,0.5067567567567568,0.2432888970051132,0.38513513513513514,0.3780588020452886,0.36486486486486486,0.4033966398831263,0.28378378378378377,0.5129656683710738,0.6216216216216216,0.14317019722425128
Chinese,GOLD,1896,1,0.3918918918918919,0.3697954711468225,0.27702702702702703,0.5226899196493792,0.6418918918918919,0.12824141709276846,0.4594594594594595,0.2921840759678598,0.13513513513513514,0.7479912344777211,0.2905405405405405,0.5033327246165084,0.3108108108108108,0.4749817384952521,0.27702702702702703,0.5226899196493792,0.6418918918918919,0.12824141709276846
Chinese,GOLD,1897,1,0.41216216216216217,0.34555332359386415,0.5,0.25,0.9864864864864865,0.00018261504747991162,0.5675675675675675,0.18699780861943027,0.17567567567567569,0.6795105916727538,0.4189189189189189,0.337655222790358,0.2905405405405405,0.5033327246165084,0.42567567567567566,0.3298484295105917,0.6081081081081081,0.15357925493060628
Chinese,GOLD,1898,1,0.42567567567567566,0.3298484295105917,0.6148648648648649,0.14832907231555875,0.9054054054054054,0.00894813732651571,0.36486486486486486,0.4033966398831263,0.5405405405405406,0.21110299488677864,0.5337837837837838,0.21735756026296568,0.20945945945945946,0.6249543462381301,0.3310810810810811,0.4474525200876551,0.4594594594594595,0.2921840759678598
Chinese,GOLD,1899,1,0.39864864864864863,0.3616234477720964,0.7027027027027027,0.08838568298027755,0.22297297297297297,0.6037710007304601,0.27702702702702703,0.5226899196493792,0.6283783783783784,0.13810262965668368,0.6554054054054054,0.11874543462381303,0.17567567567567569,0.6795105916727538,0.17567567567567569,0.6795105916727538,0.3108108108108108,0.4749817384952521
Chinese,GOLD,1900,1,0.32432432432432434,0.4565376186997808,0.8175675675675675,0.03328159240321403,0.10810810810810811,0.7954711468224982,0.5337837837837838,0.21735756026296568,0.5675675675675675,0.18699780861943027,0.6148648648648649,0.14832907231555875,0.1554054054054054,0.7133400292184077,0.35135135135135137,0.4207450693937181,0.2635135135135135,0.5424123447772097
Chinese,GOLD,1901,1,0.3581081081081081,0.4120252008765522,0.9121621621621622,0.007715485756026295,0.02027027027027027,0.9598703433162893,0.40540540540540543,0.3535427319211102,0.8243243243243243,0.03086194302410518,0.7297297297297297,0.07304601899196494,0.11486486486486487,0.7834642074506939,0.31756756756756754,0.4657140248356465,0.16216216216216217,0.701972242512783
Chinese,GOLD,1902,1,0.35135135135135137,0.4207450693937181,0.972972972972973,0.0007304601899196465,0.04054054054054054,0.9205624543462381,0.44594594594594594,0.30697589481373266,0.7094594594594594,0.0844138056975895,0.8108108108108109,0.0357925493060628,0.06756756756756757,0.8694302410518627,0.2635135135135135,0.5424123447772097,0.10135135135135136,0.8075693937180425
Chinese,GOLD,1903,1,0.9932432432432432,4.5653761869978656e-05,0.8716216216216216,0.016481008035062094,0.5878378378378378,0.16987764791818846,0.8918918918918919,0.011687363038714392,0.4391891891891892,0.31450876552227897,0.7635135135135135,0.05592585829072317,0.5878378378378378,0.16987764791818846,0.6824324324324325,0.10084915997078157,0.8378378378378378,0.02629656683710738
Chinese,GOLD,1904,1,0.9864864864864865,0.00018261504747991162,0.8648648648648649,0.018261504747991222,0.6486486486486487,0.12344777209642072,0.7162162162162162,0.08053323593864134,0.44594594594594594,0.30697589481373266,0.7364864864864865,0.06943937180423665,0.6554054054054054,0.11874543462381303,0.6081081081081081,0.15357925493060628,0.918918918918919,0.006574141709276836
Chinese,GOLD,1905,1,0.9797297297297297,0.00041088385682980336,0.6283783783783784,0.13810262965668368,0.25675675675675674,0.5524105186267347,0.972972972972973,0.0007304601899196465,0.47297297297297297,0.2777574872169466,0.6891891891891891,0.09660336011687366,0.722972972972973,0.07674397370343314,0.6891891891891891,0.09660336011687366,0.9459459459459459,0.002921840759678598
Chinese,GOLD,1906,1,0.9527027027027027,0.0022370343316289224,0.44594594594594594,0.30697589481373266,0.35135135135135137,0.4207450693937181,0.5067567567567568,0.2432888970051132,0.5540540540540541,0.19886778670562455,0.6621621621621622,0.1141344046749452,0.7297297297297297,0.07304601899196494,0.6148648648648649,0.14832907231555875,0.9391891891891891,0.0036979547114682305
Chinese,GOLD,1907,1,0.8986486486486487,0.010272096420745062,0.3108108108108108,0.4749817384952521,0.32432432432432434,0.4565376186997808,0.8716216216216216,0.016481008035062094,0.5337837837837838,0.21735756026296568,0.5472972972972973,0.20493973703433166,0.6959459459459459,0.09244886778670562,0.6486486486486487,0.12344777209642072,0.8986486486486487,0.010272096420745062
Chinese,GOLD,1908,1,0.7432432432432432,0.06592403214024838,0.2905405405405405,0.5033327246165084,0.9594594594594594,0.0016435354273192134,0.2702702702702703,0.5325054784514244,0.2972972972972973,0.49379108838568286,0.3716216216216216,0.3948593864134405,0.668918918918919,0.10961468224981735,0.7162162162162162,0.08053323593864134,0.8918918918918919,0.011687363038714392
Chinese,GOLD,1909,1,0.75,0.0625,0.25675675675675674,0.5524105186267347,0.9932432432432432,4.5653761869978656e-05,0.9256756756756757,0.005524105186267351,0.12837837837837837,0.7597242512783053,0.31756756756756754,0.4657140248356465,0.7027027027027027,0.08838568298027755,0.9054054054054054,0.00894813732651571,0.9121621621621622,0.007715485756026295
Chinese,GOLD,1910,1,0.7837837837837838,0.04674945215485757,0.22972972972972974,0.5933162892622352,0.7094594594594594,0.0844138056975895,0.8108108108108109,0.0357925493060628,0.24324324324324326,0.5726807888970051,0.27702702702702703,0.5226899196493792,0.6891891891891891,0.09660336011687366,0.9391891891891891,0.0036979547114682305,0.9256756756756757,0.005524105186267351
Chinese,GOLD,1911,1,0.831081081081081,0.028533601168736322,0.2972972972972973,0.49379108838568286,0.5337837837837838,0.21735756026296568,0.9864864864864865,0.00018261504747991162,0.5135135135135135,0.23666910153396642,0.2972972972972973,0.49379108838568286,0.6486486486486487,0.12344777209642072,0.8918918918918919,0.011687363038714392,0.8513513513513513,0.022096420745069404
Chinese,GOLD,1912,1,0.777027027027027,0.04971694667640616,0.46621621621621623,0.2849251278305332,0.5472972972972973,0.20493973703433166,0.6148648648648649,0.14832907231555875,0.1554054054054054,0.7133400292184077,0.36486486486486486,0.4033966398831263,0.8040540540540541,0.03839481373265157,0.7635135135135135,0.05592585829072317,0.9932432432432432,4.5653761869978656e-05
Chinese,GOLD,1913,1,0.7027027027027027,0.08838568298027755,0.6081081081081081,0.15357925493060628,0.060810810810810814,0.8820763330898466,0.8648648648648649,0.018261504747991222,0.3716216216216216,0.3948593864134405,0.5405405405405406,0.21110299488677864,0.8175675675675675,0.03328159240321403,0.75,0.0625,0.9864864864864865,0.00018261504747991162
Chinese,GOLD,1914,1,0.4391891891891892,0.31450876552227897,0.7094594594594594,0.0844138056975895,0.8175675675675675,0.03328159240321403,0.6756756756756757,0.10518626734842952,0.16891891891891891,0.6906957633308985,0.8040540540540541,0.03839481373265157,0.6418918918918919,0.12824141709276846,0.668918918918919,0.10961468224981735,0.9054054054054054,0.00894813732651571
Chinese,GOLD,1915,1,0.47297297297297297,0.2777574872169466,0.7297297297297297,0.07304601899196494,0.8918918918918919,0.011687363038714392,0.35135135135135137,0.4207450693937181,0.6756756756756757,0.10518626734842952,0.8378378378378378,0.02629656683710738,0.4391891891891892,0.31450876552227897,0.6013513513513513,0.15892074506939374,0.6148648648648649,0.14832907231555875
Chinese,GOLD,1916,1,0.34459459459459457,0.4295562454346239,0.6418918918918919,0.12824141709276846,0.33783783783783783,0.4384587289992696,0.4189189189189189,0.337655222790358,0.3783783783783784,0.3864134404674945,0.7567567567567568,0.05916727538349158,0.32432432432432434,0.4565376186997808,0.5878378378378378,0.16987764791818846,0.30405405405405406,0.4843407596785975
Chinese,GOLD,1917,1,0.22297297297297297,0.6037710007304601,0.5608108108108109,0.19288714390065737,0.36486486486486486,0.4033966398831263,0.38513513513513514,0.3780588020452886,0.38513513513513514,0.3780588020452886,0.5945945945945946,0.16435354273192107,0.2635135135135135,0.5424123447772097,0.40540540540540543,0.3535427319211102,0.1891891891891892,0.6574141709276843
Chinese,GOLD,1918,1,0.25,0.5625,0.40540540540540543,0.3535427319211102,0.033783783783783786,0.9335737764791819,0.6418918918918919,0.12824141709276846,0.6891891891891891,0.09660336011687366,0.5608108108108109,0.19288714390065737,0.20270270270270271,0.6356829802775749,0.4189189189189189,0.337655222790358,0.13513513513513514,0.7479912344777211
Chinese,GOLD,1919,1,0.21621621621621623,0.6143170197224251,0.34459459459459457,0.4295562454346239,0.3310810810810811,0.4474525200876551,0.18243243243243243,0.6684167275383491,0.2635135135135135,0.5424123447772097,0.3918918918918919,0.3697954711468225,0.19594594594594594,0.6465029218407596,0.36486486486486486,0.4033966398831263,0.14189189189189189,0.7363495252008766
Chinese,GOLD,1920,1,0.16216216216216217,0.701972242512783,0.31756756756756754,0.4657140248356465,0.17567567567567569,0.6795105916727538,0.3108108108108108,0.4749817384952521,0.08108108108108109,0.8444119795471146,0.5135135135135135,0.23666910153396642,0.2972972972972973,0.49379108838568286,0.20945945945945946,0.6249543462381301,0.20945945945945946,0.6249543462381301
Chinese,GOLD,1921,1,0.11486486486486487,0.7834642074506939,0.24324324324324326,0.5726807888970051,0.08783783783783784,0.8320398100803507,0.16216216216216217,0.701972242512783,0.11486486486486487,0.7834642074506939,0.47297297297297297,0.2777574872169466,0.34459459459459457,0.4295562454346239,0.30405405405405406,0.4843407596785975,0.24324324324324326,0.5726807888970051
Chinese,GOLD,1922,1,0.033783783783783786,0.9335737764791819,0.20270270270270271,0.6356829802775749,0.12162162162162163,0.7715485756026297,0.3581081081081081,0.4120252008765522,0.06756756756756757,0.8694302410518627,0.41216216216216217,0.34555332359386415,0.3716216216216216,0.3948593864134405,0.32432432432432434,0.4565376186997808,0.34459459459459457,0.4295562454346239
Chinese,GOLD,1923,1,0.02027027027027027,0.9598703433162893,0.13513513513513514,0.7479912344777211,0.27702702702702703,0.5226899196493792,0.04054054054054054,0.9205624543462381,0.060810810810810814,0.8820763330898466,0.32432432432432434,0.4565376186997808,0.41216216216216217,0.34555332359386415,0.0472972972972973,0.9076424397370344,0.44594594594594594,0.30697589481373266
Chinese,GOLD,1924,1,0.4797297297297297,0.2706811541271001,0.18243243243243243,0.6684167275383491,0.6216216216216216,0.14317019722425128,0.5608108108108109,0.19288714390065737,0.5202702702702703,0.23014061358655952,0.5878378378378378,0.16987764791818846,0.4797297297297297,0.2706811541271001,0.49324324324324326,0.2568024105186268,0.4864864864864865,0.2636961285609934
Chinese,GOLD,1925,1,0.44594594594594594,0.30697589481373266,0.1554054054054054,0.7133400292184077,0.47297297297297297,0.2777574872169466,0.47297297297297297,0.2777574872169466,0.4864864864864865,0.2636961285609934,0.4527027027027027,0.2995343316289263,0.43243243243243246,0.32213294375456536,0.5675675675675675,0.18699780861943027,0.5472972972972973,0.20493973703433166
Chinese,GOLD,1926,1,0.4527027027027027,0.2995343316289263,0.11486486486486487,0.7834642074506939,0.7364864864864865,0.06943937180423665,0.30405405405405406,0.4843407596785975,0.3108108108108108,0.4749817384952521,0.6081081081081081,0.15357925493060628,0.38513513513513514,0.3780588020452886,0.5743243243243243,0.18119978086194302,0.5878378378378378,0.16987764791818846
Chinese,GOLD,1927,1,0.24324324324324326,0.5726807888970051,0.12837837837837837,0.7597242512783053,0.581081081081081,0.1754930606281958,0.34459459459459457,0.4295562454346239,0.3310810810810811,0.4474525200876551,0.5,0.25,0.44594594594594594,0.30697589481373266,0.46621621621621623,0.2849251278305332,0.7567567567567568,0.05916727538349158
Chinese,GOLD,1928,1,0.20945945945945946,0.6249543462381301,0.41216216216216217,0.34555332359386415,0.4594594594594595,0.2921840759678598,0.22972972972972974,0.5933162892622352,0.6148648648648649,0.14832907231555875,0.6418918918918919,0.12824141709276846,0.7432432432432432,0.06592403214024838,0.2702702702702703,0.5325054784514244,0.8648648648648649,0.018261504747991222
Chinese,GOLD,1929,1,0.05405405405405406,0.8948137326515705,0.8783783783783784,0.014791818845872894,0.13513513513513514,0.7479912344777211,0.43243243243243246,0.32213294375456536,0.8783783783783784,0.014791818845872894,0.8648648648648649,0.018261504747991222,0.8851351351351351,0.013193937180423679,0.08783783783783784,0.8320398100803507,0.75,0.0625
Chinese,GOLD,1930,1,0.28378378378378377,0.5129656683710738,0.8918918918918919,0.011687363038714392,0.22972972972972974,0.5933162892622352,0.1891891891891892,0.6574141709276843,0.8108108108108109,0.0357925493060628,0.9121621621621622,0.007715485756026295,0.8648648648648649,0.018261504747991222,0.06756756756756757,0.8694302410518627,0.7094594594594594,0.0844138056975895
Chinese,GOLD,1931,1,0.3783783783783784,0.3864134404674945,0.9256756756756757,0.005524105186267351,0.1891891891891892,0.6574141709276843,0.2905405405405405,0.5033327246165084,0.7905405405405406,0.04387326515704893,0.9662162162162162,0.0011413440467494514,0.8243243243243243,0.03086194302410518,0.08108108108108109,0.8444119795471146,0.6824324324324325,0.10084915997078157
Chinese,GOLD,1932,1,0.33783783783783783,0.4384587289992696,0.8986486486486487,0.010272096420745062,0.10135135135135136,0.8075693937180425,0.02027027027027027,0.9598703433162893,0.831081081081081,0.028533601168736322,0.972972972972973,0.0007304601899196465,0.7837837837837838,0.04674945215485757,0.10135135135135136,0.8075693937180425,0.6283783783783784,0.13810262965668368
Chinese,GOLD,1933,1,0.23648648648648649,0.5829528853177501,0.7837837837837838,0.04674945215485757,0.41216216216216217,0.34555332359386415,0.2635135135135135,0.5424123447772097,0.7297297297297297,0.07304601899196494,0.9527027027027027,0.0022370343316289224,0.777027027027027,0.04971694667640616,0.0945945945945946,0.8197589481373264,0.5743243243243243,0.18119978086194302
Chinese,GOLD,1934,1,0.27702702702702703,0.5226899196493792,0.43243243243243246,0.32213294375456536,0.28378378378378377,0.5129656683710738,0.14189189189189189,0.7363495252008766,0.7162162162162162,0.08053323593864134,0.9594594594594594,0.0016435354273192134,0.8716216216216216,0.016481008035062094,0.033783783783783786,0.9335737764791819,0.5202702702702703,0.23014061358655952
Chinese,GOLD,1935,1,0.1891891891891892,0.6574141709276843,0.3918918918918919,0.3697954711468225,0.06756756756756757,0.8694302410518627,0.17567567567567569,0.6795105916727538,0.6216216216216216,0.14317019722425128,0.9324324324324325,0.004565376186997806,0.7162162162162162,0.08053323593864134,0.006756756756756757,0.9865321402483563,0.5405405405405406,0.21110299488677864
Chinese,GOLD,1936,1,0.04054054054054054,0.9205624543462381,0.32432432432432434,0.4565376186997808,0.21621621621621623,0.6143170197224251,0.14864864864864866,0.7247991234477721,0.4594594594594595,0.2921840759678598,0.9391891891891891,0.0036979547114682305,0.7635135135135135,0.05592585829072317,0.02027027027027027,0.9598703433162893,0.5135135135135135,0.23666910153396642
Chinese,GOLD,1937,1,0.02702702702702703,0.9466764061358657,0.2635135135135135,0.5424123447772097,0.05405405405405406,0.8948137326515705,0.08783783783783784,0.8320398100803507,0.33783783783783783,0.4384587289992696,0.918918918918919,0.006574141709276836,0.7905405405405406,0.04387326515704893,0.02702702702702703,0.9466764061358657,0.5,0.25
Chinese,GOLD,1938,1,0.12162162162162163,0.7715485756026297,0.20945945945945946,0.6249543462381301,0.1554054054054054,0.7133400292184077,0.10810810810810811,0.7954711468224982,0.2702702702702703,0.5325054784514244,0.8445945945945946,0.0241508400292184,0.8108108108108109,0.0357925493060628,0.04054054054054054,0.9205624543462381,0.42567567567567566,0.3298484295105917
Chinese,GOLD,1939,1,0.07432432432432433,0.8568754565376187,0.1891891891891892,0.6574141709276843,0.3783783783783784,0.3864134404674945,0.0945945945945946,0.8197589481373264,0.25675675675675674,0.5524105186267347,0.831081081081081,0.028533601168736322,0.7702702702702703,0.05277574872169466,0.013513513513513514,0.973155588020453,0.3783783783783784,0.3864134404674945
Chinese,GOLD,1940,1,0.08108108108108109,0.8444119795471146,0.16216216216216217,0.701972242512783,0.8716216216216216,0.016481008035062094,0.0472972972972973,0.9076424397370344,0.22972972972972974,0.5933162892622352,0.7432432432432432,0.06592403214024838,0.7567567567567568,0.05916727538349158,0.05405405405405406,0.8948137326515705,0.38513513513513514,0.3780588020452886
Chinese,GOLD,1941,1,0.0472972972972973,0.9076424397370344,0.10810810810810811,0.7954711468224982,0.9121621621621622,0.007715485756026295,0.013513513513513514,0.973155588020453,0.20945945945945946,0.6249543462381301,0.8986486486486487,0.010272096420745062,0.6216216216216216,0.14317019722425128,0.10810810810810811,0.7954711468224982,0.39864864864864863,0.3616234477720964
Chinese,GOLD,1942,1,0.013513513513513514,0.973155588020453,0.12162162162162163,0.7715485756026297,0.9459459459459459,0.002921840759678598,0.08108108108108109,0.8444119795471146,0.19594594594594594,0.6465029218407596,0.668918918918919,0.10961468224981735,0.5540540540540541,0.19886778670562455,0.12837837837837837,0.7597242512783053,0.3918918918918919,0.3697954711468225
Chinese,GOLD,1943,1,0.006756756756756757,0.9865321402483563,0.14864864864864866,0.7247991234477721,0.918918918918919,0.006574141709276836,0.006756756756756757,0.9865321402483563,0.31756756756756754,0.4657140248356465,0.5675675675675675,0.18699780861943027,0.5472972972972973,0.20493973703433166,0.07432432432432433,0.8568754565376187,0.36486486486486486,0.4033966398831263
Chinese,GOLD,1944,1,0.060810810810810814,0.8820763330898466,0.22297297297297297,0.6037710007304601,0.9256756756756757,0.005524105186267351,0.060810810810810814,0.8820763330898466,0.43243243243243246,0.32213294375456536,0.6351351351351351,0.13312636961285612,0.5405405405405406,0.21110299488677864,0.14864864864864866,0.7247991234477721,0.31756756756756754,0.4657140248356465
Chinese,GOLD,1945,1,0.06756756756756757,0.8694302410518627,0.2702702702702703,0.5325054784514244,0.7027027027027027,0.08838568298027755,0.28378378378378377,0.5129656683710738,0.5608108108108109,0.19288714390065737,0.4594594594594595,0.2921840759678598,0.5202702702702703,0.23014061358655952,0.060810810810810814,0.8820763330898466,0.22972972972972974,0.5933162892622352
Chinese,GOLD,1946,0,0.08783783783783784,0.007715485756026297,0.28378378378378377,0.08053323593864134,0.7297297297297297,0.5325054784514244,0.02702702702702703,0.0007304601899196495,0.6554054054054054,0.4295562454346238,0.3310810810810811,0.1096146822498174,0.4594594594594595,0.2111029948867787,0.11486486486486487,0.013193937180423668,0.21621621621621623,0.04674945215485757
Chinese,GOLD,1947,0,0.16891891891891891,0.0285336011687363,0.35135135135135137,0.12344777209642076,0.30405405405405406,0.09244886778670562,0.22297297297297297,0.04971694667640614,0.7567567567567568,0.5726807888970051,0.21621621621621623,0.04674945215485757,0.3918918918918919,0.15357925493060628,0.14189189189189189,0.020133308984660335,0.16891891891891891,0.0285336011687363
Chinese,GOLD,1948,0,0.10810810810810811,0.011687363038714392,0.5067567567567568,0.2568024105186268,0.5743243243243243,0.3298484295105917,0.1554054054054054,0.024150840029218405,0.7364864864864865,0.5424123447772097,0.17567567567567569,0.03086194302410519,0.3783783783783784,0.14317019722425128,0.19594594594594594,0.03839481373265157,0.12837837837837837,0.016481008035062087
Chinese,GOLD,1949,0,0.17567567567567569,0.03086194302410519,0.6891891891891891,0.47498173849525194,0.7432432432432432,0.5524105186267347,0.19594594594594594,0.03839481373265157,0.8513513513513513,0.7247991234477721,0.2702702702702703,0.07304601899196494,0.35135135135135137,0.12344777209642076,0.23648648648648649,0.055925858290723156,0.0945945945945946,0.008948137326515705
Chinese,GOLD,1950,0,0.10135135135135136,0.01027209642074507,0.8243243243243243,0.6795105916727538,0.14864864864864866,0.022096420745069397,0.06756756756756757,0.004565376186997809,0.7635135135135135,0.5829528853177501,0.3783783783783784,0.14317019722425128,0.31756756756756754,0.10084915997078157,0.20270270270270271,0.04108838568298028,0.060810810810810814,0.0036979547114682253
Chinese,GOLD,1951,0,0.3108108108108108,0.09660336011687362,0.5743243243243243,0.3298484295105917,0.013513513513513514,0.00018261504747991238,0.32432432432432434,0.10518626734842952,0.7837837837837838,0.6143170197224251,0.6756756756756757,0.4565376186997808,0.23648648648648649,0.055925858290723156,0.2905405405405405,0.08441380569758947,0.12162162162162163,0.014791818845872901
Chinese,GOLD,1952,0,0.2635135135135135,0.06943937180423665,0.9324324324324325,0.8694302410518627,0.0472972972972973,0.0022370343316289263,0.3310810810810811,0.1096146822498174,0.9932432432432432,0.9865321402483563,0.7027027027027027,0.49379108838568303,0.28378378378378377,0.08053323593864134,0.3716216216216216,0.13810262965668368,0.11486486486486487,0.013193937180423668
Chinese,GOLD,1953,0,0.2905405405405405,0.08441380569758947,0.9391891891891891,0.8820763330898466,0.006756756756756757,4.5653761869978094e-05,0.777027027027027,0.6037710007304601,0.8851351351351351,0.7834642074506939,0.777027027027027,0.6037710007304601,0.24324324324324326,0.059167275383491605,0.4864864864864865,0.23666910153396642,0.14864864864864866,0.022096420745069397
Chinese,GOLD,1954,0,0.14189189189189189,0.020133308984660335,0.4527027027027027,0.2049397370343316,0.40540540540540543,0.16435354273192113,0.20945945945945946,0.04387326515704894,0.1891891891891892,0.03579254930606282,0.18243243243243243,0.03328159240321402,0.1891891891891892,0.03579254930606282,0.25,0.0625,0.7162162162162162,0.5129656683710738
Chinese,GOLD,1955,0,0.20270270270270271,0.04108838568298028,0.7364864864864865,0.5424123447772097,0.16891891891891891,0.0285336011687363,0.3716216216216216,0.13810262965668368,0.4797297297297297,0.23014061358655952,0.4391891891891892,0.19288714390065742,0.42567567567567566,0.18119978086194302,0.1554054054054054,0.024150840029218405,0.5540540540540541,0.30697589481373266
Chinese,GOLD,1956,0,0.30405405405405406,0.09244886778670562,0.7635135135135135,0.5829528853177501,0.18243243243243243,0.03328159240321402,0.24324324324324326,0.059167275383491605,0.42567567567567566,0.18119978086194302,0.28378378378378377,0.08053323593864134,0.13513513513513514,0.018261504747991236,0.16891891891891891,0.0285336011687363,0.23648648648648649,0.055925858290723156
Chinese,GOLD,1957,0,0.1554054054054054,0.024150840029218405,0.5540540540540541,0.30697589481373266,0.6891891891891891,0.47498173849525194,0.11486486486486487,0.013193937180423668,0.10135135135135136,0.01027209642074507,0.33783783783783783,0.1141344046749452,0.07432432432432433,0.005524105186267349,0.13513513513513514,0.018261504747991236,0.3716216216216216,0.13810262965668368
Chinese,GOLD,1958,0,0.2702702702702703,0.07304601899196494,0.9797297297297297,0.9598703433162893,0.777027027027027,0.6037710007304601,0.033783783783783786,0.0011413440467494523,0.6418918918918919,0.4120252008765522,0.11486486486486487,0.013193937180423668,0.013513513513513514,0.00018261504747991238,0.12162162162162163,0.014791818845872901,0.006756756756756757,4.5653761869978094e-05
Chinese,GOLD,1959,0,0.14864864864864866,0.022096420745069397,0.9527027027027027,0.9076424397370344,0.24324324324324326,0.059167275383491605,0.5202702702702703,0.2706811541271001,0.5743243243243243,0.3298484295105917,0.06756756756756757,0.004565376186997809,0.006756756756756757,4.5653761869978094e-05,0.16216216216216217,0.02629656683710738,0.02027027027027027,0.0004108838568298028
Chinese,GOLD,1960,0,0.0945945945945946,0.008948137326515705,0.7702702702702703,0.5933162892622352,0.25,0.0625,0.21621621621621623,0.04674945215485757,0.35135135135135137,0.12344777209642076,0.2635135135135135,0.06943937180423665,0.02027027027027027,0.0004108838568298028,0.1891891891891892,0.03579254930606282,0.04054054054054054,0.0016435354273192113
Chinese,GOLD,1961,0,0.25675675675675674,0.06592403214024835,0.4797297297297297,0.23014061358655952,0.5202702702702703,0.2706811541271001,0.13513513513513514,0.018261504747991236,0.12162162162162163,0.014791818845872901,0.20270270270270271,0.04108838568298028,0.02702702702702703,0.0007304601899196495,0.24324324324324326,0.059167275383491605,0.10810810810810811,0.011687363038714392
Chinese,GOLD,1962,0,0.19594594594594594,0.03839481373265157,0.3581081081081081,0.12824141709276846,0.31756756756756754,0.10084915997078157,0.46621621621621623,0.21735756026296568,0.05405405405405406,0.002921840759678598,0.05405405405405406,0.002921840759678598,0.033783783783783786,0.0011413440467494523,0.21621621621621623,0.04674945215485757,0.1554054054054054,0.024150840029218405
Chinese,GOLD,1963,0,0.43243243243243246,0.18699780861943027,0.3716216216216216,0.13810262965668368,0.5945945945945946,0.35354273192111035,0.23648648648648649,0.055925858290723156,0.08783783783783784,0.007715485756026297,0.04054054054054054,0.0016435354273192113,0.04054054054054054,0.0016435354273192113,0.3108108108108108,0.09660336011687362,0.20270270270270271,0.04108838568298028
Chinese,GOLD,1964,0,0.5067567567567568,0.2568024105186268,0.36486486486486486,0.1331263696128561,0.5540540540540541,0.30697589481373266,0.5540540540540541,0.30697589481373266,0.20270270270270271,0.04108838568298028,0.10810810810810811,0.011687363038714392,0.05405405405405406,0.002921840759678598,0.34459459459459457,0.11874543462381298,0.19594594594594594,0.03839481373265157
Chinese,GOLD,1965,0,0.668918918918919,0.4474525200876553,0.4189189189189189,0.17549306062819575,0.4797297297297297,0.23014061358655952,0.25675675675675674,0.06592403214024835,0.6486486486486487,0.4207450693937181,0.12837837837837837,0.016481008035062087,0.08783783783783784,0.007715485756026297,0.2972972972972973,0.08838568298027759,0.18243243243243243,0.03328159240321402
Chinese,GOLD,1966,0,0.6959459459459459,0.4843407596785975,0.4594594594594595,0.2111029948867787,0.2635135135135135,0.06943937180423665,0.07432432432432433,0.005524105186267349,0.34459459459459457,0.11874543462381298,0.22297297297297297,0.04971694667640614,0.0945945945945946,0.008948137326515705,0.22297297297297297,0.04971694667640614,0.17567567567567569,0.03086194302410519
Chinese,GOLD,1967,0,0.7094594594594594,0.5033327246165084,0.3783783783783784,0.14317019722425128,0.11486486486486487,0.013193937180423668,0.49324324324324326,0.24328889700511325,0.5,0.25,0.23648648648648649,0.055925858290723156,0.16216216216216217,0.02629656683710738,0.5405405405405406,0.2921840759678598,0.22297297297297297,0.04971694667640614
Chinese,GOLD,1968,0,0.7635135135135135,0.5829528853177501,0.3310810810810811,0.1096146822498174,0.6959459459459459,0.4843407596785975,0.7364864864864865,0.5424123447772097,0.6013513513513513,0.3616234477720964,0.24324324324324326,0.059167275383491605,0.22972972972972974,0.052775748721694674,0.6283783783783784,0.3948593864134405,0.35135135135135137,0.12344777209642076
Chinese,GOLD,1969,0,0.5878378378378378,0.34555332359386415,0.30405405405405406,0.09244886778670562,0.34459459459459457,0.11874543462381298,0.6621621621621622,0.4384587289992696,0.5472972972972973,0.2995343316289262,0.14189189189189189,0.020133308984660335,0.3310810810810811,0.1096146822498174,0.44594594594594594,0.19886778670562455,0.5945945945945946,0.35354273192111035
Chinese,GOLD,1970,0,0.7297297297297297,0.5325054784514244,0.25,0.0625,0.44594594594594594,0.19886778670562455,0.722972972972973,0.5226899196493792,0.25,0.0625,0.25,0.0625,0.47297297297297297,0.22370343316289262,0.39864864864864863,0.15892074506939372,0.6891891891891891,0.47498173849525194
Chinese,GOLD,1971,0,0.581081081081081,0.33765522279035787,0.23648648648648649,0.055925858290723156,0.8243243243243243,0.6795105916727538,0.4391891891891892,0.19288714390065742,0.18243243243243243,0.03328159240321402,0.10135135135135136,0.01027209642074507,0.5337837837837838,0.2849251278305332,0.5,0.25,0.7432432432432432,0.5524105186267347
Chinese,GOLD,1972,0,0.6351351351351351,0.4033966398831263,0.21621621621621623,0.04674945215485757,0.8648648648648649,0.7479912344777211,0.4864864864864865,0.23666910153396642,0.23648648648648649,0.055925858290723156,0.07432432432432433,0.005524105186267349,0.5675675675675675,0.32213294375456536,0.527027027027027,0.2777574872169466,0.831081081081081,0.6906957633308983
Chinese,GOLD,1973,0,0.7972972972972973,0.6356829802775749,0.0945945945945946,0.008948137326515705,0.7905405405405406,0.6249543462381301,0.5135135135135135,0.2636961285609934,0.14864864864864866,0.022096420745069397,0.12162162162162163,0.014791818845872901,0.581081081081081,0.33765522279035787,0.5135135135135135,0.2636961285609934,0.8783783783783784,0.7715485756026297
Chinese,GOLD,1974,0,0.8175675675675675,0.6684167275383491,0.04054054054054054,0.0016435354273192113,0.8445945945945946,0.7133400292184077,0.4527027027027027,0.2049397370343316,0.2905405405405405,0.08441380569758947,0.0945945945945946,0.008948137326515705,0.5743243243243243,0.3298484295105917,0.5337837837837838,0.2849251278305332,0.9527027027027027,0.9076424397370344
Chinese,GOLD,1975,0,0.5608108108108109,0.3145087655222791,0.033783783783783786,0.0011413440467494523,0.8783783783783784,0.7715485756026297,0.39864864864864863,0.15892074506939372,0.21621621621621623,0.04674945215485757,0.02702702702702703,0.0007304601899196495,0.6148648648648649,0.3780588020452886,0.25675675675675674,0.06592403214024835,0.9662162162162162,0.9335737764791819
Chinese,GOLD,1976,0,0.5675675675675675,0.32213294375456536,0.08783783783783784,0.007715485756026297,0.8581081081081081,0.7363495252008766,0.4797297297297297,0.23014061358655952,0.4189189189189189,0.17549306062819575,0.16216216216216217,0.02629656683710738,0.6756756756756757,0.4565376186997808,0.47297297297297297,0.22370343316289262,0.7972972972972973,0.6356829802775749
Chinese,GOLD,1977,0,0.5945945945945946,0.35354273192111035,0.39864864864864863,0.15892074506939372,0.9391891891891891,0.8820763330898466,0.75,0.5625,0.777027027027027,0.6037710007304601,0.42567567567567566,0.18119978086194302,0.8783783783783784,0.7715485756026297,0.5540540540540541,0.30697589481373266,0.6486486486486487,0.4207450693937181
Chinese,GOLD,1978,0,0.7364864864864865,0.5424123447772097,0.19594594594594594,0.03839481373265157,0.5608108108108109,0.3145087655222791,0.7837837837837838,0.6143170197224251,0.6081081081081081,0.3697954711468225,0.3581081081081081,0.12824141709276846,0.7094594594594594,0.5033327246165084,0.581081081081081,0.33765522279035787,0.7364864864864865,0.5424123447772097
Chinese,GOLD,1979,0,0.8378378378378378,0.701972242512783,0.7905405405405406,0.6249543462381301,0.8108108108108109,0.6574141709276845,0.9459459459459459,0.8948137326515705,0.9256756756756757,0.8568754565376187,0.6824324324324325,0.4657140248356465,0.9121621621621622,0.8320398100803507,0.9864864864864865,0.973155588020453,0.33783783783783783,0.1141344046749452
Chinese,GOLD,1980,0,0.8918918918918919,0.7954711468224982,0.722972972972973,0.5226899196493792,0.527027027027027,0.2777574872169466,0.9121621621621622,0.8320398100803507,0.7027027027027027,0.49379108838568303,0.6216216216216216,0.3864134404674945,0.75,0.5625,0.9662162162162162,0.9335737764791819,0.581081081081081,0.33765522279035787
Chinese,GOLD,1981,0,0.8783783783783784,0.7715485756026297,0.6621621621621622,0.4384587289992696,0.6824324324324325,0.4657140248356465,0.9932432432432432,0.9865321402483563,0.5945945945945946,0.35354273192111035,0.5743243243243243,0.3298484295105917,0.6824324324324325,0.4657140248356465,0.9256756756756757,0.8568754565376187,0.6959459459459459,0.4843407596785975
Chinese,GOLD,1982,0,0.9256756756756757,0.8568754565376187,0.5405405405405406,0.2921840759678598,0.3108108108108108,0.09660336011687362,0.9662162162162162,0.9335737764791819,0.46621621621621623,0.21735756026296568,0.6283783783783784,0.3948593864134405,0.6081081081081081,0.3697954711468225,0.8108108108108109,0.6574141709276845,0.777027027027027,0.6037710007304601
Chinese,GOLD,1983,0,0.918918918918919,0.8444119795471148,0.5337837837837838,0.2849251278305332,0.6013513513513513,0.3616234477720964,0.9594594594594594,0.9205624543462381,0.3581081081081081,0.12824141709276846,0.4797297297297297,0.23014061358655952,0.6621621621621622,0.4384587289992696,0.7432432432432432,0.5524105186267347,0.8581081081081081,0.7363495252008766
Chinese,GOLD,1984,0,0.9459459459459459,0.8948137326515705,0.5675675675675675,0.32213294375456536,0.5405405405405406,0.2921840759678598,0.9797297297297297,0.9598703433162893,0.6959459459459459,0.4843407596785975,0.4864864864864865,0.23666910153396642,0.6283783783783784,0.3948593864134405,0.8648648648648649,0.7479912344777211,0.9324324324324325,0.8694302410518627
Chinese,GOLD,1985,0,0.9594594594594594,0.9205624543462381,0.6554054054054054,0.4295562454346238,0.3581081081081081,0.12824141709276846,0.7635135135135135,0.5829528853177501,0.39864864864864863,0.15892074506939372,0.5540540540540541,0.30697589481373266,0.6351351351351351,0.4033966398831263,0.6756756756756757,0.4565376186997808,0.9594594594594594,0.9205624543462381
Chinese,GOLD,1986,0,0.9121621621621622,0.8320398100803507,0.6216216216216216,0.3864134404674945,0.6351351351351351,0.4033966398831263,0.5945945945945946,0.35354273192111035,0.36486486486486486,0.1331263696128561,0.581081081081081,0.33765522279035787,0.8513513513513513,0.7247991234477721,0.8513513513513513,0.7247991234477721,0.9797297297297297,0.9598703433162893
Chinese,GOLD,1987,0,0.9054054054054054,0.8197589481373264,0.7162162162162162,0.5129656683710738,0.8851351351351351,0.7834642074506939,0.9324324324324325,0.8694302410518627,0.32432432432432434,0.10518626734842952,0.5202702702702703,0.2706811541271001,0.7364864864864865,0.5424123447772097,0.7972972972972973,0.6356829802775749,0.972972972972973,0.9466764061358657
Chinese,GOLD,1988,0,0.972972972972973,0.9466764061358657,0.75,0.5625,0.4527027027027027,0.2049397370343316,0.6081081081081081,0.3697954711468225,0.49324324324324326,0.24328889700511325,0.49324324324324326,0.24328889700511325,0.5945945945945946,0.35354273192111035,0.8986486486486487,0.8075693937180425,0.8851351351351351,0.7834642074506939
Chinese,GOLD,1989,0,0.9391891891891891,0.8820763330898466,0.777027027027027,0.6037710007304601,0.5067567567567568,0.2568024105186268,0.8175675675675675,0.6684167275383491,0.5878378378378378,0.34555332359386415,0.44594594594594594,0.19886778670562455,0.5608108108108109,0.3145087655222791,0.9527027027027027,0.9076424397370344,0.8445945945945946,0.7133400292184077
Chinese,GOLD,1990,0,0.9324324324324325,0.8694302410518627,0.831081081081081,0.6906957633308983,0.9324324324324325,0.8694302410518627,0.8243243243243243,0.6795105916727538,0.4527027027027027,0.2049397370343316,0.3108108108108108,0.09660336011687362,0.5067567567567568,0.2568024105186268,0.6351351351351351,0.4033966398831263,0.8108108108108109,0.6574141709276845
Chinese,GOLD,1991,0,0.8108108108108109,0.6574141709276845,0.8445945945945946,0.7133400292184077,0.7702702702702703,0.5933162892622352,0.527027027027027,0.2777574872169466,0.40540540540540543,0.16435354273192113,0.25675675675675674,0.06592403214024835,0.4527027027027027,0.2049397370343316,0.7094594594594594,0.5033327246165084,0.8040540540540541,0.6465029218407596
Chinese,GOLD,1992,0,0.8851351351351351,0.7834642074506939,0.8378378378378378,0.701972242512783,0.7635135135135135,0.5829528853177501,0.5405405405405406,0.2921840759678598,0.30405405405405406,0.09244886778670562,0.30405405405405406,0.09244886778670562,0.46621621621621623,0.21735756026296568,0.5472972972972973,0.2995343316289262,0.8175675675675675,0.6684167275383491
Chinese,GOLD,1993,0,0.9662162162162162,0.9335737764791819,0.8581081081081081,0.7363495252008766,0.972972972972973,0.9466764061358657,0.6824324324324325,0.4657140248356465,0.41216216216216217,0.16987764791818846,0.22972972972972974,0.052775748721694674,0.4189189189189189,0.17549306062819575,0.5608108108108109,0.3145087655222791,0.7635135135135135,0.5829528853177501
Chinese,GOLD,1994,0,0.6283783783783784,0.3948593864134405,0.8040540540540541,0.6465029218407596,0.4864864864864865,0.23666910153396642,0.581081081081081,0.33765522279035787,0.6351351351351351,0.4033966398831263,0.1891891891891892,0.03579254930606282,0.3581081081081081,0.12824141709276846,0.4527027027027027,0.2049397370343316,0.7297297297297297,0.5325054784514244
Chinese,GOLD,1995,0,0.5405405405405406,0.2921840759678598,0.581081081081081,0.33765522279035787,0.20945945945945946,0.04387326515704894,0.7432432432432432,0.5524105186267347,0.27702702702702703,0.07674397370343317,0.1554054054054054,0.024150840029218405,0.33783783783783783,0.1141344046749452,0.5067567567567568,0.2568024105186268,0.7702702702702703,0.5933162892622352
Chinese,GOLD,1996,0,0.527027027027027,0.2777574872169466,0.33783783783783783,0.1141344046749452,0.3716216216216216,0.13810262965668368,0.25,0.0625,0.07432432432432433,0.005524105186267349,0.060810810810810814,0.0036979547114682253,0.27702702702702703,0.07674397370343317,0.4594594594594595,0.2111029948867787,0.8716216216216216,0.7597242512783053
Chinese,GOLD,1997,0,0.49324324324324326,0.24328889700511325,0.14189189189189189,0.020133308984660335,0.9527027027027027,0.9076424397370344,0.41216216216216217,0.16987764791818846,0.02027027027027027,0.0004108838568298028,0.0472972972972973,0.0022370343316289263,0.10810810810810811,0.011687363038714392,0.6216216216216216,0.3864134404674945,0.7905405405405406,0.6249543462381301
Chinese,GOLD,1998,0,0.4594594594594595,0.2111029948867787,0.7432432432432432,0.5524105186267347,0.7567567567567568,0.5726807888970051,0.7972972972972973,0.6356829802775749,0.9121621621621622,0.8320398100803507,0.5067567567567568,0.2568024105186268,0.12837837837837837,0.016481008035062087,0.7702702702702703,0.5933162892622352,0.033783783783783786,0.0011413440467494523
Chinese,GOLD,1999,0,0.38513513513513514,0.1483290723155588,0.6824324324324325,0.4657140248356465,0.43243243243243246,0.18699780861943027,0.5743243243243243,0.3298484295105917,0.8581081081081081,0.7363495252008766,0.43243243243243246,0.18699780861943027,0.18243243243243243,0.03328159240321402,0.831081081081081,0.6906957633308983,0.05405405405405406,0.002921840759678598
Chinese,GOLD,2000,0,0.5202702702702703,0.2706811541271001,0.6013513513513513,0.3616234477720964,0.75,0.5625,0.6351351351351351,0.4033966398831263,0.9391891891891891,0.8820763330898466,0.46621621621621623,0.21735756026296568,0.14864864864864866,0.022096420745069397,0.7364864864864865,0.5424123447772097,0.08783783783783784,0.007715485756026297
Chinese,GOLD,2001,0,0.5,0.25,0.49324324324324326,0.24328889700511325,0.9797297297297297,0.9598703433162893,0.6216216216216216,0.3864134404674945,0.8716216216216216,0.7597242512783053,0.20945945945945946,0.04387326515704894,0.16891891891891891,0.0285336011687363,0.9797297297297297,0.9598703433162893,0.08108108108108109,0.006574141709276845
Chinese,GOLD,2002,0,0.6216216216216216,0.3864134404674945,0.527027027027027,0.2777574872169466,0.49324324324324326,0.24328889700511325,0.6283783783783784,0.3948593864134405,0.9459459459459459,0.8948137326515705,0.13513513513513514,0.018261504747991236,0.14189189189189189,0.020133308984660335,0.9324324324324325,0.8694302410518627,0.06756756756756757,0.004565376186997809
Chinese,GOLD,2003,0,0.5540540540540541,0.30697589481373266,0.6486486486486487,0.4207450693937181,0.831081081081081,0.6906957633308983,0.8040540540540541,0.6465029218407596,0.7432432432432432,0.5524105186267347,0.14864864864864866,0.022096420745069397,0.12162162162162163,0.014791818845872901,0.8040540540540541,0.6465029218407596,0.07432432432432433,0.005524105186267349
Chinese,GOLD,2004,0,0.40540540540540543,0.16435354273192113,0.6351351351351351,0.4033966398831263,0.7162162162162162,0.5129656683710738,0.7297297297297297,0.5325054784514244,0.6621621621621622,0.4384587289992696,0.19594594594594594,0.03839481373265157,0.08108108108108109,0.006574141709276845,0.5945945945945946,0.35354273192111035,0.0472972972972973,0.0022370343316289263
Chinese,GOLD,2005,0,0.4864864864864865,0.23666910153396642,0.8513513513513513,0.7247991234477721,0.2972972972972973,0.08838568298027759,0.5472972972972973,0.2995343316289262,0.8445945945945946,0.7133400292184077,0.39864864864864863,0.15892074506939372,0.060810810810810814,0.0036979547114682253,0.7027027027027027,0.49379108838568303,0.02702702702702703,0.0007304601899196495
Chinese,GOLD,2006,0,0.3310810810810811,0.1096146822498174,0.9662162162162162,0.9335737764791819,0.0945945945945946,0.008948137326515705,0.5878378378378378,0.34555332359386415,0.972972972972973,0.9466764061358657,0.40540540540540543,0.16435354273192113,0.10135135135135136,0.01027209642074507,0.918918918918919,0.8444119795471148,0.013513513513513514,0.00018261504747991238
Chinese,GOLD,2007,0,0.46621621621621623,0.21735756026296568,0.8108108108108109,0.6574141709276845,0.8986486486486487,0.8075693937180425,0.42567567567567566,0.18119978086194302,0.22297297297297297,0.04971694667640614,0.6013513513513513,0.3616234477720964,0.0472972972972973,0.0022370343316289263,0.6621621621621622,0.4384587289992696,0.28378378378378377,0.08053323593864134
Chinese,GOLD,2008,0,0.6148648648648649,0.3780588020452886,0.38513513513513514,0.1483290723155588,0.7837837837837838,0.6143170197224251,0.918918918918919,0.8444119795471148,0.3918918918918919,0.15357925493060628,0.35135135135135137,0.12344777209642076,0.40540540540540543,0.16435354273192113,0.8175675675675675,0.6684167275383491,0.8243243243243243,0.6795105916727538
Chinese,EURUSD,1931,0,0.49673202614379086,0.24674270579691573,0.7843137254901961,0.6151480199923106,0.8954248366013072,0.8017856380024777,0.2875816993464052,0.0827032337989662,0.9084967320261438,0.8253663121021829,0.5163398692810458,0.2666068606091675,0.5294117647058824,0.28027681660899656,0.23529411764705882,0.05536332179930796,0.032679738562091505,0.0010679653124866506
Chinese,EURUSD,1932,0,0.39215686274509803,0.15378700499807765,0.7581699346405228,0.5748216497928147,0.8888888888888888,0.7901234567901234,0.4444444444444444,0.19753086419753085,0.8758169934640523,0.7670554060404118,0.6993464052287581,0.4890853945063864,0.39869281045751637,0.15895595711051308,0.13071895424836602,0.01708744499978641,0.0457516339869281,0.0020932120124738346
Chinese,EURUSD,1933,0,0.2875816993464052,0.0827032337989662,0.6797385620915033,0.4620445127942245,0.8235294117647058,0.6782006920415224,0.33986928104575165,0.11551112819855612,0.7124183006535948,0.5075398351061557,0.5294117647058824,0.28027681660899656,0.3137254901960784,0.09842368319876971,0.22875816993464052,0.052330300311845865,0.058823529411764705,0.0034602076124567475
Chinese,EURUSD,1934,0,0.20261437908496732,0.041052586611986845,0.5424836601307189,0.29428852150882134,0.7712418300653595,0.5948139604425648,0.20261437908496732,0.041052586611986845,0.5686274509803921,0.32333717800845824,0.46405228758169936,0.2153445256098082,0.1437908496732026,0.02067580844974155,0.05228758169934641,0.0027339911999658254,0.1111111111111111,0.012345679012345678
Chinese,EURUSD,1935,0,0.1830065359477124,0.03349139219958135,0.46405228758169936,0.2153445256098082,0.5555555555555556,0.308641975308642,0.3464052287581699,0.11999658251100004,0.29411764705882354,0.08650519031141869,0.40522875816993464,0.16421034644794738,0.09803921568627451,0.009611687812379853,0.0784313725490196,0.006151480199923107,0.21568627450980393,0.0465205690119185
Chinese,EURUSD,1936,0,0.1568627450980392,0.024605920799692427,0.39869281045751637,0.15895595711051308,0.30718954248366015,0.09436541501132044,0.28104575163398693,0.07898671451151267,0.2875816993464052,0.0827032337989662,0.43137254901960786,0.186082276047674,0.0784313725490196,0.006151480199923107,0.032679738562091505,0.0010679653124866506,0.33986928104575165,0.11551112819855612
Chinese,EURUSD,1937,0,0.21568627450980393,0.0465205690119185,0.5686274509803921,0.32333717800845824,0.5816993464052288,0.33837412960827035,0.24836601307189543,0.061685676449228934,0.2679738562091503,0.07180998761160237,0.6274509803921569,0.39369473279507883,0.3006535947712418,0.09039258404887009,0.0457516339869281,0.0020932120124738346,0.30718954248366015,0.09436541501132044
Chinese,EURUSD,1938,0,0.16339869281045752,0.026699132812166262,0.43790849673202614,0.19176385151010295,0.35947712418300654,0.1292238028108847,0.20915032679738563,0.04374385919945321,0.24183006535947713,0.05848178051176898,0.5816993464052288,0.33837412960827035,0.1830065359477124,0.03349139219958135,0.09803921568627451,0.009611687812379853,0.35294117647058826,0.12456747404844293
Chinese,EURUSD,1939,0,0.46405228758169936,0.2153445256098082,0.43137254901960786,0.186082276047674,0.35294117647058826,0.12456747404844293,0.26143790849673204,0.06834977999914564,0.27450980392156865,0.07535563244905807,0.49019607843137253,0.24029219530949633,0.1568627450980392,0.024605920799692427,0.17647058823529413,0.031141868512110732,0.3790849673202614,0.14370541244820367
Chinese,EURUSD,1940,0,0.28104575163398693,0.07898671451151267,0.5228758169934641,0.27339911999658256,0.4444444444444444,0.19753086419753085,0.29411764705882354,0.08650519031141869,0.1830065359477124,0.03349139219958135,0.5947712418300654,0.35375283010807806,0.3464052287581699,0.11999658251100004,0.43137254901960786,0.186082276047674,0.3660130718954248,0.1339655687983254
Chinese,EURUSD,1941,0,0.5163398692810458,0.2666068606091675,0.8758169934640523,0.7670554060404118,0.7581699346405228,0.5748216497928147,0.46405228758169936,0.2153445256098082,0.8431372549019608,0.7108804306036139,0.9803921568627451,0.9611687812379853,0.934640522875817,0.8735529070015806,0.5751633986928104,0.3308129351958648,0.1568627450980392,0.024605920799692427
Chinese,EURUSD,1942,0,0.5882352941176471,0.34602076124567477,0.9019607843137255,0.8135332564398309,0.6339869281045751,0.4019394250074757,0.5032679738562091,0.253278653509334,0.9281045751633987,0.8613781024392329,0.9934640522875817,0.9869708231876629,0.9673202614379085,0.9357084881883037,0.8431372549019608,0.7108804306036139,0.1437908496732026,0.02067580844974155
Chinese,EURUSD,1943,0,0.6405228758169934,0.41026955444487156,0.869281045751634,0.7556495365030544,0.6928104575163399,0.47998633004400015,0.7320261437908496,0.5358622751933017,0.954248366013072,0.9105899440386177,0.9477124183006536,0.898158827801273,0.9738562091503268,0.948395916100645,0.6666666666666666,0.4444444444444444,0.1503267973856209,0.02259814601221752
Chinese,EURUSD,1944,0,0.6209150326797386,0.3855354778076808,0.8366013071895425,0.6999017471912513,0.6013071895424836,0.36157033619548035,0.6274509803921569,0.39369473279507883,0.9934640522875817,0.9869708231876629,0.9673202614379085,0.9357084881883037,0.9803921568627451,0.9611687812379853,0.41830065359477125,0.17497543679781283,0.16339869281045752,0.026699132812166262
Chinese,EURUSD,1945,0,0.9215686274509803,0.8492887351018837,0.8300653594771242,0.6890085010038874,0.32679738562091504,0.10679653124866505,0.5620915032679739,0.31594685804605066,0.9803921568627451,0.9611687812379853,0.934640522875817,0.8735529070015806,0.9934640522875817,0.9869708231876629,0.7450980392156863,0.5551710880430604,0.16993464052287582,0.02887778204963903
Chinese,EURUSD,1946,0,0.9084967320261438,0.8253663121021829,0.8431372549019608,0.7108804306036139,0.40522875816993464,0.16421034644794738,0.5816993464052288,0.33837412960827035,0.9738562091503268,0.948395916100645,0.9738562091503268,0.948395916100645,0.9869281045751634,0.9740270836003248,0.7320261437908496,0.5358622751933017,0.17647058823529413,0.031141868512110732
Chinese,EURUSD,1947,1,0.7908496732026143,0.043743859199453214,0.8888888888888888,0.01234567901234569,0.06535947712418301,0.8735529070015806,0.8888888888888888,0.01234567901234569,0.9673202614379085,0.0010679653124866502,0.9281045751633987,0.005168952112435383,0.9607843137254902,0.0015378700499807745,0.7124183006535948,0.0827032337989662,0.1830065359477124,0.6674783203041565
Chinese,EURUSD,1948,1,0.7647058823529411,0.05536332179930798,0.9411764705882353,0.003460207612456749,0.006535947712418301,0.9869708231876629,0.7843137254901961,0.0465205690119185,0.9477124183006536,0.002733991199965829,0.9150326797385621,0.007219445512409762,0.9411764705882353,0.003460207612456749,0.6013071895424836,0.15895595711051308,0.1895424836601307,0.6568413857917895
Chinese,EURUSD,1949,1,0.8627450980392157,0.0188389081122645,0.9738562091503268,0.0006834977999914572,0.3137254901960784,0.47097270280661285,0.5163398692810458,0.23392712204707586,0.8823529411764706,0.013840830449826995,0.8562091503267973,0.020675808449741564,0.9215686274509803,0.006151480199923115,0.42483660130718953,0.3308129351958648,0.20915032679738563,0.6254432056046819
Chinese,EURUSD,1950,1,0.8300653594771242,0.028877782049639013,0.9934640522875817,4.271861249946571e-05,0.8104575163398693,0.03592635311205092,0.24183006535947713,0.5748216497928147,0.8496732026143791,0.02259814601221753,0.869281045751634,0.017087444999786403,0.8823529411764706,0.013840830449826995,0.49673202614379086,0.253278653509334,0.2222222222222222,0.6049382716049383
Chinese,EURUSD,1951,1,0.8496732026143791,0.02259814601221753,0.9803921568627451,0.0003844675124951958,0.9281045751633987,0.005168952112435383,0.8169934640522876,0.03349139219958136,0.9150326797385621,0.007219445512409762,0.9019607843137255,0.009611687812379852,0.869281045751634,0.017087444999786403,0.5490196078431373,0.20338331410995766,0.23529411764705882,0.5847750865051903
Chinese,EURUSD,1952,1,0.9281045751633987,0.005168952112435383,0.9869281045751634,0.00017087444999786284,0.9673202614379085,0.0010679653124866502,0.6666666666666666,0.11111111111111113,0.8954248366013072,0.010935964799863293,0.9607843137254902,0.0015378700499807745,0.8758169934640523,0.015421419112307233,0.6405228758169934,0.12922380281088475,0.24836601307189543,0.5649536503054381
Chinese,EURUSD,1953,1,0.8823529411764706,0.013840830449826995,0.9673202614379085,0.0010679653124866502,0.8758169934640523,0.015421419112307233,0.6601307189542484,0.11551112819855612,0.8169934640522876,0.03349139219958136,0.8823529411764706,0.013840830449826995,0.8431372549019608,0.024605920799692427,0.7973856209150327,0.041052586611986824,0.27450980392156865,0.5263360246059208
Chinese,EURUSD,1954,1,0.6797385620915033,0.10256738861121789,0.954248366013072,0.0020932120124738302,0.5490196078431373,0.20338331410995766,0.39215686274509803,0.36947327950788167,0.8366013071895425,0.02669913281216625,0.8888888888888888,0.01234567901234569,0.8496732026143791,0.02259814601221753,0.3464052287581699,0.4271861249946602,0.2679738562091503,0.5358622751933018
Chinese,EURUSD,1955,1,0.6928104575163399,0.09436541501132044,0.9084967320261438,0.00837284804989534,0.0784313725490196,0.849288735101884,0.6928104575163399,0.09436541501132044,0.8300653594771242,0.028877782049639013,0.8758169934640523,0.015421419112307233,0.9019607843137255,0.009611687812379852,0.5098039215686274,0.2402921953094964,0.2549019607843137,0.5551710880430604
Chinese,EURUSD,1956,1,0.6601307189542484,0.11551112819855612,0.7712418300653595,0.05233030031184586,0.13725490196078433,0.744329104190696,0.6013071895424836,0.15895595711051308,0.869281045751634,0.017087444999786403,0.8104575163398693,0.03592635311205092,0.8104575163398693,0.03592635311205092,0.6535947712418301,0.11999658251100004,0.26143790849673204,0.5454739630056816
Chinese,EURUSD,1957,1,0.6339869281045751,0.13396556879832544,0.8627450980392157,0.0188389081122645,0.6862745098039216,0.09842368319876971,0.7712418300653595,0.05233030031184586,0.9019607843137255,0.009611687812379852,0.8169934640522876,0.03349139219958136,0.954248366013072,0.0020932120124738302,0.7254901960784313,0.07535563244905807,0.12418300653594772,0.7670554060404118
Chinese,EURUSD,1958,1,0.5032679738562091,0.24674270579691573,0.7450980392156863,0.0649750096116878,0.7320261437908496,0.0718099876116024,0.19607843137254902,0.6462898885044214,0.8888888888888888,0.01234567901234569,0.5228758169934641,0.22764748600965437,0.8562091503267973,0.020675808449741564,0.8169934640522876,0.03349139219958136,0.13725490196078433,0.744329104190696
Chinese,EURUSD,1959,1,0.5424836601307189,0.20932120124738351,0.3660130718954248,0.4019394250074757,0.7189542483660131,0.07898671451151267,0.1830065359477124,0.6674783203041565,0.46405228758169936,0.2872399504464095,0.3202614379084967,0.4620445127942245,0.43790849673202614,0.31594685804605066,0.803921568627451,0.038446751249519406,0.3137254901960784,0.47097270280661285
Chinese,EURUSD,1960,1,0.5228758169934641,0.22764748600965437,0.39215686274509803,0.36947327950788167,0.8300653594771242,0.028877782049639013,0.2549019607843137,0.5551710880430604,0.7254901960784313,0.07535563244905807,0.30718954248366015,0.47998633004400015,0.45098039215686275,0.3014225297962323,0.6143790849673203,0.14870349011064118,0.2875816993464052,0.5075398351061557
Chinese,EURUSD,1961,1,0.0196078431372549,0.9611687812379853,0.0718954248366013,0.8613781024392329,0.5359477124183006,0.2153445256098082,0.006535947712418301,0.9869708231876629,0.10457516339869281,0.8017856380024777,0.1568627450980392,0.7108804306036139,0.058823529411764705,0.8858131487889274,0.0392156862745098,0.9231064975009612,0.4117647058823529,0.34602076124567477
Chinese,EURUSD,1962,1,0.026143790849673203,0.948395916100645,0.24836601307189543,0.5649536503054381,0.7908496732026143,0.043743859199453214,0.42483660130718953,0.3308129351958648,0.22875816993464052,0.5948139604425648,0.1437908496732026,0.7330941091033364,0.0718954248366013,0.8613781024392329,0.006535947712418301,0.9869708231876629,0.3333333333333333,0.44444444444444453
Chinese,EURUSD,1963,1,0.006535947712418301,0.9869708231876629,0.3202614379084967,0.4620445127942245,0.7843137254901961,0.0465205690119185,0.09803921568627451,0.8135332564398309,0.49673202614379086,0.253278653509334,0.16993464052287582,0.6890085010038873,0.06535947712418301,0.8735529070015806,0.0196078431372549,0.9611687812379853,0.19607843137254902,0.6462898885044214
Chinese,EURUSD,1964,1,0.0718954248366013,0.8613781024392329,0.3464052287581699,0.4271861249946602,0.8169934640522876,0.03349139219958136,0.0915032679738562,0.8253663121021829,0.5947712418300654,0.16421034644794738,0.19607843137254902,0.6462898885044214,0.05228758169934641,0.898158827801273,0.013071895424836602,0.9740270836003248,0.11764705882352941,0.7785467128027681
Chinese,EURUSD,1965,1,0.013071895424836602,0.9740270836003248,0.3333333333333333,0.44444444444444453,0.9084967320261438,0.00837284804989534,0.21568627450980393,0.6151480199923106,0.5751633986928104,0.18048613781024397,0.20261437908496732,0.6358238284420523,0.013071895424836602,0.9740270836003248,0.1111111111111111,0.7901234567901234,0.0718954248366013,0.8613781024392329
Chinese,EURUSD,1966,1,0.17647058823529413,0.6782006920415224,0.37254901960784315,0.39369473279507883,0.8496732026143791,0.02259814601221753,0.17647058823529413,0.6782006920415224,0.5424836601307189,0.20932120124738351,0.24183006535947713,0.5748216497928147,0.08496732026143791,0.8372848049895338,0.06535947712418301,0.8735529070015806,0.0784313725490196,0.849288735101884
Chinese,EURUSD,1967,1,0.11764705882352941,0.7785467128027681,0.19607843137254902,0.6462898885044214,0.6405228758169934,0.12922380281088475,0.1568627450980392,0.7108804306036139,0.17647058823529413,0.6782006920415224,0.0392156862745098,0.9231064975009612,0.11764705882352941,0.7785467128027681,0.30718954248366015,0.47998633004400015,0.5294117647058824,0.22145328719723184
Chinese,EURUSD,1968,1,0.13725490196078433,0.744329104190696,0.23529411764705882,0.5847750865051903,0.738562091503268,0.06834977999914561,0.11764705882352941,0.7785467128027681,0.37254901960784315,0.39369473279507883,0.0915032679738562,0.8253663121021829,0.17647058823529413,0.6782006920415224,0.6078431372549019,0.1537870049980777,0.48366013071895425,0.26660686060916733
Chinese,EURUSD,1969,1,0.29411764705882354,0.49826989619377154,0.0457516339869281,0.9105899440386177,0.1568627450980392,0.7108804306036139,0.0784313725490196,0.849288735101884,0.058823529411764705,0.8858131487889274,0.08496732026143791,0.8372848049895338,0.28104575163398693,0.5168952112435388,0.43790849673202614,0.31594685804605066,0.9411764705882353,0.003460207612456749
Chinese,EURUSD,1970,1,0.39869281045751637,0.36157033619548035,0.1503267973856209,0.7219445512409757,0.1111111111111111,0.7901234567901234,0.6862745098039216,0.09842368319876971,0.0457516339869281,0.9105899440386177,0.032679738562091505,0.9357084881883037,0.3333333333333333,0.44444444444444453,0.3333333333333333,0.44444444444444453,0.9084967320261438,0.00837284804989534
Chinese,EURUSD,1971,1,0.23529411764705882,0.5847750865051903,0.09803921568627451,0.8135332564398309,0.08496732026143791,0.8372848049895338,0.41830065359477125,0.33837412960827024,0.032679738562091505,0.9357084881883037,0.0457516339869281,0.9105899440386177,0.35294117647058826,0.41868512110726636,0.12418300653594772,0.7670554060404118,0.9803921568627451,0.0003844675124951958
Chinese,EURUSD,1972,1,0.48366013071895425,0.26660686060916733,0.06535947712418301,0.8735529070015806,0.24836601307189543,0.5649536503054381,0.7450980392156863,0.0649750096116878,0.0915032679738562,0.8253663121021829,0.3006535947712418,0.4890853945063864,0.46405228758169936,0.2872399504464095,0.49019607843137253,0.2599000384467512,0.803921568627451,0.038446751249519406
Chinese,EURUSD,1973,1,0.30718954248366015,0.47998633004400015,0.0915032679738562,0.8253663121021829,0.37254901960784315,0.39369473279507883,0.6470588235294118,0.12456747404844289,0.0718954248366013,0.8613781024392329,0.26143790849673204,0.5454739630056816,0.48366013071895425,0.26660686060916733,0.6274509803921569,0.1387927720107651,0.7254901960784313,0.07535563244905807
Chinese,EURUSD,1974,1,0.38562091503267976,0.37746166004528175,0.24183006535947713,0.5748216497928147,0.43790849673202614,0.31594685804605066,0.7647058823529411,0.05536332179930798,0.13725490196078433,0.744329104190696,0.32679738562091504,0.45320176000683504,0.5490196078431373,0.20338331410995766,0.6993464052287581,0.09039258404887011,0.6601307189542484,0.11551112819855612
Chinese,EURUSD,1975,1,0.43790849673202614,0.31594685804605066,0.2549019607843137,0.5551710880430604,0.4117647058823529,0.34602076124567477,0.8235294117647058,0.03114186851211074,0.1503267973856209,0.7219445512409757,0.29411764705882354,0.49826989619377154,0.5228758169934641,0.22764748600965437,0.3790849673202614,0.3855354778076808,0.6339869281045751,0.13396556879832544
Chinese,EURUSD,1976,1,0.27450980392156865,0.5263360246059208,0.17647058823529413,0.6782006920415224,0.26143790849673204,0.5454739630056816,0.013071895424836602,0.9740270836003248,0.05228758169934641,0.898158827801273,0.2679738562091503,0.5358622751933018,0.41830065359477125,0.33837412960827024,0.3202614379084967,0.4620445127942245,0.869281045751634,0.017087444999786403
Chinese,EURUSD,1977,1,0.41830065359477125,0.33837412960827024,0.16339869281045752,0.6999017471912513,0.24183006535947713,0.5748216497928147,0.35294117647058826,0.41868512110726636,0.0392156862745098,0.9231064975009612,0.23529411764705882,0.5847750865051903,0.4117647058823529,0.34602076124567477,0.32679738562091504,0.45320176000683504,0.8300653594771242,0.028877782049639013
Chinese,EURUSD,1978,1,0.3790849673202614,0.3855354778076808,0.20915032679738563,0.6254432056046819,0.16993464052287582,0.6890085010038873,0.05228758169934641,0.898158827801273,0.09803921568627451,0.8135332564398309,0.28104575163398693,0.5168952112435388,0.40522875816993464,0.35375283010807806,0.11764705882352941,0.7785467128027681,0.7124183006535948,0.0827032337989662
Chinese,EURUSD,1979,1,0.19607843137254902,0.6462898885044214,0.08496732026143791,0.8372848049895338,0.19607843137254902,0.6462898885044214,0.48366013071895425,0.26660686060916733,0.13071895424836602,0.7556495365030544,0.12418300653594772,0.7670554060404118,0.38562091503267976,0.37746166004528175,0.16339869281045752,0.6999017471912513,0.6928104575163399,0.09436541501132044
Chinese,EURUSD,1980,1,0.47058823529411764,0.28027681660899656,0.16993464052287582,0.6890085010038873,0.42483660130718953,0.3308129351958648,0.4117647058823529,0.34602076124567477,0.16993464052287582,0.6890085010038873,0.22875816993464052,0.5948139604425648,0.477124183006536,0.27339911999658245,0.39869281045751637,0.36157033619548035,0.6470588235294118,0.12456747404844289
Chinese,EURUSD,1981,1,0.5359477124183006,0.2153445256098082,0.2679738562091503,0.5358622751933018,0.6666666666666666,0.11111111111111113,0.08496732026143791,0.8372848049895338,0.2222222222222222,0.6049382716049383,0.2222222222222222,0.6049382716049383,0.45751633986928103,0.29428852150882145,0.5882352941176471,0.1695501730103806,0.5882352941176471,0.1695501730103806
Chinese,EURUSD,1982,1,0.3137254901960784,0.47097270280661285,0.29411764705882354,0.49826989619377154,0.7516339869281046,0.061685676449228934,0.7777777777777778,0.04938271604938271,0.5228758169934641,0.22764748600965437,0.24836601307189543,0.5649536503054381,0.47058823529411764,0.28027681660899656,0.33986928104575165,0.43577256610705284,0.5359477124183006,0.2153445256098082
Chinese,EURUSD,1983,1,0.5555555555555556,0.19753086419753085,0.006535947712418301,0.9869708231876629,0.026143790849673203,0.948395916100645,0.6209150326797386,0.14370541244820367,0.12418300653594772,0.7670554060404118,0.20915032679738563,0.6254432056046819,0.30718954248366015,0.47998633004400015,0.28104575163398693,0.5168952112435388,0.7450980392156863,0.0649750096116878
Chinese,EURUSD,1984,1,0.35294117647058826,0.41868512110726636,0.0196078431372549,0.9611687812379853,0.0457516339869281,0.9105899440386177,0.7058823529411765,0.08650519031141866,0.11764705882352941,0.7785467128027681,0.16339869281045752,0.6999017471912513,0.26143790849673204,0.5454739630056816,0.4117647058823529,0.34602076124567477,0.8235294117647058,0.03114186851211074
Chinese,EURUSD,1985,1,0.1437908496732026,0.7330941091033364,0.013071895424836602,0.9740270836003248,0.28104575163398693,0.5168952112435388,0.2222222222222222,0.6049382716049383,0.0196078431372549,0.9611687812379853,0.17647058823529413,0.6782006920415224,0.2222222222222222,0.6049382716049383,0.26143790849673204,0.5454739630056816,0.9738562091503268,0.0006834977999914572
Chinese,EURUSD,1986,1,0.3006535947712418,0.4890853945063864,0.026143790849673203,0.948395916100645,0.22875816993464052,0.5948139604425648,0.45751633986928103,0.29428852150882145,0.006535947712418301,0.9869708231876629,0.0718954248366013,0.8613781024392329,0.20915032679738563,0.6254432056046819,0.1437908496732026,0.7330941091033364,0.954248366013072,0.0020932120124738302
Chinese,EURUSD,1987,1,0.0915032679738562,0.8253663121021829,0.032679738562091505,0.9357084881883037,0.21568627450980393,0.6151480199923106,0.47058823529411764,0.28027681660899656,0.026143790849673203,0.948395916100645,0.0196078431372549,0.9611687812379853,0.22875816993464052,0.5948139604425648,0.1830065359477124,0.6674783203041565,0.9215686274509803,0.006151480199923115
Chinese,EURUSD,1988,1,0.24183006535947713,0.5748216497928147,0.05228758169934641,0.898158827801273,0.0196078431372549,0.9611687812379853,0.0392156862745098,0.9231064975009612,0.013071895424836602,0.9740270836003248,0.013071895424836602,0.9740270836003248,0.2875816993464052,0.5075398351061557,0.2549019607843137,0.5551710880430604,0.934640522875817,0.004271861249946601
Chinese,EURUSD,1989,1,0.26143790849673204,0.5454739630056816,0.10457516339869281,0.8017856380024777,0.05228758169934641,0.898158827801273,0.3333333333333333,0.44444444444444453,0.0784313725490196,0.849288735101884,0.006535947712418301,0.9869708231876629,0.32679738562091504,0.45320176000683504,0.29411764705882354,0.49826989619377154,0.8758169934640523,0.015421419112307233
Chinese,EURUSD,1990,1,0.24836601307189543,0.5649536503054381,0.1568627450980392,0.7108804306036139,0.1830065359477124,0.6674783203041565,0.13071895424836602,0.7556495365030544,0.08496732026143791,0.8372848049895338,0.0784313725490196,0.849288735101884,0.3202614379084967,0.4620445127942245,0.0718954248366013,0.8613781024392329,0.7843137254901961,0.0465205690119185
Chinese,EURUSD,1991,1,0.3333333333333333,0.44444444444444453,0.20261437908496732,0.6358238284420523,0.48366013071895425,0.26660686060916733,0.1111111111111111,0.7901234567901234,0.1568627450980392,0.7108804306036139,0.05228758169934641,0.898158827801273,0.2679738562091503,0.5358622751933018,0.058823529411764705,0.8858131487889274,0.6535947712418301,0.11999658251100004
Chinese,EURUSD,1992,1,0.12418300653594772,0.7670554060404118,0.3006535947712418,0.4890853945063864,0.6993464052287581,0.09039258404887011,0.3006535947712418,0.4890853945063864,0.1437908496732026,0.7330941091033364,0.13725490196078433,0.744329104190696,0.21568627450980393,0.6151480199923106,0.16993464052287582,0.6890085010038873,0.5620915032679739,0.19176385151010295
Chinese,EURUSD,1993,1,0.0457516339869281,0.9105899440386177,0.35947712418300654,0.41026955444487156,0.7450980392156863,0.0649750096116878,0.026143790849673203,0.948395916100645,0.28104575163398693,0.5168952112435388,0.13071895424836602,0.7556495365030544,0.1503267973856209,0.7219445512409757,0.20261437908496732,0.6358238284420523,0.4444444444444444,0.308641975308642
Chinese,EURUSD,1994,1,0.06535947712418301,0.8735529070015806,0.38562091503267976,0.37746166004528175,0.7647058823529411,0.05536332179930798,0.30718954248366015,0.47998633004400015,0.35294117647058826,0.41868512110726636,0.2549019607843137,0.5551710880430604,0.10457516339869281,0.8017856380024777,0.08496732026143791,0.8372848049895338,0.37254901960784315,0.39369473279507883
Chinese,EURUSD,1995,1,0.058823529411764705,0.8858131487889274,0.42483660130718953,0.3308129351958648,0.8366013071895425,0.02669913281216625,0.10457516339869281,0.8017856380024777,0.3464052287581699,0.4271861249946602,0.1895424836601307,0.6568413857917895,0.026143790849673203,0.948395916100645,0.026143790849673203,0.948395916100645,0.24183006535947713,0.5748216497928147
Chinese,EURUSD,1996,1,0.0784313725490196,0.849288735101884,0.477124183006536,0.27339911999658245,0.869281045751634,0.017087444999786403,0.032679738562091505,0.9357084881883037,0.5163398692810458,0.23392712204707586,0.21568627450980393,0.6151480199923106,0.0457516339869281,0.9105899440386177,0.24836601307189543,0.5649536503054381,0.0915032679738562,0.8253663121021829
Chinese,EURUSD,1997,1,0.3464052287581699,0.4271861249946602,0.33986928104575165,0.43577256610705284,0.6797385620915033,0.10256738861121789,0.49019607843137253,0.2599000384467512,0.3333333333333333,0.44444444444444453,0.06535947712418301,0.8735529070015806,0.2549019607843137,0.5551710880430604,0.21568627450980393,0.6151480199923106,0.5228758169934641,0.22764748600965437
Chinese,EURUSD,1998,1,0.4117647058823529,0.34602076124567477,0.13725490196078433,0.744329104190696,0.43137254901960786,0.32333717800845824,0.45098039215686275,0.3014225297962323,0.21568627450980393,0.6151480199923106,0.1830065359477124,0.6674783203041565,0.3660130718954248,0.4019394250074757,0.35947712418300654,0.41026955444487156,0.6143790849673203,0.14870349011064118
Chinese,EURUSD,1999,1,0.35947712418300654,0.41026955444487156,0.28104575163398693,0.5168952112435388,0.5686274509803921,0.186082276047674,0.49673202614379086,0.253278653509334,0.19607843137254902,0.6462898885044214,0.1503267973856209,0.7219445512409757,0.27450980392156865,0.5263360246059208,0.477124183006536,0.27339911999658245,0.5751633986928104,0.18048613781024397
Chinese,EURUSD,2000,1,0.45751633986928103,0.29428852150882145,0.3137254901960784,0.47097270280661285,0.5947712418300654,0.16421034644794738,0.673202614379085,0.106796531248665,0.23529411764705882,0.5847750865051903,0.3137254901960784,0.47097270280661285,0.43137254901960786,0.32333717800845824,0.5032679738562091,0.24674270579691573,0.5816993464052288,0.17497543679781277
Chinese,EURUSD,2001,1,0.5098039215686274,0.2402921953094964,0.40522875816993464,0.35375283010807806,0.41830065359477125,0.33837412960827024,0.9673202614379085,0.0010679653124866502,0.47058823529411764,0.28027681660899656,0.3464052287581699,0.4271861249946602,0.37254901960784315,0.39369473279507883,0.7647058823529411,0.05536332179930798,0.5424836601307189,0.20932120124738351
Chinese,EURUSD,2002,1,0.42483660130718953,0.3308129351958648,0.45098039215686275,0.3014225297962323,0.5032679738562091,0.24674270579691573,0.39869281045751637,0.36157033619548035,0.35947712418300654,0.41026955444487156,0.3333333333333333,0.44444444444444453,0.24836601307189543,0.5649536503054381,0.6470588235294118,0.12456747404844289,0.49019607843137253,0.2599000384467512
Chinese,EURUSD,2003,1,0.5686274509803921,0.186082276047674,0.45751633986928103,0.29428852150882145,0.27450980392156865,0.5263360246059208,0.3202614379084967,0.4620445127942245,0.6470588235294118,0.12456747404844289,0.37254901960784315,0.39369473279507883,0.39215686274509803,0.36947327950788167,0.7581699346405228,0.05848178051176899,0.477124183006536,0.27339911999658245
Chinese,EURUSD,2004,1,0.5490196078431373,0.20338331410995766,0.5032679738562091,0.24674270579691573,0.1895424836601307,0.6568413857917895,0.8627450980392157,0.0188389081122645,0.4117647058823529,0.34602076124567477,0.3660130718954248,0.4019394250074757,0.35947712418300654,0.41026955444487156,0.8627450980392157,0.0188389081122645,0.42483660130718953,0.3308129351958648
Chinese,EURUSD,2005,1,0.6143790849673203,0.14870349011064118,0.6535947712418301,0.11999658251100004,0.33986928104575165,0.43577256610705284,0.8431372549019608,0.024605920799692427,0.5490196078431373,0.20338331410995766,0.35947712418300654,0.41026955444487156,0.29411764705882354,0.49826989619377154,0.7712418300653595,0.05233030031184586,0.39215686274509803,0.36947327950788167
Chinese,EURUSD,2006,1,0.6862745098039216,0.09842368319876971,0.7777777777777778,0.04938271604938271,0.3464052287581699,0.4271861249946602,0.8300653594771242,0.028877782049639013,0.45098039215686275,0.3014225297962323,0.5620915032679739,0.19176385151010295,0.3790849673202614,0.3855354778076808,0.8562091503267973,0.020675808449741564,0.45098039215686275,0.3014225297962323
Chinese,EURUSD,2007,1,0.7973856209150327,0.041052586611986824,0.6013071895424836,0.15895595711051308,0.0915032679738562,0.8253663121021829,0.8823529411764706,0.013840830449826995,0.39869281045751637,0.36157033619548035,0.7843137254901961,0.0465205690119185,0.5032679738562091,0.24674270579691573,0.934640522875817,0.004271861249946601,0.6405228758169934,0.12922380281088475
Chinese,EURUSD,2008,1,0.8562091503267973,0.020675808449741564,0.6928104575163399,0.09436541501132044,0.5294117647058824,0.22145328719723184,0.9281045751633987,0.005168952112435383,0.5816993464052288,0.17497543679781277,0.803921568627451,0.038446751249519406,0.5163398692810458,0.23392712204707586,0.9411764705882353,0.003460207612456749,0.6274509803921569,0.1387927720107651
Chinese,EURUSD,2009,1,0.7712418300653595,0.05233030031184586,0.7647058823529411,0.05536332179930798,0.20915032679738563,0.6254432056046819,0.9215686274509803,0.006151480199923115,0.43137254901960786,0.32333717800845824,0.738562091503268,0.06834977999914561,0.49019607843137253,0.2599000384467512,0.9215686274509803,0.006151480199923115,0.6013071895424836,0.15895595711051308
Chinese,EURUSD,2010,1,0.9019607843137255,0.009611687812379852,0.7189542483660131,0.07898671451151267,0.20261437908496732,0.6358238284420523,0.9869281045751634,0.00017087444999786284,0.48366013071895425,0.26660686060916733,0.6601307189542484,0.11551112819855612,0.49673202614379086,0.253278653509334,0.9803921568627451,0.0003844675124951958,0.6862745098039216,0.09842368319876971
Chinese,EURUSD,2011,1,0.954248366013072,0.0020932120124738302,0.7254901960784313,0.07535563244905807,0.3790849673202614,0.3855354778076808,0.9934640522875817,4.271861249946571e-05,0.7450980392156863,0.0649750096116878,0.6470588235294118,0.12456747404844289,0.6274509803921569,0.1387927720107651,0.9934640522875817,4.271861249946571e-05,0.8823529411764706,0.013840830449826995
Chinese,EURUSD,2012,1,0.7581699346405228,0.05848178051176899,0.9607843137254902,0.0015378700499807745,0.8627450980392157,0.0188389081122645,0.9803921568627451,0.0003844675124951958,0.8235294117647058,0.03114186851211074,0.6339869281045751,0.13396556879832544,0.16993464052287582,0.6890085010038873,0.9869281045751634,0.00017087444999786284,0.09803921568627451,0.8135332564398309
Chinese,EURUSD,2013,1,0.6993464052287581,0.09039258404887011,0.9215686274509803,0.006151480199923115,0.9607843137254902,0.0015378700499807745,0.9084967320261438,0.00837284804989534,0.7320261437908496,0.0718099876116024,0.5098039215686274,0.2402921953094964,0.13071895424836602,0.7556495365030544,0.954248366013072,0.0020932120124738302,0.06535947712418301,0.8735529070015806
Chinese,EURUSD,2014,1,0.8366013071895425,0.02669913281216625,0.6209150326797386,0.14370541244820367,0.9411764705882353,0.003460207612456749,0.9150326797385621,0.007219445512409762,0.6862745098039216,0.09842368319876971,0.42483660130718953,0.3308129351958648,0.0915032679738562,0.8253663121021829,0.9477124183006536,0.002733991199965829,0.08496732026143791,0.8372848049895338
Chinese,EURUSD,2015,1,0.7450980392156863,0.0649750096116878,0.5359477124183006,0.2153445256098082,0.9215686274509803,0.006151480199923115,0.9607843137254902,0.0015378700499807745,0.6013071895424836,0.15895595711051308,0.4444444444444444,0.308641975308642,0.13725490196078433,0.744329104190696,0.8104575163398693,0.03592635311205092,0.13071895424836602,0.7556495365030544
Chinese,EURUSD,2016,1,0.6666666666666666,0.11111111111111113,0.4117647058823529,0.34602076124567477,0.5228758169934641,0.22764748600965437,0.9411764705882353,0.003460207612456749,0.6339869281045751,0.13396556879832544,0.39215686274509803,0.36947327950788167,0.1895424836601307,0.6568413857917895,0.9607843137254902,0.0015378700499807745,0.3202614379084967,0.4620445127942245
Chinese,EURUSD,2017,1,0.7254901960784313,0.07535563244905807,0.27450980392156865,0.5263360246059208,0.3202614379084967,0.4620445127942245,0.7254901960784313,0.07535563244905807,0.3660130718954248,0.4019394250074757,0.41830065359477125,0.33837412960827024,0.19607843137254902,0.6462898885044214,0.9673202614379085,0.0010679653124866502,0.40522875816993464,0.35375283010807806
Chinese,EURUSD,2018,0,0.5947712418300654,0.35375283010807806,0.1830065359477124,0.03349139219958135,0.17647058823529413,0.031141868512110732,0.8954248366013072,0.8017856380024777,0.20915032679738563,0.04374385919945321,0.3790849673202614,0.14370541244820367,0.33986928104575165,0.11551112819855612,0.869281045751634,0.7556495365030544,0.49673202614379086,0.24674270579691573
Chinese,EURUSD,2019,0,0.7124183006535948,0.5075398351061557,0.8954248366013072,0.8017856380024777,0.954248366013072,0.9105899440386177,0.7973856209150327,0.6358238284420523,0.9215686274509803,0.8492887351018837,0.43790849673202614,0.19176385151010295,0.42483660130718953,0.18048613781024392,0.8235294117647058,0.6782006920415224,0.006535947712418301,4.271861249946602e-05
Chinese,EURUSD,2020,0,0.45098039215686275,0.20338331410995772,0.7973856209150327,0.6358238284420523,0.8823529411764706,0.7785467128027681,0.43137254901960786,0.186082276047674,0.8627450980392157,0.744329104190696,0.45751633986928103,0.20932120124738346,0.16339869281045752,0.026699132812166262,0.6797385620915033,0.4620445127942245,0.0196078431372549,0.00038446751249519417
Chinese,EURUSD,2021,0,0.43137254901960786,0.186082276047674,0.9477124183006536,0.898158827801273,0.8562091503267973,0.7330941091033363,0.7124183006535948,0.5075398351061557,0.9411764705882353,0.8858131487889274,0.7516339869281046,0.5649536503054381,0.6993464052287581,0.4890853945063864,0.5686274509803921,0.32333717800845824,0.013071895424836602,0.0001708744499978641
Chinese,EURUSD,2022,0,0.32679738562091504,0.10679653124866505,0.934640522875817,0.8735529070015806,0.9803921568627451,0.9611687812379853,0.803921568627451,0.6462898885044214,0.9869281045751634,0.9740270836003248,0.9215686274509803,0.8492887351018837,0.9477124183006536,0.898158827801273,0.8300653594771242,0.6890085010038874,0.026143790849673203,0.0006834977999914564
Chinese,EURUSD,2023,0,0.2679738562091503,0.07180998761160237,0.9150326797385621,0.8372848049895338,0.9934640522875817,0.9869708231876629,0.22875816993464052,0.052330300311845865,0.9607843137254902,0.9231064975009612,0.8954248366013072,0.8017856380024777,0.9281045751633987,0.8613781024392329,0.7843137254901961,0.6151480199923106,0.0392156862745098,0.0015378700499807767
Chinese,EURUSD,2024,0,0.16993464052287582,0.02887778204963903,0.8823529411764706,0.7785467128027681,0.9869281045751634,0.9740270836003248,0.6078431372549019,0.3694732795078815,0.934640522875817,0.8735529070015806,0.9411764705882353,0.8858131487889274,0.8954248366013072,0.8017856380024777,0.3006535947712418,0.09039258404887009,0.05228758169934641,0.0027339911999658254
Chinese,EURUSD,2025,0,0.1895424836601307,0.03592635311205092,0.8169934640522876,0.6674783203041565,0.9738562091503268,0.948395916100645,0.06535947712418301,0.0042718612499466025,0.7908496732026143,0.6254432056046819,0.9084967320261438,0.8253663121021829,0.8235294117647058,0.6782006920415224,0.40522875816993464,0.16421034644794738,0.10457516339869281,0.010935964799863302
Chinese,EURUSD,2026,0,0.20915032679738563,0.04374385919945321,0.7908496732026143,0.6254432056046819,0.9477124183006536,0.898158827801273,0.13725490196078433,0.01883890811226452,0.7189542483660131,0.5168952112435388,0.9869281045751634,0.9740270836003248,0.8366013071895425,0.6999017471912513,0.48366013071895425,0.2339271220470759,0.20261437908496732,0.041052586611986845
Chinese,EURUSD,2027,0,0.2222222222222222,0.04938271604938271,0.6666666666666666,0.4444444444444444,0.934640522875817,0.8735529070015806,0.16993464052287582,0.02887778204963903,0.6601307189542484,0.43577256610705284,0.954248366013072,0.9105899440386177,0.9084967320261438,0.8253663121021829,0.5359477124183006,0.2872399504464095,0.32679738562091504,0.10679653124866505
Chinese,EURUSD,2028,0,0.05228758169934641,0.0027339911999658254,0.49019607843137253,0.24029219530949633,0.9150326797385621,0.8372848049895338,0.6143790849673203,0.37746166004528175,0.6209150326797386,0.3855354778076808,0.8627450980392157,0.744329104190696,0.8627450980392157,0.744329104190696,0.35294117647058826,0.12456747404844293,0.38562091503267976,0.1487034901106412
Chinese,EURUSD,2029,0,0.032679738562091505,0.0010679653124866506,0.5294117647058824,0.28027681660899656,0.9019607843137255,0.8135332564398309,0.0196078431372549,0.00038446751249519417,0.7647058823529411,0.5847750865051903,0.8431372549019608,0.7108804306036139,0.7254901960784313,0.5263360246059208,0.1503267973856209,0.02259814601221752,0.3464052287581699,0.11999658251100004
Chinese,EURUSD,2030,0,0.09803921568627451,0.009611687812379853,0.4444444444444444,0.19753086419753085,0.8431372549019608,0.7108804306036139,0.23529411764705882,0.05536332179930796,0.42483660130718953,0.18048613781024392,0.7777777777777778,0.6049382716049383,0.6797385620915033,0.4620445127942245,0.1568627450980392,0.024605920799692427,0.39869281045751637,0.15895595711051308
Chinese,EURUSD,2031,0,0.13071895424836602,0.01708744499978641,0.30718954248366015,0.09436541501132044,0.7777777777777778,0.6049382716049383,0.6405228758169934,0.41026955444487156,0.3202614379084967,0.10256738861121789,0.7581699346405228,0.5748216497928147,0.6209150326797386,0.3855354778076808,0.3137254901960784,0.09842368319876971,0.45751633986928103,0.20932120124738346
Chinese,EURUSD,2032,0,0.22875816993464052,0.052330300311845865,0.48366013071895425,0.2339271220470759,0.7973856209150327,0.6358238284420523,0.32679738562091504,0.10679653124866505,0.26143790849673204,0.06834977999914564,0.8300653594771242,0.6890085010038874,0.6405228758169934,0.41026955444487156,0.5620915032679739,0.31594685804605066,0.43790849673202614,0.19176385151010295
Chinese,EURUSD,2033,0,0.3660130718954248,0.1339655687983254,0.41830065359477125,0.17497543679781283,0.7124183006535948,0.5075398351061557,0.2679738562091503,0.07180998761160237,0.5032679738562091,0.253278653509334,0.6535947712418301,0.4271861249946602,0.6339869281045751,0.4019394250074757,0.4444444444444444,0.19753086419753085,0.5163398692810458,0.2666068606091675
Chinese,EURUSD,2034,0,0.33986928104575165,0.11551112819855612,0.3790849673202614,0.14370541244820367,0.6078431372549019,0.3694732795078815,0.38562091503267976,0.1487034901106412,0.45751633986928103,0.20932120124738346,0.6666666666666666,0.4444444444444444,0.6601307189542484,0.43577256610705284,0.47058823529411764,0.22145328719723184,0.5490196078431373,0.3014225297962323
Chinese,EURUSD,2035,0,0.4444444444444444,0.19753086419753085,0.35294117647058826,0.12456747404844293,0.49673202614379086,0.24674270579691573,0.3660130718954248,0.1339655687983254,0.7058823529411765,0.4982698961937717,0.5490196078431373,0.3014225297962323,0.7581699346405228,0.5748216497928147,0.45751633986928103,0.20932120124738346,0.5686274509803921,0.32333717800845824
Chinese,EURUSD,2036,0,0.5294117647058824,0.28027681660899656,0.32679738562091504,0.10679653124866505,0.3333333333333333,0.1111111111111111,0.35947712418300654,0.1292238028108847,0.5294117647058824,0.28027681660899656,0.5751633986928104,0.3308129351958648,0.738562091503268,0.5454739630056816,0.27450980392156865,0.07535563244905807,0.6209150326797386,0.3855354778076808
Chinese,EURUSD,2037,0,0.40522875816993464,0.16421034644794738,0.2875816993464052,0.0827032337989662,0.29411764705882354,0.08650519031141869,0.12418300653594772,0.015421419112307233,0.38562091503267976,0.1487034901106412,0.673202614379085,0.45320176000683504,0.673202614379085,0.45320176000683504,0.19607843137254902,0.03844675124951941,0.6666666666666666,0.4444444444444444
Chinese,EURUSD,2038,0,0.477124183006536,0.22764748600965443,0.11764705882352941,0.01384083044982699,0.0718954248366013,0.0051689521124353875,0.5359477124183006,0.2872399504464095,0.39215686274509803,0.15378700499807765,0.48366013071895425,0.2339271220470759,0.5620915032679739,0.31594685804605066,0.20915032679738563,0.04374385919945321,0.7516339869281046,0.5649536503054381
Chinese,EURUSD,2039,0,0.6078431372549019,0.3694732795078815,0.13071895424836602,0.01708744499978641,0.013071895424836602,0.0001708744499978641,0.40522875816993464,0.16421034644794738,0.43790849673202614,0.19176385151010295,0.5359477124183006,0.2872399504464095,0.5359477124183006,0.2872399504464095,0.5294117647058824,0.28027681660899656,0.7973856209150327,0.6358238284420523
Chinese,EURUSD,2040,0,0.7058823529411765,0.4982698961937717,0.1437908496732026,0.02067580844974155,0.1437908496732026,0.02067580844974155,0.27450980392156865,0.07535563244905807,0.49019607843137253,0.24029219530949633,0.477124183006536,0.22764748600965443,0.5424836601307189,0.29428852150882134,0.5163398692810458,0.2666068606091675,0.8954248366013072,0.8017856380024777
Chinese,EURUSD,2041,0,0.803921568627451,0.6462898885044214,0.12418300653594772,0.015421419112307233,0.2222222222222222,0.04938271604938271,0.7516339869281046,0.5649536503054381,0.33986928104575165,0.11551112819855612,0.5882352941176471,0.34602076124567477,0.5882352941176471,0.34602076124567477,0.7189542483660131,0.5168952112435388,0.9019607843137255,0.8135332564398309
Chinese,EURUSD,2042,0,0.9411764705882353,0.8858131487889274,0.2222222222222222,0.04938271604938271,0.11764705882352941,0.01384083044982699,0.5882352941176471,0.34602076124567477,0.40522875816993464,0.16421034644794738,0.6143790849673203,0.37746166004528175,0.6535947712418301,0.4271861249946602,0.8366013071895425,0.6999017471912513,0.8888888888888888,0.7901234567901234
Chinese,EURUSD,2043,0,0.9673202614379085,0.9357084881883037,0.7124183006535948,0.5075398351061557,0.673202614379085,0.45320176000683504,0.5947712418300654,0.35375283010807806,0.7581699346405228,0.5748216497928147,0.7320261437908496,0.5358622751933017,0.9150326797385621,0.8372848049895338,0.9019607843137255,0.8135332564398309,0.7189542483660131,0.5168952112435388
Chinese,EURUSD,2044,0,0.9803921568627451,0.9611687812379853,0.7516339869281046,0.5649536503054381,0.5424836601307189,0.29428852150882134,0.934640522875817,0.8735529070015806,0.7516339869281046,0.5649536503054381,0.7647058823529411,0.5847750865051903,0.8888888888888888,0.7901234567901234,0.9281045751633987,0.8613781024392329,0.7712418300653595,0.5948139604425648
Chinese,EURUSD,2045,0,0.9869281045751634,0.9740270836003248,0.6862745098039216,0.47097270280661285,0.058823529411764705,0.0034602076124567475,0.954248366013072,0.9105899440386177,0.7712418300653595,0.5948139604425648,0.7189542483660131,0.5168952112435388,0.8300653594771242,0.6890085010038874,0.9738562091503268,0.948395916100645,0.8562091503267973,0.7330941091033363
Chinese,EURUSD,2046,0,0.9934640522875817,0.9869708231876629,0.5816993464052288,0.33837412960827035,0.10457516339869281,0.010935964799863302,0.9738562091503268,0.948395916100645,0.6143790849673203,0.37746166004528175,0.7712418300653595,0.5948139604425648,0.8169934640522876,0.6674783203041565,0.9150326797385621,0.8372848049895338,0.8496732026143791,0.7219445512409757
Chinese,EURUSD,2047,0,0.9738562091503268,0.948395916100645,0.5163398692810458,0.2666068606091675,0.3006535947712418,0.09039258404887009,0.869281045751634,0.7556495365030544,0.477124183006536,0.22764748600965443,0.6013071895424836,0.36157033619548035,0.6928104575163399,0.47998633004400015,0.8954248366013072,0.8017856380024777,0.9477124183006536,0.898158827801273
Chinese,EURUSD,2048,0,0.9607843137254902,0.9231064975009612,0.5882352941176471,0.34602076124567477,0.23529411764705882,0.05536332179930796,0.9477124183006536,0.898158827801273,0.5882352941176471,0.34602076124567477,0.7058823529411765,0.4982698961937717,0.7516339869281046,0.5649536503054381,0.9084967320261438,0.8253663121021829,0.9281045751633987,0.8613781024392329
Chinese,EURUSD,2049,0,0.9477124183006536,0.898158827801273,0.5098039215686274,0.2599000384467512,0.5098039215686274,0.2599000384467512,0.5751633986928104,0.3308129351958648,0.4444444444444444,0.19753086419753085,0.6405228758169934,0.41026955444487156,0.6143790849673203,0.37746166004528175,0.8823529411764706,0.7785467128027681,0.9673202614379085,0.9357084881883037
Chinese,EURUSD,2050,0,0.5751633986928104,0.3308129351958648,0.9281045751633987,0.8613781024392329,0.6601307189542484,0.43577256610705284,0.9019607843137255,0.8135332564398309,0.7973856209150327,0.6358238284420523,0.7908496732026143,0.6254432056046819,0.5751633986928104,0.3308129351958648,0.738562091503268,0.5454739630056816,0.41830065359477125,0.17497543679781283
Chinese,EURUSD,2051,0,0.5620915032679739,0.31594685804605066,0.8562091503267973,0.7330941091033363,0.6143790849673203,0.37746166004528175,0.6339869281045751,0.4019394250074757,0.7843137254901961,0.6151480199923106,0.8235294117647058,0.6782006920415224,0.6013071895424836,0.36157033619548035,0.6862745098039216,0.47097270280661285,0.5098039215686274,0.2599000384467512
Chinese,EURUSD,2052,0,0.6013071895424836,0.36157033619548035,0.7320261437908496,0.5358622751933017,0.6209150326797386,0.3855354778076808,0.7908496732026143,0.6254432056046819,0.5359477124183006,0.2872399504464095,0.7973856209150327,0.6358238284420523,0.5947712418300654,0.35375283010807806,0.46405228758169936,0.2153445256098082,0.5947712418300654,0.35375283010807806
Chinese,EURUSD,2053,0,0.49019607843137253,0.24029219530949633,0.6601307189542484,0.43577256610705284,0.2679738562091503,0.07180998761160237,0.477124183006536,0.22764748600965443,0.3790849673202614,0.14370541244820367,0.7450980392156863,0.5551710880430604,0.6078431372549019,0.3694732795078815,0.5424836601307189,0.29428852150882134,0.673202614379085,0.45320176000683504
Chinese,EURUSD,2054,0,0.7189542483660131,0.5168952112435388,0.6470588235294118,0.41868512110726647,0.6535947712418301,0.4271861249946602,0.5098039215686274,0.2599000384467512,0.41830065359477125,0.17497543679781283,0.8366013071895425,0.6999017471912513,0.6862745098039216,0.47097270280661285,0.5228758169934641,0.27339911999658256,0.6993464052287581,0.4890853945063864
Chinese,EURUSD,2055,0,0.8758169934640523,0.7670554060404118,0.6405228758169934,0.41026955444487156,0.7254901960784313,0.5263360246059208,0.8366013071895425,0.6999017471912513,0.5098039215686274,0.2599000384467512,0.8496732026143791,0.7219445512409757,0.7124183006535948,0.5075398351061557,0.6209150326797386,0.3855354778076808,0.6797385620915033,0.4620445127942245
Chinese,EURUSD,2056,0,0.8888888888888888,0.7901234567901234,0.6339869281045751,0.4019394250074757,0.5163398692810458,0.2666068606091675,0.6993464052287581,0.4890853945063864,0.673202614379085,0.45320176000683504,0.6862745098039216,0.47097270280661285,0.7647058823529411,0.5847750865051903,0.8496732026143791,0.7219445512409757,0.7058823529411765,0.4982698961937717
Chinese,EURUSD,2057,0,0.869281045751634,0.7556495365030544,0.6274509803921569,0.39369473279507883,0.39215686274509803,0.15378700499807765,0.3137254901960784,0.09842368319876971,0.6797385620915033,0.4620445127942245,0.7124183006535948,0.5075398351061557,0.7908496732026143,0.6254432056046819,0.7516339869281046,0.5649536503054381,0.7320261437908496,0.5358622751933017
Chinese,EURUSD,2058,0,0.738562091503268,0.5454739630056816,0.5947712418300654,0.35375283010807806,0.5751633986928104,0.3308129351958648,0.8758169934640523,0.7670554060404118,0.6928104575163399,0.47998633004400015,0.6797385620915033,0.4620445127942245,0.7973856209150327,0.6358238284420523,0.7058823529411765,0.4982698961937717,0.8104575163398693,0.6568413857917895
Chinese,EURUSD,2059,0,0.7843137254901961,0.6151480199923106,0.5620915032679739,0.31594685804605066,0.49019607843137253,0.24029219530949633,0.5228758169934641,0.27339911999658256,0.738562091503268,0.5454739630056816,0.6928104575163399,0.47998633004400015,0.7843137254901961,0.6151480199923106,0.37254901960784315,0.1387927720107651,0.7777777777777778,0.6049382716049383
Chinese,EURUSD,2060,0,0.934640522875817,0.8735529070015806,0.5490196078431373,0.3014225297962323,0.6274509803921569,0.39369473279507883,0.5294117647058824,0.28027681660899656,0.6405228758169934,0.41026955444487156,0.6209150326797386,0.3855354778076808,0.7777777777777778,0.6049382716049383,0.7908496732026143,0.6254432056046819,0.8169934640522876,0.6674783203041565
Chinese,EURUSD,2061,0,0.8104575163398693,0.6568413857917895,0.6143790849673203,0.37746166004528175,0.0392156862745098,0.0015378700499807767,0.8104575163398693,0.6568413857917895,0.6078431372549019,0.3694732795078815,0.5424836601307189,0.29428852150882134,0.7450980392156863,0.5551710880430604,0.7777777777777778,0.6049382716049383,0.7908496732026143,0.6254432056046819
Chinese,EURUSD,2062,0,0.7777777777777778,0.6049382716049383,0.5555555555555556,0.308641975308642,0.13071895424836602,0.01708744499978641,0.7189542483660131,0.5168952112435388,0.5620915032679739,0.31594685804605066,0.47058823529411764,0.22145328719723184,0.7058823529411765,0.4982698961937717,0.6339869281045751,0.4019394250074757,0.7647058823529411,0.5847750865051903
Chinese,EURUSD,2063,0,0.673202614379085,0.45320176000683504,0.6078431372549019,0.3694732795078815,0.16339869281045752,0.026699132812166262,0.738562091503268,0.5454739630056816,0.6535947712418301,0.4271861249946602,0.45098039215686275,0.20338331410995772,0.7712418300653595,0.5948139604425648,0.38562091503267976,0.1487034901106412,0.8431372549019608,0.7108804306036139
Chinese,EURUSD,2064,0,0.8169934640522876,0.6674783203041565,0.673202614379085,0.45320176000683504,0.032679738562091505,0.0010679653124866506,0.7581699346405228,0.5748216497928147,0.6993464052287581,0.4890853945063864,0.5686274509803921,0.32333717800845824,0.7320261437908496,0.5358622751933017,0.45098039215686275,0.20338331410995772,0.8366013071895425,0.6999017471912513
Chinese,EURUSD,2065,0,0.7516339869281046,0.5649536503054381,0.738562091503268,0.5454739630056816,0.2549019607843137,0.0649750096116878,0.43790849673202614,0.19176385151010295,0.6274509803921569,0.39369473279507883,0.49673202614379086,0.24674270579691573,0.7189542483660131,0.5168952112435388,0.5555555555555556,0.308641975308642,0.8627450980392157,0.744329104190696
Chinese,EURUSD,2066,0,0.8431372549019608,0.7108804306036139,0.8235294117647058,0.6782006920415224,0.09803921568627451,0.009611687812379853,0.3790849673202614,0.14370541244820367,0.6666666666666666,0.4444444444444444,0.5032679738562091,0.253278653509334,0.6470588235294118,0.41868512110726647,0.39215686274509803,0.15378700499807765,0.9150326797385621,0.8372848049895338
Chinese,EURUSD,2067,0,0.8954248366013072,0.8017856380024777,0.803921568627451,0.6462898885044214,0.39869281045751637,0.15895595711051308,0.5490196078431373,0.3014225297962323,0.5555555555555556,0.308641975308642,0.4117647058823529,0.1695501730103806,0.5555555555555556,0.308641975308642,0.3660130718954248,0.1339655687983254,0.9607843137254902,0.9231064975009612
Chinese,EURUSD,2068,0,0.8235294117647058,0.6782006920415224,0.6993464052287581,0.4890853945063864,0.47058823529411764,0.22145328719723184,0.37254901960784315,0.1387927720107651,0.32679738562091504,0.10679653124866505,0.39869281045751637,0.15895595711051308,0.5098039215686274,0.2599000384467512,0.5947712418300654,0.35375283010807806,0.9869281045751634,0.9740270836003248
Chinese,EURUSD,2069,0,0.9150326797385621,0.8372848049895338,0.47058823529411764,0.22145328719723184,0.7058823529411765,0.4982698961937717,0.5555555555555556,0.308641975308642,0.3137254901960784,0.09842368319876971,0.33986928104575165,0.11551112819855612,0.4444444444444444,0.19753086419753085,0.6928104575163399,0.47998633004400015,0.9934640522875817,0.9869708231876629
Chinese,EURUSD,2070,0,0.6470588235294118,0.41868512110726647,0.49673202614379086,0.24674270579691573,0.3660130718954248,0.1339655687983254,0.8562091503267973,0.7330941091033363,0.1895424836601307,0.03592635311205092,0.38562091503267976,0.1487034901106412,0.24183006535947713,0.05848178051176898,0.8758169934640523,0.7670554060404118,0.7581699346405228,0.5748216497928147
Chinese,EURUSD,2071,0,0.6535947712418301,0.4271861249946602,0.8496732026143791,0.7219445512409757,0.2875816993464052,0.0827032337989662,0.6797385620915033,0.4620445127942245,0.803921568627451,0.6462898885044214,0.7254901960784313,0.5263360246059208,0.803921568627451,0.6462898885044214,0.8888888888888888,0.7901234567901234,0.22875816993464052,0.052330300311845865
Chinese,EURUSD,2072,0,0.7320261437908496,0.5358622751933017,0.8104575163398693,0.6568413857917895,0.38562091503267976,0.1487034901106412,0.8496732026143791,0.7219445512409757,0.8562091503267973,0.7330941091033363,0.5555555555555556,0.308641975308642,0.6666666666666666,0.4444444444444444,0.6601307189542484,0.43577256610705284,0.3006535947712418,0.09039258404887009
Chinese,EURUSD,2073,0,0.6274509803921569,0.39369473279507883,0.7058823529411765,0.4982698961937717,0.46405228758169936,0.2153445256098082,0.0457516339869281,0.0020932120124738346,0.8104575163398693,0.6568413857917895,0.6078431372549019,0.3694732795078815,0.5816993464052288,0.33837412960827035,0.673202614379085,0.45320176000683504,0.29411764705882354,0.08650519031141869
Chinese,EURUSD,2074,0,0.5816993464052288,0.33837412960827035,0.5751633986928104,0.3308129351958648,0.803921568627451,0.6462898885044214,0.5686274509803921,0.32333717800845824,0.7777777777777778,0.6049382716049383,0.35294117647058826,0.12456747404844293,0.5686274509803921,0.32333717800845824,0.5816993464052288,0.33837412960827035,0.28104575163398693,0.07898671451151267
Chinese,EURUSD,2075,0,0.37254901960784315,0.1387927720107651,0.1895424836601307,0.03592635311205092,0.477124183006536,0.22764748600965443,0.5424836601307189,0.29428852150882134,0.24836601307189543,0.061685676449228934,0.2875816993464052,0.0827032337989662,0.23529411764705882,0.05536332179930796,0.1895424836601307,0.03592635311205092,0.5032679738562091,0.253278653509334
Chinese,EURUSD,2076,0,0.3202614379084967,0.10256738861121789,0.21568627450980393,0.0465205690119185,0.6470588235294118,0.41868512110726647,0.6535947712418301,0.4271861249946602,0.30718954248366015,0.09436541501132044,0.27450980392156865,0.07535563244905807,0.20261437908496732,0.041052586611986845,0.2875816993464052,0.0827032337989662,0.43137254901960786,0.186082276047674
Chinese,EURUSD,2077,0,0.2549019607843137,0.0649750096116878,0.058823529411764705,0.0034602076124567475,0.45751633986928103,0.20932120124738346,0.16339869281045752,0.026699132812166262,0.16339869281045752,0.026699132812166262,0.11764705882352941,0.01384083044982699,0.1111111111111111,0.012345679012345678,0.10457516339869281,0.010935964799863302,0.5555555555555556,0.308641975308642
Chinese,EURUSD,2078,0,0.1503267973856209,0.02259814601221752,0.0392156862745098,0.0015378700499807767,0.1503267973856209,0.02259814601221752,0.1437908496732026,0.02067580844974155,0.06535947712418301,0.0042718612499466025,0.026143790849673203,0.0006834977999914564,0.0392156862745098,0.0015378700499807767,0.13725490196078433,0.01883890811226452,0.738562091503268,0.5454739630056816
Chinese,EURUSD,2079,0,0.1111111111111111,0.012345679012345678,0.0784313725490196,0.006151480199923107,0.12418300653594772,0.015421419112307233,0.0718954248366013,0.0051689521124353875,0.1111111111111111,0.012345679012345678,0.058823529411764705,0.0034602076124567475,0.032679738562091505,0.0010679653124866506,0.2679738562091503,0.07180998761160237,0.6078431372549019,0.3694732795078815
Chinese,EURUSD,2080,0,0.08496732026143791,0.0072194455124097575,0.1111111111111111,0.012345679012345678,0.45098039215686275,0.20338331410995772,0.058823529411764705,0.0034602076124567475,0.20261437908496732,0.041052586611986845,0.1111111111111111,0.012345679012345678,0.0196078431372549,0.00038446751249519417,0.2222222222222222,0.04938271604938271,0.46405228758169936,0.2153445256098082
Chinese,EURUSD,2081,0,0.0392156862745098,0.0015378700499807767,0.26143790849673204,0.06834977999914564,0.5882352941176471,0.34602076124567477,0.1503267973856209,0.02259814601221752,0.3006535947712418,0.09039258404887009,0.10457516339869281,0.010935964799863302,0.006535947712418301,4.271861249946602e-05,0.0915032679738562,0.008372848049895338,0.35947712418300654,0.1292238028108847
Chinese,EURUSD,2082,0,0.10457516339869281,0.010935964799863302,0.22875816993464052,0.052330300311845865,0.5620915032679739,0.31594685804605066,0.1895424836601307,0.03592635311205092,0.2549019607843137,0.0649750096116878,0.09803921568627451,0.009611687812379853,0.12418300653594772,0.015421419112307233,0.24183006535947713,0.05848178051176898,0.47058823529411764,0.22145328719723184
Normal 2019,USOIL,876,0,0.40310077519379844,0.16249023496184123,0.3798449612403101,0.14428219457965266,0.18604651162790697,0.03461330448891292,0.4806201550387597,0.23099573342948143,0.24031007751937986,0.05774893335737036,0.6356589147286822,0.40406225587404604,0.49612403100775193,0.2461390541433808,0.6434108527131783,0.41397752538909927,0.8682170542635659,0.7538008533141037
Normal 2019,USOIL,877,0,0.46511627906976744,0.21633315305570577,0.37209302325581395,0.1384532179556517,0.26356589147286824,0.06946697914788776,0.49612403100775193,0.2461390541433808,0.4573643410852713,0.20918214049636438,0.627906976744186,0.3942671714440238,0.4418604651162791,0.19524067063277448,0.5193798449612403,0.26975542335196206,0.8294573643410853,0.68799951925966
Normal 2019,USOIL,878,0,0.4573643410852713,0.20918214049636438,0.29457364341085274,0.08677363139234423,0.09302325581395349,0.00865332612222823,0.4186046511627907,0.1752298539751217,0.4263565891472868,0.1817799411093083,0.5038759689922481,0.2538909921278769,0.3643410852713178,0.1327444264166817,0.32558139534883723,0.10600324499729585,0.8062015503875969,0.6499609398473649
Normal 2019,USOIL,879,0,0.2868217054263566,0.08226669070368368,0.27906976744186046,0.07787993510005409,0.23255813953488372,0.05408328826392644,0.37209302325581395,0.1384532179556517,0.37209302325581395,0.1384532179556517,0.40310077519379844,0.16249023496184123,0.35658914728682173,0.12715581996274264,0.4883720930232558,0.23850730124391561,0.7829457364341085,0.6130040262003484
Normal 2019,USOIL,880,0,0.3875968992248062,0.1502313562886846,0.3488372093023256,0.12168739859383451,0.37209302325581395,0.1384532179556517,0.5116279069767442,0.26176311519740403,0.3178294573643411,0.10101556396851151,0.3798449612403101,0.14428219457965266,0.34108527131782945,0.11633916230995733,0.4496124031007752,0.20215131302205397,0.7674418604651163,0.588967009194159
Normal 2019,USOIL,881,0,0.49612403100775193,0.2461390541433808,0.31007751937984496,0.09614806802475813,0.3333333333333333,0.1111111111111111,0.5038759689922481,0.2538909921278769,0.35658914728682173,0.12715581996274264,0.34108527131782945,0.11633916230995733,0.26356589147286824,0.06946697914788776,0.4573643410852713,0.20918214049636438,0.7286821705426356,0.5309777056667268
Normal 2019,USOIL,882,0,0.32558139534883723,0.10600324499729585,0.2248062015503876,0.05053782825551349,0.20155038759689922,0.04062255874046031,0.5271317829457365,0.277867916591551,0.16279069767441862,0.026500811249323963,0.24031007751937986,0.05774893335737036,0.2248062015503876,0.05053782825551349,0.29457364341085274,0.08677363139234423,0.6744186046511628,0.4548404542996214
Normal 2019,USOIL,883,0,0.4806201550387597,0.23099573342948143,0.46511627906976744,0.21633315305570577,0.3875968992248062,0.1502313562886846,0.4263565891472868,0.1817799411093083,0.31007751937984496,0.09614806802475813,0.24806201550387597,0.0615347635358452,0.27906976744186046,0.07787993510005409,0.3798449612403101,0.14428219457965266,0.689922480620155,0.4759930292650682
Normal 2019,USOIL,884,0,0.5658914728682171,0.32023315906496,0.6201550387596899,0.3845922720990325,0.2558139534883721,0.06544077879935101,0.5503875968992248,0.30292650682050354,0.4496124031007752,0.20215131302205397,0.29457364341085274,0.08677363139234423,0.3023255813953488,0.09140075716603568,0.37209302325581395,0.1384532179556517,0.6821705426356589,0.46535664923982933
Normal 2019,USOIL,885,0,0.4186046511627907,0.1752298539751217,0.6356589147286822,0.40406225587404604,0.6356589147286822,0.40406225587404604,0.4728682170542636,0.2236043507000781,0.4108527131782946,0.168799951925966,0.31007751937984496,0.09614806802475813,0.5116279069767442,0.26176311519740403,0.4728682170542636,0.2236043507000781,0.8914728682170543,0.7947238747671415
Normal 2019,USOIL,886,0,0.4728682170542636,0.2236043507000781,0.6124031007751938,0.37503755783907217,0.4108527131782946,0.168799951925966,0.6201550387596899,0.3845922720990325,0.5503875968992248,0.30292650682050354,0.37209302325581395,0.1384532179556517,0.6589147286821705,0.4341686196742984,0.5038759689922481,0.2538909921278769,0.9457364341085271,0.8944174028003125
Normal 2019,USOIL,887,0,0.43410852713178294,0.18845021332852593,0.6666666666666666,0.4444444444444444,0.689922480620155,0.4759930292650682,0.6821705426356589,0.46535664923982933,0.49612403100775193,0.2461390541433808,0.5193798449612403,0.26975542335196206,0.689922480620155,0.4759930292650682,0.5813953488372093,0.3380205516495403,0.9844961240310077,0.9692326182320773
Normal 2019,USOIL,888,0,0.5193798449612403,0.26975542335196206,0.5658914728682171,0.32023315906496,0.5891472868217055,0.3470945255693769,0.4418604651162791,0.19524067063277448,0.40310077519379844,0.16249023496184123,0.5968992248062015,0.3562886845742443,0.6976744186046512,0.48674959437533805,0.6666666666666666,0.4444444444444444,0.9922480620155039,0.9845562165735232
Normal 2019,USOIL,889,0,0.3798449612403101,0.14428219457965266,0.6511627906976745,0.4240129799891834,0.5736434108527132,0.32906676281473474,0.5426356589147286,0.2944534583258217,0.5348837209302325,0.28610059491617085,0.5658914728682171,0.32023315906496,0.6821705426356589,0.46535664923982933,0.5736434108527132,0.32906676281473474,0.9534883720930233,0.9091400757166036
Normal 2019,USOIL,890,0,0.5426356589147286,0.2944534583258217,0.5891472868217055,0.3470945255693769,0.5348837209302325,0.28610059491617085,0.7674418604651163,0.588967009194159,0.6201550387596899,0.3845922720990325,0.6589147286821705,0.4341686196742984,0.6666666666666666,0.4444444444444444,0.5891472868217055,0.3470945255693769,0.9689922480620154,0.9389459768042785
Normal 2019,USOIL,891,0,0.5736434108527132,0.32906676281473474,0.6046511627906976,0.36560302866414274,0.4496124031007752,0.20215131302205397,0.7131782945736435,0.5086232798509706,0.5581395348837209,0.31151974040021635,0.6434108527131783,0.41397752538909927,0.6434108527131783,0.41397752538909927,0.6046511627906976,0.36560302866414274,0.9612403100775194,0.9239829337179257
Normal 2019,USOIL,892,0,0.5271317829457365,0.277867916591551,0.6434108527131783,0.41397752538909927,0.5193798449612403,0.26975542335196206,0.7054263565891473,0.4976263445706388,0.6124031007751938,0.37503755783907217,0.6046511627906976,0.36560302866414274,0.6511627906976745,0.4240129799891834,0.8527131782945736,0.7271197644372333,0.9767441860465116,0.9540292049756625
Normal 2019,USOIL,893,0,0.5348837209302325,0.28610059491617085,0.5968992248062015,0.3562886845742443,0.6046511627906976,0.36560302866414274,0.8372093023255814,0.7009194159004868,0.23255813953488372,0.05408328826392644,0.689922480620155,0.4759930292650682,0.6124031007751938,0.37503755783907217,0.627906976744186,0.3942671714440238,0.9302325581395349,0.8653326122228231
Normal 2019,USOIL,894,0,0.5813953488372093,0.3380205516495403,0.6744186046511628,0.4548404542996214,0.3488372093023256,0.12168739859383451,0.9224806201550387,0.8509704945616249,0.3023255813953488,0.09140075716603568,0.5271317829457365,0.277867916591551,0.5891472868217055,0.3470945255693769,0.9689922480620154,0.9389459768042785,0.9147286821705426,0.8367285619854575
Normal 2019,USOIL,895,0,0.6589147286821705,0.4341686196742984,0.6589147286821705,0.4341686196742984,0.8062015503875969,0.6499609398473649,0.9302325581395349,0.8653326122228231,0.627906976744186,0.3942671714440238,0.4573643410852713,0.20918214049636438,0.6046511627906976,0.36560302866414274,0.8914728682170543,0.7947238747671415,0.9069767441860465,0.8226068144943212
Normal 2019,USOIL,896,0,0.6434108527131783,0.41397752538909927,0.5193798449612403,0.26975542335196206,0.7751937984496124,0.6009254251547383,0.9147286821705426,0.8367285619854575,0.4806201550387597,0.23099573342948143,0.2868217054263566,0.08226669070368368,0.5813953488372093,0.3380205516495403,0.9224806201550387,0.8509704945616249,0.9224806201550387,0.8509704945616249
Normal 2019,USOIL,897,0,0.4418604651162791,0.19524067063277448,0.4573643410852713,0.20918214049636438,0.5503875968992248,0.30292650682050354,0.8449612403100775,0.7139594976263445,0.3643410852713178,0.1327444264166817,0.26356589147286824,0.06946697914788776,0.5658914728682171,0.32023315906496,0.8992248062015504,0.8086052520882159,0.937984496124031,0.8798149149690524
Normal 2019,USOIL,898,0,0.9224806201550387,0.8509704945616249,0.7364341085271318,0.5423351962021513,0.8914728682170543,0.7947238747671415,0.24031007751937986,0.05774893335737036,0.7364341085271318,0.5423351962021513,0.5426356589147286,0.2944534583258217,0.031007751937984496,0.0009614806802475813,0.813953488372093,0.662520281233099,0.11627906976744186,0.01352082206598161
Normal 2019,USOIL,899,0,0.8372093023255814,0.7009194159004868,0.7286821705426356,0.5309777056667268,0.813953488372093,0.662520281233099,0.6046511627906976,0.36560302866414274,0.7054263565891473,0.4976263445706388,0.5116279069767442,0.26176311519740403,0.03875968992248062,0.0015023135628868458,0.31007751937984496,0.09614806802475813,0.2248062015503876,0.05053782825551349
Normal 2019,USOIL,900,0,0.7596899224806202,0.5771287783186106,0.7209302325581395,0.519740400216333,0.9534883720930233,0.9091400757166036,0.6744186046511628,0.4548404542996214,0.6821705426356589,0.46535664923982933,0.35658914728682173,0.12715581996274264,0.023255813953488372,0.0005408328826392644,0.3643410852713178,0.1327444264166817,0.23255813953488372,0.05408328826392644
Normal 2019,USOIL,901,0,0.6976744186046512,0.48674959437533805,0.7131782945736435,0.5086232798509706,0.6744186046511628,0.4548404542996214,0.5968992248062015,0.3562886845742443,0.6744186046511628,0.4548404542996214,0.4806201550387597,0.23099573342948143,0.015503875968992248,0.00024037017006189532,0.3953488372093023,0.1563007030827474,0.24031007751937986,0.05774893335737036
Normal 2019,USOIL,902,0,0.5581395348837209,0.31151974040021635,0.689922480620155,0.4759930292650682,0.5581395348837209,0.31151974040021635,0.7286821705426356,0.5309777056667268,0.6046511627906976,0.36560302866414274,0.20930232558139536,0.043807463493780424,0.007751937984496124,6.009254251547383e-05,0.3178294573643411,0.10101556396851151,0.24806201550387597,0.0615347635358452
Normal 2019,USOIL,903,0,0.7751937984496124,0.6009254251547383,0.751937984496124,0.5654107325280933,0.8527131782945736,0.7271197644372333,0.6356589147286822,0.40406225587404604,0.7286821705426356,0.5309777056667268,0.3875968992248062,0.1502313562886846,0.31007751937984496,0.09614806802475813,0.8449612403100775,0.7139594976263445,0.15503875968992248,0.024037017006189532
Normal 2019,USOIL,904,0,0.8527131782945736,0.7271197644372333,0.8217054263565892,0.675199807703864,0.7209302325581395,0.519740400216333,0.9534883720930233,0.9091400757166036,0.8992248062015504,0.8086052520882159,0.813953488372093,0.662520281233099,0.8604651162790697,0.740400216333153,0.7054263565891473,0.4976263445706388,0.023255813953488372,0.0005408328826392644
Normal 2019,USOIL,905,0,0.8914728682170543,0.7947238747671415,0.8449612403100775,0.7139594976263445,0.7596899224806202,0.5771287783186106,0.8527131782945736,0.7271197644372333,0.8837209302325582,0.7809626825310979,0.7209302325581395,0.519740400216333,0.8372093023255814,0.7009194159004868,0.6124031007751938,0.37503755783907217,0.031007751937984496,0.0009614806802475813
Normal 2019,USOIL,906,0,0.875968992248062,0.7673216753800853,0.8372093023255814,0.7009194159004868,0.8837209302325582,0.7809626825310979,0.813953488372093,0.662520281233099,0.8682170542635659,0.7538008533141037,0.9689922480620154,0.9389459768042785,0.8294573643410853,0.68799951925966,0.3875968992248062,0.1502313562886846,0.046511627906976744,0.0021633315305570576
Normal 2019,USOIL,907,0,0.9767441860465116,0.9540292049756625,0.9069767441860465,0.8226068144943212,0.7829457364341085,0.6130040262003484,0.751937984496124,0.5654107325280933,0.8604651162790697,0.740400216333153,0.9767441860465116,0.9540292049756625,0.8527131782945736,0.7271197644372333,0.7209302325581395,0.519740400216333,0.007751937984496124,6.009254251547383e-05
Normal 2019,USOIL,908,0,0.9844961240310077,0.9692326182320773,0.9612403100775194,0.9239829337179257,0.7441860465116279,0.5538128718226067,0.8837209302325582,0.7809626825310979,0.8914728682170543,0.7947238747671415,0.9922480620155039,0.9845562165735232,0.8992248062015504,0.8086052520882159,0.937984496124031,0.8798149149690524,0.015503875968992248,0.00024037017006189532
Normal 2019,USOIL,909,0,0.9922480620155039,0.9845562165735232,0.9844961240310077,0.9692326182320773,0.8682170542635659,0.7538008533141037,0.7906976744186046,0.6252028123309896,0.9069767441860465,0.8226068144943212,0.9534883720930233,0.9091400757166036,0.9147286821705426,0.8367285619854575,0.8372093023255814,0.7009194159004868,0.03875968992248062,0.0015023135628868458
Normal 2019,USOIL,910,0,0.9689922480620154,0.9389459768042785,0.8294573643410853,0.68799951925966,0.8294573643410853,0.68799951925966,0.9069767441860465,0.8226068144943212,0.7829457364341085,0.6130040262003484,0.7906976744186046,0.6252028123309896,0.6744186046511628,0.4548404542996214,0.6511627906976745,0.4240129799891834,0.1937984496124031,0.03755783907217115
Normal 2019,USOIL,911,0,0.937984496124031,0.8798149149690524,0.875968992248062,0.7673216753800853,0.8604651162790697,0.740400216333153,0.7829457364341085,0.6130040262003484,0.7751937984496124,0.6009254251547383,0.8992248062015504,0.8086052520882159,0.7131782945736435,0.5086232798509706,0.43410852713178294,0.18845021332852593,0.21705426356589147,0.047112553332131483
Normal 2019,USOIL,912,0,0.8449612403100775,0.7139594976263445,0.9534883720930233,0.9091400757166036,0.8449612403100775,0.7139594976263445,0.5348837209302325,0.28610059491617085,0.813953488372093,0.662520281233099,0.8604651162790697,0.740400216333153,0.8062015503875969,0.6499609398473649,0.4186046511627907,0.1752298539751217,0.20930232558139536,0.043807463493780424
Normal 2019,USOIL,913,0,0.8837209302325582,0.7809626825310979,0.9767441860465116,0.9540292049756625,0.875968992248062,0.7673216753800853,0.8294573643410853,0.68799951925966,0.8217054263565892,0.675199807703864,0.8062015503875969,0.6499609398473649,0.8217054263565892,0.675199807703864,0.7596899224806202,0.5771287783186106,0.20155038759689922,0.04062255874046031
Normal 2019,USOIL,914,0,0.8682170542635659,0.7538008533141037,0.9922480620155039,0.9845562165735232,0.8217054263565892,0.675199807703864,0.9457364341085271,0.8944174028003125,0.8294573643410853,0.68799951925966,0.875968992248062,0.7673216753800853,0.8449612403100775,0.7139594976263445,0.6821705426356589,0.46535664923982933,0.18604651162790697,0.03461330448891292
Normal 2019,USOIL,915,0,0.8217054263565892,0.675199807703864,0.9689922480620154,0.9389459768042785,0.7984496124031008,0.6375217835466618,0.6434108527131783,0.41397752538909927,0.8372093023255814,0.7009194159004868,0.8527131782945736,0.7271197644372333,0.875968992248062,0.7673216753800853,0.689922480620155,0.4759930292650682,0.17829457364341086,0.03178895499068566
Normal 2019,USOIL,916,0,0.813953488372093,0.662520281233099,0.9457364341085271,0.8944174028003125,0.9224806201550387,0.8509704945616249,0.6124031007751938,0.37503755783907217,0.8527131782945736,0.7271197644372333,0.9302325581395349,0.8653326122228231,0.8837209302325582,0.7809626825310979,0.8062015503875969,0.6499609398473649,0.17054263565891473,0.029084790577489333
Normal 2019,USOIL,917,0,0.7984496124031008,0.6375217835466618,0.9224806201550387,0.8509704945616249,0.8372093023255814,0.7009194159004868,0.627906976744186,0.3942671714440238,0.8449612403100775,0.7139594976263445,0.7984496124031008,0.6375217835466618,0.8682170542635659,0.7538008533141037,0.5116279069767442,0.26176311519740403,0.16279069767441862,0.026500811249323963
Normal 2019,USOIL,918,0,0.8062015503875969,0.6499609398473649,0.8914728682170543,0.7947238747671415,0.7674418604651163,0.588967009194159,0.8682170542635659,0.7538008533141037,0.875968992248062,0.7673216753800853,0.8914728682170543,0.7947238747671415,0.8914728682170543,0.7947238747671415,0.7131782945736435,0.5086232798509706,0.14728682170542637,0.021693407848086058
Normal 2019,USOIL,919,0,0.8992248062015504,0.8086052520882159,0.9302325581395349,0.8653326122228231,0.8992248062015504,0.8086052520882159,0.7364341085271318,0.5423351962021513,0.9147286821705426,0.8367285619854575,0.9844961240310077,0.9692326182320773,0.9302325581395349,0.8653326122228231,0.5503875968992248,0.30292650682050354,0.13953488372093023,0.019469983775013522
Normal 2019,USOIL,920,0,0.8604651162790697,0.740400216333153,0.937984496124031,0.8798149149690524,0.9147286821705426,0.8367285619854575,0.689922480620155,0.4759930292650682,0.9224806201550387,0.8509704945616249,0.9612403100775194,0.9239829337179257,0.9457364341085271,0.8944174028003125,0.7674418604651163,0.588967009194159,0.12403100775193798,0.0153836908839613
Normal 2019,USOIL,921,0,0.9069767441860465,0.8226068144943212,0.9147286821705426,0.8367285619854575,0.9767441860465116,0.9540292049756625,0.8062015503875969,0.6499609398473649,0.9457364341085271,0.8944174028003125,0.8449612403100775,0.7139594976263445,0.937984496124031,0.8798149149690524,0.7286821705426356,0.5309777056667268,0.13178294573643412,0.01736674478697194
Normal 2019,USOIL,922,0,0.9302325581395349,0.8653326122228231,0.8992248062015504,0.8086052520882159,0.9689922480620154,0.9389459768042785,0.9689922480620154,0.9389459768042785,0.9534883720930233,0.9091400757166036,0.9457364341085271,0.8944174028003125,0.9534883720930233,0.9091400757166036,0.8294573643410853,0.68799951925966,0.10852713178294573,0.011778138333032871
Normal 2019,USOIL,923,0,0.9612403100775194,0.9239829337179257,0.8837209302325582,0.7809626825310979,0.9457364341085271,0.8944174028003125,0.8914728682170543,0.7947238747671415,0.9612403100775194,0.9239829337179257,0.9147286821705426,0.8367285619854575,0.9689922480620154,0.9389459768042785,0.7984496124031008,0.6375217835466618,0.10077519379844961,0.010155639685115077
Normal 2019,USOIL,924,0,0.9457364341085271,0.8944174028003125,0.8604651162790697,0.740400216333153,0.9844961240310077,0.9692326182320773,0.8604651162790697,0.740400216333153,0.9302325581395349,0.8653326122228231,0.8217054263565892,0.675199807703864,0.9844961240310077,0.9692326182320773,0.8217054263565892,0.675199807703864,0.09302325581395349,0.00865332612222823
Normal 2019,USOIL,925,0,0.9534883720930233,0.9091400757166036,0.8682170542635659,0.7538008533141037,0.9612403100775194,0.9239829337179257,0.5581395348837209,0.31151974040021635,0.9689922480620154,0.9389459768042785,0.937984496124031,0.8798149149690524,0.9922480620155039,0.9845562165735232,0.751937984496124,0.5654107325280933,0.08527131782945736,0.007271197644372333
Normal 2019,USOIL,926,0,0.9147286821705426,0.8367285619854575,0.8527131782945736,0.7271197644372333,0.9922480620155039,0.9845562165735232,0.7596899224806202,0.5771287783186106,0.9922480620155039,0.9845562165735232,0.7674418604651163,0.588967009194159,0.9767441860465116,0.9540292049756625,0.8604651162790697,0.740400216333153,0.05426356589147287,0.0029445345832582177
Normal 2019,USOIL,927,0,0.8294573643410853,0.68799951925966,0.813953488372093,0.662520281233099,0.937984496124031,0.8798149149690524,0.6976744186046512,0.48674959437533805,0.9844961240310077,0.9692326182320773,0.7751937984496124,0.6009254251547383,0.9612403100775194,0.9239829337179257,0.7751937984496124,0.6009254251547383,0.06201550387596899,0.003845922720990325
Normal 2019,USOIL,928,0,0.7906976744186046,0.6252028123309896,0.8062015503875969,0.6499609398473649,0.9302325581395349,0.8653326122228231,0.5658914728682171,0.32023315906496,0.937984496124031,0.8798149149690524,0.6124031007751938,0.37503755783907217,0.9224806201550387,0.8509704945616249,0.8837209302325582,0.7809626825310979,0.06976744186046512,0.0048674959437533805
Normal 2019,USOIL,929,0,0.7674418604651163,0.588967009194159,0.7906976744186046,0.6252028123309896,0.9069767441860465,0.8226068144943212,0.3953488372093023,0.1563007030827474,0.9767441860465116,0.9540292049756625,0.46511627906976744,0.21633315305570577,0.9069767441860465,0.8226068144943212,0.18604651162790697,0.03461330448891292,0.07751937984496124,0.006009254251547383
Normal 2019,USOIL,930,0,0.24806201550387597,0.0615347635358452,0.7596899224806202,0.5771287783186106,0.7906976744186046,0.6252028123309896,0.3023255813953488,0.09140075716603568,0.7596899224806202,0.5771287783186106,0.4263565891472868,0.1817799411093083,0.7054263565891473,0.4976263445706388,0.14728682170542637,0.021693407848086058,0.2713178294573643,0.07361336458145543
Normal 2019,USOIL,931,0,0.4263565891472868,0.1817799411093083,0.7441860465116279,0.5538128718226067,0.6976744186046512,0.48674959437533805,0.29457364341085274,0.08677363139234423,0.7674418604651163,0.588967009194159,0.7596899224806202,0.5771287783186106,0.7596899224806202,0.5771287783186106,0.17054263565891473,0.029084790577489333,0.2868217054263566,0.08226669070368368
Normal 2019,USOIL,932,0,0.37209302325581395,0.1384532179556517,0.7751937984496124,0.6009254251547383,0.751937984496124,0.5654107325280933,0.21705426356589147,0.047112553332131483,0.7984496124031008,0.6375217835466618,0.8682170542635659,0.7538008533141037,0.7829457364341085,0.6130040262003484,0.3023255813953488,0.09140075716603568,0.27906976744186046,0.07787993510005409
Normal 2019,USOIL,933,0,0.5968992248062015,0.3562886845742443,0.7829457364341085,0.6130040262003484,0.6434108527131783,0.41397752538909927,0.5193798449612403,0.26975542335196206,0.8062015503875969,0.6499609398473649,0.9224806201550387,0.8509704945616249,0.7984496124031008,0.6375217835466618,0.24031007751937986,0.05774893335737036,0.26356589147286824,0.06946697914788776
Normal 2019,USOIL,934,0,0.627906976744186,0.3942671714440238,0.7674418604651163,0.588967009194159,0.5658914728682171,0.32023315906496,0.4496124031007752,0.20215131302205397,0.7906976744186046,0.6252028123309896,0.9069767441860465,0.8226068144943212,0.7906976744186046,0.6252028123309896,0.40310077519379844,0.16249023496184123,0.2558139534883721,0.06544077879935101
Normal 2019,USOIL,935,0,0.7131782945736435,0.5086232798509706,0.5348837209302325,0.28610059491617085,0.7364341085271318,0.5423351962021513,0.7441860465116279,0.5538128718226067,0.7209302325581395,0.519740400216333,0.8837209302325582,0.7809626825310979,0.7286821705426356,0.5309777056667268,0.5581395348837209,0.31151974040021635,0.3488372093023256,0.12168739859383451
Normal 2019,USOIL,936,0,0.7441860465116279,0.5538128718226067,0.4883720930232558,0.23850730124391561,0.35658914728682173,0.12715581996274264,0.9612403100775194,0.9239829337179257,0.7441860465116279,0.5538128718226067,0.8294573643410853,0.68799951925966,0.7209302325581395,0.519740400216333,0.7441860465116279,0.5538128718226067,0.35658914728682173,0.12715581996274264
Normal 2019,USOIL,937,0,0.689922480620155,0.4759930292650682,0.5813953488372093,0.3380205516495403,0.6511627906976745,0.4240129799891834,0.6589147286821705,0.4341686196742984,0.7131782945736435,0.5086232798509706,0.7829457364341085,0.6130040262003484,0.751937984496124,0.5654107325280933,0.7364341085271318,0.5423351962021513,0.3333333333333333,0.1111111111111111
Normal 2019,USOIL,938,0,0.5891472868217055,0.3470945255693769,0.5116279069767442,0.26176311519740403,0.6589147286821705,0.4341686196742984,0.3643410852713178,0.1327444264166817,0.6976744186046512,0.48674959437533805,0.7054263565891473,0.4976263445706388,0.7364341085271318,0.5423351962021513,0.6744186046511628,0.4548404542996214,0.32558139534883723,0.10600324499729585
Normal 2019,USOIL,939,0,0.5116279069767442,0.26176311519740403,0.4728682170542636,0.2236043507000781,0.43410852713178294,0.18845021332852593,0.7209302325581395,0.519740400216333,0.6511627906976745,0.4240129799891834,0.6201550387596899,0.3845922720990325,0.7441860465116279,0.5538128718226067,0.49612403100775193,0.2461390541433808,0.34108527131782945,0.11633916230995733
Normal 2019,USOIL,940,0,0.6201550387596899,0.3845922720990325,0.5038759689922481,0.2538909921278769,0.627906976744186,0.3942671714440238,0.4883720930232558,0.23850730124391561,0.6434108527131783,0.41397752538909927,0.7286821705426356,0.5309777056667268,0.7674418604651163,0.588967009194159,0.7906976744186046,0.6252028123309896,0.3798449612403101,0.14428219457965266
Normal 2019,USOIL,941,0,0.5503875968992248,0.30292650682050354,0.4496124031007752,0.20215131302205397,0.11627906976744186,0.01352082206598161,0.5813953488372093,0.3380205516495403,0.5891472868217055,0.3470945255693769,0.6976744186046512,0.48674959437533805,0.7751937984496124,0.6009254251547383,0.8682170542635659,0.7538008533141037,0.3953488372093023,0.1563007030827474
Normal 2019,USOIL,942,0,0.4496124031007752,0.20215131302205397,0.046511627906976744,0.0021633315305570576,0.5426356589147286,0.2944534583258217,0.23255813953488372,0.05408328826392644,0.27906976744186046,0.07787993510005409,0.3333333333333333,0.1111111111111111,0.627906976744186,0.3942671714440238,0.34108527131782945,0.11633916230995733,0.4186046511627907,0.1752298539751217
Normal 2019,USOIL,943,0,0.4883720930232558,0.23850730124391561,0.14728682170542637,0.021693407848086058,0.4263565891472868,0.1817799411093083,0.4108527131782946,0.168799951925966,0.2558139534883721,0.06544077879935101,0.3023255813953488,0.09140075716603568,0.5736434108527132,0.32906676281473474,0.5968992248062015,0.3562886845742443,0.4263565891472868,0.1817799411093083
Normal 2019,USOIL,944,0,0.7054263565891473,0.4976263445706388,0.13178294573643412,0.01736674478697194,0.023255813953488372,0.0005408328826392644,0.5891472868217055,0.3470945255693769,0.34108527131782945,0.11633916230995733,0.5581395348837209,0.31151974040021635,0.5193798449612403,0.26975542335196206,0.4418604651162791,0.19524067063277448,0.4418604651162791,0.19524067063277448
Normal 2019,USOIL,945,0,0.6124031007751938,0.37503755783907217,0.10077519379844961,0.010155639685115077,0.17054263565891473,0.029084790577489333,0.4573643410852713,0.20918214049636438,0.17829457364341086,0.03178895499068566,0.43410852713178294,0.18845021332852593,0.4883720930232558,0.23850730124391561,0.9767441860465116,0.9540292049756625,0.4728682170542636,0.2236043507000781
Normal 2019,USOIL,946,0,0.27906976744186046,0.07787993510005409,0.3023255813953488,0.09140075716603568,0.24031007751937986,0.05774893335737036,0.35658914728682173,0.12715581996274264,0.3875968992248062,0.1502313562886846,0.18604651162790697,0.03461330448891292,0.46511627906976744,0.21633315305570577,0.6976744186046512,0.48674959437533805,0.5736434108527132,0.32906676281473474
Normal 2019,USOIL,947,0,0.35658914728682173,0.12715581996274264,0.20155038759689922,0.04062255874046031,0.13178294573643412,0.01736674478697194,0.2558139534883721,0.06544077879935101,0.20930232558139536,0.043807463493780424,0.16279069767441862,0.026500811249323963,0.4806201550387597,0.23099573342948143,0.6356589147286822,0.40406225587404604,0.5891472868217055,0.3470945255693769
Normal 2019,USOIL,948,0,0.3333333333333333,0.1111111111111111,0.08527131782945736,0.007271197644372333,0.3643410852713178,0.1327444264166817,0.3178294573643411,0.10101556396851151,0.2248062015503876,0.05053782825551349,0.17829457364341086,0.03178895499068566,0.43410852713178294,0.18845021332852593,0.4806201550387597,0.23099573342948143,0.6356589147286822,0.40406225587404604
Normal 2019,USOIL,949,0,0.3178294573643411,0.10101556396851151,0.11627906976744186,0.01352082206598161,0.5038759689922481,0.2538909921278769,0.5736434108527132,0.32906676281473474,0.11627906976744186,0.01352082206598161,0.23255813953488372,0.05408328826392644,0.4573643410852713,0.20918214049636438,0.6589147286821705,0.4341686196742984,0.6124031007751938,0.37503755783907217
Normal 2019,USOIL,950,0,0.31007751937984496,0.09614806802475813,0.15503875968992248,0.024037017006189532,0.007751937984496124,6.009254251547383e-05,0.34108527131782945,0.11633916230995733,0.15503875968992248,0.024037017006189532,0.21705426356589147,0.047112553332131483,0.4263565891472868,0.1817799411093083,0.6201550387596899,0.3845922720990325,0.627906976744186,0.3942671714440238
Normal 2019,USOIL,951,0,0.6356589147286822,0.40406225587404604,0.3643410852713178,0.1327444264166817,0.046511627906976744,0.0021633315305570576,0.8217054263565892,0.675199807703864,0.29457364341085274,0.08677363139234423,0.4728682170542636,0.2236043507000781,0.5503875968992248,0.30292650682050354,0.9147286821705426,0.8367285619854575,0.6046511627906976,0.36560302866414274
Normal 2019,USOIL,952,0,0.6046511627906976,0.36560302866414274,0.2868217054263566,0.08226669070368368,0.031007751937984496,0.0009614806802475813,0.6666666666666666,0.4444444444444444,0.3798449612403101,0.14428219457965266,0.4418604651162791,0.19524067063277448,0.5271317829457365,0.277867916591551,0.9457364341085271,0.8944174028003125,0.7131782945736435,0.5086232798509706
Normal 2019,USOIL,953,0,0.6511627906976745,0.4240129799891834,0.3333333333333333,0.1111111111111111,0.10077519379844961,0.010155639685115077,0.8992248062015504,0.8086052520882159,0.4883720930232558,0.23850730124391561,0.49612403100775193,0.2461390541433808,0.5426356589147286,0.2944534583258217,0.9069767441860465,0.8226068144943212,0.813953488372093,0.662520281233099
Normal 2019,USOIL,954,0,0.6666666666666666,0.4444444444444444,0.3953488372093023,0.1563007030827474,0.34108527131782945,0.11633916230995733,0.937984496124031,0.8798149149690524,0.4728682170542636,0.2236043507000781,0.4883720930232558,0.23850730124391561,0.5581395348837209,0.31151974040021635,0.9844961240310077,0.9692326182320773,0.7984496124031008,0.6375217835466618
Normal 2019,USOIL,955,0,0.751937984496124,0.5654107325280933,0.5736434108527132,0.32906676281473474,0.7286821705426356,0.5309777056667268,0.9922480620155039,0.9845562165735232,0.6356589147286822,0.40406225587404604,0.7441860465116279,0.5538128718226067,0.6201550387596899,0.3845922720990325,0.9922480620155039,0.9845562165735232,0.5968992248062015,0.3562886845742443
Normal 2019,USOIL,956,0,0.6744186046511628,0.4548404542996214,0.34108527131782945,0.11633916230995733,0.4186046511627907,0.1752298539751217,0.9767441860465116,0.9540292049756625,0.5193798449612403,0.26975542335196206,0.4496124031007752,0.20215131302205397,0.4728682170542636,0.2236043507000781,0.875968992248062,0.7673216753800853,0.7209302325581395,0.519740400216333
Normal 2019,USOIL,957,0,0.7209302325581395,0.519740400216333,0.26356589147286824,0.06946697914788776,0.4573643410852713,0.20918214049636438,0.9844961240310077,0.9692326182320773,0.5271317829457365,0.277867916591551,0.5891472868217055,0.3470945255693769,0.5038759689922481,0.2538909921278769,0.9612403100775194,0.9239829337179257,0.6976744186046512,0.48674959437533805
Normal 2019,USOIL,958,0,0.7286821705426356,0.5309777056667268,0.3178294573643411,0.10101556396851151,0.3953488372093023,0.1563007030827474,0.7751937984496124,0.6009254251547383,0.46511627906976744,0.21633315305570577,0.5736434108527132,0.32906676281473474,0.5348837209302325,0.28610059491617085,0.7829457364341085,0.6130040262003484,0.6666666666666666,0.4444444444444444
Normal 2019,USOIL,959,0,0.6821705426356589,0.46535664923982933,0.2713178294573643,0.07361336458145543,0.7131782945736435,0.5086232798509706,0.7984496124031008,0.6375217835466618,0.5813953488372093,0.3380205516495403,0.6744186046511628,0.4548404542996214,0.5968992248062015,0.3562886845742443,0.9534883720930233,0.9091400757166036,0.6201550387596899,0.3845922720990325
Normal 2019,USOIL,960,0,0.7364341085271318,0.5423351962021513,0.35658914728682173,0.12715581996274264,0.2868217054263566,0.08226669070368368,0.875968992248062,0.7673216753800853,0.5658914728682171,0.32023315906496,0.6511627906976745,0.4240129799891834,0.6356589147286822,0.40406225587404604,0.9302325581395349,0.8653326122228231,0.5813953488372093,0.3380205516495403
Normal 2019,USOIL,961,0,0.3953488372093023,0.1563007030827474,0.21705426356589147,0.047112553332131483,0.4418604651162791,0.19524067063277448,0.43410852713178294,0.18845021332852593,0.20155038759689922,0.04062255874046031,0.3643410852713178,0.1327444264166817,0.4496124031007752,0.20215131302205397,0.5658914728682171,0.32023315906496,0.7596899224806202,0.5771287783186106
Normal 2019,USOIL,962,0,0.5038759689922481,0.2538909921278769,0.12403100775193798,0.0153836908839613,0.1937984496124031,0.03755783907217115,0.10077519379844961,0.010155639685115077,0.21705426356589147,0.047112553332131483,0.3953488372093023,0.1563007030827474,0.4108527131782946,0.168799951925966,0.5348837209302325,0.28610059491617085,0.7751937984496124,0.6009254251547383
Normal 2019,USOIL,963,0,0.24031007751937986,0.05774893335737036,0.5503875968992248,0.30292650682050354,0.2248062015503876,0.05053782825551349,0.40310077519379844,0.16249023496184123,0.5968992248062015,0.3562886845742443,0.5813953488372093,0.3380205516495403,0.24806201550387597,0.0615347635358452,0.5271317829457365,0.277867916591551,0.31007751937984496,0.09614806802475813
Normal 2019,USOIL,964,0,0.4108527131782946,0.168799951925966,0.5426356589147286,0.2944534583258217,0.4806201550387597,0.23099573342948143,0.6511627906976745,0.4240129799891834,0.43410852713178294,0.18845021332852593,0.5503875968992248,0.30292650682050354,0.18604651162790697,0.03461330448891292,0.5426356589147286,0.2944534583258217,0.37209302325581395,0.1384532179556517
Normal 2019,USOIL,965,0,0.29457364341085274,0.08677363139234423,0.2558139534883721,0.06544077879935101,0.07751937984496124,0.006009254251547383,0.09302325581395349,0.00865332612222823,0.5038759689922481,0.2538909921278769,0.3488372093023256,0.12168739859383451,0.06201550387596899,0.003845922720990325,0.35658914728682173,0.12715581996274264,0.3643410852713178,0.1327444264166817
Normal 2019,USOIL,966,0,0.20155038759689922,0.04062255874046031,0.23255813953488372,0.05408328826392644,0.5813953488372093,0.3380205516495403,0.3798449612403101,0.14428219457965266,0.4186046511627907,0.1752298539751217,0.4186046511627907,0.1752298539751217,0.13178294573643412,0.01736674478697194,0.46511627906976744,0.21633315305570577,0.4108527131782946,0.168799951925966
Normal 2019,USOIL,967,0,0.2558139534883721,0.06544077879935101,0.16279069767441862,0.026500811249323963,0.05426356589147287,0.0029445345832582177,0.24806201550387597,0.0615347635358452,0.2713178294573643,0.07361336458145543,0.32558139534883723,0.10600324499729585,0.12403100775193798,0.0153836908839613,0.4108527131782946,0.168799951925966,0.4496124031007752,0.20215131302205397
Normal 2019,USOIL,968,0,0.26356589147286824,0.06946697914788776,0.24806201550387597,0.0615347635358452,0.3178294573643411,0.10101556396851151,0.32558139534883723,0.10600324499729585,0.14728682170542637,0.021693407848086058,0.27906976744186046,0.07787993510005409,0.17054263565891473,0.029084790577489333,0.3488372093023256,0.12168739859383451,0.46511627906976744,0.21633315305570577
Normal 2019,USOIL,969,0,0.23255813953488372,0.05408328826392644,0.09302325581395349,0.00865332612222823,0.31007751937984496,0.09614806802475813,0.20930232558139536,0.043807463493780424,0.10852713178294573,0.011778138333032871,0.13953488372093023,0.019469983775013522,0.09302325581395349,0.00865332612222823,0.23255813953488372,0.05408328826392644,0.4883720930232558,0.23850730124391561
Normal 2019,USOIL,970,0,0.17054263565891473,0.029084790577489333,0.24031007751937986,0.05774893335737036,0.20930232558139536,0.043807463493780424,0.06201550387596899,0.003845922720990325,0.09302325581395349,0.00865332612222823,0.14728682170542637,0.021693407848086058,0.14728682170542637,0.021693407848086058,0.4263565891472868,0.1817799411093083,0.5038759689922481,0.2538909921278769
Normal 2019,USOIL,971,0,0.1937984496124031,0.03755783907217115,0.3875968992248062,0.1502313562886846,0.16279069767441862,0.026500811249323963,0.27906976744186046,0.07787993510005409,0.06976744186046512,0.0048674959437533805,0.17054263565891473,0.029084790577489333,0.20155038759689922,0.04062255874046031,0.27906976744186046,0.07787993510005409,0.49612403100775193,0.2461390541433808
Normal 2019,USOIL,972,0,0.16279069767441862,0.026500811249323963,0.4108527131782946,0.168799951925966,0.5116279069767442,0.26176311519740403,0.06976744186046512,0.0048674959437533805,0.07751937984496124,0.006009254251547383,0.12403100775193798,0.0153836908839613,0.17829457364341086,0.03178895499068566,0.3333333333333333,0.1111111111111111,0.5271317829457365,0.277867916591551
Normal 2019,USOIL,973,0,0.11627906976744186,0.01352082206598161,0.4418604651162791,0.19524067063277448,0.13953488372093023,0.019469983775013522,0.2248062015503876,0.05053782825551349,0.13953488372093023,0.019469983775013522,0.10077519379844961,0.010155639685115077,0.13953488372093023,0.019469983775013522,0.2713178294573643,0.07361336458145543,0.5348837209302325,0.28610059491617085
Normal 2019,USOIL,974,0,0.10077519379844961,0.010155639685115077,0.07751937984496124,0.006009254251547383,0.4883720930232558,0.23850730124391561,0.1937984496124031,0.03755783907217115,0.023255813953488372,0.0005408328826392644,0.09302325581395349,0.00865332612222823,0.10852713178294573,0.011778138333032871,0.1937984496124031,0.03755783907217115,0.6589147286821705,0.4341686196742984
Normal 2019,USOIL,975,0,0.06976744186046512,0.0048674959437533805,0.10852713178294573,0.011778138333032871,0.3798449612403101,0.14428219457965266,0.07751937984496124,0.006009254251547383,0.05426356589147287,0.0029445345832582177,0.08527131782945736,0.007271197644372333,0.16279069767441862,0.026500811249323963,0.13953488372093023,0.019469983775013522,0.6511627906976745,0.4240129799891834
Normal 2019,USOIL,976,0,0.05426356589147287,0.0029445345832582177,0.015503875968992248,0.00024037017006189532,0.29457364341085274,0.08677363139234423,0.12403100775193798,0.0153836908839613,0.007751937984496124,6.009254251547383e-05,0.07751937984496124,0.006009254251547383,0.08527131782945736,0.007271197644372333,0.12403100775193798,0.0153836908839613,0.7364341085271318,0.5423351962021513
Normal 2019,USOIL,977,0,0.13178294573643412,0.01736674478697194,0.06976744186046512,0.0048674959437533805,0.12403100775193798,0.0153836908839613,0.16279069767441862,0.026500811249323963,0.03875968992248062,0.0015023135628868458,0.10852713178294573,0.011778138333032871,0.15503875968992248,0.024037017006189532,0.2558139534883721,0.06544077879935101,0.7906976744186046,0.6252028123309896
Normal 2019,USOIL,978,0,0.14728682170542637,0.021693407848086058,0.13953488372093023,0.019469983775013522,0.17829457364341086,0.03178895499068566,0.3333333333333333,0.1111111111111111,0.08527131782945736,0.007271197644372333,0.13178294573643412,0.01736674478697194,0.21705426356589147,0.047112553332131483,0.2248062015503876,0.05053782825551349,0.8217054263565892,0.675199807703864
Normal 2019,USOIL,979,0,0.12403100775193798,0.0153836908839613,0.17054263565891473,0.029084790577489333,0.06201550387596899,0.003845922720990325,0.20155038759689922,0.04062255874046031,0.1937984496124031,0.03755783907217115,0.15503875968992248,0.024037017006189532,0.2558139534883721,0.06544077879935101,0.20155038759689922,0.04062255874046031,0.875968992248062,0.7673216753800853
Normal 2019,USOIL,980,0,0.2248062015503876,0.05053782825551349,0.17829457364341086,0.03178895499068566,0.32558139534883723,0.10600324499729585,0.46511627906976744,0.21633315305570577,0.24806201550387597,0.0615347635358452,0.20155038759689922,0.04062255874046031,0.3333333333333333,0.1111111111111111,0.24806201550387597,0.0615347635358452,0.8837209302325582,0.7809626825310979
Normal 2019,USOIL,981,0,0.20930232558139536,0.043807463493780424,0.1937984496124031,0.03755783907217115,0.6124031007751938,0.37503755783907217,0.18604651162790697,0.03461330448891292,0.13178294573643412,0.01736674478697194,0.1937984496124031,0.03755783907217115,0.3798449612403101,0.14428219457965266,0.20930232558139536,0.043807463493780424,0.8604651162790697,0.740400216333153
Normal 2019,USOIL,982,0,0.3023255813953488,0.09140075716603568,0.20930232558139536,0.043807463493780424,0.4728682170542636,0.2236043507000781,0.31007751937984496,0.09614806802475813,0.26356589147286824,0.06946697914788776,0.2248062015503876,0.05053782825551349,0.3875968992248062,0.1502313562886846,0.15503875968992248,0.024037017006189532,0.8449612403100775,0.7139594976263445
Normal 2019,USOIL,983,0,0.21705426356589147,0.047112553332131483,0.4186046511627907,0.1752298539751217,0.14728682170542637,0.021693407848086058,0.2713178294573643,0.07361336458145543,0.3953488372093023,0.1563007030827474,0.4108527131782946,0.168799951925966,0.32558139534883723,0.10600324499729585,0.16279069767441862,0.026500811249323963,0.7054263565891473,0.4976263445706388
Normal 2019,USOIL,984,0,0.2713178294573643,0.07361336458145543,0.4806201550387597,0.23099573342948143,0.5968992248062015,0.3562886845742443,0.15503875968992248,0.024037017006189532,0.4418604651162791,0.19524067063277448,0.3178294573643411,0.10101556396851151,0.20930232558139536,0.043807463493780424,0.21705426356589147,0.047112553332131483,0.7441860465116279,0.5538128718226067
Normal 2019,USOIL,985,0,0.7829457364341085,0.6130040262003484,0.7984496124031008,0.6375217835466618,0.46511627906976744,0.21633315305570577,0.3875968992248062,0.1502313562886846,0.751937984496124,0.5654107325280933,0.8372093023255814,0.7009194159004868,0.813953488372093,0.662520281233099,0.2868217054263566,0.08226669070368368,0.29457364341085274,0.08677363139234423
Normal 2019,USOIL,986,0,0.3488372093023256,0.12168739859383451,0.6976744186046512,0.48674959437533805,0.6821705426356589,0.46535664923982933,0.03875968992248062,0.0015023135628868458,0.6666666666666666,0.4444444444444444,0.6666666666666666,0.4444444444444444,0.2713178294573643,0.07361336458145543,0.26356589147286824,0.06946697914788776,0.5426356589147286,0.2944534583258217
Normal 2019,USOIL,987,0,0.34108527131782945,0.11633916230995733,0.5581395348837209,0.31151974040021635,0.6201550387596899,0.3845922720990325,0.17829457364341086,0.03178895499068566,0.5426356589147286,0.2944534583258217,0.5348837209302325,0.28610059491617085,0.2868217054263566,0.08226669070368368,0.17829457364341086,0.03178895499068566,0.8372093023255814,0.7009194159004868
Normal 2019,USOIL,988,0,0.17829457364341086,0.03178895499068566,0.49612403100775193,0.2461390541433808,0.7054263565891473,0.4976263445706388,0.2868217054263566,0.08226669070368368,0.5116279069767442,0.26176311519740403,0.751937984496124,0.5654107325280933,0.4186046511627907,0.1752298539751217,0.11627906976744186,0.01352082206598161,0.8992248062015504,0.8086052520882159
Normal 2019,USOIL,989,0,0.18604651162790697,0.03461330448891292,0.40310077519379844,0.16249023496184123,0.6666666666666666,0.4444444444444444,0.17054263565891473,0.029084790577489333,0.32558139534883723,0.10600324499729585,0.7131782945736435,0.5086232798509706,0.3488372093023256,0.12168739859383451,0.09302325581395349,0.00865332612222823,0.8527131782945736,0.7271197644372333
Normal 2019,USOIL,990,0,0.15503875968992248,0.024037017006189532,0.43410852713178294,0.18845021332852593,0.5271317829457365,0.277867916591551,0.26356589147286824,0.06946697914788776,0.2868217054263566,0.08226669070368368,0.7364341085271318,0.5423351962021513,0.29457364341085274,0.08677363139234423,0.13178294573643412,0.01736674478697194,0.751937984496124,0.5654107325280933
Normal 2019,USOIL,991,0,0.3643410852713178,0.1327444264166817,0.32558139534883723,0.10600324499729585,0.27906976744186046,0.07787993510005409,0.3488372093023256,0.12168739859383451,0.3333333333333333,0.1111111111111111,0.6821705426356589,0.46535664923982933,0.24031007751937986,0.05774893335737036,0.08527131782945736,0.007271197644372333,0.6434108527131783,0.41397752538909927
Normal 2019,USOIL,992,0,0.13953488372093023,0.019469983775013522,0.05426356589147287,0.0029445345832582177,0.15503875968992248,0.024037017006189532,0.13953488372093023,0.019469983775013522,0.18604651162790697,0.03461330448891292,0.2713178294573643,0.07361336458145543,0.10077519379844961,0.010155639685115077,0.10077519379844961,0.010155639685115077,0.5658914728682171,0.32023315906496
Normal 2019,USOIL,993,0,0.10852713178294573,0.011778138333032871,0.031007751937984496,0.0009614806802475813,0.03875968992248062,0.0015023135628868458,0.11627906976744186,0.01352082206598161,0.17054263565891473,0.029084790577489333,0.2558139534883721,0.06544077879935101,0.07751937984496124,0.006009254251547383,0.10852713178294573,0.011778138333032871,0.5581395348837209,0.31151974040021635
Normal 2019,USOIL,994,0,0.046511627906976744,0.0021633315305570576,0.007751937984496124,6.009254251547383e-05,0.3023255813953488,0.09140075716603568,0.10852713178294573,0.011778138333032871,0.06201550387596899,0.003845922720990325,0.11627906976744186,0.01352082206598161,0.046511627906976744,0.0021633315305570576,0.03875968992248062,0.0015023135628868458,0.5503875968992248,0.30292650682050354
Normal 2019,USOIL,995,0,0.007751937984496124,6.009254251547383e-05,0.023255813953488372,0.0005408328826392644,0.21705426356589147,0.047112553332131483,0.015503875968992248,0.00024037017006189532,0.015503875968992248,0.00024037017006189532,0.06201550387596899,0.003845922720990325,0.05426356589147287,0.0029445345832582177,0.05426356589147287,0.0029445345832582177,0.5193798449612403,0.26975542335196206
Normal 2019,USOIL,996,0,0.07751937984496124,0.006009254251547383,0.03875968992248062,0.0015023135628868458,0.40310077519379844,0.16249023496184123,0.05426356589147287,0.0029445345832582177,0.031007751937984496,0.0009614806802475813,0.06976744186046512,0.0048674959437533805,0.06976744186046512,0.0048674959437533805,0.046511627906976744,0.0021633315305570576,0.5116279069767442,0.26176311519740403
Normal 2019,USOIL,997,0,0.09302325581395349,0.00865332612222823,0.06201550387596899,0.003845922720990325,0.06976744186046512,0.0048674959437533805,0.023255813953488372,0.0005408328826392644,0.046511627906976744,0.0021633315305570576,0.046511627906976744,0.0021633315305570576,0.11627906976744186,0.01352082206598161,0.015503875968992248,0.00024037017006189532,0.4806201550387597,0.23099573342948143
Normal 2019,USOIL,998,0,0.06201550387596899,0.003845922720990325,0.18604651162790697,0.03461330448891292,0.08527131782945736,0.007271197644372333,0.031007751937984496,0.0009614806802475813,0.12403100775193798,0.0153836908839613,0.015503875968992248,0.00024037017006189532,0.1937984496124031,0.03755783907217115,0.007751937984496124,6.009254251547383e-05,0.4573643410852713,0.20918214049636438
Normal 2019,USOIL,999,0,0.023255813953488372,0.0005408328826392644,0.4263565891472868,0.1817799411093083,0.10852713178294573,0.011778138333032871,0.046511627906976744,0.0021633315305570576,0.10077519379844961,0.010155639685115077,0.007751937984496124,6.009254251547383e-05,0.23255813953488372,0.05408328826392644,0.07751937984496124,0.006009254251547383,0.43410852713178294,0.18845021332852593
Normal 2019,USOIL,1000,0,0.015503875968992248,0.00024037017006189532,0.5271317829457365,0.277867916591551,0.015503875968992248,0.00024037017006189532,0.007751937984496124,6.009254251547383e-05,0.3488372093023256,0.12168739859383451,0.023255813953488372,0.0005408328826392644,0.3178294573643411,0.10101556396851151,0.06976744186046512,0.0048674959437533805,0.40310077519379844,0.16249023496184123
Normal 2019,USOIL,1001,0,0.031007751937984496,0.0009614806802475813,0.627906976744186,0.3942671714440238,0.2713178294573643,0.07361336458145543,0.13178294573643412,0.01736674478697194,0.5736434108527132,0.32906676281473474,0.031007751937984496,0.0009614806802475813,0.37209302325581395,0.1384532179556517,0.06201550387596899,0.003845922720990325,0.3875968992248062,0.1502313562886846
Normal 2019,USOIL,1002,0,0.03875968992248062,0.0015023135628868458,0.6821705426356589,0.46535664923982933,0.24806201550387597,0.0615347635358452,0.14728682170542637,0.021693407848086058,0.6589147286821705,0.4341686196742984,0.05426356589147287,0.0029445345832582177,0.40310077519379844,0.16249023496184123,0.031007751937984496,0.0009614806802475813,0.3178294573643411,0.10101556396851151
Normal 2019,USOIL,1003,0,0.08527131782945736,0.007271197644372333,0.7054263565891473,0.4976263445706388,0.49612403100775193,0.2461390541433808,0.08527131782945736,0.007271197644372333,0.689922480620155,0.4759930292650682,0.03875968992248062,0.0015023135628868458,0.3953488372093023,0.1563007030827474,0.023255813953488372,0.0005408328826392644,0.3023255813953488,0.09140075716603568
Normal 2019,GOLD,875,0,0.05426356589147287,0.0029445345832582177,0.007751937984496124,6.009254251547383e-05,0.3798449612403101,0.14428219457965266,0.023255813953488372,0.0005408328826392644,0.627906976744186,0.3942671714440238,0.11627906976744186,0.01352082206598161,0.31007751937984496,0.09614806802475813,0.007751937984496124,6.009254251547383e-05,0.20930232558139536,0.043807463493780424
Normal 2019,GOLD,876,0,0.023255813953488372,0.0005408328826392644,0.3178294573643411,0.10101556396851151,0.813953488372093,0.662520281233099,0.23255813953488372,0.05408328826392644,0.8217054263565892,0.675199807703864,0.27906976744186046,0.07787993510005409,0.9224806201550387,0.8509704945616249,0.20930232558139536,0.043807463493780424,0.2248062015503876,0.05053782825551349
Normal 2019,GOLD,877,0,0.046511627906976744,0.0021633315305570576,0.17829457364341086,0.03178895499068566,0.8217054263565892,0.675199807703864,0.1937984496124031,0.03755783907217115,0.7751937984496124,0.6009254251547383,0.14728682170542637,0.021693407848086058,0.9147286821705426,0.8367285619854575,0.1937984496124031,0.03755783907217115,0.27906976744186046,0.07787993510005409
Normal 2019,GOLD,878,0,0.06976744186046512,0.0048674959437533805,0.15503875968992248,0.024037017006189532,0.627906976744186,0.3942671714440238,0.13178294573643412,0.01736674478697194,0.7209302325581395,0.519740400216333,0.2248062015503876,0.05053782825551349,0.9069767441860465,0.8226068144943212,0.20155038759689922,0.04062255874046031,0.32558139534883723,0.10600324499729585
Normal 2019,GOLD,879,0,0.08527131782945736,0.007271197644372333,0.08527131782945736,0.007271197644372333,0.7054263565891473,0.4976263445706388,0.11627906976744186,0.01352082206598161,0.6434108527131783,0.41397752538909927,0.06976744186046512,0.0048674959437533805,0.8914728682170543,0.7947238747671415,0.15503875968992248,0.024037017006189532,0.3488372093023256,0.12168739859383451
Normal 2019,GOLD,880,0,0.10852713178294573,0.011778138333032871,0.015503875968992248,0.00024037017006189532,0.5426356589147286,0.2944534583258217,0.2713178294573643,0.07361336458145543,0.5116279069767442,0.26176311519740403,0.046511627906976744,0.0021633315305570576,0.9302325581395349,0.8653326122228231,0.21705426356589147,0.047112553332131483,0.4186046511627907,0.1752298539751217
Normal 2019,GOLD,881,0,0.11627906976744186,0.01352082206598161,0.10077519379844961,0.010155639685115077,0.6434108527131783,0.41397752538909927,0.2868217054263566,0.08226669070368368,0.6589147286821705,0.4341686196742984,0.09302325581395349,0.00865332612222823,0.9844961240310077,0.9692326182320773,0.24806201550387597,0.0615347635358452,0.43410852713178294,0.18845021332852593
Normal 2019,GOLD,882,0,0.17829457364341086,0.03178895499068566,0.07751937984496124,0.006009254251547383,0.5271317829457365,0.277867916591551,0.13953488372093023,0.019469983775013522,0.3953488372093023,0.1563007030827474,0.10852713178294573,0.011778138333032871,0.8992248062015504,0.8086052520882159,0.27906976744186046,0.07787993510005409,0.4108527131782946,0.168799951925966
Normal 2019,GOLD,883,0,0.29457364341085274,0.08677363139234423,0.35658914728682173,0.12715581996274264,0.6976744186046512,0.48674959437533805,0.35658914728682173,0.12715581996274264,0.6511627906976745,0.4240129799891834,0.21705426356589147,0.047112553332131483,0.9534883720930233,0.9091400757166036,0.3333333333333333,0.1111111111111111,0.40310077519379844,0.16249023496184123
Normal 2019,GOLD,884,0,0.21705426356589147,0.047112553332131483,0.4263565891472868,0.1817799411093083,0.5116279069767442,0.26176311519740403,0.27906976744186046,0.07787993510005409,0.40310077519379844,0.16249023496184123,0.10077519379844961,0.010155639685115077,0.6356589147286822,0.40406225587404604,0.29457364341085274,0.08677363139234423,0.3798449612403101,0.14428219457965266
Normal 2019,GOLD,885,0,0.1937984496124031,0.03755783907217115,0.2713178294573643,0.07361336458145543,0.2558139534883721,0.06544077879935101,0.26356589147286824,0.06946697914788776,0.21705426356589147,0.047112553332131483,0.08527131782945736,0.007271197644372333,0.627906976744186,0.3942671714440238,0.10852713178294573,0.011778138333032871,0.4496124031007752,0.20215131302205397
Normal 2019,GOLD,886,0,0.2713178294573643,0.07361336458145543,0.4418604651162791,0.19524067063277448,0.16279069767441862,0.026500811249323963,0.12403100775193798,0.0153836908839613,0.31007751937984496,0.09614806802475813,0.20155038759689922,0.04062255874046031,0.6124031007751938,0.37503755783907217,0.24031007751937986,0.05774893335737036,0.4418604651162791,0.19524067063277448
Normal 2019,GOLD,887,0,0.2558139534883721,0.06544077879935101,0.3333333333333333,0.1111111111111111,0.2713178294573643,0.07361336458145543,0.3178294573643411,0.10101556396851151,0.015503875968992248,0.00024037017006189532,0.17054263565891473,0.029084790577489333,0.4806201550387597,0.23099573342948143,0.17054263565891473,0.029084790577489333,0.46511627906976744,0.21633315305570577
Normal 2019,GOLD,888,0,0.3023255813953488,0.09140075716603568,0.3488372093023256,0.12168739859383451,0.11627906976744186,0.01352082206598161,0.24031007751937986,0.05774893335737036,0.06976744186046512,0.0048674959437533805,0.13178294573643412,0.01736674478697194,0.43410852713178294,0.18845021332852593,0.2713178294573643,0.07361336458145543,0.5271317829457365,0.277867916591551
Normal 2019,GOLD,889,0,0.31007751937984496,0.09614806802475813,0.3798449612403101,0.14428219457965266,0.07751937984496124,0.006009254251547383,0.21705426356589147,0.047112553332131483,0.06201550387596899,0.003845922720990325,0.15503875968992248,0.024037017006189532,0.4496124031007752,0.20215131302205397,0.2248062015503876,0.05053782825551349,0.5891472868217055,0.3470945255693769
Normal 2019,GOLD,890,0,0.3178294573643411,0.10101556396851151,0.3643410852713178,0.1327444264166817,0.5813953488372093,0.3380205516495403,0.2248062015503876,0.05053782825551349,0.023255813953488372,0.0005408328826392644,0.1937984496124031,0.03755783907217115,0.3798449612403101,0.14428219457965266,0.34108527131782945,0.11633916230995733,0.6511627906976745,0.4240129799891834
Normal 2019,GOLD,891,0,0.35658914728682173,0.12715581996274264,0.4573643410852713,0.20918214049636438,0.37209302325581395,0.1384532179556517,0.40310077519379844,0.16249023496184123,0.007751937984496124,6.009254251547383e-05,0.3023255813953488,0.09140075716603568,0.3333333333333333,0.1111111111111111,0.3953488372093023,0.1563007030827474,0.7131782945736435,0.5086232798509706
Normal 2019,GOLD,892,0,0.3953488372093023,0.1563007030827474,0.4728682170542636,0.2236043507000781,0.09302325581395349,0.00865332612222823,0.4573643410852713,0.20918214049636438,0.07751937984496124,0.006009254251547383,0.31007751937984496,0.09614806802475813,0.32558139534883723,0.10600324499729585,0.3643410852713178,0.1327444264166817,0.7441860465116279,0.5538128718226067
Normal 2019,GOLD,893,0,0.4186046511627907,0.1752298539751217,0.6589147286821705,0.4341686196742984,0.5348837209302325,0.28610059491617085,0.3488372093023256,0.12168739859383451,0.20155038759689922,0.04062255874046031,0.3643410852713178,0.1327444264166817,0.40310077519379844,0.16249023496184123,0.3798449612403101,0.14428219457965266,0.8062015503875969,0.6499609398473649
Normal 2019,GOLD,894,0,0.3798449612403101,0.14428219457965266,0.5891472868217055,0.3470945255693769,0.5658914728682171,0.32023315906496,0.18604651162790697,0.03461330448891292,0.18604651162790697,0.03461330448891292,0.32558139534883723,0.10600324499729585,0.46511627906976744,0.21633315305570577,0.4108527131782946,0.168799951925966,0.9302325581395349,0.8653326122228231
Normal 2019,GOLD,895,0,0.6356589147286822,0.40406225587404604,0.49612403100775193,0.2461390541433808,0.031007751937984496,0.0009614806802475813,0.07751937984496124,0.006009254251547383,0.37209302325581395,0.1384532179556517,0.3178294573643411,0.10101556396851151,0.5968992248062015,0.3562886845742443,0.3488372093023256,0.12168739859383451,0.9689922480620154,0.9389459768042785
Normal 2019,GOLD,896,0,0.40310077519379844,0.16249023496184123,0.5038759689922481,0.2538909921278769,0.6821705426356589,0.46535664923982933,0.31007751937984496,0.09614806802475813,0.4496124031007752,0.20215131302205397,0.2713178294573643,0.07361336458145543,0.7441860465116279,0.5538128718226067,0.4186046511627907,0.1752298539751217,0.9767441860465116,0.9540292049756625
Normal 2019,GOLD,897,0,0.4496124031007752,0.20215131302205397,0.6744186046511628,0.4548404542996214,0.2868217054263566,0.08226669070368368,0.3333333333333333,0.1111111111111111,0.3178294573643411,0.10101556396851151,0.2558139534883721,0.06544077879935101,0.813953488372093,0.662520281233099,0.3875968992248062,0.1502313562886846,0.9844961240310077,0.9692326182320773
Normal 2019,GOLD,898,0,0.43410852713178294,0.18845021332852593,0.5581395348837209,0.31151974040021635,0.5581395348837209,0.31151974040021635,0.3798449612403101,0.14428219457965266,0.3333333333333333,0.1111111111111111,0.2868217054263566,0.08226669070368368,0.8294573643410853,0.68799951925966,0.4418604651162791,0.19524067063277448,0.9922480620155039,0.9845562165735232
Normal 2019,GOLD,899,0,0.8372093023255814,0.7009194159004868,0.6356589147286822,0.40406225587404604,0.4418604651162791,0.19524067063277448,0.5658914728682171,0.32023315906496,0.4573643410852713,0.20918214049636438,0.3488372093023256,0.12168739859383451,0.26356589147286824,0.06946697914788776,0.6666666666666666,0.4444444444444444,0.813953488372093,0.662520281233099
Normal 2019,GOLD,900,0,0.7906976744186046,0.6252028123309896,0.8992248062015504,0.8086052520882159,0.8062015503875969,0.6499609398473649,0.8062015503875969,0.6499609398473649,0.49612403100775193,0.2461390541433808,0.6046511627906976,0.36560302866414274,0.06976744186046512,0.0048674959437533805,0.8217054263565892,0.675199807703864,0.5038759689922481,0.2538909921278769
Normal 2019,GOLD,901,0,0.9689922480620154,0.9389459768042785,0.9922480620155039,0.9845562165735232,0.3643410852713178,0.1327444264166817,0.9457364341085271,0.8944174028003125,0.9689922480620154,0.9389459768042785,0.9922480620155039,0.9845562165735232,0.9922480620155039,0.9845562165735232,0.9224806201550387,0.8509704945616249,0.13178294573643412,0.01736674478697194
Normal 2019,GOLD,902,0,0.9224806201550387,0.8509704945616249,0.9844961240310077,0.9692326182320773,0.7751937984496124,0.6009254251547383,0.9147286821705426,0.8367285619854575,0.8682170542635659,0.7538008533141037,0.9689922480620154,0.9389459768042785,0.9767441860465116,0.9540292049756625,0.9457364341085271,0.8944174028003125,0.13953488372093023,0.019469983775013522
Normal 2019,GOLD,903,0,0.8527131782945736,0.7271197644372333,0.9767441860465116,0.9540292049756625,0.9767441860465116,0.9540292049756625,0.9302325581395349,0.8653326122228231,0.9147286821705426,0.8367285619854575,0.9767441860465116,0.9540292049756625,0.9689922480620154,0.9389459768042785,0.937984496124031,0.8798149149690524,0.16279069767441862,0.026500811249323963
Normal 2019,GOLD,904,0,0.9069767441860465,0.8226068144943212,0.9534883720930233,0.9091400757166036,0.9224806201550387,0.8509704945616249,0.8294573643410853,0.68799951925966,0.8992248062015504,0.8086052520882159,0.9844961240310077,0.9692326182320773,0.9457364341085271,0.8944174028003125,0.9612403100775194,0.9239829337179257,0.17829457364341086,0.03178895499068566
Normal 2019,GOLD,905,0,0.8914728682170543,0.7947238747671415,0.9689922480620154,0.9389459768042785,0.5891472868217055,0.3470945255693769,0.9767441860465116,0.9540292049756625,0.937984496124031,0.8798149149690524,0.9612403100775194,0.9239829337179257,0.937984496124031,0.8798149149690524,0.9844961240310077,0.9692326182320773,0.18604651162790697,0.03461330448891292
Normal 2019,GOLD,906,0,0.9302325581395349,0.8653326122228231,0.9457364341085271,0.8944174028003125,0.7441860465116279,0.5538128718226067,0.9612403100775194,0.9239829337179257,0.9302325581395349,0.8653326122228231,0.937984496124031,0.8798149149690524,0.9612403100775194,0.9239829337179257,0.9689922480620154,0.9389459768042785,0.17054263565891473,0.029084790577489333
Normal 2019,GOLD,907,0,0.8217054263565892,0.675199807703864,0.23255813953488372,0.05408328826392644,0.937984496124031,0.8798149149690524,0.7131782945736435,0.5086232798509706,0.34108527131782945,0.11633916230995733,0.5426356589147286,0.2944534583258217,0.2713178294573643,0.07361336458145543,0.5038759689922481,0.2538909921278769,0.9612403100775194,0.9239829337179257
Normal 2019,GOLD,908,0,0.6976744186046512,0.48674959437533805,0.2248062015503876,0.05053782825551349,0.5193798449612403,0.26975542335196206,0.7906976744186046,0.6252028123309896,0.35658914728682173,0.12715581996274264,0.751937984496124,0.5654107325280933,0.20930232558139536,0.043807463493780424,0.6976744186046512,0.48674959437533805,0.8527131782945736,0.7271197644372333
Normal 2019,GOLD,909,0,0.7596899224806202,0.5771287783186106,0.37209302325581395,0.1384532179556517,0.21705426356589147,0.047112553332131483,0.8914728682170543,0.7947238747671415,0.29457364341085274,0.08677363139234423,0.43410852713178294,0.18845021332852593,0.18604651162790697,0.03461330448891292,0.627906976744186,0.3942671714440238,0.7751937984496124,0.6009254251547383
Normal 2019,GOLD,910,0,0.8294573643410853,0.68799951925966,0.2558139534883721,0.06544077879935101,0.5736434108527132,0.32906676281473474,0.8604651162790697,0.740400216333153,0.17054263565891473,0.029084790577489333,0.5116279069767442,0.26176311519740403,0.2248062015503876,0.05053782825551349,0.7209302325581395,0.519740400216333,0.8217054263565892,0.675199807703864
Normal 2019,GOLD,911,0,0.8449612403100775,0.7139594976263445,0.27906976744186046,0.07787993510005409,0.689922480620155,0.4759930292650682,0.8372093023255814,0.7009194159004868,0.46511627906976744,0.21633315305570577,0.5891472868217055,0.3470945255693769,0.24806201550387597,0.0615347635358452,0.7364341085271318,0.5423351962021513,0.8372093023255814,0.7009194159004868
Normal 2019,GOLD,912,0,0.5271317829457365,0.277867916591551,0.24031007751937986,0.05774893335737036,0.12403100775193798,0.0153836908839613,0.5503875968992248,0.30292650682050354,0.24806201550387597,0.0615347635358452,0.5271317829457365,0.277867916591551,0.21705426356589147,0.047112553332131483,0.7054263565891473,0.4976263445706388,0.7906976744186046,0.6252028123309896
Normal 2019,GOLD,913,0,0.5736434108527132,0.32906676281473474,0.26356589147286824,0.06946697914788776,0.8914728682170543,0.7947238747671415,0.6356589147286822,0.40406225587404604,0.09302325581395349,0.00865332612222823,0.40310077519379844,0.16249023496184123,0.1937984496124031,0.03755783907217115,0.4728682170542636,0.2236043507000781,0.7829457364341085,0.6130040262003484
Normal 2019,GOLD,914,0,0.5116279069767442,0.26176311519740403,0.4806201550387597,0.23099573342948143,0.43410852713178294,0.18845021332852593,0.875968992248062,0.7673216753800853,0.08527131782945736,0.007271197644372333,0.4573643410852713,0.20918214049636438,0.12403100775193798,0.0153836908839613,0.46511627906976744,0.21633315305570577,0.751937984496124,0.5654107325280933
Normal 2019,GOLD,915,0,0.5503875968992248,0.30292650682050354,0.5426356589147286,0.2944534583258217,0.35658914728682173,0.12715581996274264,0.8449612403100775,0.7139594976263445,0.046511627906976744,0.0021633315305570576,0.5813953488372093,0.3380205516495403,0.05426356589147287,0.0029445345832582177,0.6201550387596899,0.3845922720990325,0.689922480620155,0.4759930292650682
Normal 2019,GOLD,916,0,0.4728682170542636,0.2236043507000781,0.6821705426356589,0.46535664923982933,0.4806201550387597,0.23099573342948143,0.6434108527131783,0.41397752538909927,0.15503875968992248,0.024037017006189532,0.5658914728682171,0.32023315906496,0.03875968992248062,0.0015023135628868458,0.4573643410852713,0.20918214049636438,0.5426356589147286,0.2944534583258217
Normal 2019,GOLD,917,0,0.3643410852713178,0.1327444264166817,0.7596899224806202,0.5771287783186106,0.26356589147286824,0.06946697914788776,0.5968992248062015,0.3562886845742443,0.26356589147286824,0.06946697914788776,0.5736434108527132,0.32906676281473474,0.031007751937984496,0.0009614806802475813,0.6434108527131783,0.41397752538909927,0.3953488372093023,0.1563007030827474
Normal 2019,GOLD,918,0,0.6434108527131783,0.41397752538909927,0.8217054263565892,0.675199807703864,0.9069767441860465,0.8226068144943212,0.8682170542635659,0.7538008533141037,0.5038759689922481,0.2538909921278769,0.689922480620155,0.4759930292650682,0.023255813953488372,0.0005408328826392644,0.7286821705426356,0.5309777056667268,0.3178294573643411,0.10101556396851151
Normal 2019,GOLD,919,0,0.8062015503875969,0.6499609398473649,0.8837209302325582,0.7809626825310979,0.6744186046511628,0.4548404542996214,0.7441860465116279,0.5538128718226067,0.5891472868217055,0.3470945255693769,0.6976744186046512,0.48674959437533805,0.015503875968992248,0.00024037017006189532,0.6589147286821705,0.4341686196742984,0.24806201550387597,0.0615347635358452
Normal 2019,GOLD,920,0,0.4263565891472868,0.1817799411093083,0.9069767441860465,0.8226068144943212,0.5968992248062015,0.3562886845742443,0.7286821705426356,0.5309777056667268,0.5658914728682171,0.32023315906496,0.5581395348837209,0.31151974040021635,0.007751937984496124,6.009254251547383e-05,0.6821705426356589,0.46535664923982933,0.20155038759689922,0.04062255874046031
Normal 2019,GOLD,921,0,0.7286821705426356,0.5309777056667268,0.4883720930232558,0.23850730124391561,0.15503875968992248,0.024037017006189532,0.7054263565891473,0.4976263445706388,0.3488372093023256,0.12168739859383451,0.5968992248062015,0.3562886845742443,0.34108527131782945,0.11633916230995733,0.8527131782945736,0.7271197644372333,0.9457364341085271,0.8944174028003125
Normal 2019,GOLD,922,0,0.8604651162790697,0.740400216333153,0.627906976744186,0.3942671714440238,0.1937984496124031,0.03755783907217115,0.4263565891472868,0.1817799411093083,0.32558139534883723,0.10600324499729585,0.5348837209302325,0.28610059491617085,0.24031007751937986,0.05774893335737036,0.5116279069767442,0.26176311519740403,0.7674418604651163,0.588967009194159
Normal 2019,GOLD,923,0,0.7674418604651163,0.588967009194159,0.6666666666666666,0.4444444444444444,0.6511627906976745,0.4240129799891834,0.6124031007751938,0.37503755783907217,0.1937984496124031,0.03755783907217115,0.4728682170542636,0.2236043507000781,0.17054263565891473,0.029084790577489333,0.8294573643410853,0.68799951925966,0.6976744186046512,0.48674959437533805
Normal 2019,GOLD,924,0,0.7209302325581395,0.519740400216333,0.6976744186046512,0.48674959437533805,0.8992248062015504,0.8086052520882159,0.4496124031007752,0.20215131302205397,0.24031007751937986,0.05774893335737036,0.4496124031007752,0.20215131302205397,0.10852713178294573,0.011778138333032871,0.7751937984496124,0.6009254251547383,0.6201550387596899,0.3845922720990325
Normal 2019,GOLD,925,0,0.7131782945736435,0.5086232798509706,0.6046511627906976,0.36560302866414274,0.17829457364341086,0.03178895499068566,0.7751937984496124,0.6009254251547383,0.17829457364341086,0.03178895499068566,0.4418604651162791,0.19524067063277448,0.14728682170542637,0.021693407848086058,0.4496124031007752,0.20215131302205397,0.6744186046511628,0.4548404542996214
Normal 2019,GOLD,926,0,0.6744186046511628,0.4548404542996214,0.5193798449612403,0.26975542335196206,0.4263565891472868,0.1817799411093083,0.49612403100775193,0.2461390541433808,0.4108527131782946,0.168799951925966,0.4186046511627907,0.1752298539751217,0.16279069767441862,0.026500811249323963,0.8449612403100775,0.7139594976263445,0.7054263565891473,0.4976263445706388
Normal 2019,GOLD,927,0,0.6821705426356589,0.46535664923982933,0.5658914728682171,0.32023315906496,0.9612403100775194,0.9239829337179257,0.6201550387596899,0.3845922720990325,0.3798449612403101,0.14428219457965266,0.4263565891472868,0.1817799411093083,0.09302325581395349,0.00865332612222823,0.7674418604651163,0.588967009194159,0.6589147286821705,0.4341686196742984
Normal 2019,GOLD,928,0,0.7751937984496124,0.6009254251547383,0.34108527131782945,0.11633916230995733,0.8604651162790697,0.740400216333153,0.4883720930232558,0.23850730124391561,0.13178294573643412,0.01736674478697194,0.6124031007751938,0.37503755783907217,0.08527131782945736,0.007271197644372333,0.8914728682170543,0.7947238747671415,0.6356589147286822,0.40406225587404604
Normal 2019,GOLD,929,0,0.5581395348837209,0.31151974040021635,0.32558139534883723,0.10600324499729585,0.23255813953488372,0.05408328826392644,0.8527131782945736,0.7271197644372333,0.4263565891472868,0.1817799411093083,0.5193798449612403,0.26975542335196206,0.06201550387596899,0.003845922720990325,0.8682170542635659,0.7538008533141037,0.5503875968992248,0.30292650682050354
Normal 2019,GOLD,930,0,0.875968992248062,0.7673216753800853,0.5736434108527132,0.32906676281473474,0.4883720930232558,0.23850730124391561,0.6046511627906976,0.36560302866414274,0.4728682170542636,0.2236043507000781,0.6666666666666666,0.4444444444444444,0.13178294573643412,0.01736674478697194,0.7906976744186046,0.6252028123309896,0.5736434108527132,0.32906676281473474
Normal 2019,GOLD,931,0,0.5348837209302325,0.28610059491617085,0.5348837209302325,0.28610059491617085,0.8294573643410853,0.68799951925966,0.6744186046511628,0.4548404542996214,0.3643410852713178,0.1327444264166817,0.627906976744186,0.3942671714440238,0.15503875968992248,0.024037017006189532,0.8837209302325582,0.7809626825310979,0.5813953488372093,0.3380205516495403
Normal 2019,GOLD,932,0,0.5193798449612403,0.26975542335196206,0.813953488372093,0.662520281233099,0.40310077519379844,0.16249023496184123,0.689922480620155,0.4759930292650682,0.4186046511627907,0.1752298539751217,0.6744186046511628,0.4548404542996214,0.20155038759689922,0.04062255874046031,0.5891472868217055,0.3470945255693769,0.6666666666666666,0.4444444444444444
Normal 2019,GOLD,933,0,0.6666666666666666,0.4444444444444444,0.8604651162790697,0.740400216333153,0.24031007751937986,0.05774893335737036,0.5581395348837209,0.31151974040021635,0.5813953488372093,0.3380205516495403,0.7286821705426356,0.5309777056667268,0.13953488372093023,0.019469983775013522,0.7984496124031008,0.6375217835466618,0.4728682170542636,0.2236043507000781
Normal 2019,GOLD,934,0,0.5426356589147286,0.2944534583258217,0.9302325581395349,0.8653326122228231,0.8372093023255814,0.7009194159004868,0.7829457364341085,0.6130040262003484,0.7131782945736435,0.5086232798509706,0.7364341085271318,0.5423351962021513,0.07751937984496124,0.006009254251547383,0.5658914728682171,0.32023315906496,0.37209302325581395,0.1384532179556517
Normal 2019,GOLD,935,0,0.9844961240310077,0.9692326182320773,0.7209302325581395,0.519740400216333,0.4108527131782946,0.168799951925966,0.9922480620155039,0.9845562165735232,0.6821705426356589,0.46535664923982933,0.8604651162790697,0.740400216333153,0.8682170542635659,0.7538008533141037,0.9922480620155039,0.9845562165735232,0.9147286821705426,0.8367285619854575
Normal 2019,GOLD,936,0,0.9922480620155039,0.9845562165735232,0.8449612403100775,0.7139594976263445,0.9922480620155039,0.9845562165735232,0.9844961240310077,0.9692326182320773,0.6356589147286822,0.40406225587404604,0.9147286821705426,0.8367285619854575,0.8837209302325582,0.7809626825310979,0.9767441860465116,0.9540292049756625,0.9069767441860465,0.8226068144943212
Normal 2019,GOLD,937,0,0.9767441860465116,0.9540292049756625,0.8682170542635659,0.7538008533141037,0.007751937984496124,6.009254251547383e-05,0.9689922480620154,0.9389459768042785,0.6124031007751938,0.37503755783907217,0.8682170542635659,0.7538008533141037,0.875968992248062,0.7673216753800853,0.9534883720930233,0.9091400757166036,0.9534883720930233,0.9091400757166036
Normal 2019,GOLD,938,0,0.9457364341085271,0.8944174028003125,0.7441860465116279,0.5538128718226067,0.9457364341085271,0.8944174028003125,0.937984496124031,0.8798149149690524,0.5348837209302325,0.28610059491617085,0.9224806201550387,0.8509704945616249,0.8604651162790697,0.740400216333153,0.8604651162790697,0.740400216333153,0.8914728682170543,0.7947238747671415
Normal 2019,GOLD,939,0,0.9534883720930233,0.9091400757166036,0.5968992248062015,0.3562886845742443,0.9844961240310077,0.9692326182320773,0.9224806201550387,0.8509704945616249,0.5503875968992248,0.30292650682050354,0.8992248062015504,0.8086052520882159,0.8217054263565892,0.675199807703864,0.875968992248062,0.7673216753800853,0.875968992248062,0.7673216753800853
Normal 2019,GOLD,940,0,0.937984496124031,0.8798149149690524,0.5503875968992248,0.30292650682050354,0.03875968992248062,0.0015023135628868458,0.7364341085271318,0.5423351962021513,0.5426356589147286,0.2944534583258217,0.875968992248062,0.7673216753800853,0.6976744186046512,0.48674959437533805,0.6356589147286822,0.40406225587404604,0.8604651162790697,0.740400216333153
Normal 2019,GOLD,941,0,0.8992248062015504,0.8086052520882159,0.5116279069767442,0.26176311519740403,0.046511627906976744,0.0021633315305570576,0.751937984496124,0.5654107325280933,0.6744186046511628,0.4548404542996214,0.8837209302325582,0.7809626825310979,0.689922480620155,0.4759930292650682,0.7829457364341085,0.6130040262003484,0.8449612403100775,0.7139594976263445
Normal 2019,GOLD,942,0,0.9147286821705426,0.8367285619854575,0.6201550387596899,0.3845922720990325,0.20930232558139536,0.043807463493780424,0.7209302325581395,0.519740400216333,0.6046511627906976,0.36560302866414274,0.813953488372093,0.662520281233099,0.6744186046511628,0.4548404542996214,0.9302325581395349,0.8653326122228231,0.8682170542635659,0.7538008533141037
Normal 2019,GOLD,943,0,0.8682170542635659,0.7538008533141037,0.6434108527131783,0.41397752538909927,0.7906976744186046,0.6252028123309896,0.5348837209302325,0.28610059491617085,0.4806201550387597,0.23099573342948143,0.7906976744186046,0.6252028123309896,0.6511627906976745,0.4240129799891834,0.7131782945736435,0.5086232798509706,0.8837209302325582,0.7809626825310979
Normal 2019,GOLD,944,0,0.8837209302325582,0.7809626825310979,0.5813953488372093,0.3380205516495403,0.10077519379844961,0.010155639685115077,0.5891472868217055,0.3470945255693769,0.5736434108527132,0.32906676281473474,0.7751937984496124,0.6009254251547383,0.5658914728682171,0.32023315906496,0.5736434108527132,0.32906676281473474,0.8294573643410853,0.68799951925966
Normal 2019,GOLD,945,0,0.751937984496124,0.5654107325280933,0.4496124031007752,0.20215131302205397,0.06201550387596899,0.003845922720990325,0.7984496124031008,0.6375217835466618,0.4883720930232558,0.23850730124391561,0.8449612403100775,0.7139594976263445,0.4728682170542636,0.2236043507000781,0.7441860465116279,0.5538128718226067,0.7596899224806202,0.5771287783186106
Normal 2019,GOLD,946,0,0.6589147286821705,0.4341686196742984,0.7131782945736435,0.5086232798509706,0.14728682170542637,0.021693407848086058,0.5271317829457365,0.277867916591551,0.4418604651162791,0.19524067063277448,0.8062015503875969,0.6499609398473649,0.4573643410852713,0.20918214049636438,0.4806201550387597,0.23099573342948143,0.7209302325581395,0.519740400216333
Normal 2019,GOLD,947,0,0.6046511627906976,0.36560302866414274,0.8294573643410853,0.68799951925966,0.13953488372093023,0.019469983775013522,0.8217054263565892,0.675199807703864,0.5271317829457365,0.277867916591551,0.8294573643410853,0.68799951925966,0.49612403100775193,0.2461390541433808,0.8062015503875969,0.6499609398473649,0.5968992248062015,0.3562886845742443
Normal 2019,GOLD,948,0,0.6511627906976745,0.4240129799891834,0.7829457364341085,0.6130040262003484,0.3488372093023256,0.12168739859383451,0.5038759689922481,0.2538909921278769,0.6666666666666666,0.4444444444444444,0.8914728682170543,0.7947238747671415,0.5581395348837209,0.31151974040021635,0.5503875968992248,0.30292650682050354,0.4883720930232558,0.23850730124391561
Normal 2019,GOLD,949,0,0.7441860465116279,0.5538128718226067,0.7906976744186046,0.6252028123309896,0.3023255813953488,0.09140075716603568,0.627906976744186,0.3942671714440238,0.751937984496124,0.5654107325280933,0.8217054263565892,0.675199807703864,0.6201550387596899,0.3845922720990325,0.43410852713178294,0.18845021332852593,0.3875968992248062,0.1502313562886846
Normal 2019,GOLD,950,0,0.689922480620155,0.4759930292650682,0.7054263565891473,0.4976263445706388,0.7596899224806202,0.5771287783186106,0.6821705426356589,0.46535664923982933,0.6976744186046512,0.48674959437533805,0.7674418604651163,0.588967009194159,0.5426356589147286,0.2944534583258217,0.689922480620155,0.4759930292650682,0.35658914728682173,0.12715581996274264
Normal 2019,GOLD,951,0,0.7364341085271318,0.5423351962021513,0.689922480620155,0.4759930292650682,0.751937984496124,0.5654107325280933,0.5426356589147286,0.2944534583258217,0.7054263565891473,0.4976263445706388,0.7984496124031008,0.6375217835466618,0.5736434108527132,0.32906676281473474,0.4883720930232558,0.23850730124391561,0.3333333333333333,0.1111111111111111
Normal 2019,GOLD,952,0,0.813953488372093,0.662520281233099,0.7751937984496124,0.6009254251547383,0.06976744186046512,0.0048674959437533805,0.4728682170542636,0.2236043507000781,0.7364341085271318,0.5423351962021513,0.7829457364341085,0.6130040262003484,0.5193798449612403,0.26975542335196206,0.5426356589147286,0.2944534583258217,0.31007751937984496,0.09614806802475813
Normal 2019,GOLD,953,0,0.6201550387596899,0.3845922720990325,0.751937984496124,0.5654107325280933,0.32558139534883723,0.10600324499729585,0.6666666666666666,0.4444444444444444,0.7441860465116279,0.5538128718226067,0.7596899224806202,0.5771287783186106,0.4418604651162791,0.19524067063277448,0.5813953488372093,0.3380205516495403,0.26356589147286824,0.06946697914788776
Normal 2019,GOLD,954,0,0.5813953488372093,0.3380205516495403,0.6124031007751938,0.37503755783907217,0.17054263565891473,0.029084790577489333,0.5116279069767442,0.26176311519740403,0.7286821705426356,0.5309777056667268,0.6821705426356589,0.46535664923982933,0.3953488372093023,0.1563007030827474,0.5968992248062015,0.3562886845742443,0.2558139534883721,0.06544077879935101
Normal 2019,GOLD,955,0,0.5658914728682171,0.32023315906496,0.3875968992248062,0.1502313562886846,0.3333333333333333,0.1111111111111111,0.6976744186046512,0.48674959437533805,0.7596899224806202,0.5771287783186106,0.6589147286821705,0.4341686196742984,0.5116279069767442,0.26176311519740403,0.6744186046511628,0.4548404542996214,0.24031007751937986,0.05774893335737036
Normal 2019,GOLD,956,0,0.627906976744186,0.3942671714440238,0.4186046511627907,0.1752298539751217,0.49612403100775193,0.2461390541433808,0.5813953488372093,0.3380205516495403,0.8062015503875969,0.6499609398473649,0.6434108527131783,0.41397752538909927,0.6434108527131783,0.41397752538909927,0.751937984496124,0.5654107325280933,0.21705426356589147,0.047112553332131483
Normal 2019,GOLD,957,0,0.4883720930232558,0.23850730124391561,0.5271317829457365,0.277867916591551,0.9302325581395349,0.8653326122228231,0.8837209302325582,0.7809626825310979,0.8449612403100775,0.7139594976263445,0.46511627906976744,0.21633315305570577,0.7751937984496124,0.6009254251547383,0.5348837209302325,0.28610059491617085,0.15503875968992248,0.024037017006189532
Normal 2019,GOLD,958,0,0.46511627906976744,0.21633315305570577,0.7984496124031008,0.6375217835466618,0.9689922480620154,0.9389459768042785,0.7674418604651163,0.588967009194159,0.8914728682170543,0.7947238747671415,0.6356589147286822,0.40406225587404604,0.7286821705426356,0.5309777056667268,0.5271317829457365,0.277867916591551,0.11627906976744186,0.01352082206598161
Normal 2019,GOLD,959,0,0.3488372093023256,0.12168739859383451,0.8372093023255814,0.7009194159004868,0.8527131782945736,0.7271197644372333,0.7596899224806202,0.5771287783186106,0.9069767441860465,0.8226068144943212,0.7054263565891473,0.4976263445706388,0.7674418604651163,0.588967009194159,0.6046511627906976,0.36560302866414274,0.09302325581395349,0.00865332612222823
Normal 2019,GOLD,960,0,0.32558139534883723,0.10600324499729585,0.8527131782945736,0.7271197644372333,0.9534883720930233,0.9091400757166036,0.46511627906976744,0.21633315305570577,0.9457364341085271,0.8944174028003125,0.7441860465116279,0.5538128718226067,0.7906976744186046,0.6252028123309896,0.5581395348837209,0.31151974040021635,0.08527131782945736,0.007271197644372333
Normal 2019,GOLD,961,0,0.37209302325581395,0.1384532179556517,0.9147286821705426,0.8367285619854575,0.875968992248062,0.7673216753800853,0.6511627906976745,0.4240129799891834,0.9612403100775194,0.9239829337179257,0.8372093023255814,0.7009194159004868,0.8062015503875969,0.6499609398473649,0.6124031007751938,0.37503755783907217,0.05426356589147287,0.0029445345832582177
Normal 2019,GOLD,962,0,0.3875968992248062,0.1502313562886846,0.937984496124031,0.8798149149690524,0.6589147286821705,0.4341686196742984,0.813953488372093,0.662520281233099,0.9844961240310077,0.9692326182320773,0.9069767441860465,0.8226068144943212,0.5503875968992248,0.30292650682050354,0.4263565891472868,0.1817799411093083,0.023255813953488372,0.0005408328826392644
Normal 2019,GOLD,963,0,0.5968992248062015,0.3562886845742443,0.9612403100775194,0.9239829337179257,0.7364341085271318,0.5423351962021513,0.5193798449612403,0.26975542335196206,0.9534883720930233,0.9091400757166036,0.8527131782945736,0.7271197644372333,0.5813953488372093,0.3380205516495403,0.7596899224806202,0.5771287783186106,0.007751937984496124,6.009254251547383e-05
Normal 2019,GOLD,964,0,0.7829457364341085,0.6130040262003484,0.9224806201550387,0.8509704945616249,0.18604651162790697,0.03461330448891292,0.9534883720930233,0.9091400757166036,0.7984496124031008,0.6375217835466618,0.9534883720930233,0.9091400757166036,0.5348837209302325,0.28610059491617085,0.9069767441860465,0.8226068144943212,0.3023255813953488,0.09140075716603568
Normal 2019,GOLD,965,0,0.6124031007751938,0.37503755783907217,0.8062015503875969,0.6499609398473649,0.7674418604651163,0.588967009194159,0.9069767441860465,0.8226068144943212,0.7674418604651163,0.588967009194159,0.9457364341085271,0.8944174028003125,0.37209302325581395,0.1384532179556517,0.8992248062015504,0.8086052520882159,0.2713178294573643,0.07361336458145543
Normal 2019,GOLD,966,0,0.9612403100775194,0.9239829337179257,0.3953488372093023,0.1563007030827474,0.10852713178294573,0.011778138333032871,0.8992248062015504,0.8086052520882159,0.6201550387596899,0.3845922720990325,0.9302325581395349,0.8653326122228231,0.6589147286821705,0.4341686196742984,0.9147286821705426,0.8367285619854575,0.7364341085271318,0.5423351962021513
Normal 2019,GOLD,967,0,0.5038759689922481,0.2538909921278769,0.8914728682170543,0.7947238747671415,0.4573643410852713,0.20918214049636438,0.4806201550387597,0.23099573342948143,0.813953488372093,0.662520281233099,0.7209302325581395,0.519740400216333,0.046511627906976744,0.0021633315305570576,0.6511627906976745,0.4240129799891834,0.07751937984496124,0.006009254251547383
Normal 2019,GOLD,968,0,0.3333333333333333,0.1111111111111111,0.7286821705426356,0.5309777056667268,0.7286821705426356,0.5309777056667268,0.3875968992248062,0.1502313562886846,0.8837209302325582,0.7809626825310979,0.6511627906976745,0.4240129799891834,0.10077519379844961,0.010155639685115077,0.37209302325581395,0.1384532179556517,0.015503875968992248,0.00024037017006189532
Normal 2019,GOLD,969,0,0.13953488372093023,0.019469983775013522,0.13953488372093023,0.019469983775013522,0.5503875968992248,0.30292650682050354,0.43410852713178294,0.18845021332852593,0.8294573643410853,0.68799951925966,0.26356589147286824,0.06946697914788776,0.11627906976744186,0.01352082206598161,0.3023255813953488,0.09140075716603568,0.031007751937984496,0.0009614806802475813
Normal 2019,GOLD,970,0,0.27906976744186046,0.07787993510005409,0.31007751937984496,0.09614806802475813,0.9147286821705426,0.8367285619854575,0.3953488372093023,0.1563007030827474,0.8372093023255814,0.7009194159004868,0.20930232558139536,0.043807463493780424,0.17829457364341086,0.03178895499068566,0.3178294573643411,0.10101556396851151,0.06201550387596899,0.003845922720990325
Normal 2019,GOLD,971,0,0.12403100775193798,0.0153836908839613,0.023255813953488372,0.0005408328826392644,0.6201550387596899,0.3845922720990325,0.06201550387596899,0.003845922720990325,0.8604651162790697,0.740400216333153,0.29457364341085274,0.08677363139234423,0.27906976744186046,0.07787993510005409,0.26356589147286824,0.06946697914788776,0.10077519379844961,0.010155639685115077
Normal 2019,GOLD,972,0,0.07751937984496124,0.006009254251547383,0.06976744186046512,0.0048674959437533805,0.6666666666666666,0.4444444444444444,0.03875968992248062,0.0015023135628868458,0.7906976744186046,0.6252028123309896,0.24031007751937986,0.05774893335737036,0.3875968992248062,0.1502313562886846,0.18604651162790697,0.03461330448891292,0.12403100775193798,0.0153836908839613
Normal 2019,GOLD,973,0,0.031007751937984496,0.0009614806802475813,0.7364341085271318,0.5423351962021513,0.7131782945736435,0.5086232798509706,0.20930232558139536,0.043807463493780424,0.9224806201550387,0.8509704945616249,0.23255813953488372,0.05408328826392644,0.5891472868217055,0.3470945255693769,0.031007751937984496,0.0009614806802475813,0.046511627906976744,0.0021633315305570576
Normal 2019,GOLD,974,0,0.007751937984496124,6.009254251547383e-05,0.875968992248062,0.7673216753800853,0.7829457364341085,0.6130040262003484,0.29457364341085274,0.08677363139234423,0.9922480620155039,0.9845562165735232,0.13953488372093023,0.019469983775013522,0.8527131782945736,0.7271197644372333,0.05426356589147287,0.0029445345832582177,0.03875968992248062,0.0015023135628868458
Normal 2019,GOLD,975,0,0.015503875968992248,0.00024037017006189532,0.7674418604651163,0.588967009194159,0.7209302325581395,0.519740400216333,0.16279069767441862,0.026500811249323963,0.9767441860465116,0.9540292049756625,0.3798449612403101,0.14428219457965266,0.8372093023255814,0.7009194159004868,0.015503875968992248,0.00024037017006189532,0.06976744186046512,0.0048674959437533805
Normal 2019,GOLD,976,0,0.03875968992248062,0.0015023135628868458,0.6511627906976745,0.4240129799891834,0.7984496124031008,0.6375217835466618,0.14728682170542637,0.021693407848086058,0.875968992248062,0.7673216753800853,0.18604651162790697,0.03461330448891292,0.7984496124031008,0.6375217835466618,0.06201550387596899,0.003845922720990325,0.10852713178294573,0.011778138333032871
Normal 2019,GOLD,977,0,0.06201550387596899,0.003845922720990325,0.43410852713178294,0.18845021332852593,0.8682170542635659,0.7538008533141037,0.007751937984496124,6.009254251547383e-05,0.8527131782945736,0.7271197644372333,0.17829457364341086,0.03178895499068566,0.751937984496124,0.5654107325280933,0.046511627906976744,0.0021633315305570576,0.14728682170542637,0.021693407848086058
Normal 2019,GOLD,978,0,0.09302325581395349,0.00865332612222823,0.2868217054263566,0.08226669070368368,0.8449612403100775,0.7139594976263445,0.08527131782945736,0.007271197644372333,0.7829457364341085,0.6130040262003484,0.12403100775193798,0.0153836908839613,0.7209302325581395,0.519740400216333,0.023255813953488372,0.0005408328826392644,0.1937984496124031,0.03755783907217115
Normal 2019,GOLD,979,0,0.10077519379844961,0.010155639685115077,0.13178294573643412,0.01736674478697194,0.6046511627906976,0.36560302866414274,0.015503875968992248,0.00024037017006189532,0.689922480620155,0.4759930292650682,0.015503875968992248,0.00024037017006189532,0.6666666666666666,0.4444444444444444,0.07751937984496124,0.006009254251547383,0.23255813953488372,0.05408328826392644
Normal 2019,GOLD,980,0,0.13178294573643412,0.01736674478697194,0.10852713178294573,0.011778138333032871,0.4728682170542636,0.2236043507000781,0.15503875968992248,0.024037017006189532,0.5968992248062015,0.3562886845742443,0.023255813953488372,0.0005408328826392644,0.6046511627906976,0.36560302866414274,0.03875968992248062,0.0015023135628868458,0.2868217054263566,0.08226669070368368
Normal 2019,GOLD,981,0,0.24031007751937986,0.05774893335737036,0.21705426356589147,0.047112553332131483,0.46511627906976744,0.21633315305570577,0.17054263565891473,0.029084790577489333,0.5193798449612403,0.26975542335196206,0.07751937984496124,0.006009254251547383,0.8449612403100775,0.7139594976263445,0.12403100775193798,0.0153836908839613,0.29457364341085274,0.08677363139234423
Normal 2019,GOLD,982,0,0.2248062015503876,0.05053782825551349,0.14728682170542637,0.021693407848086058,0.3953488372093023,0.1563007030827474,0.05426356589147287,0.0029445345832582177,0.5581395348837209,0.31151974040021635,0.05426356589147287,0.0029445345832582177,0.7829457364341085,0.6130040262003484,0.17829457364341086,0.03178895499068566,0.34108527131782945,0.11633916230995733
Normal 2019,GOLD,983,0,0.16279069767441862,0.026500811249323963,0.12403100775193798,0.0153836908839613,0.34108527131782945,0.11633916230995733,0.10852713178294573,0.011778138333032871,0.43410852713178294,0.18845021332852593,0.007751937984496124,6.009254251547383e-05,0.7131782945736435,0.5086232798509706,0.09302325581395349,0.00865332612222823,0.3643410852713178,0.1327444264166817
Normal 2019,GOLD,984,0,0.18604651162790697,0.03461330448891292,0.09302325581395349,0.00865332612222823,0.20155038759689922,0.04062255874046031,0.046511627906976744,0.0021633315305570576,0.27906976744186046,0.07787993510005409,0.031007751937984496,0.0009614806802475813,0.7596899224806202,0.5771287783186106,0.10077519379844961,0.010155639685115077,0.4263565891472868,0.1817799411093083
Normal 2019,GOLD,985,0,0.15503875968992248,0.024037017006189532,0.046511627906976744,0.0021633315305570576,0.29457364341085274,0.08677363139234423,0.2558139534883721,0.06544077879935101,0.2558139534883721,0.06544077879935101,0.03875968992248062,0.0015023135628868458,0.7364341085271318,0.5423351962021513,0.06976744186046512,0.0048674959437533805,0.4573643410852713,0.20918214049636438
Normal 2019,GOLD,986,0,0.20930232558139536,0.043807463493780424,0.06201550387596899,0.003845922720990325,0.5038759689922481,0.2538909921278769,0.3023255813953488,0.09140075716603568,0.14728682170542637,0.021693407848086058,0.06201550387596899,0.003845922720990325,0.7054263565891473,0.4976263445706388,0.16279069767441862,0.026500811249323963,0.4806201550387597,0.23099573342948143
Normal 2019,GOLD,987,0,0.20155038759689922,0.04062255874046031,0.03875968992248062,0.0015023135628868458,0.6356589147286822,0.40406225587404604,0.06976744186046512,0.0048674959437533805,0.20930232558139536,0.043807463493780424,0.16279069767441862,0.026500811249323963,0.6821705426356589,0.46535664923982933,0.11627906976744186,0.01352082206598161,0.5193798449612403,0.26975542335196206
Normal 2019,GOLD,988,0,0.24806201550387597,0.0615347635358452,0.031007751937984496,0.0009614806802475813,0.24806201550387597,0.0615347635358452,0.20155038759689922,0.04062255874046031,0.10852713178294573,0.011778138333032871,0.24806201550387597,0.0615347635358452,0.5038759689922481,0.2538909921278769,0.13178294573643412,0.01736674478697194,0.5348837209302325,0.28610059491617085
Normal 2019,GOLD,989,0,0.26356589147286824,0.06946697914788776,0.11627906976744186,0.01352082206598161,0.2248062015503876,0.05053782825551349,0.031007751937984496,0.0009614806802475813,0.23255813953488372,0.05408328826392644,0.35658914728682173,0.12715581996274264,0.4263565891472868,0.1817799411093083,0.08527131782945736,0.007271197644372333,0.49612403100775193,0.2461390541433808
Normal 2019,GOLD,990,0,0.14728682170542637,0.021693407848086058,0.05426356589147287,0.0029445345832582177,0.3178294573643411,0.10101556396851151,0.34108527131782945,0.11633916230995733,0.10077519379844961,0.010155639685115077,0.4108527131782946,0.168799951925966,0.35658914728682173,0.12715581996274264,0.13953488372093023,0.019469983775013522,0.5116279069767442,0.26176311519740403
Normal 2019,GOLD,991,0,0.17054263565891473,0.029084790577489333,0.3023255813953488,0.09140075716603568,0.27906976744186046,0.07787993510005409,0.17829457364341086,0.03178895499068566,0.031007751937984496,0.0009614806802475813,0.3333333333333333,0.1111111111111111,0.29457364341085274,0.08677363139234423,0.2868217054263566,0.08226669070368368,0.6046511627906976,0.36560302866414274
Normal 2019,GOLD,992,0,0.23255813953488372,0.05408328826392644,0.24806201550387597,0.0615347635358452,0.31007751937984496,0.09614806802475813,0.09302325581395349,0.00865332612222823,0.03875968992248062,0.0015023135628868458,0.34108527131782945,0.11633916230995733,0.3488372093023256,0.12168739859383451,0.2558139534883721,0.06544077879935101,0.5658914728682171,0.32023315906496
Normal 2019,GOLD,993,0,0.2868217054263566,0.08226669070368368,0.18604651162790697,0.03461330448891292,0.6124031007751938,0.37503755783907217,0.10077519379844961,0.010155639685115077,0.12403100775193798,0.0153836908839613,0.3875968992248062,0.1502313562886846,0.3643410852713178,0.1327444264166817,0.14728682170542637,0.021693407848086058,0.5581395348837209,0.31151974040021635
Normal 2019,GOLD,994,0,0.34108527131782945,0.11633916230995733,0.1937984496124031,0.03755783907217115,0.4186046511627907,0.1752298539751217,0.24806201550387597,0.0615347635358452,0.11627906976744186,0.01352082206598161,0.5503875968992248,0.30292650682050354,0.3023255813953488,0.09140075716603568,0.40310077519379844,0.16249023496184123,0.6124031007751938,0.37503755783907217
Normal 2019,GOLD,995,0,0.49612403100775193,0.2461390541433808,0.20155038759689922,0.04062255874046031,0.023255813953488372,0.0005408328826392644,0.32558139534883723,0.10600324499729585,0.13953488372093023,0.019469983775013522,0.49612403100775193,0.2461390541433808,0.2868217054263566,0.08226669070368368,0.23255813953488372,0.05408328826392644,0.6434108527131783,0.41397752538909927
Normal 2019,GOLD,996,0,0.4108527131782946,0.168799951925966,0.16279069767441862,0.026500811249323963,0.08527131782945736,0.007271197644372333,0.3643410852713178,0.1327444264166817,0.05426356589147287,0.0029445345832582177,0.3953488372093023,0.1563007030827474,0.23255813953488372,0.05408328826392644,0.35658914728682173,0.12715581996274264,0.627906976744186,0.3942671714440238
Normal 2019,GOLD,997,0,0.4418604651162791,0.19524067063277448,0.17054263565891473,0.029084790577489333,0.13178294573643412,0.01736674478697194,0.4186046511627907,0.1752298539751217,0.2868217054263566,0.08226669070368368,0.37209302325581395,0.1384532179556517,0.2558139534883721,0.06544077879935101,0.32558139534883723,0.10600324499729585,0.6821705426356589,0.46535664923982933
Normal 2019,GOLD,998,0,0.4573643410852713,0.20918214049636438,0.20930232558139536,0.043807463493780424,0.05426356589147287,0.0029445345832582177,0.37209302325581395,0.1384532179556517,0.16279069767441862,0.026500811249323963,0.4806201550387597,0.23099573342948143,0.3178294573643411,0.10101556396851151,0.31007751937984496,0.09614806802475813,0.7286821705426356,0.5309777056667268
Normal 2019,GOLD,999,0,0.4806201550387597,0.23099573342948143,0.40310077519379844,0.16249023496184123,0.015503875968992248,0.00024037017006189532,0.4418604651162791,0.19524067063277448,0.2713178294573643,0.07361336458145543,0.5038759689922481,0.2538909921278769,0.4108527131782946,0.168799951925966,0.5193798449612403,0.26975542335196206,0.7984496124031008,0.6375217835466618
Normal 2019,GOLD,1000,0,0.5891472868217055,0.3470945255693769,0.46511627906976744,0.21633315305570577,0.4496124031007752,0.20215131302205397,0.5736434108527132,0.32906676281473474,0.3023255813953488,0.09140075716603568,0.4883720930232558,0.23850730124391561,0.4883720930232558,0.23850730124391561,0.49612403100775193,0.2461390541433808,0.8992248062015504,0.8086052520882159
Normal 2019,GOLD,1001,0,0.7054263565891473,0.4976263445706388,0.29457364341085274,0.08677363139234423,0.3875968992248062,0.1502313562886846,0.4108527131782946,0.168799951925966,0.2248062015503876,0.05053782825551349,0.6201550387596899,0.3845922720990325,0.4186046511627907,0.1752298539751217,0.8372093023255814,0.7009194159004868,0.9224806201550387,0.8509704945616249
Normal 2019,GOLD,1002,0,0.7984496124031008,0.6375217835466618,0.4108527131782946,0.168799951925966,0.8837209302325582,0.7809626825310979,0.6589147286821705,0.4341686196742984,0.3875968992248062,0.1502313562886846,0.7131782945736435,0.5086232798509706,0.5271317829457365,0.277867916591551,0.813953488372093,0.662520281233099,0.937984496124031,0.8798149149690524
Normal 2019,EURUSD,908,0,0.11278195488721804,0.012719769348182485,0.41353383458646614,0.17101023234778673,0.2857142857142857,0.08163265306122448,0.20300751879699247,0.04121205268811125,0.09022556390977443,0.00814065238283679,0.03759398496240601,0.0014133077053536094,0.21804511278195488,0.04754367120809542,0.7819548872180451,0.6114534456441856,0.7669172932330827,0.5881621346599581
Normal 2019,EURUSD,909,0,0.5714285714285714,0.32653061224489793,0.5639097744360902,0.3179942337045622,0.03007518796992481,0.0009045169314263101,0.7518796992481203,0.5653230821414438,0.15789473684210525,0.02493074792243767,0.5413533834586466,0.29306348578212443,0.6240601503759399,0.38945107128724066,0.6390977443609023,0.4084459268471932,0.7969924812030075,0.6351970150941262
Normal 2019,EURUSD,910,0,0.5263157894736842,0.27700831024930744,0.42857142857142855,0.18367346938775508,0.631578947368421,0.39889196675900274,0.6090225563909775,0.3709084741930013,0.3609022556390977,0.13025043812538864,0.42857142857142855,0.18367346938775508,0.556390977443609,0.3095709197806546,0.6766917293233082,0.4579116965345695,0.8646616541353384,0.7476397761320595
Normal 2019,EURUSD,911,0,0.44360902255639095,0.19678896489343659,0.37593984962406013,0.14133077053536094,0.14285714285714285,0.02040816326530612,0.5789473684210527,0.33518005540166207,0.3458646616541353,0.11962236418112951,0.5864661654135338,0.3439425631748544,0.5338345864661654,0.2849793657075019,0.8421052631578947,0.709141274238227,0.8421052631578947,0.709141274238227
Normal 2019,EURUSD,912,0,0.45864661654135336,0.21035671886483123,0.2556390977443609,0.0653513482955509,0.08270676691729323,0.006840409293911469,0.9097744360902256,0.8276895245632879,0.42105263157894735,0.17728531855955676,0.6090225563909775,0.3709084741930013,0.5714285714285714,0.32653061224489793,0.9022556390977443,0.814065238283679,0.8120300751879699,0.65939284300978
Normal 2019,EURUSD,913,0,0.7142857142857143,0.5102040816326531,0.3383458646616541,0.11447792413364237,0.06015037593984962,0.0036180677257052402,0.8872180451127819,0.7871558595737463,0.6541353383458647,0.42789304087285884,0.7894736842105263,0.6232686980609419,0.6842105263157895,0.46814404432132967,0.849624060150376,0.7218610435864097,0.7293233082706767,0.5319124879868845
Normal 2019,EURUSD,914,0,0.6165413533834586,0.3801232404319068,0.3233082706766917,0.10452823788795296,0.8721804511278195,0.7606987393295267,0.7744360902255639,0.5997512578438577,0.5789473684210527,0.33518005540166207,0.7669172932330827,0.5881621346599581,0.7443609022556391,0.5540731528068291,0.8796992481203008,0.7738707671434225,0.6842105263157895,0.46814404432132967
Normal 2019,EURUSD,915,0,0.7218045112781954,0.5210017525015546,0.39849624060150374,0.15879925377353155,0.07518796992481203,0.005653230821414438,0.7593984962406015,0.5766860760924869,0.6766917293233082,0.4579116965345695,0.7744360902255639,0.5997512578438577,0.8195488721804511,0.6716603538922494,0.9699248120300752,0.9407541409915767,0.6015037593984962,0.361806772570524
Normal 2019,EURUSD,916,0,0.6766917293233082,0.4579116965345695,0.46616541353383456,0.217310192775171,0.18796992481203006,0.035332692633840236,0.8796992481203008,0.7738707671434225,0.6917293233082706,0.47848945672451804,0.8270676691729323,0.6840409293911469,0.8947368421052632,0.8005540166204986,0.7368421052631579,0.5429362880886426,0.5037593984962406,0.2537735315732942
Normal 2019,EURUSD,917,0,0.849624060150376,0.7218610435864097,0.45864661654135336,0.21035671886483123,0.8045112781954887,0.6472383967437391,0.9774436090225563,0.95539600881904,0.6842105263157895,0.46814404432132967,0.8120300751879699,0.65939284300978,0.8872180451127819,0.7871558595737463,0.7894736842105263,0.6232686980609419,0.45864661654135336,0.21035671886483123
Normal 2019,EURUSD,918,0,0.5864661654135338,0.3439425631748544,0.48872180451127817,0.23884900220476,0.5639097744360902,0.3179942337045622,0.5338345864661654,0.2849793657075019,0.6992481203007519,0.4889479337441348,0.8195488721804511,0.6716603538922494,0.9022556390977443,0.814065238283679,0.8571428571428571,0.7346938775510203,0.37593984962406013,0.14133077053536094
Normal 2019,EURUSD,919,0,0.8421052631578947,0.709141274238227,0.7969924812030075,0.6351970150941262,0.6015037593984962,0.361806772570524,0.8345864661654135,0.696534569506473,0.8045112781954887,0.6472383967437391,0.8646616541353384,0.7476397761320595,0.9398496240601504,0.883317315846006,0.8947368421052632,0.8005540166204986,0.3458646616541353,0.11962236418112951
Normal 2019,EURUSD,920,0,0.8045112781954887,0.6472383967437391,0.6766917293233082,0.4579116965345695,0.3157894736842105,0.09972299168975068,0.706766917293233,0.4995194753801797,0.7744360902255639,0.5997512578438577,0.8345864661654135,0.696534569506473,0.9473684210526315,0.8975069252077561,0.8721804511278195,0.7606987393295267,0.2631578947368421,0.06925207756232686
Normal 2019,EURUSD,921,0,0.6917293233082706,0.47848945672451804,0.6240601503759399,0.38945107128724066,0.706766917293233,0.4995194753801797,0.8646616541353384,0.7476397761320595,0.7593984962406015,0.5766860760924869,0.9473684210526315,0.8975069252077561,0.9172932330827067,0.8414268754593249,0.8646616541353384,0.7476397761320595,0.24812030075187969,0.061563683645203225
Normal 2019,EURUSD,922,0,0.3383458646616541,0.11447792413364237,0.11278195488721804,0.012719769348182485,0.45864661654135336,0.21035671886483123,0.5714285714285714,0.32653061224489793,0.03007518796992481,0.0009045169314263101,0.22556390977443608,0.05087907739272994,0.12781954887218044,0.016337837073887727,0.41353383458646614,0.17101023234778673,0.924812030075188,0.8552772909717904
Normal 2019,EURUSD,923,0,0.6466165413533834,0.41811295155181183,0.23308270676691728,0.05432754819379275,0.7819548872180451,0.6114534456441856,0.3458646616541353,0.11962236418112951,0.06015037593984962,0.0036180677257052402,0.3007518796992481,0.090451693142631,0.3533834586466165,0.12487986884504493,0.2781954887218045,0.07739272994516365,0.9849624060150376,0.9701509412629318
Normal 2019,EURUSD,924,0,0.6691729323308271,0.4477924133642377,0.40601503759398494,0.164848210752445,0.6090225563909775,0.3709084741930013,0.6165413533834586,0.3801232404319068,0.24812030075187969,0.061563683645203225,0.41353383458646614,0.17101023234778673,0.3684210526315789,0.13573407202216065,0.3458646616541353,0.11962236418112951,0.9548872180451128,0.9118095991859347
Normal 2019,EURUSD,925,0,0.37593984962406013,0.14133077053536094,0.3458646616541353,0.11962236418112951,0.41353383458646614,0.17101023234778673,0.45112781954887216,0.20351630957091976,0.17293233082706766,0.029905591045282377,0.3533834586466165,0.12487986884504493,0.3383458646616541,0.11447792413364237,0.13533834586466165,0.018316467861382777,0.9172932330827067,0.8414268754593249
Normal 2019,EURUSD,926,0,0.5488721804511278,0.30126067047317545,0.3308270676691729,0.10944654870258351,0.21052631578947367,0.04432132963988919,0.7969924812030075,0.6351970150941262,0.24060150375939848,0.057889083611283844,0.38345864661654133,0.14704053366498954,0.3007518796992481,0.090451693142631,0.16541353383458646,0.027361637175645877,0.8721804511278195,0.7606987393295267
Normal 2019,EURUSD,927,0,0.7744360902255639,0.5997512578438577,0.24812030075187969,0.061563683645203225,0.43609022556390975,0.19017468483238167,0.6616541353383458,0.43778619481033404,0.2706766917293233,0.07326587144553111,0.3609022556390977,0.13025043812538864,0.2706766917293233,0.07326587144553111,0.2932330827067669,0.0859856407937136,0.7744360902255639,0.5997512578438577
Normal 2019,EURUSD,928,0,0.631578947368421,0.39889196675900274,0.19548872180451127,0.0382158403527616,0.45112781954887216,0.20351630957091976,0.24812030075187969,0.061563683645203225,0.21804511278195488,0.04754367120809542,0.2706766917293233,0.07326587144553111,0.2631578947368421,0.06925207756232686,0.3308270676691729,0.10944654870258351,0.6917293233082706,0.47848945672451804
Normal 2019,EURUSD,929,0,0.43609022556390975,0.19017468483238167,0.16541353383458646,0.027361637175645877,0.39097744360902253,0.1528633614110464,0.5263157894736842,0.27700831024930744,0.2857142857142857,0.08163265306122448,0.39097744360902253,0.1528633614110464,0.19548872180451127,0.0382158403527616,0.15789473684210525,0.02493074792243767,0.6240601503759399,0.38945107128724066
Normal 2019,EURUSD,930,0,0.40601503759398494,0.164848210752445,0.17293233082706766,0.029905591045282377,0.3308270676691729,0.10944654870258351,0.23308270676691728,0.05432754819379275,0.45864661654135336,0.21035671886483123,0.24060150375939848,0.057889083611283844,0.15789473684210525,0.02493074792243767,0.5939849624060151,0.3528181355644751,0.48872180451127817,0.23884900220476
Normal 2019,EURUSD,931,0,0.49624060150375937,0.2462547345808129,0.09774436090225563,0.0095539600881904,0.5263157894736842,0.27700831024930744,0.24060150375939848,0.057889083611283844,0.40601503759398494,0.164848210752445,0.16541353383458646,0.027361637175645877,0.08270676691729323,0.006840409293911469,0.17293233082706766,0.029905591045282377,0.39849624060150374,0.15879925377353155
Normal 2019,EURUSD,932,0,0.3684210526315789,0.13573407202216065,0.06766917293233082,0.004579116965345694,0.39849624060150374,0.15879925377353155,0.7443609022556391,0.5540731528068291,0.3233082706766917,0.10452823788795296,0.10526315789473684,0.011080332409972297,0.05263157894736842,0.0027700831024930744,0.23308270676691728,0.05432754819379275,0.42105263157894735,0.17728531855955676
Normal 2019,EURUSD,933,0,0.20300751879699247,0.04121205268811125,0.05263157894736842,0.0027700831024930744,0.556390977443609,0.3095709197806546,0.06015037593984962,0.0036180677257052402,0.45112781954887216,0.20351630957091976,0.045112781954887216,0.0020351630957091975,0.045112781954887216,0.0020351630957091975,0.40601503759398494,0.164848210752445,0.3684210526315789,0.13573407202216065
Normal 2019,EURUSD,934,0,0.03007518796992481,0.0009045169314263101,0.03007518796992481,0.0009045169314263101,0.5338345864661654,0.2849793657075019,0.18045112781954886,0.03256260953134716,0.20300751879699247,0.04121205268811125,0.022556390977443608,0.0005087907739272994,0.022556390977443608,0.0005087907739272994,0.15037593984962405,0.02261292328565775,0.3308270676691729,0.10944654870258351
Normal 2019,EURUSD,935,0,0.12781954887218044,0.016337837073887727,0.06015037593984962,0.0036180677257052402,0.40601503759398494,0.164848210752445,0.38345864661654133,0.14704053366498954,0.3082706766917293,0.0950308101079767,0.09774436090225563,0.0095539600881904,0.03759398496240601,0.0014133077053536094,0.39097744360902253,0.1528633614110464,0.3157894736842105,0.09972299168975068
Normal 2019,EURUSD,936,0,0.015037593984962405,0.00022612923285657752,0.07518796992481203,0.005653230821414438,0.5488721804511278,0.30126067047317545,0.08270676691729323,0.006840409293911469,0.48120300751879697,0.23155633444513538,0.06015037593984962,0.0036180677257052402,0.015037593984962405,0.00022612923285657752,0.3684210526315789,0.13573407202216065,0.22556390977443608,0.05087907739272994
Normal 2019,EURUSD,937,0,0.10526315789473684,0.011080332409972297,0.13533834586466165,0.018316467861382777,0.46616541353383456,0.217310192775171,0.39097744360902253,0.1528633614110464,0.44360902255639095,0.19678896489343659,0.07518796992481203,0.005653230821414438,0.007518796992481203,5.653230821414438e-05,0.38345864661654133,0.14704053366498954,0.16541353383458646,0.027361637175645877
Normal 2019,EURUSD,938,0,0.24812030075187969,0.061563683645203225,0.2781954887218045,0.07739272994516365,0.5939849624060151,0.3528181355644751,0.2556390977443609,0.0653513482955509,0.5714285714285714,0.32653061224489793,0.13533834586466165,0.018316467861382777,0.03007518796992481,0.0009045169314263101,0.44360902255639095,0.19678896489343659,0.11278195488721804,0.012719769348182485
Normal 2019,EURUSD,939,0,0.3609022556390977,0.13025043812538864,0.706766917293233,0.4995194753801797,0.8571428571428571,0.7346938775510203,0.22556390977443608,0.05087907739272994,0.7368421052631579,0.5429362880886426,0.08270676691729323,0.006840409293911469,0.07518796992481203,0.005653230821414438,0.2556390977443609,0.0653513482955509,0.06015037593984962,0.0036180677257052402
Normal 2019,EURUSD,940,0,0.3082706766917293,0.0950308101079767,0.15789473684210525,0.02493074792243767,0.09022556390977443,0.00814065238283679,0.3684210526315789,0.13573407202216065,0.19548872180451127,0.0382158403527616,0.14285714285714285,0.02040816326530612,0.09774436090225563,0.0095539600881904,0.5864661654135338,0.3439425631748544,0.5338345864661654,0.2849793657075019
Normal 2019,EURUSD,941,0,0.3233082706766917,0.10452823788795296,0.43609022556390975,0.19017468483238167,0.48872180451127817,0.23884900220476,0.5112781954887218,0.2614053931822036,0.06766917293233082,0.004579116965345694,0.21804511278195488,0.04754367120809542,0.42857142857142855,0.18367346938775508,0.7593984962406015,0.5766860760924869,0.9774436090225563,0.95539600881904
Normal 2019,EURUSD,942,0,0.15789473684210525,0.02493074792243767,0.20300751879699247,0.04121205268811125,0.5413533834586466,0.29306348578212443,0.09022556390977443,0.00814065238283679,0.12030075187969924,0.014472270902820961,0.19548872180451127,0.0382158403527616,0.46616541353383456,0.217310192775171,0.6541353383458647,0.42789304087285884,0.9624060150375939,0.9262253377805415
Normal 2019,EURUSD,943,0,0.18796992481203006,0.035332692633840236,0.3007518796992481,0.090451693142631,0.12030075187969924,0.014472270902820961,0.42105263157894735,0.17728531855955676,0.05263157894736842,0.0027700831024930744,0.15037593984962405,0.02261292328565775,0.5112781954887218,0.2614053931822036,0.556390977443609,0.3095709197806546,0.9924812030075187,0.9850189383232516
Normal 2019,EURUSD,944,0,0.21052631578947367,0.04432132963988919,0.3157894736842105,0.09972299168975068,0.23308270676691728,0.05432754819379275,0.3609022556390977,0.13025043812538864,0.21052631578947367,0.04432132963988919,0.12781954887218044,0.016337837073887727,0.48872180451127817,0.23884900220476,0.5413533834586466,0.29306348578212443,0.9699248120300752,0.9407541409915767
Normal 2019,EURUSD,945,0,0.19548872180451127,0.0382158403527616,0.22556390977443608,0.05087907739272994,0.11278195488721804,0.012719769348182485,0.2932330827067669,0.0859856407937136,0.11278195488721804,0.012719769348182485,0.11278195488721804,0.012719769348182485,0.44360902255639095,0.19678896489343659,0.7744360902255639,0.5997512578438577,0.9022556390977443,0.814065238283679
Normal 2019,EURUSD,946,0,0.07518796992481203,0.005653230821414438,0.21052631578947367,0.04432132963988919,0.24812030075187969,0.061563683645203225,0.022556390977443608,0.0005087907739272994,0.3308270676691729,0.10944654870258351,0.20300751879699247,0.04121205268811125,0.39849624060150374,0.15879925377353155,0.7218045112781954,0.5210017525015546,0.8872180451127819,0.7871558595737463
Normal 2019,EURUSD,947,0,0.16541353383458646,0.027361637175645877,0.2631578947368421,0.06925207756232686,0.5037593984962406,0.2537735315732942,0.5864661654135338,0.3439425631748544,0.43609022556390975,0.19017468483238167,0.21052631578947367,0.04432132963988919,0.3609022556390977,0.13025043812538864,0.5488721804511278,0.30126067047317545,0.7894736842105263,0.6232686980609419
Normal 2019,EURUSD,948,0,0.15037593984962405,0.02261292328565775,0.18045112781954886,0.03256260953134716,0.7669172932330827,0.5881621346599581,0.12030075187969924,0.014472270902820961,0.10526315789473684,0.011080332409972297,0.17293233082706766,0.029905591045282377,0.2556390977443609,0.0653513482955509,0.5338345864661654,0.2849793657075019,0.706766917293233,0.4995194753801797
Normal 2019,EURUSD,949,0,0.42105263157894735,0.17728531855955676,0.12030075187969924,0.014472270902820961,0.19548872180451127,0.0382158403527616,0.49624060150375937,0.2462547345808129,0.14285714285714285,0.02040816326530612,0.2932330827067669,0.0859856407937136,0.39097744360902253,0.1528633614110464,0.8345864661654135,0.696534569506473,0.8345864661654135,0.696534569506473
Normal 2019,EURUSD,950,0,0.8345864661654135,0.696534569506473,0.24060150375939848,0.057889083611283844,0.6466165413533834,0.41811295155181183,0.3007518796992481,0.090451693142631,0.16541353383458646,0.027361637175645877,0.518796992481203,0.2691503194075414,0.41353383458646614,0.17101023234778673,0.924812030075188,0.8552772909717904,0.8045112781954887,0.6472383967437391
Normal 2019,EURUSD,951,0,0.6090225563909775,0.3709084741930013,0.3609022556390977,0.13025043812538864,0.7894736842105263,0.6232686980609419,0.9323308270676691,0.869240771100684,0.045112781954887216,0.0020351630957091975,0.5639097744360902,0.3179942337045622,0.42105263157894735,0.17728531855955676,0.8195488721804511,0.6716603538922494,0.8796992481203008,0.7738707671434225
Normal 2019,EURUSD,952,0,0.7969924812030075,0.6351970150941262,0.3533834586466165,0.12487986884504493,0.3458646616541353,0.11962236418112951,0.6390977443609023,0.4084459268471932,0.12781954887218044,0.016337837073887727,0.5112781954887218,0.2614053931822036,0.45112781954887216,0.20351630957091976,0.9624060150375939,0.9262253377805415,0.9097744360902256,0.8276895245632879
Normal 2019,EURUSD,953,0,0.39097744360902253,0.1528633614110464,0.21804511278195488,0.04754367120809542,0.3082706766917293,0.0950308101079767,0.7894736842105263,0.6232686980609419,0.3157894736842105,0.09972299168975068,0.45112781954887216,0.20351630957091976,0.49624060150375937,0.2462547345808129,0.9097744360902256,0.8276895245632879,0.9398496240601504,0.883317315846006
Normal 2019,EURUSD,954,0,0.48120300751879697,0.23155633444513538,0.39097744360902253,0.1528633614110464,0.13533834586466165,0.018316467861382777,0.8721804511278195,0.7606987393295267,0.48872180451127817,0.23884900220476,0.39849624060150374,0.15879925377353155,0.5939849624060151,0.3528181355644751,0.9774436090225563,0.95539600881904,0.9473684210526315,0.8975069252077561
Normal 2019,EURUSD,955,0,0.7593984962406015,0.5766860760924869,0.2706766917293233,0.07326587144553111,0.5864661654135338,0.3439425631748544,0.849624060150376,0.7218610435864097,0.2932330827067669,0.0859856407937136,0.631578947368421,0.39889196675900274,0.6090225563909775,0.3709084741930013,0.9548872180451128,0.9118095991859347,0.9323308270676691,0.869240771100684
Normal 2019,EURUSD,956,0,0.6390977443609023,0.4084459268471932,0.7669172932330827,0.5881621346599581,0.2631578947368421,0.06925207756232686,0.3082706766917293,0.0950308101079767,0.3007518796992481,0.090451693142631,0.18045112781954886,0.03256260953134716,0.3157894736842105,0.09972299168975068,0.5789473684210527,0.33518005540166207,0.849624060150376,0.7218610435864097
Normal 2019,EURUSD,957,0,0.42857142857142855,0.18367346938775508,0.9398496240601504,0.883317315846006,0.24060150375939848,0.057889083611283844,0.37593984962406013,0.14133077053536094,0.38345864661654133,0.14704053366498954,0.18796992481203006,0.035332692633840236,0.06015037593984962,0.0036180677257052402,0.45864661654135336,0.21035671886483123,0.41353383458646614,0.17101023234778673
Normal 2019,EURUSD,958,0,0.2706766917293233,0.07326587144553111,0.9323308270676691,0.869240771100684,0.17293233082706766,0.029905591045282377,0.19548872180451127,0.0382158403527616,0.3684210526315789,0.13573407202216065,0.37593984962406013,0.14133077053536094,0.06766917293233082,0.004579116965345694,0.5639097744360902,0.3179942337045622,0.39097744360902253,0.1528633614110464
Normal 2019,EURUSD,959,0,0.706766917293233,0.4995194753801797,0.8796992481203008,0.7738707671434225,0.015037593984962405,0.00022612923285657752,0.13533834586466165,0.018316467861382777,0.5639097744360902,0.3179942337045622,0.5263157894736842,0.27700831024930744,0.09022556390977443,0.00814065238283679,0.3157894736842105,0.09972299168975068,0.44360902255639095,0.19678896489343659
Normal 2019,EURUSD,960,0,0.41353383458646614,0.17101023234778673,0.7518796992481203,0.5653230821414438,0.007518796992481203,5.653230821414438e-05,0.16541353383458646,0.027361637175645877,0.46616541353383456,0.217310192775171,0.7218045112781954,0.5210017525015546,0.10526315789473684,0.011080332409972297,0.2631578947368421,0.06925207756232686,0.45112781954887216,0.20351630957091976
Normal 2019,EURUSD,961,0,0.2857142857142857,0.08163265306122448,0.5939849624060151,0.3528181355644751,0.5714285714285714,0.32653061224489793,0.12781954887218044,0.016337837073887727,0.5037593984962406,0.2537735315732942,0.7293233082706767,0.5319124879868845,0.11278195488721804,0.012719769348182485,0.18045112781954886,0.03256260953134716,0.49624060150375937,0.2462547345808129
Normal 2019,EURUSD,962,0,0.2631578947368421,0.06925207756232686,0.2857142857142857,0.08163265306122448,0.7969924812030075,0.6351970150941262,0.015037593984962405,0.00022612923285657752,0.41353383458646614,0.17101023234778673,0.6240601503759399,0.38945107128724066,0.15037593984962405,0.02261292328565775,0.3383458646616541,0.11447792413364237,0.556390977443609,0.3095709197806546
Normal 2019,EURUSD,963,0,0.3533834586466165,0.12487986884504493,0.15037593984962405,0.02261292328565775,0.09774436090225563,0.0095539600881904,0.14285714285714285,0.02040816326530612,0.18796992481203006,0.035332692633840236,0.5714285714285714,0.32653061224489793,0.17293233082706766,0.029905591045282377,0.2706766917293233,0.07326587144553111,0.5864661654135338,0.3439425631748544
Normal 2019,EURUSD,964,0,0.23308270676691728,0.05432754819379275,0.10526315789473684,0.011080332409972297,0.6842105263157895,0.46814404432132967,0.09774436090225563,0.0095539600881904,0.15037593984962405,0.02261292328565775,0.3157894736842105,0.09972299168975068,0.12030075187969924,0.014472270902820961,0.11278195488721804,0.012719769348182485,0.5789473684210527,0.33518005540166207
Normal 2019,EURUSD,965,0,0.24060150375939848,0.057889083611283844,0.18796992481203006,0.035332692633840236,0.22556390977443608,0.05087907739272994,0.3233082706766917,0.10452823788795296,0.23308270676691728,0.05432754819379275,0.2631578947368421,0.06925207756232686,0.24812030075187969,0.061563683645203225,0.09774436090225563,0.0095539600881904,0.5714285714285714,0.32653061224489793
Normal 2019,EURUSD,966,0,0.12030075187969924,0.014472270902820961,0.14285714285714285,0.02040816326530612,0.10526315789473684,0.011080332409972297,0.11278195488721804,0.012719769348182485,0.09774436090225563,0.0095539600881904,0.09022556390977443,0.00814065238283679,0.18045112781954886,0.03256260953134716,0.07518796992481203,0.005653230821414438,0.518796992481203,0.2691503194075414
Normal 2019,EURUSD,967,0,0.03759398496240601,0.0014133077053536094,0.015037593984962405,0.00022612923285657752,0.21804511278195488,0.04754367120809542,0.3308270676691729,0.10944654870258351,0.18045112781954886,0.03256260953134716,0.06766917293233082,0.004579116965345694,0.18796992481203006,0.035332692633840236,0.045112781954887216,0.0020351630957091975,0.5413533834586466,0.29306348578212443
Normal 2019,EURUSD,968,0,0.022556390977443608,0.0005087907739272994,0.007518796992481203,5.653230821414438e-05,0.5789473684210527,0.33518005540166207,0.03007518796992481,0.0009045169314263101,0.13533834586466165,0.018316467861382777,0.05263157894736842,0.0027700831024930744,0.23308270676691728,0.05432754819379275,0.05263157894736842,0.0027700831024930744,0.5639097744360902,0.3179942337045622
Normal 2019,EURUSD,969,0,0.06015037593984962,0.0036180677257052402,0.022556390977443608,0.0005087907739272994,0.15037593984962405,0.02261292328565775,0.03759398496240601,0.0014133077053536094,0.07518796992481203,0.005653230821414438,0.12030075187969924,0.014472270902820961,0.2781954887218045,0.07739272994516365,0.09022556390977443,0.00814065238283679,0.6090225563909775,0.3709084741930013
Normal 2019,EURUSD,970,0,0.05263157894736842,0.0027700831024930744,0.03759398496240601,0.0014133077053536094,0.9172932330827067,0.8414268754593249,0.05263157894736842,0.0027700831024930744,0.2556390977443609,0.0653513482955509,0.2556390977443609,0.0653513482955509,0.37593984962406013,0.14133077053536094,0.08270676691729323,0.006840409293911469,0.6390977443609023,0.4084459268471932
Normal 2019,EURUSD,971,0,0.09774436090225563,0.0095539600881904,0.045112781954887216,0.0020351630957091975,0.6917293233082706,0.47848945672451804,0.2857142857142857,0.08163265306122448,0.39849624060150374,0.15879925377353155,0.5338345864661654,0.2849793657075019,0.5789473684210527,0.33518005540166207,0.03007518796992481,0.0009045169314263101,0.6466165413533834,0.41811295155181183
Normal 2019,EURUSD,972,0,0.13533834586466165,0.018316467861382777,0.08270676691729323,0.006840409293911469,0.6766917293233082,0.4579116965345695,0.15789473684210525,0.02493074792243767,0.37593984962406013,0.14133077053536094,0.6691729323308271,0.4477924133642377,0.631578947368421,0.39889196675900274,0.007518796992481203,5.653230821414438e-05,0.6616541353383458,0.43778619481033404
Normal 2019,EURUSD,973,0,0.06766917293233082,0.004579116965345694,0.09022556390977443,0.00814065238283679,0.03759398496240601,0.0014133077053536094,0.10526315789473684,0.011080332409972297,0.518796992481203,0.2691503194075414,0.6842105263157895,0.46814404432132967,0.5864661654135338,0.3439425631748544,0.03759398496240601,0.0014133077053536094,0.7142857142857143,0.5102040816326531
Normal 2019,EURUSD,974,0,0.007518796992481203,5.653230821414438e-05,0.12781954887218044,0.016337837073887727,0.2781954887218045,0.07739272994516365,0.007518796992481203,5.653230821414438e-05,0.3533834586466165,0.12487986884504493,0.6992481203007519,0.4889479337441348,0.518796992481203,0.2691503194075414,0.06015037593984962,0.0036180677257052402,0.7518796992481203,0.5653230821414438
Normal 2019,EURUSD,975,0,0.09022556390977443,0.00814065238283679,0.3082706766917293,0.0950308101079767,0.5112781954887218,0.2614053931822036,0.5488721804511278,0.30126067047317545,0.5263157894736842,0.27700831024930744,0.8796992481203008,0.7738707671434225,0.7293233082706767,0.5319124879868845,0.06766917293233082,0.004579116965345694,0.6165413533834586,0.3801232404319068
Normal 2019,EURUSD,976,0,0.6240601503759399,0.38945107128724066,0.849624060150376,0.7218610435864097,0.849624060150376,0.7218610435864097,0.7819548872180451,0.6114534456441856,0.8571428571428571,0.7346938775510203,0.9624060150375939,0.9262253377805415,0.9097744360902256,0.8276895245632879,0.14285714285714285,0.02040816326530612,0.46616541353383456,0.217310192775171
Normal 2019,EURUSD,977,0,0.7518796992481203,0.5653230821414438,0.9473684210526315,0.8975069252077561,0.924812030075188,0.8552772909717904,0.556390977443609,0.3095709197806546,0.8421052631578947,0.709141274238227,0.9323308270676691,0.869240771100684,0.8646616541353384,0.7476397761320595,0.18796992481203006,0.035332692633840236,0.5112781954887218,0.2614053931822036
Normal 2019,EURUSD,978,0,0.7894736842105263,0.6232686980609419,0.9924812030075187,0.9850189383232516,0.3007518796992481,0.090451693142631,0.2706766917293233,0.07326587144553111,0.7443609022556391,0.5540731528068291,0.8571428571428571,0.7346938775510203,0.7669172932330827,0.5881621346599581,0.10526315789473684,0.011080332409972297,0.5939849624060151,0.3528181355644751
Normal 2019,EURUSD,979,0,0.8947368421052632,0.8005540166204986,0.924812030075188,0.8552772909717904,0.05263157894736842,0.0027700831024930744,0.2631578947368421,0.06925207756232686,0.49624060150375937,0.2462547345808129,0.8045112781954887,0.6472383967437391,0.6691729323308271,0.4477924133642377,0.12030075187969924,0.014472270902820961,0.6766917293233082,0.4579116965345695
Normal 2019,EURUSD,980,0,0.9022556390977443,0.814065238283679,0.6691729323308271,0.4477924133642377,0.3609022556390977,0.13025043812538864,0.3383458646616541,0.11447792413364237,0.47368421052631576,0.22437673130193903,0.7518796992481203,0.5653230821414438,0.5413533834586466,0.29306348578212443,0.12781954887218044,0.016337837073887727,0.7443609022556391,0.5540731528068291
Normal 2019,EURUSD,981,0,0.8872180451127819,0.7871558595737463,0.7293233082706767,0.5319124879868845,0.42857142857142855,0.18367346938775508,0.3157894736842105,0.09972299168975068,0.6466165413533834,0.41811295155181183,0.8421052631578947,0.709141274238227,0.706766917293233,0.4995194753801797,0.21052631578947367,0.04432132963988919,0.5263157894736842,0.27700831024930744
Normal 2019,EURUSD,982,0,0.924812030075188,0.8552772909717904,0.8872180451127819,0.7871558595737463,0.9097744360902256,0.8276895245632879,0.8571428571428571,0.7346938775510203,0.9323308270676691,0.869240771100684,0.9849624060150376,0.9701509412629318,0.9699248120300752,0.9407541409915767,0.6090225563909775,0.3709084741930013,0.2781954887218045,0.07739272994516365
Normal 2019,EURUSD,983,0,0.9172932330827067,0.8414268754593249,0.8721804511278195,0.7606987393295267,0.9022556390977443,0.814065238283679,0.9624060150375939,0.9262253377805415,0.849624060150376,0.7218610435864097,0.9548872180451128,0.9118095991859347,0.9774436090225563,0.95539600881904,0.5714285714285714,0.32653061224489793,0.2706766917293233,0.07326587144553111
Normal 2019,EURUSD,984,0,0.9398496240601504,0.883317315846006,0.8195488721804511,0.6716603538922494,0.8120300751879699,0.65939284300978,0.8947368421052632,0.8005540166204986,0.9398496240601504,0.883317315846006,0.9097744360902256,0.8276895245632879,0.9624060150375939,0.9262253377805415,0.3082706766917293,0.0950308101079767,0.2556390977443609,0.0653513482955509
Normal 2019,EURUSD,985,0,0.9624060150375939,0.9262253377805415,0.47368421052631576,0.22437673130193903,0.6541353383458647,0.42789304087285884,0.7368421052631579,0.5429362880886426,0.8270676691729323,0.6840409293911469,0.7969924812030075,0.6351970150941262,0.8796992481203008,0.7738707671434225,0.48872180451127817,0.23884900220476,0.3383458646616541,0.11447792413364237
Normal 2019,EURUSD,986,0,0.9097744360902256,0.8276895245632879,0.5338345864661654,0.2849793657075019,0.37593984962406013,0.14133077053536094,0.43609022556390975,0.19017468483238167,0.8947368421052632,0.8005540166204986,0.7142857142857143,0.5102040816326531,0.8345864661654135,0.696534569506473,0.5037593984962406,0.2537735315732942,0.3233082706766917,0.10452823788795296
Normal 2019,EURUSD,987,0,0.8195488721804511,0.6716603538922494,0.5714285714285714,0.32653061224489793,0.518796992481203,0.2691503194075414,0.518796992481203,0.2691503194075414,0.8120300751879699,0.65939284300978,0.6466165413533834,0.41811295155181183,0.849624060150376,0.7218610435864097,0.45112781954887216,0.20351630957091976,0.2857142857142857,0.08163265306122448
Normal 2019,EURUSD,988,0,0.8571428571428571,0.7346938775510203,0.6466165413533834,0.41811295155181183,0.8195488721804511,0.6716603538922494,0.6917293233082706,0.47848945672451804,0.7969924812030075,0.6351970150941262,0.6766917293233082,0.4579116965345695,0.8421052631578947,0.709141274238227,0.2857142857142857,0.08163265306122448,0.21052631578947367,0.04432132963988919
Normal 2019,EURUSD,989,0,0.8796992481203008,0.7738707671434225,0.45112781954887216,0.20351630957091976,0.7518796992481203,0.5653230821414438,0.6842105263157895,0.46814404432132967,0.8345864661654135,0.696534569506473,0.706766917293233,0.4995194753801797,0.8045112781954887,0.6472383967437391,0.22556390977443608,0.05087907739272994,0.19548872180451127,0.0382158403527616
Normal 2019,EURUSD,990,0,0.5939849624060151,0.3528181355644751,0.556390977443609,0.3095709197806546,0.49624060150375937,0.2462547345808129,0.48120300751879697,0.23155633444513538,0.7218045112781954,0.5210017525015546,0.6541353383458647,0.42789304087285884,0.7744360902255639,0.5997512578438577,0.24812030075187969,0.061563683645203225,0.15037593984962405,0.02261292328565775
Normal 2019,EURUSD,991,0,0.5338345864661654,0.2849793657075019,0.7593984962406015,0.5766860760924869,0.6992481203007519,0.4889479337441348,0.7669172932330827,0.5881621346599581,0.8796992481203008,0.7738707671434225,0.6917293233082706,0.47848945672451804,0.7819548872180451,0.6114534456441856,0.20300751879699247,0.04121205268811125,0.14285714285714285,0.02040816326530612
Normal 2019,EURUSD,992,0,0.7293233082706767,0.5319124879868845,0.8571428571428571,0.7346938775510203,0.8947368421052632,0.8005540166204986,0.6541353383458647,0.42789304087285884,0.924812030075188,0.8552772909717904,0.7443609022556391,0.5540731528068291,0.7593984962406015,0.5766860760924869,0.47368421052631576,0.22437673130193903,0.09022556390977443,0.00814065238283679
Normal 2019,EURUSD,993,0,0.8646616541353384,0.7476397761320595,0.8646616541353384,0.7476397761320595,0.9398496240601504,0.883317315846006,0.8120300751879699,0.65939284300978,0.9097744360902256,0.8276895245632879,0.7819548872180451,0.6114534456441856,0.8270676691729323,0.6840409293911469,0.5263157894736842,0.27700831024930744,0.06766917293233082,0.004579116965345694
Normal 2019,EURUSD,994,0,0.5112781954887218,0.2614053931822036,0.8947368421052632,0.8005540166204986,0.7744360902255639,0.5997512578438577,0.8195488721804511,0.6716603538922494,0.9624060150375939,0.9262253377805415,0.8721804511278195,0.7606987393295267,0.8721804511278195,0.7606987393295267,0.43609022556390975,0.19017468483238167,0.08270676691729323,0.006840409293911469
Normal 2019,EURUSD,995,0,0.518796992481203,0.2691503194075414,0.9172932330827067,0.8414268754593249,0.8872180451127819,0.7871558595737463,0.8270676691729323,0.6840409293911469,0.9548872180451128,0.9118095991859347,0.9699248120300752,0.9407541409915767,0.924812030075188,0.8552772909717904,0.7518796992481203,0.5653230821414438,0.10526315789473684,0.011080332409972297
Normal 2019,EURUSD,996,0,0.39849624060150374,0.15879925377353155,0.9548872180451128,0.9118095991859347,0.9548872180451128,0.9118095991859347,0.6766917293233082,0.4579116965345695,0.9924812030075187,0.9850189383232516,0.9774436090225563,0.95539600881904,0.9849624060150376,0.9701509412629318,0.3007518796992481,0.090451693142631,0.05263157894736842,0.0027700831024930744
Normal 2019,EURUSD,997,0,0.3007518796992481,0.090451693142631,0.9097744360902256,0.8276895245632879,0.9849624060150376,0.9701509412629318,0.9699248120300752,0.9407541409915767,0.9774436090225563,0.95539600881904,0.924812030075188,0.8552772909717904,0.9548872180451128,0.9118095991859347,0.7293233082706767,0.5319124879868845,0.03007518796992481,0.0009045169314263101
Normal 2019,EURUSD,998,0,0.47368421052631576,0.22437673130193903,0.7218045112781954,0.5210017525015546,0.9924812030075187,0.9850189383232516,0.8421052631578947,0.709141274238227,0.9849624060150376,0.9701509412629318,0.7368421052631579,0.5429362880886426,0.9323308270676691,0.869240771100684,0.6842105263157895,0.46814404432132967,0.022556390977443608,0.0005087907739272994
Normal 2019,EURUSD,999,0,0.14285714285714285,0.02040816326530612,0.5263157894736842,0.27700831024930744,0.9699248120300752,0.9407541409915767,0.9022556390977443,0.814065238283679,0.9473684210526315,0.8975069252077561,0.6390977443609023,0.4084459268471932,0.8120300751879699,0.65939284300978,0.42857142857142855,0.18367346938775508,0.015037593984962405,0.00022612923285657752
Normal 2019,EURUSD,1000,0,0.17293233082706766,0.029905591045282377,0.5112781954887218,0.2614053931822036,0.9774436090225563,0.95539600881904,0.21052631578947367,0.04432132963988919,0.9172932330827067,0.8414268754593249,0.40601503759398494,0.164848210752445,0.6766917293233082,0.4579116965345695,0.49624060150375937,0.2462547345808129,0.007518796992481203,5.653230821414438e-05
Normal 2019,EURUSD,1001,0,0.22556390977443608,0.05087907739272994,0.48120300751879697,0.23155633444513538,0.9624060150375939,0.9262253377805415,0.17293233082706766,0.029905591045282377,0.9022556390977443,0.814065238283679,0.24812030075187969,0.061563683645203225,0.6917293233082706,0.47848945672451804,0.5112781954887218,0.2614053931822036,0.03759398496240601,0.0014133077053536094
Normal 2019,EURUSD,1002,0,0.6015037593984962,0.361806772570524,0.5413533834586466,0.29306348578212443,0.9323308270676691,0.869240771100684,0.631578947368421,0.39889196675900274,0.8872180451127819,0.7871558595737463,0.48872180451127817,0.23884900220476,0.7969924812030075,0.6351970150941262,0.46616541353383456,0.217310192775171,0.045112781954887216,0.0020351630957091975
Normal 2019,EURUSD,1003,0,0.6992481203007519,0.4889479337441348,0.6390977443609023,0.4084459268471932,0.6240601503759399,0.38945107128724066,0.5037593984962406,0.2537735315732942,0.7293233082706767,0.5319124879868845,0.47368421052631576,0.22437673130193903,0.7518796992481203,0.5653230821414438,0.6917293233082706,0.47848945672451804,0.07518796992481203,0.005653230821414438
Normal 2019,EURUSD,1004,0,0.7443609022556391,0.5540731528068291,0.6842105263157895,0.46814404432132967,0.7443609022556391,0.5540731528068291,0.15037593984962405,0.02261292328565775,0.8195488721804511,0.6716603538922494,0.5488721804511278,0.30126067047317545,0.7142857142857143,0.5102040816326531,0.8120300751879699,0.65939284300978,0.09774436090225563,0.0095539600881904
Normal 2019,EURUSD,1005,0,0.45112781954887216,0.20351630957091976,0.5789473684210527,0.33518005540166207,0.6691729323308271,0.4477924133642377,0.6691729323308271,0.4477924133642377,0.7142857142857143,0.5102040816326531,0.48120300751879697,0.23155633444513538,0.6541353383458647,0.42789304087285884,0.6015037593984962,0.361806772570524,0.12781954887218044,0.016337837073887727
Normal 2019,EURUSD,1006,0,0.46616541353383456,0.217310192775171,0.5864661654135338,0.3439425631748544,0.3684210526315789,0.13573407202216065,0.21804511278195488,0.04754367120809542,0.6015037593984962,0.361806772570524,0.44360902255639095,0.19678896489343659,0.5037593984962406,0.2537735315732942,0.3233082706766917,0.10452823788795296,0.15789473684210525,0.02493074792243767
Normal 2019,EURUSD,1007,0,0.3157894736842105,0.09972299168975068,0.5488721804511278,0.30126067047317545,0.3533834586466165,0.12487986884504493,0.5939849624060151,0.3528181355644751,0.5413533834586466,0.29306348578212443,0.45864661654135336,0.21035671886483123,0.3458646616541353,0.11962236418112951,0.8270676691729323,0.6840409293911469,0.21804511278195488,0.04754367120809542
Normal 2019,EURUSD,1008,0,0.5639097744360902,0.3179942337045622,0.38345864661654133,0.14704053366498954,0.44360902255639095,0.19678896489343659,0.47368421052631576,0.22437673130193903,0.6090225563909775,0.3709084741930013,0.3684210526315789,0.13573407202216065,0.2857142857142857,0.08163265306122448,0.706766917293233,0.4995194753801797,0.18045112781954886,0.03256260953134716
Normal 2019,EURUSD,1009,0,0.18045112781954886,0.03256260953134716,0.3684210526315789,0.13573407202216065,0.7142857142857143,0.5102040816326531,0.40601503759398494,0.164848210752445,0.706766917293233,0.4995194753801797,0.2857142857142857,0.08163265306122448,0.38345864661654133,0.14704053366498954,0.6240601503759399,0.38945107128724066,0.13533834586466165,0.018316467861382777
Normal 2019,EURUSD,1010,0,0.2932330827067669,0.0859856407937136,0.6917293233082706,0.47848945672451804,0.6165413533834586,0.3801232404319068,0.6992481203007519,0.4889479337441348,0.6691729323308271,0.4477924133642377,0.46616541353383456,0.217310192775171,0.45864661654135336,0.21035671886483123,0.3533834586466165,0.12487986884504493,0.17293233082706766,0.029905591045282377
Normal 2019,EURUSD,1011,0,0.3308270676691729,0.10944654870258351,0.6541353383458647,0.42789304087285884,0.7368421052631579,0.5429362880886426,0.39849624060150374,0.15879925377353155,0.6165413533834586,0.3801232404319068,0.5037593984962406,0.2537735315732942,0.6015037593984962,0.361806772570524,0.37593984962406013,0.14133077053536094,0.24060150375939848,0.057889083611283844
Normal 2019,EURUSD,1012,0,0.2556390977443609,0.0653513482955509,0.6616541353383458,0.43778619481033404,0.8345864661654135,0.696534569506473,0.44360902255639095,0.19678896489343659,0.5112781954887218,0.2614053931822036,0.3458646616541353,0.11962236418112951,0.6390977443609023,0.4084459268471932,0.518796992481203,0.2691503194075414,0.3533834586466165,0.12487986884504493
Normal 2019,EURUSD,1013,0,0.2781954887218045,0.07739272994516365,0.6165413533834586,0.3801232404319068,0.8421052631578947,0.709141274238227,0.6240601503759399,0.38945107128724066,0.5338345864661654,0.2849793657075019,0.43609022556390975,0.19017468483238167,0.6466165413533834,0.41811295155181183,0.6691729323308271,0.4477924133642377,0.42857142857142855,0.18367346938775508
Normal 2019,EURUSD,1014,0,0.38345864661654133,0.14704053366498954,0.518796992481203,0.2691503194075414,0.12781954887218044,0.016337837073887727,0.6466165413533834,0.41811295155181183,0.39097744360902253,0.1528633614110464,0.3383458646616541,0.11447792413364237,0.6165413533834586,0.3801232404319068,0.6992481203007519,0.4889479337441348,0.5488721804511278,0.30126067047317545
Normal 2019,EURUSD,1015,0,0.6541353383458647,0.42789304087285884,0.631578947368421,0.39889196675900274,0.38345864661654133,0.14704053366498954,0.6015037593984962,0.361806772570524,0.2631578947368421,0.06925207756232686,0.3082706766917293,0.0950308101079767,0.5639097744360902,0.3179942337045622,0.7969924812030075,0.6351970150941262,0.6691729323308271,0.4477924133642377
Normal 2019,EURUSD,1016,0,0.7819548872180451,0.6114534456441856,0.6090225563909775,0.3709084741930013,0.47368421052631576,0.22437673130193903,0.5413533834586466,0.29306348578212443,0.2781954887218045,0.07739272994516365,0.3233082706766917,0.10452823788795296,0.43609022556390975,0.19017468483238167,0.7142857142857143,0.5102040816326531,0.7218045112781954,0.5210017525015546
Normal 2019,EURUSD,1017,0,0.7368421052631579,0.5429362880886426,0.6015037593984962,0.361806772570524,0.2932330827067669,0.0859856407937136,0.9398496240601504,0.883317315846006,0.08270676691729323,0.006840409293911469,0.2781954887218045,0.07739272994516365,0.3082706766917293,0.0950308101079767,0.6616541353383458,0.43778619481033404,0.7368421052631579,0.5429362880886426
Normal 2019,EURUSD,1018,0,0.8120300751879699,0.65939284300978,0.44360902255639095,0.19678896489343659,0.7293233082706767,0.5319124879868845,0.5639097744360902,0.3179942337045622,0.03759398496240601,0.0014133077053536094,0.3308270676691729,0.10944654870258351,0.20300751879699247,0.04121205268811125,0.7669172932330827,0.5881621346599581,0.7593984962406015,0.5766860760924869
Normal 2019,EURUSD,1019,0,0.9548872180451128,0.9118095991859347,0.8120300751879699,0.65939284300978,0.9473684210526315,0.8975069252077561,0.9548872180451128,0.9118095991859347,0.8646616541353384,0.7476397761320595,0.9022556390977443,0.814065238283679,0.8571428571428571,0.7346938775510203,0.9849624060150376,0.9701509412629318,0.18796992481203006,0.035332692633840236
Normal 2019,EURUSD,1020,0,0.9323308270676691,0.869240771100684,0.8421052631578947,0.709141274238227,0.8796992481203008,0.7738707671434225,0.7293233082706767,0.5319124879868845,0.7518796992481203,0.5653230821414438,0.9172932330827067,0.8414268754593249,0.7894736842105263,0.6232686980609419,0.9398496240601504,0.883317315846006,0.23308270676691728,0.05432754819379275
Normal 2019,EURUSD,1021,0,0.8721804511278195,0.7606987393295267,0.8345864661654135,0.696534569506473,0.6616541353383458,0.43778619481033404,0.8045112781954887,0.6472383967437391,0.7894736842105263,0.6232686980609419,0.849624060150376,0.7218610435864097,0.7368421052631579,0.5429362880886426,0.8045112781954887,0.6472383967437391,0.3007518796992481,0.090451693142631
Normal 2019,EURUSD,1022,0,0.9699248120300752,0.9407541409915767,0.9022556390977443,0.814065238283679,0.20300751879699247,0.04121205268811125,0.9924812030075187,0.9850189383232516,0.7669172932330827,0.5881621346599581,0.8872180451127819,0.7871558595737463,0.6992481203007519,0.4889479337441348,0.9473684210526315,0.8975069252077561,0.3082706766917293,0.0950308101079767
Normal 2019,EURUSD,1023,0,0.9774436090225563,0.95539600881904,0.9699248120300752,0.9407541409915767,0.7218045112781954,0.5210017525015546,0.9473684210526315,0.8975069252077561,0.7819548872180451,0.6114534456441856,0.8947368421052632,0.8005540166204986,0.6616541353383458,0.43778619481033404,0.8872180451127819,0.7871558595737463,0.2932330827067669,0.0859856407937136
Normal 2019,EURUSD,1024,0,0.9924812030075187,0.9850189383232516,0.9774436090225563,0.95539600881904,0.022556390977443608,0.0005087907739272994,0.924812030075188,0.8552772909717904,0.8721804511278195,0.7606987393295267,0.9398496240601504,0.883317315846006,0.7218045112781954,0.5210017525015546,0.9172932330827067,0.8414268754593249,0.20300751879699247,0.04121205268811125
Normal 2019,EURUSD,1025,0,0.9849624060150376,0.9701509412629318,0.9849624060150376,0.9701509412629318,0.8270676691729323,0.6840409293911469,0.9849624060150376,0.9701509412629318,0.9699248120300752,0.9407541409915767,0.9924812030075187,0.9850189383232516,0.9924812030075187,0.9850189383232516,0.9924812030075187,0.9850189383232516,0.12030075187969924,0.014472270902820961
Normal 2019,EURUSD,1026,0,0.9473684210526315,0.8975069252077561,0.9624060150375939,0.9262253377805415,0.8646616541353384,0.7476397761320595,0.9172932330827067,0.8414268754593249,0.5864661654135338,0.3439425631748544,0.7593984962406015,0.5766860760924869,0.2932330827067669,0.0859856407937136,0.9323308270676691,0.869240771100684,0.40601503759398494,0.164848210752445
Normal 2019,EURUSD,1027,0,0.6842105263157895,0.46814404432132967,0.7142857142857143,0.5102040816326531,0.15789473684210525,0.02493074792243767,0.46616541353383456,0.217310192775171,0.22556390977443608,0.05087907739272994,0.49624060150375937,0.2462547345808129,0.21052631578947367,0.04432132963988919,0.7443609022556391,0.5540731528068291,0.8270676691729323,0.6840409293911469
Normal 2019,EURUSD,1028,0,0.5037593984962406,0.2537735315732942,0.7368421052631579,0.5429362880886426,0.48120300751879697,0.23155633444513538,0.41353383458646614,0.17101023234778673,0.3383458646616541,0.11447792413364237,0.556390977443609,0.3095709197806546,0.22556390977443608,0.05087907739272994,0.3609022556390977,0.13025043812538864,0.7819548872180451,0.6114534456441856
Normal 2019,EURUSD,1029,0,0.7669172932330827,0.5881621346599581,0.7894736842105263,0.6232686980609419,0.7593984962406015,0.5766860760924869,0.2781954887218045,0.07739272994516365,0.5488721804511278,0.30126067047317545,0.6165413533834586,0.3801232404319068,0.3308270676691729,0.10944654870258351,0.39849624060150374,0.15879925377353155,0.6992481203007519,0.4889479337441348
Normal 2019,EURUSD,1030,0,0.8270676691729323,0.6840409293911469,0.7443609022556391,0.5540731528068291,0.2706766917293233,0.07326587144553111,0.42857142857142855,0.18367346938775508,0.6390977443609023,0.4084459268471932,0.6616541353383458,0.43778619481033404,0.40601503759398494,0.164848210752445,0.6165413533834586,0.3801232404319068,0.631578947368421,0.39889196675900274
Normal 2019,EURUSD,1031,0,0.3458646616541353,0.11962236418112951,0.7744360902255639,0.5997512578438577,0.16541353383458646,0.027361637175645877,0.45864661654135336,0.21035671886483123,0.556390977443609,0.3095709197806546,0.6015037593984962,0.361806772570524,0.5263157894736842,0.27700831024930744,0.6466165413533834,0.41811295155181183,0.47368421052631576,0.22437673130193903
Normal 2019,EURUSD,1032,0,0.5789473684210527,0.33518005540166207,0.8270676691729323,0.6840409293911469,0.3233082706766917,0.10452823788795296,0.3533834586466165,0.12487986884504493,0.631578947368421,0.39889196675900274,0.5939849624060151,0.3528181355644751,0.5488721804511278,0.30126067047317545,0.42105263157894735,0.17728531855955676,0.43609022556390975,0.19017468483238167
Normal 2019,EURUSD,1033,0,0.556390977443609,0.3095709197806546,0.8045112781954887,0.6472383967437391,0.6390977443609023,0.4084459268471932,0.7218045112781954,0.5210017525015546,0.6616541353383458,0.43778619481033404,0.5789473684210527,0.33518005540166207,0.48120300751879697,0.23155633444513538,0.21804511278195488,0.04754367120809542,0.38345864661654133,0.14704053366498954
Normal 2019,EURUSD,1034,0,0.5413533834586466,0.29306348578212443,0.7819548872180451,0.6114534456441856,0.2556390977443609,0.0653513482955509,0.7142857142857143,0.5102040816326531,0.5939849624060151,0.3528181355644751,0.42105263157894735,0.17728531855955676,0.47368421052631576,0.22437673130193903,0.631578947368421,0.39889196675900274,0.3609022556390977,0.13025043812538864
Normal 2019,EURUSD,1035,0,0.6616541353383458,0.43778619481033404,0.6992481203007519,0.4889479337441348,0.18045112781954886,0.03256260953134716,0.48872180451127817,0.23884900220476,0.6240601503759399,0.38945107128724066,0.23308270676691728,0.05432754819379275,0.3233082706766917,0.10452823788795296,0.48120300751879697,0.23155633444513538,0.48120300751879697,0.23155633444513538
Normal 2019,EURUSD,1036,0,0.48872180451127817,0.23884900220476,0.49624060150375937,0.2462547345808129,0.3383458646616541,0.11447792413364237,0.18796992481203006,0.035332692633840236,0.42857142857142855,0.18367346938775508,0.15789473684210525,0.02493074792243767,0.24060150375939848,0.057889083611283844,0.24060150375939848,0.057889083611283844,0.6541353383458647,0.42789304087285884
Normal 2019,EURUSD,1037,0,0.21804511278195488,0.04754367120809542,0.42105263157894735,0.17728531855955676,0.42105263157894735,0.17728531855955676,0.045112781954887216,0.0020351630957091975,0.022556390977443608,0.0005087907739272994,0.03007518796992481,0.0009045169314263101,0.13533834586466165,0.018316467861382777,0.19548872180451127,0.0382158403527616,0.8195488721804511,0.6716603538922494
Normal 2019,EURUSD,1038,0,0.045112781954887216,0.0020351630957091975,0.2932330827067669,0.0859856407937136,0.06766917293233082,0.004579116965345694,0.07518796992481203,0.005653230821414438,0.007518796992481203,5.653230821414438e-05,0.015037593984962405,0.00022612923285657752,0.14285714285714285,0.02040816326530612,0.022556390977443608,0.0005087907739272994,0.8947368421052632,0.8005540166204986
Normal 2019,EURUSD,1039,0,0.08270676691729323,0.006840409293911469,0.5037593984962406,0.2537735315732942,0.045112781954887216,0.0020351630957091975,0.06766917293233082,0.004579116965345694,0.015037593984962405,0.00022612923285657752,0.007518796992481203,5.653230821414438e-05,0.16541353383458646,0.027361637175645877,0.015037593984962405,0.00022612923285657752,0.8571428571428571,0.7346938775510203
