event,asset,window_start,label,pred_ENS,prob_ENS,loss_ENS,pred_EXP,label_EXP,pred_AT,label_AT,pred_DAG,label_DAG,pred_DSV,label_DSV,pred_IF,label_IF,pred_OMNI,label_OMNI,pred_OCS,label_OCS,pred_TR,label_TR,pred_USAD,label_USAD
Iran 2025,USOIL,2323,0,0,0.5418708106971751,0.2936239754856138,0,0,1,0,1,0,1,0,1,0,0,0,0,0,0,0,0,0
Iran 2025,USOIL,2324,0,0,0.5772700842357824,0.3332407501535873,0,0,1,0,1,0,1,0,1,0,0,0,0,0,0,0,0,0
Iran 2025,USOIL,2325,0,0,0.3698531481758443,0.136791351215583,0,0,1,0,0,0,1,0,0,0,0,0,0,0,0,0,0,0
Iran 2025,USOIL,2326,0,0,0.5093803213709742,0.2594683117999969,0,0,1,0,0,0,1,0,0,0,0,0,0,0,0,0,0,0
Iran 2025,USOIL,2327,0,0,0.5333878685571509,0.2845026183239405,0,0,1,0,0,0,1,0,0,0,0,0,0,0,0,0,0,0
Iran 2025,USOIL,2328,0,0,0.4833943185662095,0.2336700672220901,0,0,1,0,0,0,1,0,0,0,0,0,0,0,0,0,0,0
Iran 2025,USOIL,2329,0,0,0.4698498129883449,0.2207588467651827,0,0,1,0,0,0,1,0,0,0,0,0,0,0,0,0,1,0
Iran 2025,USOIL,2330,0,0,0.4391038864038333,0.1928122230549505,0,0,1,0,0,0,1,0,0,0,0,0,0,0,0,0,1,0
Iran 2025,USOIL,2331,0,0,0.4474862844094605,0.2002439747345846,0,0,1,0,0,0,1,0,0,0,0,0,0,0,0,0,1,0
Iran 2025,USOIL,2332,0,0,0.3822950096252814,0.146149474384394,0,0,1,0,0,0,1,0,0,0,0,0,0,0,0,0,1,0
Iran 2025,USOIL,2333,0,0,0.3739075311846179,0.139806841876576,0,0,1,0,0,0,1,0,0,0,0,0,0,0,0,0,1,0
Iran 2025,USOIL,2334,0,0,0.428061051910927,0.1832362641630893,0,0,1,0,0,0,1,0,0,0,0,0,0,0,0,0,1,0
Iran 2025,USOIL,2335,0,0,0.5174580306138186,0.2677628134467316,0,0,1,0,0,0,1,0,0,0,0,0,0,0,0,0,0,0
Iran 2025,USOIL,2336,0,0,0.2768536259828024,0.0766479302198254,0,0,1,0,0,0,1,0,0,0,0,0,0,0,0,0,0,0
Iran 2025,USOIL,2337,0,0,0.3015970930930803,0.0909608065621961,0,0,1,0,0,0,1,0,0,0,0,0,0,0,0,0,0,0
Iran 2025,USOIL,2338,0,0,0.258101339429386,0.0666163014152431,0,0,1,0,0,0,1,0,0,0,0,0,0,0,0,0,1,0
Iran 2025,USOIL,2339,0,0,0.2647431062093561,0.0700889122853784,0,0,1,0,0,0,1,0,0,0,0,0,0,0,0,0,1,0
Iran 2025,USOIL,2340,0,0,0.2092899604939159,0.0438022875635448,0,0,1,0,0,0,0,0,0,0,0,0,0,0,0,0,0,0
Iran 2025,USOIL,2341,0,0,0.1892620318072828,0.0358201166838209,0,0,1,0,0,0,0,0,0,0,0,0,0,0,0,0,0,0
Iran 2025,USOIL,2342,1,0,0.0619882954373508,0.8798659578965266,0,1,1,1,0,1,0,1,0,1,0,1,0,1,0,1,0,1
Iran 2025,USOIL,2343,1,0,0.2824971629668356,0.5148103211506397,0,1,1,1,1,1,0,1,0,1,0,1,0,1,0,1,0,1
Iran 2025,USOIL,2344,1,0,0.234095154169307,0.5866102328669376,0,1,1,1,1,1,0,1,0,1,0,1,0,1,0,1,0,1
Iran 2025,USOIL,2345,1,0,0.2417182985195085,0.5749911388001492,0,1,1,1,1,1,0,1,0,1,0,1,0,1,0,1,0,1
Iran 2025,USOIL,2346,1,0,0.1976003038276462,0.6438452724174858,0,1,1,1,0,1,0,1,0,1,0,1,0,1,0,1,0,1
Iran 2025,USOIL,2347,1,0,0.2168631865094896,0.6133032686440704,0,1,1,1,0,1,0,1,0,1,0,1,0,1,0,1,0,1
Iran 2025,USOIL,2348,1,0,0.1663148567957425,0.6950309179995032,0,1,1,1,0,1,0,1,0,1,0,1,0,1,0,1,0,1
Iran 2025,USOIL,2349,1,0,0.4751712960843037,0.2754451684538295,0,1,1,1,1,1,1,1,1,1,0,1,1,1,0,1,0,1
Iran 2025,USOIL,2350,1,1,0.6203844002619627,0.1441080035644697,0,1,1,1,0,1,1,1,1,1,0,1,1,1,1,1,0,1
Iran 2025,USOIL,2351,1,1,0.6600401127070543,0.1155727249682323,0,1,1,1,1,1,1,1,1,1,1,1,1,1,1,1,0,1
Iran 2025,USOIL,2352,1,0,0.5751106643094884,0.1805309475835242,0,1,1,1,0,1,1,1,1,1,1,1,1,1,1,1,0,1
Iran 2025,USOIL,2353,1,1,0.6131907577654018,0.149621389878104,0,1,1,1,0,1,1,1,1,1,1,1,1,1,1,1,0,1
Iran 2025,USOIL,2354,1,1,0.6148174736889926,0.1483655785753298,0,1,1,1,0,1,1,1,1,1,1,1,1,1,1,1,0,1
Iran 2025,USOIL,2355,1,1,0.688805431478614,0.0968420594772116,0,1,1,1,1,1,1,1,1,1,1,1,1,1,1,1,0,1
Iran 2025,USOIL,2356,1,1,0.6357126898589275,0.1327052443298179,1,1,1,1,0,1,0,1,1,1,1,1,1,1,1,1,0,1
Iran 2025,USOIL,2357,1,1,0.6287848653665101,0.13780067618096,1,1,1,1,0,1,1,1,1,1,1,1,1,1,1,1,0,1
Iran 2025,USOIL,2358,1,1,0.6353064549801162,0.13300138177917,1,1,1,1,0,1,1,1,1,1,1,1,1,1,0,1,0,1
Iran 2025,USOIL,2359,1,1,0.6864073742224631,0.0983403349420502,1,1,1,1,1,1,1,1,1,1,1,1,0,1,0,1,0,1
Iran 2025,USOIL,2360,1,0,0.5192430092674614,0.2311272841382062,0,1,1,1,0,1,1,1,1,1,1,1,0,1,0,1,0,1
Iran 2025,USOIL,2361,1,0,0.5888566948447784,0.1690388173739596,1,1,1,1,1,1,1,1,0,1,0,1,0,1,0,1,0,1
Iran 2025,USOIL,2362,1,0,0.5000546443851392,0.2499453586008695,0,1,1,1,0,1,1,1,0,1,0,1,0,1,0,1,0,1
Iran 2025,USOIL,2363,1,0,0.5661009485983404,0.18826838680726,0,1,1,1,0,1,1,1,0,1,0,1,0,1,0,1,0,1
Iran 2025,USOIL,2364,1,0,0.5381698342936968,0.2132871019563114,0,1,1,1,0,1,1,1,0,1,0,1,0,1,0,1,0,1
Iran 2025,USOIL,2365,1,1,0.7342608957782648,0.0706172715125702,1,1,1,1,0,1,1,1,1,1,1,1,0,1,0,1,0,1
Iran 2025,USOIL,2366,1,1,0.7763012463547548,0.050041132382436,1,1,1,1,1,1,1,1,1,1,1,1,1,1,1,1,0,1
Iran 2025,USOIL,2367,1,1,0.7599869435332516,0.0576062672745105,0,1,1,1,1,1,1,1,1,1,0,1,0,1,1,1,0,1
Iran 2025,USOIL,2368,1,1,0.7415720118481536,0.0667850250602108,0,1,1,1,0,1,1,1,1,1,1,1,1,1,0,1,0,1
Iran 2025,USOIL,2369,1,1,0.7870619856931853,0.0453425979369292,1,1,1,1,1,1,1,1,1,1,1,1,1,1,1,1,0,1
Iran 2025,USOIL,2370,1,1,0.735995320632455,0.0696984707279602,1,1,1,1,1,1,1,1,1,1,1,1,1,1,1,1,0,1
Iran 2025,USOIL,2371,1,1,0.7253980994434107,0.0754062037892909,1,1,1,1,1,1,1,1,1,1,1,1,1,1,1,1,0,1
Iran 2025,USOIL,2372,1,1,0.6369072043294406,0.1318363782678626,1,1,1,1,1,1,1,1,1,1,0,1,1,1,0,1,0,1
Iran 2025,USOIL,2373,1,1,0.6900681979653308,0.0960577219124573,1,1,1,1,1,1,1,1,1,1,0,1,1,1,1,1,0,1
Iran 2025,USOIL,2374,1,1,0.7413721872286906,0.0668883455388714,0,1,1,1,1,1,1,1,1,1,0,1,1,1,1,1,0,1
Iran 2025,USOIL,2375,1,1,0.7432099245442884,0.06594114285255,0,1,1,1,1,1,1,1,1,1,0,1,1,1,0,1,0,1
Iran 2025,USOIL,2376,1,1,0.8834229563266232,0.0135902071116244,0,1,1,1,1,1,1,1,1,1,0,1,1,1,0,1,0,1
Iran 2025,USOIL,2377,1,1,0.8445249360885889,0.0241724954982573,1,1,1,1,1,1,1,1,1,1,0,1,1,1,0,1,0,1
Iran 2025,USOIL,2378,1,1,0.8238292832954224,0.0310361214242045,1,1,1,1,1,1,1,1,1,1,0,1,1,1,0,1,0,1
Iran 2025,USOIL,2379,1,0,0.5645092359640881,0.1896522055605823,1,1,1,1,0,1,1,1,0,1,1,1,1,1,0,1,0,1
Iran 2025,USOIL,2380,1,1,0.6236657140097882,0.1416274948117625,1,1,1,1,0,1,1,1,0,1,0,1,1,1,1,1,0,1
Iran 2025,USOIL,2381,1,0,0.5457419700800179,0.2063503577467833,1,1,1,1,0,1,1,1,0,1,0,1,0,1,1,1,0,1
Iran 2025,USOIL,2382,0,1,0.6834246662169402,0.4670692743937361,1,0,1,0,0,0,1,0,0,0,0,0,0,0,0,0,0,0
Iran 2025,USOIL,2383,0,1,0.654221086448345,0.4280052299536528,1,0,1,0,0,0,1,0,0,0,0,0,1,0,0,0,0,0
Iran 2025,USOIL,2384,0,0,0.4967234374760731,0.2467341733380463,0,0,1,0,0,0,1,0,0,0,0,0,0,0,0,0,0,0
Iran 2025,USOIL,2385,0,0,0.2907669558184135,0.0845454225959072,0,0,1,0,0,0,1,0,0,0,0,0,0,0,0,0,0,0
Iran 2025,USOIL,2386,0,0,0.3483894136083721,0.1213751835143853,0,0,1,0,0,0,1,0,0,0,0,0,0,0,0,0,0,0
Iran 2025,USOIL,2387,0,0,0.3704088287864177,0.1372027004429256,0,0,1,0,0,0,1,0,0,0,0,0,0,0,0,0,0,0
Iran 2025,USOIL,2388,0,0,0.4202968744473903,0.1766494626702454,0,0,1,0,0,0,1,0,0,0,0,0,0,0,0,0,0,0
Iran 2025,USOIL,2389,0,0,0.3952802708243632,0.1562464925029819,0,0,1,0,0,0,1,0,0,0,0,0,0,0,0,0,0,0
Iran 2025,USOIL,2390,0,0,0.325499173033572,0.1059497116455392,0,0,1,0,0,0,1,0,0,0,0,0,1,0,0,0,0,0
Iran 2025,USOIL,2391,0,0,0.4047272549260058,0.1638041508799401,0,0,1,0,0,0,1,0,0,0,0,0,1,0,0,0,0,0
Iran 2025,USOIL,2392,0,0,0.3344953325324764,0.1118871274860119,0,0,1,0,0,0,1,0,0,0,0,0,0,0,0,0,0,0
Iran 2025,USOIL,2393,0,0,0.3271357288705426,0.1070177851036612,0,0,1,0,0,0,1,0,0,0,0,0,0,0,0,0,0,0
Iran 2025,USOIL,2394,0,0,0.3240415105408921,0.105002900553623,0,0,1,0,0,0,1,0,1,0,0,0,0,0,0,0,0,0
Iran 2025,USOIL,2395,0,0,0.3261777510752507,0.1063919252965082,0,0,1,0,0,0,1,0,0,0,0,0,0,0,0,0,0,0
Iran 2025,USOIL,2396,0,0,0.3345352177549747,0.1119138119183683,0,0,1,0,0,0,1,0,1,0,0,0,0,0,0,0,0,0
Iran 2025,USOIL,2397,0,0,0.3974516119886184,0.1579677838723512,0,0,1,0,0,0,1,0,1,0,0,0,0,0,0,0,0,0
Iran 2025,USOIL,2398,0,0,0.3820683085022717,0.1459761923617871,0,0,1,0,0,0,1,0,1,0,0,0,0,0,0,0,0,0
Iran 2025,USOIL,2399,0,0,0.5021424107641903,0.2521470006880728,0,0,1,0,1,0,1,0,1,0,0,0,0,0,0,0,0,0
Iran 2025,USOIL,2400,0,0,0.5088539133274456,0.2589323051086555,0,0,1,0,0,0,1,0,1,0,0,0,0,0,0,0,0,0
Iran 2025,USOIL,2401,0,0,0.2985587312739774,0.089137316019927,0,0,1,0,0,0,1,0,1,0,0,0,0,0,0,0,0,0
Iran 2025,USOIL,2402,0,0,0.3398608445911181,0.1155053936861881,0,0,1,0,0,0,0,0,1,0,0,0,0,0,0,0,0,0
Iran 2025,USOIL,2403,0,0,0.3660529628724198,0.1339947716276771,0,0,1,0,0,0,1,0,1,0,0,0,0,0,0,0,0,0
Iran 2025,USOIL,2404,0,0,0.4027814303895196,0.1622328806666274,0,0,1,0,1,0,1,0,1,0,0,0,0,0,0,0,0,0
Iran 2025,USOIL,2405,0,0,0.5881654053399293,0.3459385440386834,0,0,1,0,1,0,1,0,1,0,0,0,1,0,0,0,0,0
Iran 2025,USOIL,2406,0,1,0.6060712968550769,0.3673224168715947,0,0,1,0,1,0,1,0,1,0,0,0,1,0,0,0,0,0
Iran 2025,USOIL,2407,0,1,0.6299066565367893,0.3967823959493567,0,0,1,0,1,0,1,0,1,0,0,0,1,0,0,0,0,0
Iran 2025,USOIL,2408,0,1,0.6242992379674508,0.3897495385267397,0,0,1,0,1,0,1,0,1,0,0,0,0,0,0,0,0,0
Iran 2025,USOIL,2409,0,0,0.459558353347029,0.2111938801310328,0,0,1,0,0,0,1,0,0,0,0,0,0,0,0,0,0,0
Iran 2025,USOIL,2410,0,1,0.5959926177559843,0.3552072004196308,0,0,1,0,0,0,1,0,0,0,0,0,0,0,1,0,0,0
Iran 2025,USOIL,2411,0,0,0.5586234226386888,0.3120601283205631,1,0,1,0,0,0,1,0,0,0,0,0,0,0,1,0,0,0
Iran 2025,USOIL,2412,0,0,0.5711397063863184,0.32620056421105,1,0,1,0,0,0,1,0,0,0,1,0,0,0,0,0,0,0
Iran 2025,USOIL,2413,0,0,0.589916982753492,0.3480020465409838,1,0,1,0,0,0,1,0,0,0,1,0,0,0,1,0,0,0
Iran 2025,USOIL,2414,0,0,0.5872308336704629,0.3448400520133068,1,0,1,0,0,0,1,0,0,0,1,0,0,0,1,0,0,0
Iran 2025,USOIL,2415,0,1,0.7347227471861003,0.5398175152326903,1,0,1,0,0,0,1,0,0,0,1,0,0,0,1,0,0,0
Iran 2025,USOIL,2416,0,1,0.7146415013231093,0.5107124754133476,1,0,1,0,0,0,1,0,0,0,1,0,0,0,1,0,0,0
Iran 2025,USOIL,2417,0,1,0.5986669487981471,0.3584021155832833,1,0,1,0,0,0,1,0,0,0,1,0,0,0,1,0,0,0
Iran 2025,USOIL,2418,0,1,0.7774011365357956,0.6043525270871467,1,0,1,0,1,0,1,0,0,0,1,0,1,0,1,0,0,0
Iran 2025,USOIL,2419,0,1,0.686593328878574,0.4714103992605617,1,0,1,0,0,0,1,0,0,0,1,0,1,0,1,0,0,0
Iran 2025,USOIL,2420,0,0,0.4634679527909066,0.214802543264194,0,0,1,0,0,0,1,0,0,0,0,0,0,0,1,0,1,0
Iran 2025,USOIL,2421,0,0,0.5199183432143805,0.2703150836107863,0,0,1,0,1,0,1,0,0,0,0,0,0,0,1,0,0,0
Iran 2025,USOIL,2422,0,0,0.4052237288666769,0.1642062704366141,0,0,1,0,0,0,1,0,0,0,0,0,0,0,0,0,0,0
Iran 2025,USOIL,2423,0,0,0.4375052884135083,0.191410877389787,0,0,1,0,0,0,1,0,0,0,0,0,0,0,0,0,0,0
Iran 2025,USOIL,2424,0,0,0.3621093163051216,0.1311231569549626,0,0,1,0,0,0,1,0,0,0,0,0,0,0,0,0,0,0
Iran 2025,USOIL,2425,0,0,0.337078575343873,0.1136219659558551,0,0,1,0,0,0,1,0,0,0,0,0,0,0,0,0,0,0
Iran 2025,USOIL,2426,0,0,0.3667340673745478,0.1344938761730793,0,0,1,0,0,0,1,0,0,0,0,0,0,0,0,0,1,0
Iran 2025,USOIL,2427,0,0,0.3515089986136799,0.123558576106392,0,0,1,0,0,0,1,0,0,0,0,0,0,0,0,0,1,0
Iran 2025,USOIL,2428,0,0,0.3214024978246341,0.1032995656079139,0,0,1,0,0,0,1,0,0,0,0,0,0,0,0,0,0,0
Iran 2025,GOLD,2322,0,0,0.4333754938102018,0.1878143186352362,0,0,0,0,0,0,0,0,0,0,0,0,0,0,0,0,0,0
Iran 2025,GOLD,2323,0,0,0.4188883244032852,0.1754674283213919,0,0,0,0,0,0,0,0,0,0,0,0,0,0,0,0,0,0
Iran 2025,GOLD,2324,0,0,0.4214352979903029,0.1776077103921754,0,0,0,0,0,0,0,0,0,0,0,0,0,0,0,0,0,0
Iran 2025,GOLD,2325,0,0,0.408597480321227,0.1669519009248554,0,0,0,0,0,0,0,0,0,0,0,0,0,0,0,0,0,0
Iran 2025,GOLD,2326,0,0,0.4755131913630125,0.2261127951602369,0,0,0,0,0,0,0,0,0,0,0,0,0,0,0,0,0,0
Iran 2025,GOLD,2327,0,0,0.4537236541086249,0.2058651542976831,0,0,0,0,0,0,0,0,0,0,0,0,0,0,0,0,1,0
Iran 2025,GOLD,2328,0,0,0.4149163727246245,0.1721555963549595,0,0,0,0,0,0,1,0,0,0,0,0,0,0,0,0,1,0
Iran 2025,GOLD,2329,0,1,0.5864550427250771,0.343929517137672,1,0,1,0,0,0,1,0,0,0,0,0,0,0,0,0,0,0
Iran 2025,GOLD,2330,0,1,0.7867276517774748,0.6189403980712997,1,0,1,0,0,0,1,0,0,0,0,0,1,0,1,0,0,0
Iran 2025,GOLD,2331,0,1,0.7978702612240612,0.6365969537457518,1,0,1,0,0,0,1,0,0,0,0,0,1,0,1,0,0,0
Iran 2025,GOLD,2332,0,1,0.6529253067876687,0.4263114562437712,1,0,1,0,0,0,1,0,0,0,0,0,0,0,0,0,0,0
Iran 2025,GOLD,2333,0,1,0.6411465836728292,0.4110689417553401,1,0,1,0,0,0,1,0,0,0,0,0,0,0,0,0,0,0
Iran 2025,GOLD,2334,0,1,0.6655157385041385,0.4429111981967088,0,0,1,0,0,0,1,0,0,0,0,0,0,0,0,0,0,0
Iran 2025,GOLD,2335,0,1,0.698852659177615,0.4883950392396237,1,0,1,0,0,0,1,0,0,0,0,0,0,0,0,0,0,0
Iran 2025,GOLD,2336,0,1,0.6131432674049881,0.3759446663640648,0,0,0,0,0,0,1,0,0,0,0,0,0,0,0,0,0,0
Iran 2025,GOLD,2337,0,1,0.6144421969134372,0.3775392133478111,0,0,0,0,0,0,1,0,0,0,0,0,0,0,0,0,0,0
Iran 2025,GOLD,2338,0,1,0.6003478147044343,0.3604174986203898,0,0,0,0,0,0,1,0,0,0,0,0,1,0,0,0,0,0
Iran 2025,GOLD,2339,0,1,0.5854400869081312,0.3427400953590002,0,0,0,0,0,0,1,0,0,0,0,0,0,0,0,0,0,0
Iran 2025,GOLD,2340,0,1,0.581007866859841,0.3375701413530226,0,0,0,0,0,0,1,0,0,0,0,0,1,0,0,0,0,0
Iran 2025,GOLD,2341,1,0,0.5159366326610398,0.234317343599533,0,1,0,1,0,1,1,1,0,1,0,1,0,1,0,1,0,1
Iran 2025,GOLD,2342,1,0,0.4380700608230527,0.3157652565434076,0,1,0,1,0,1,1,1,0,1,0,1,0,1,0,1,0,1
Iran 2025,GOLD,2343,1,0,0.501024920739707,0.2489761297228157,0,1,0,1,0,1,0,1,0,1,0,1,0,1,0,1,0,1
Iran 2025,GOLD,2344,1,0,0.3901984581216334,0.3718579204772332,0,1,0,1,0,1,1,1,0,1,0,1,0,1,0,1,0,1
Iran 2025,GOLD,2345,1,0,0.3749928035647589,0.39063399559584,0,1,0,1,0,1,1,1,0,1,0,1,0,1,0,1,0,1
Iran 2025,GOLD,2346,1,0,0.3930455500439579,0.3683937043214415,0,1,0,1,0,1,0,1,0,1,0,1,0,1,0,1,0,1
Iran 2025,GOLD,2347,1,0,0.2856030298935906,0.5103630308972181,0,1,0,1,0,1,0,1,0,1,0,1,0,1,0,1,1,1
Iran 2025,GOLD,2348,1,0,0.3043731573624788,0.4838967041978466,0,1,0,1,0,1,0,1,0,1,0,1,0,1,0,1,1,1
Iran 2025,GOLD,2349,1,0,0.3132098259532583,0.4716807431671537,0,1,0,1,0,1,0,1,0,1,0,1,0,1,0,1,1,1
Iran 2025,GOLD,2350,1,0,0.2862996194063529,0.5093682332595166,0,1,0,1,0,1,0,1,0,1,0,1,0,1,0,1,1,1
Iran 2025,GOLD,2351,1,0,0.292918101645464,0.4999648109806543,0,1,0,1,0,1,0,1,0,1,0,1,0,1,0,1,1,1
Iran 2025,GOLD,2352,1,0,0.2931702484761103,0.4996082976393237,0,1,0,1,0,1,0,1,0,1,0,1,0,1,0,1,1,1
Iran 2025,GOLD,2353,1,0,0.3324845099639076,0.4455769294381246,0,1,0,1,0,1,0,1,0,1,0,1,0,1,0,1,1,1
Iran 2025,GOLD,2354,1,0,0.4219407548509601,0.3341524909022777,0,1,0,1,0,1,0,1,0,1,0,1,1,1,0,1,1,1
Iran 2025,GOLD,2355,1,0,0.2769764769741865,0.5227630148486591,0,1,0,1,0,1,0,1,0,1,0,1,0,1,0,1,0,1
Iran 2025,GOLD,2356,1,1,0.7168142888323569,0.0801941470095237,0,1,1,1,0,1,1,1,0,1,0,1,0,1,0,1,0,1
Iran 2025,GOLD,2357,1,1,0.6259700847361486,0.1398983775122838,0,1,1,1,0,1,0,1,0,1,0,1,0,1,0,1,0,1
Iran 2025,GOLD,2358,1,1,0.6196813713259883,0.1446422593164807,0,1,1,1,0,1,0,1,0,1,0,1,0,1,0,1,0,1
Iran 2025,GOLD,2359,1,1,0.5891046273647154,0.1688350072530894,0,1,1,1,0,1,0,1,0,1,0,1,0,1,0,1,0,1
Iran 2025,GOLD,2360,1,1,0.6207380061876498,0.1438396599505191,0,1,1,1,0,1,0,1,0,1,0,1,0,1,0,1,0,1
Iran 2025,GOLD,2361,1,0,0.531748213860005,0.2192597352232956,1,1,1,1,0,1,0,1,0,1,0,1,0,1,0,1,0,1
Iran 2025,GOLD,2362,1,0,0.4566759753404049,0.2952009957723003,1,1,1,1,0,1,0,1,0,1,0,1,0,1,0,1,0,1
Iran 2025,GOLD,2363,1,0,0.3964627411259686,0.3642572228491795,0,1,1,1,0,1,0,1,0,1,0,1,0,1,0,1,0,1
Iran 2025,GOLD,2364,1,0,0.3689384548660204,0.3982386737468857,0,1,1,1,0,1,0,1,0,1,0,1,0,1,0,1,0,1
Iran 2025,GOLD,2365,1,0,0.3088701108461378,0.4776605236818299,0,1,1,1,0,1,0,1,0,1,0,1,0,1,0,1,0,1
Iran 2025,GOLD,2366,1,0,0.2449419278104037,0.5701126923786695,0,1,1,1,0,1,0,1,0,1,0,1,0,1,0,1,0,1
Iran 2025,GOLD,2367,1,0,0.3360365238775753,0.4408474976245736,0,1,1,1,0,1,0,1,0,1,0,1,0,1,0,1,0,1
Iran 2025,GOLD,2368,1,0,0.3532409316542301,0.4182972924874881,0,1,1,1,0,1,0,1,0,1,0,1,0,1,0,1,0,1
Iran 2025,GOLD,2369,1,0,0.418839223788793,0.3377478478064126,0,1,1,1,0,1,0,1,0,1,0,1,0,1,0,1,0,1
Iran 2025,GOLD,2370,1,0,0.4028410556380112,0.3565988048315248,0,1,1,1,0,1,0,1,0,1,0,1,0,1,0,1,0,1
Iran 2025,GOLD,2371,1,0,0.328343523552459,0.4511224223539262,0,1,1,1,0,1,0,1,0,1,0,1,0,1,0,1,0,1
Iran 2025,GOLD,2372,1,0,0.4436525381049081,0.3095224983571107,0,1,1,1,0,1,0,1,0,1,0,1,0,1,0,1,0,1
Iran 2025,GOLD,2373,1,0,0.4125636691880642,0.3450814427577899,0,1,1,1,0,1,0,1,0,1,0,1,0,1,0,1,0,1
Iran 2025,GOLD,2374,1,0,0.444487271625152,0.3085943913864676,0,1,1,1,0,1,0,1,0,1,0,1,0,1,0,1,0,1
Iran 2025,GOLD,2375,1,0,0.5117412808676667,0.2383965768087467,0,1,1,1,0,1,0,1,0,1,0,1,0,1,0,1,0,1
Iran 2025,GOLD,2376,1,0,0.5351468028723687,0.2160884948797804,0,1,1,1,0,1,0,1,0,1,0,1,0,1,0,1,0,1
Iran 2025,GOLD,2377,1,0,0.4898503416508067,0.2602526739137987,0,1,1,1,0,1,0,1,0,1,0,1,0,1,0,1,0,1
Iran 2025,GOLD,2378,1,0,0.4838135372862031,0.266448464288982,0,1,1,1,0,1,0,1,0,1,0,1,0,1,0,1,0,1
Iran 2025,GOLD,2379,1,0,0.398520567676746,0.3617775075079038,0,1,1,1,0,1,0,1,0,1,0,1,0,1,0,1,0,1
Iran 2025,GOLD,2380,1,0,0.3412548555631768,0.4339451653190909,0,1,1,1,0,1,0,1,0,1,0,1,0,1,0,1,0,1
Iran 2025,GOLD,2381,0,0,0.4107413543389238,0.1687084601641733,0,0,1,0,0,0,0,0,0,0,0,0,0,0,0,0,0,0
Iran 2025,GOLD,2382,0,0,0.3572481274639152,0.1276262245764738,0,0,1,0,0,0,0,0,0,0,0,0,0,0,0,0,0,0
Iran 2025,GOLD,2383,0,1,0.7560934412362894,0.5716772918805342,0,0,1,0,0,0,0,0,0,0,0,0,0,0,1,0,0,0
Iran 2025,GOLD,2384,0,1,0.6656003148451779,0.4430237791219999,0,0,1,0,0,0,1,0,0,0,0,0,0,0,0,0,0,0
Iran 2025,GOLD,2385,0,1,0.7080549621225659,0.5013418293863883,1,0,1,0,0,0,1,0,0,0,0,0,0,0,0,0,0,0
Iran 2025,GOLD,2386,0,1,0.7196438105771535,0.517887214102006,0,0,1,0,0,0,0,0,0,0,0,0,0,0,1,0,0,0
Iran 2025,GOLD,2387,0,1,0.7019435242188871,0.4927247111928313,0,0,1,0,0,0,1,0,0,0,0,0,0,0,1,0,0,0
Iran 2025,GOLD,2388,0,1,0.7480769593065877,0.55961913704539,0,0,1,0,0,0,1,0,1,0,0,0,0,0,1,0,0,0
Iran 2025,GOLD,2389,0,1,0.758436344076466,0.5752256880160755,0,0,1,0,0,0,0,0,0,0,0,0,0,0,1,0,0,0
Iran 2025,GOLD,2390,0,1,0.6972017447152624,0.4860902728340059,0,0,1,0,0,0,0,0,0,0,0,0,0,0,1,0,0,0
Iran 2025,GOLD,2391,0,1,0.6395923642046212,0.4090783923488568,0,0,1,0,0,0,1,0,0,0,0,0,0,0,0,0,0,0
Iran 2025,GOLD,2392,0,0,0.5406658200104645,0.292319528927588,0,0,1,0,0,0,0,0,0,0,0,0,0,0,0,0,0,0
Iran 2025,GOLD,2393,0,1,0.6099371544838499,0.3720233324198557,0,0,1,0,0,0,0,0,0,0,0,0,0,0,0,0,0,0
Iran 2025,GOLD,2394,0,1,0.6437007258892613,0.4143506245103619,0,0,1,0,0,0,1,0,0,0,0,0,0,0,0,0,0,0
Iran 2025,GOLD,2395,0,1,0.6259639130236322,0.3918308204078574,0,0,1,0,0,0,0,0,0,0,0,0,0,0,1,0,0,0
Iran 2025,GOLD,2396,0,1,0.6740853658643011,0.4543910804724087,0,0,1,0,0,0,0,0,0,0,0,0,0,0,0,0,0,0
Iran 2025,GOLD,2397,0,1,0.6739075481989728,0.4541513835195508,0,0,1,0,1,0,0,0,1,0,0,0,0,0,0,0,0,0
Iran 2025,GOLD,2398,0,1,0.7091941296067037,0.50295631346861,0,0,1,0,1,0,0,0,1,0,1,0,0,0,0,0,0,0
Iran 2025,GOLD,2399,0,1,0.7242270304224417,0.5245047915945084,0,0,0,0,1,0,0,0,1,0,1,0,0,0,0,0,0,0
Iran 2025,GOLD,2400,0,1,0.780187622654036,0.6086927265425565,0,0,0,0,1,0,0,0,0,0,1,0,0,0,0,0,0,0
Iran 2025,GOLD,2401,0,1,0.8114425822224272,0.6584390642438005,0,0,0,0,1,0,0,0,0,0,1,0,1,0,0,0,0,0
Iran 2025,GOLD,2402,0,1,0.8040995878802575,0.6465761472291999,0,0,0,0,1,0,0,0,0,0,1,0,1,0,0,0,0,0
Iran 2025,GOLD,2403,0,1,0.7659345562518695,0.5866557444607482,0,0,0,0,1,0,0,0,0,0,1,0,0,0,0,0,0,0
Iran 2025,GOLD,2404,0,1,0.7219888870609125,0.5212679530394551,0,0,0,0,0,0,0,0,0,0,1,0,0,0,0,0,0,0
Iran 2025,GOLD,2405,0,1,0.684412063711859,0.4684198729543258,0,0,0,0,0,0,0,0,0,0,1,0,0,0,0,0,0,0
Iran 2025,GOLD,2406,0,1,0.6085345816350893,0.3703143370457932,0,0,0,0,0,0,0,0,0,0,1,0,0,0,0,0,0,0
Iran 2025,GOLD,2407,0,1,0.6863553303189395,0.4710836394572205,0,0,0,0,1,0,0,0,0,0,1,0,0,0,0,0,0,0
Iran 2025,GOLD,2408,0,1,0.6865754533053933,0.4713858530815062,0,0,0,0,0,0,0,0,0,0,1,0,0,0,0,0,1,0
Iran 2025,GOLD,2409,0,1,0.6690789060639077,0.4476665825396755,0,0,0,0,0,0,0,0,0,0,1,0,0,0,0,0,1,0
Iran 2025,GOLD,2410,0,1,0.6724315056455733,0.4521641297847726,0,0,0,0,0,0,0,0,0,0,1,0,1,0,0,0,1,0
Iran 2025,GOLD,2411,0,0,0.5010805568313803,0.2510817244344461,0,0,0,0,0,0,0,0,0,0,0,0,0,0,0,0,0,0
Iran 2025,GOLD,2412,0,0,0.5030777582086091,0.2530872308041997,0,0,0,0,0,0,0,0,0,0,0,0,0,0,0,0,0,0
Iran 2025,GOLD,2413,0,0,0.4853634271094937,0.2355776563754728,0,0,0,0,0,0,0,0,0,0,0,0,0,0,0,0,0,0
Iran 2025,GOLD,2414,0,0,0.4574015034678949,0.2092161353746907,0,0,0,0,0,0,0,0,0,0,0,0,0,0,0,0,0,0
Iran 2025,GOLD,2415,0,0,0.4661377786819157,0.2172844287145106,0,0,0,0,0,0,0,0,0,0,0,0,0,0,0,0,0,0
Iran 2025,GOLD,2416,0,0,0.3945221427339102,0.1556477211073558,0,0,0,0,0,0,0,0,0,0,0,0,0,0,0,0,0,0
Iran 2025,GOLD,2417,0,0,0.3531644201305501,0.1247251076461477,0,0,0,0,0,0,0,0,0,0,0,0,0,0,0,0,0,0
Iran 2025,GOLD,2418,0,0,0.2969629222549526,0.088186977194201,0,0,0,0,0,0,0,0,0,0,0,0,0,0,0,0,0,0
Iran 2025,GOLD,2419,0,0,0.2867910809127577,0.0822491240911079,0,0,0,0,0,0,0,0,0,0,0,0,0,0,0,0,0,0
Iran 2025,GOLD,2420,0,0,0.3835837848891559,0.1471365200298902,0,0,0,0,0,0,0,0,0,0,0,0,0,0,0,0,0,0
Iran 2025,GOLD,2421,0,0,0.1894133710840023,0.0358774251454059,0,0,0,0,0,0,0,0,0,0,0,0,0,0,0,0,0,0
Iran 2025,GOLD,2422,0,0,0.1762255075141636,0.0310554294986245,0,0,0,0,0,0,0,0,0,0,0,0,0,0,0,0,0,0
Iran 2025,GOLD,2423,0,0,0.1358557086047346,0.0184567735604945,0,0,0,0,0,0,0,0,0,0,0,0,0,0,0,0,0,0
Iran 2025,GOLD,2424,0,0,0.1053365430603104,0.0110957873038966,0,0,0,0,0,0,0,0,0,0,0,0,0,0,0,0,0,0
Iran 2025,GOLD,2425,0,0,0.106118871983267,0.011261214991001,0,0,0,0,0,0,0,0,0,0,0,0,0,0,0,0,0,0
Iran 2025,GOLD,2426,0,0,0.0900383873232467,0.0081069111917709,0,0,0,0,0,0,0,0,0,0,0,0,0,0,0,0,0,0
Iran 2025,GOLD,2427,0,0,0.1627241563505188,0.026479151059988,0,0,0,0,0,0,0,0,0,0,0,0,0,0,0,0,0,0
Iran 2025,EURUSD,2408,0,0,0.4563442680853204,0.2082500910143268,0,0,1,0,0,0,0,0,0,0,0,0,0,0,0,0,0,0
Iran 2025,EURUSD,2409,0,0,0.3878960550771778,0.1504633495444369,0,0,0,0,0,0,0,0,0,0,0,0,0,0,0,0,1,0
Iran 2025,EURUSD,2410,0,0,0.61446756623535,0.3775703899551942,0,0,1,0,0,0,0,0,0,0,0,0,0,0,0,0,1,0
Iran 2025,EURUSD,2411,0,1,0.6555721140346862,0.4297747966999076,0,0,1,0,0,0,0,0,0,0,0,0,0,0,0,0,1,0
Iran 2025,EURUSD,2412,0,0,0.6131434143323303,0.3759448465391077,0,0,0,0,0,0,0,0,0,0,0,0,0,0,0,0,1,0
Iran 2025,EURUSD,2413,0,0,0.486912921147792,0.2370841927806759,0,0,0,0,0,0,0,0,0,0,0,0,1,0,0,0,1,0
Iran 2025,EURUSD,2414,0,0,0.4452834830539778,0.1982773802806821,0,0,0,0,0,0,0,0,0,0,0,0,1,0,0,0,1,0
Iran 2025,EURUSD,2415,0,0,0.3945387335520146,0.1556608122728276,0,0,0,0,0,0,0,0,0,0,0,0,1,0,0,0,1,0
Iran 2025,EURUSD,2416,0,0,0.4353795590164523,0.1895553604093605,0,0,0,0,0,0,0,0,0,0,0,0,0,0,0,0,0,0
Iran 2025,EURUSD,2417,0,0,0.3909674713772066,0.1528555636750868,0,0,0,0,0,0,0,0,0,0,0,0,0,0,0,0,0,0
Iran 2025,EURUSD,2418,0,0,0.4297077143917653,0.1846487198077949,0,0,0,0,0,0,0,0,0,0,0,0,0,0,0,0,0,0
Iran 2025,EURUSD,2419,0,0,0.4777565719503336,0.2282513420417343,0,0,0,0,0,0,0,0,0,0,0,0,0,0,0,0,0,0
Iran 2025,EURUSD,2420,0,0,0.5154359495593933,0.2656742180981934,0,0,0,0,0,0,0,0,0,0,0,0,0,0,0,0,0,0
Iran 2025,EURUSD,2421,0,0,0.4861938919596495,0.2363845005788714,0,0,0,0,0,0,0,0,0,0,0,0,0,0,0,0,1,0
Iran 2025,EURUSD,2422,0,0,0.4749938252437713,0.2256191340197103,0,0,0,0,0,0,0,0,0,0,0,0,0,0,0,0,1,0
Iran 2025,EURUSD,2423,0,0,0.5860559545326395,0.3434615818431631,0,0,1,0,0,0,0,0,0,0,0,0,0,0,0,0,0,0
Iran 2025,EURUSD,2424,0,0,0.5404406174742011,0.2920760610158958,0,0,0,0,0,0,0,0,0,0,0,0,0,0,0,0,0,0
Iran 2025,EURUSD,2425,0,0,0.547566560725677,0.2998291384249465,0,0,0,0,0,0,0,0,0,0,0,0,0,0,0,0,0,0
Iran 2025,EURUSD,2426,0,1,0.627198752538466,0.3933782751858079,0,0,0,0,0,0,0,0,0,0,0,0,0,0,0,0,0,0
Iran 2025,EURUSD,2427,1,0,0.3427129147629913,0.4320263124193628,0,1,0,1,0,1,0,1,0,1,0,1,0,1,0,1,0,1
Iran 2025,EURUSD,2428,1,0,0.2476100295669867,0.5660906676081906,0,1,0,1,0,1,0,1,0,1,0,1,0,1,0,1,0,1
Iran 2025,EURUSD,2429,1,0,0.2173235854008574,0.6125823699697688,0,1,0,1,0,1,0,1,0,1,0,1,0,1,0,1,0,1
Iran 2025,EURUSD,2430,1,0,0.2585188781934956,0.5497942539954321,0,1,0,1,0,1,0,1,0,1,0,1,0,1,0,1,0,1
Iran 2025,EURUSD,2431,1,0,0.1845809408937816,0.6649082419536705,0,1,0,1,0,1,0,1,0,1,0,1,0,1,0,1,0,1
Iran 2025,EURUSD,2432,1,0,0.1727078986261818,0.6844122209955078,0,1,0,1,0,1,0,1,0,1,0,1,0,1,0,1,0,1
Iran 2025,EURUSD,2433,1,0,0.2389454258823928,0.5792040647853325,0,1,0,1,0,1,0,1,0,1,0,1,0,1,0,1,0,1
Iran 2025,EURUSD,2434,1,0,0.184292536745516,0.6653786656090654,0,1,0,1,0,1,0,1,0,1,0,1,0,1,0,1,0,1
Iran 2025,EURUSD,2435,1,0,0.1469341026318188,0.7277214252525802,0,1,0,1,0,1,0,1,0,1,0,1,0,1,0,1,0,1
Iran 2025,EURUSD,2436,1,0,0.1338021547334152,0.7502987071444744,0,1,0,1,0,1,0,1,0,1,0,1,0,1,0,1,0,1
Iran 2025,EURUSD,2437,1,0,0.2103681105868067,0.6235185207782495,0,1,0,1,0,1,0,1,0,1,0,1,0,1,0,1,0,1
Iran 2025,EURUSD,2438,1,0,0.2399014229100896,0.5777498468941066,0,1,0,1,0,1,0,1,0,1,0,1,0,1,0,1,0,1
Iran 2025,EURUSD,2439,1,0,0.1681186169038793,0.6920266355419147,0,1,0,1,0,1,0,1,0,1,0,1,0,1,0,1,0,1
Iran 2025,EURUSD,2440,1,0,0.1289822717467816,0.7586718829313973,0,1,0,1,0,1,0,1,0,1,0,1,0,1,0,1,0,1
Iran 2025,EURUSD,2441,1,0,0.2015661739877491,0.6374965745205613,0,1,0,1,0,1,0,1,0,1,0,1,0,1,0,1,0,1
Iran 2025,EURUSD,2442,1,0,0.2264640409508687,0.5983578799420594,0,1,0,1,0,1,0,1,0,1,0,1,0,1,0,1,0,1
Iran 2025,EURUSD,2443,1,0,0.1772193717615995,0.6769679622043769,0,1,0,1,0,1,0,1,0,1,0,1,0,1,0,1,0,1
Iran 2025,EURUSD,2444,1,0,0.1327932171334705,0.7520476042497161,0,1,0,1,0,1,0,1,0,1,0,1,0,1,0,1,0,1
Iran 2025,EURUSD,2445,1,0,0.1109487654383385,0.7904120976756144,0,1,0,1,0,1,0,1,0,1,0,1,0,1,0,1,0,1
Iran 2025,EURUSD,2446,1,0,0.1239623722160853,0.7674419252932685,0,1,0,1,0,1,0,1,0,1,0,1,0,1,0,1,0,1
Iran 2025,EURUSD,2447,1,0,0.1517410336469004,0.7195432739984288,0,1,0,1,0,1,0,1,0,1,0,1,0,1,0,1,0,1
Iran 2025,EURUSD,2448,1,0,0.1219079115622956,0.7710457157768892,0,1,0,1,0,1,0,1,0,1,0,1,0,1,0,1,0,1
Iran 2025,EURUSD,2449,1,0,0.2206748706099125,0.6073476572988765,0,1,0,1,0,1,0,1,0,1,0,1,0,1,0,1,0,1
Iran 2025,EURUSD,2450,1,0,0.2140789562580287,0.6176718869964695,0,1,0,1,0,1,0,1,0,1,0,1,0,1,0,1,0,1
Iran 2025,EURUSD,2451,1,0,0.3452018055565652,0.4287606754463821,0,1,0,1,0,1,0,1,0,1,0,1,0,1,0,1,0,1
Iran 2025,EURUSD,2452,1,0,0.358757730706694,0.4111916479284287,0,1,0,1,0,1,0,1,0,1,0,1,0,1,0,1,0,1
Iran 2025,EURUSD,2453,1,0,0.5073807379593729,0.242673737333452,0,1,0,1,0,1,0,1,0,1,0,1,0,1,0,1,0,1
Iran 2025,EURUSD,2454,1,0,0.5018975772635547,0.2481060235359165,0,1,0,1,0,1,0,1,0,1,0,1,0,1,0,1,0,1
Iran 2025,EURUSD,2455,1,0,0.4923844419193821,0.2576735548054971,0,1,0,1,0,1,0,1,0,1,0,1,0,1,0,1,0,1
Iran 2025,EURUSD,2456,1,0,0.5262468449678452,0.2244420519029208,0,1,0,1,0,1,0,1,0,1,0,1,0,1,0,1,0,1
Iran 2025,EURUSD,2457,1,0,0.5711985373547257,0.1838706943667265,0,1,1,1,0,1,0,1,0,1,0,1,0,1,0,1,0,1
Iran 2025,EURUSD,2458,1,1,0.6935228005128101,0.0939282738055107,0,1,1,1,0,1,0,1,0,1,0,1,0,1,0,1,0,1
Iran 2025,EURUSD,2459,1,1,0.717620937349495,0.0797379350233778,0,1,1,1,0,1,0,1,0,1,0,1,0,1,0,1,0,1
Iran 2025,EURUSD,2460,1,1,0.7510077818906237,0.0619971246790272,0,1,1,1,0,1,0,1,0,1,0,1,0,1,0,1,0,1
Iran 2025,EURUSD,2461,1,1,0.8156476885035281,0.0339857747540922,0,1,1,1,0,1,0,1,0,1,0,1,1,1,0,1,0,1
Iran 2025,EURUSD,2462,1,1,0.8246015231935465,0.030764625666024,0,1,1,1,0,1,0,1,0,1,0,1,0,1,0,1,0,1
Iran 2025,EURUSD,2463,1,1,0.7768400258604241,0.0498003740579761,0,1,1,1,0,1,0,1,0,1,0,1,0,1,0,1,0,1
Iran 2025,EURUSD,2464,1,1,0.6957444503837256,0.0925714394723012,0,1,1,1,0,1,0,1,0,1,0,1,0,1,0,1,0,1
Iran 2025,EURUSD,2465,1,1,0.7018306092100466,0.0889049856040519,0,1,1,1,0,1,0,1,0,1,0,1,0,1,0,1,0,1
Iran 2025,EURUSD,2466,1,0,0.5640390321740336,0.1900619654677533,0,1,1,1,0,1,0,1,0,1,0,1,0,1,0,1,0,1
Iran 2025,EURUSD,2467,1,0,0.5946112872924034,0.1643400083907222,0,1,0,1,0,1,0,1,0,1,0,1,0,1,0,1,0,1
Iran 2025,EURUSD,2468,0,0,0.5639429976952189,0.3180317046494697,0,0,0,0,0,0,0,0,0,0,0,0,0,0,0,0,0,0
Iran 2025,EURUSD,2469,0,0,0.5372109556328345,0.2885956108519433,0,0,0,0,0,0,0,0,0,0,0,0,0,0,0,0,0,0
Iran 2025,EURUSD,2470,0,0,0.4020580605157446,0.1616506840256821,0,0,0,0,0,0,0,0,0,0,0,0,0,0,0,0,0,0
Iran 2025,EURUSD,2471,0,0,0.4936454128920672,0.2436857936693795,0,0,0,0,0,0,0,0,0,0,0,0,0,0,0,0,0,0
Iran 2025,EURUSD,2472,0,0,0.5480575711531547,0.3003671012982952,0,0,0,0,0,0,0,0,0,0,0,0,0,0,0,0,0,0
Iran 2025,EURUSD,2473,0,0,0.5336996017173932,0.2848352648733041,0,0,0,0,0,0,0,0,0,0,0,0,0,0,0,0,0,0
Iran 2025,EURUSD,2474,0,1,0.7856069135502551,0.6171782226179581,0,0,1,0,0,0,0,0,0,0,0,0,0,0,0,0,0,0
Iran 2025,EURUSD,2475,0,1,0.7741109051130027,0.5992476934148723,0,0,1,0,0,0,0,0,0,0,0,0,0,0,0,0,0,0
Iran 2025,EURUSD,2476,0,1,0.716328041704797,0.5131258633326294,0,0,1,0,0,0,0,0,0,0,0,0,0,0,0,0,0,0
Iran 2025,EURUSD,2477,0,1,0.7938322262605908,0.6301696034498458,0,0,0,0,0,0,1,0,0,0,0,0,0,0,0,0,1,0
Iran 2025,EURUSD,2478,0,1,0.788906935390299,0.6223741527069134,0,0,0,0,0,0,1,0,0,0,0,0,1,0,0,0,1,0
Iran 2025,EURUSD,2479,0,1,0.7202678619655244,0.5187857929803877,0,0,0,0,0,0,0,0,0,0,0,0,0,0,0,0,1,0
Iran 2025,EURUSD,2480,0,1,0.6804230895800213,0.4629755808336216,0,0,1,0,0,0,0,0,0,0,0,0,1,0,0,0,1,0
Iran 2025,EURUSD,2481,0,1,0.6759538921930016,0.456913664370868,0,0,1,0,0,0,0,0,0,0,0,0,1,0,0,0,1,0
Iran 2025,EURUSD,2482,0,1,0.7486402735912562,0.5604622592427909,0,0,1,0,0,0,0,0,0,0,0,0,1,0,0,0,1,0
Iran 2025,EURUSD,2483,0,1,0.7391373065744744,0.5463239579701685,0,0,1,0,0,0,0,0,0,0,0,0,1,0,0,0,1,0
Iran 2025,EURUSD,2484,0,1,0.7293945315237653,0.5320163826167731,0,0,1,0,0,0,1,0,0,0,0,0,1,0,0,0,1,0
Iran 2025,EURUSD,2485,0,1,0.6601071691037943,0.4357414747022253,0,0,0,0,0,0,0,0,0,0,0,0,0,0,0,0,1,0
Iran 2025,EURUSD,2486,0,0,0.5972030999374511,0.3566515425749012,0,0,0,0,0,0,0,0,0,0,0,0,0,0,0,0,1,0
Iran 2025,EURUSD,2487,0,0,0.5922521867009181,0.3507626526520191,0,0,0,0,0,0,0,0,0,0,0,0,0,0,0,0,1,0
Iran 2025,EURUSD,2488,0,0,0.545454162773216,0.29752024368663,0,0,0,0,0,0,0,0,0,0,0,0,1,0,0,0,1,0
Iran 2025,EURUSD,2489,0,0,0.5611614977390235,0.314902226544704,1,0,0,0,0,0,0,0,0,0,0,0,0,0,0,0,1,0
Iran 2025,EURUSD,2490,0,0,0.4394829785302331,0.1931452884178053,0,0,0,0,0,0,0,0,0,0,0,0,0,0,0,0,1,0
Iran 2025,EURUSD,2491,0,0,0.3693244722192284,0.1364005657800115,0,0,0,0,0,0,0,0,0,0,0,0,0,0,0,0,1,0
Iran 2025,EURUSD,2492,0,0,0.3577889943463294,0.1280129644753577,0,0,0,0,0,0,0,0,0,0,0,0,0,0,0,0,1,0
Iran 2025,EURUSD,2493,0,0,0.3507055733807869,0.1229943992003465,0,0,0,0,0,0,0,0,0,0,0,0,0,0,0,0,1,0
Iran 2025,EURUSD,2494,0,0,0.3419170985802153,0.1169073023015127,0,0,0,0,0,0,0,0,0,0,0,0,0,0,0,0,1,0
Iran 2025,EURUSD,2495,0,1,0.6324248424874568,0.3999611813952845,1,0,1,0,0,0,1,0,0,0,0,0,0,0,0,0,0,0
Iran 2025,EURUSD,2496,0,0,0.5294976511927397,0.2803677626186283,0,0,1,0,1,0,0,0,0,0,0,0,0,0,0,0,0,0
Iran 2025,EURUSD,2497,0,0,0.4711071892293823,0.221941983743609,0,0,1,0,1,0,0,0,0,0,0,0,0,0,0,0,0,0
Iran 2025,EURUSD,2498,0,0,0.5315114475939261,0.2825044189233908,0,0,1,0,1,0,0,0,1,0,1,0,0,0,0,0,0,0
Iran 2025,EURUSD,2499,0,1,0.6686892572736817,0.447145322793228,0,0,1,0,0,0,0,0,1,0,1,0,0,0,0,0,0,0
Iran 2025,EURUSD,2500,0,0,0.5680642675225278,0.322697012035906,0,0,1,0,0,0,1,0,0,0,0,0,0,0,0,0,0,0
Iran 2025,EURUSD,2501,0,0,0.5269369599018074,0.277662559710559,0,0,1,0,0,0,1,0,0,0,0,0,0,0,0,0,0,0
Iran 2025,EURUSD,2502,0,0,0.5120680763652918,0.2622137148324504,0,0,1,0,0,0,0,0,0,0,0,0,0,0,0,0,0,0
Iran 2025,EURUSD,2503,0,1,0.721213437748015,0.52014882278831,0,0,1,0,0,0,0,0,1,0,0,0,0,0,0,0,0,0
Iran 2025,EURUSD,2504,0,1,0.8137652037840408,0.6622138068896815,0,0,1,0,0,0,0,0,0,0,0,0,0,0,0,0,0,0
Iran 2025,EURUSD,2505,0,1,0.800235023443217,0.6403760927451659,0,0,1,0,0,0,0,0,1,0,0,0,0,0,0,0,0,0
Iran 2025,EURUSD,2506,0,1,0.7262636466982401,0.5274588845154261,0,0,1,0,0,0,1,0,1,0,0,0,0,0,0,0,0,0
Iran 2025,EURUSD,2507,0,1,0.6925196100587493,0.4795834103159221,0,0,1,0,0,0,0,0,0,0,0,0,0,0,0,0,0,0
Iran 2025,EURUSD,2508,0,1,0.7842453198424979,0.6150407216948618,0,0,1,0,0,0,0,0,0,0,0,0,0,0,0,0,0,0
Iran 2025,EURUSD,2509,0,1,0.7260683899037762,0.5271753068174619,0,0,1,0,0,0,0,0,0,0,0,0,0,0,0,0,0,0
Iran 2025,EURUSD,2510,0,1,0.7891537801040722,0.6227636886525464,0,0,1,0,0,0,0,0,0,0,0,0,0,0,0,0,0,0
Iran 2025,EURUSD,2511,0,1,0.7530698521603578,0.5671142022328232,0,0,1,0,0,0,0,0,0,0,0,0,0,0,0,0,0,0
Iran 2025,EURUSD,2512,0,1,0.8310314163424435,0.6906132149481277,0,0,1,0,0,0,0,0,1,0,0,0,1,0,1,0,0,0
Iran 2025,EURUSD,2513,0,0,0.4035351946829674,0.1628406533478203,0,0,0,0,0,0,0,0,0,0,0,0,0,0,0,0,0,0
Iran 2025,EURUSD,2514,0,0,0.4114407837629784,0.1692835185434939,0,0,0,0,0,0,0,0,0,0,0,0,0,0,0,0,0,0
Iran 2026,USOIL,2575,0,0,0.4690968650686424,0.2200518688172281,0,0,1,0,0,0,1,0,0,0,0,0,0,0,0,0,0,0
Iran 2026,USOIL,2576,0,1,0.6258440301826759,0.3916807501152941,0,0,1,0,0,0,1,0,0,0,0,0,0,0,0,0,0,0
Iran 2026,USOIL,2577,0,0,0.4555863780409182,0.2075589478564424,0,0,1,0,0,0,1,0,0,0,0,0,0,0,0,0,0,0
Iran 2026,USOIL,2578,0,0,0.3738206053313114,0.139741844970268,0,0,1,0,0,0,1,0,0,0,0,0,0,0,0,0,0,0
Iran 2026,USOIL,2579,0,0,0.4153676412467425,0.1725302773948826,0,0,1,0,0,0,1,0,0,0,0,0,0,0,0,0,0,0
Iran 2026,USOIL,2580,0,0,0.4715609610530776,0.2223697399893022,0,0,1,0,0,0,1,0,0,0,0,0,0,0,0,0,0,0
Iran 2026,USOIL,2581,0,0,0.4282849174487594,0.1834279705140906,1,0,1,0,0,0,1,0,0,0,0,0,0,0,0,0,0,0
Iran 2026,USOIL,2582,0,1,0.6130874964332396,0.3758762782827775,0,0,1,0,0,0,1,0,0,0,0,0,0,0,0,0,0,0
Iran 2026,USOIL,2583,0,0,0.5225047049739362,0.2730111667199001,1,0,1,0,0,0,1,0,0,0,0,0,0,0,0,0,0,0
Iran 2026,USOIL,2584,0,0,0.5577689091124153,0.3111061559724538,1,0,1,0,0,0,1,0,0,0,0,0,0,0,0,0,0,0
Iran 2026,USOIL,2585,0,1,0.6083076242172174,0.3700381656807954,1,0,1,0,0,0,1,0,0,0,0,0,0,0,0,0,0,0
Iran 2026,USOIL,2586,0,0,0.5157549948589728,0.2660032147219791,1,0,1,0,0,0,0,0,0,0,0,0,0,0,0,0,0,0
Iran 2026,USOIL,2587,0,1,0.91706558125388,0.8410092803205167,1,0,1,0,0,0,1,0,0,0,0,0,0,0,0,0,0,0
Iran 2026,USOIL,2588,0,1,0.718339364045399,0.5160114419371483,1,0,1,0,0,0,1,0,0,0,0,0,0,0,0,0,0,0
Iran 2026,USOIL,2589,0,1,0.6696625683274348,0.4484479554188962,1,0,1,0,0,0,1,0,0,0,0,0,0,0,0,0,0,0
Iran 2026,USOIL,2590,0,1,0.6664708528909251,0.4441833977531571,1,0,1,0,0,0,1,0,0,0,0,0,0,0,0,0,0,0
Iran 2026,USOIL,2591,0,1,0.6819607533905102,0.4650704691649522,1,0,1,0,0,0,1,0,0,0,0,0,0,0,0,0,0,0
Iran 2026,USOIL,2592,0,1,0.719585836028973,0.517803775413516,1,0,1,0,0,0,1,0,0,0,0,0,0,0,0,0,0,0
Iran 2026,USOIL,2593,0,1,0.7121313888267431,0.507131114952306,0,0,1,0,0,0,1,0,0,0,0,0,1,0,0,0,0,0
Iran 2026,USOIL,2594,1,0,0.5073516532951098,0.2427023935110617,0,1,1,1,0,1,0,1,0,1,0,1,0,1,0,1,0,1
Iran 2026,USOIL,2595,1,0,0.2258585344260648,0.5992950087209602,0,1,1,1,0,1,1,1,0,1,0,1,0,1,0,1,0,1
Iran 2026,USOIL,2596,1,0,0.3064828262793208,0.4809660702455187,0,1,1,1,0,1,0,1,0,1,0,1,0,1,0,1,0,1
Iran 2026,USOIL,2597,1,0,0.3367182965597637,0.4399426181185815,0,1,1,1,0,1,0,1,0,1,0,1,0,1,0,1,0,1
Iran 2026,USOIL,2598,1,0,0.2846327664096995,0.5117502788946396,0,1,1,1,0,1,0,1,0,1,0,1,0,1,0,1,0,1
Iran 2026,USOIL,2599,1,0,0.3199514829567496,0.462465985532724,0,1,1,1,0,1,0,1,0,1,0,1,0,1,0,1,0,1
Iran 2026,USOIL,2600,1,0,0.3201620813422309,0.4621795956449273,0,1,1,1,0,1,1,1,0,1,0,1,0,1,0,1,0,1
Iran 2026,USOIL,2601,1,0,0.3958152879275147,0.3650391663021119,0,1,1,1,0,1,0,1,0,1,0,1,0,1,0,1,0,1
Iran 2026,USOIL,2602,1,0,0.4018271673203464,0.3578107377560008,0,1,1,1,0,1,0,1,0,1,0,1,0,1,0,1,0,1
Iran 2026,USOIL,2603,1,0,0.1955406642402077,0.6471548228910862,0,1,1,1,0,1,0,1,0,1,0,1,0,1,0,1,0,1
Iran 2026,USOIL,2604,1,0,0.2513089066929048,0.5605383531973734,0,1,1,1,0,1,0,1,0,1,0,1,0,1,0,1,0,1
Iran 2026,USOIL,2605,1,0,0.4220873566147811,0.3339830233844911,0,1,1,1,0,1,0,1,0,1,0,1,0,1,0,1,0,1
Iran 2026,USOIL,2606,1,0,0.521119955334143,0.2293260971791731,0,1,1,1,0,1,0,1,0,1,0,1,0,1,0,1,0,1
Iran 2026,USOIL,2607,1,1,0.6033926338467475,0.1572974028870201,0,1,1,1,0,1,0,1,0,1,0,1,0,1,0,1,0,1
Iran 2026,USOIL,2608,1,1,0.6328056862596969,0.1348316640432121,0,1,1,1,0,1,0,1,0,1,0,1,0,1,0,1,0,1
Iran 2026,USOIL,2609,1,0,0.4831013171035959,0.2671842483800373,0,1,1,1,0,1,0,1,0,1,0,1,0,1,0,1,0,1
Iran 2026,USOIL,2610,1,0,0.5519207812582253,0.2007749862682391,0,1,1,1,0,1,0,1,0,1,0,1,0,1,0,1,0,1
Iran 2026,USOIL,2611,1,1,0.5977211294011239,0.1618282897303073,0,1,1,1,0,1,0,1,0,1,0,1,0,1,0,1,0,1
Iran 2026,GOLD,2574,0,1,0.7204499937139703,0.5190481934424599,0,0,1,0,0,0,1,0,0,0,0,0,0,0,0,0,0,0
Iran 2026,GOLD,2575,0,1,0.7105669052622158,0.5049053268539228,0,0,1,0,0,0,1,0,0,0,0,0,0,0,0,0,0,0
Iran 2026,GOLD,2576,0,1,0.7905743635323678,0.6250078242746083,0,0,1,0,0,0,1,0,0,0,0,0,0,0,0,0,0,0
Iran 2026,GOLD,2577,0,1,0.767824390307869,0.5895542943516507,0,0,1,0,0,0,1,0,0,0,0,0,0,0,0,0,0,0
Iran 2026,GOLD,2578,0,1,0.6797010008499395,0.4619934505564094,0,0,1,0,0,0,1,0,0,0,0,0,0,0,0,0,0,0
Iran 2026,GOLD,2579,0,1,0.7195859204210251,0.5178038968681739,0,0,1,0,0,0,1,0,0,0,0,0,0,0,0,0,0,0
Iran 2026,GOLD,2580,0,1,0.7391890728111135,0.5464004853633536,0,0,1,0,0,0,1,0,0,0,0,0,0,0,0,0,0,0
Iran 2026,GOLD,2581,0,0,0.4947866686948601,0.2448138475181573,0,0,1,0,0,0,0,0,0,0,0,0,0,0,0,0,0,0
Iran 2026,GOLD,2582,0,1,0.5750819514633078,0.3307192508988462,0,0,1,0,0,0,1,0,0,0,0,0,0,0,0,0,0,0
Iran 2026,GOLD,2583,0,0,0.5209322653779775,0.2713704251118316,0,0,1,0,0,0,1,0,0,0,0,0,0,0,0,0,0,0
Iran 2026,GOLD,2584,0,1,0.5889528214446339,0.3468654258875948,0,0,1,0,0,0,1,0,0,0,0,0,0,0,0,0,0,0
Iran 2026,GOLD,2585,0,1,0.6334448745925698,0.4012524091475965,0,0,1,0,0,0,0,0,0,0,0,0,0,0,0,0,0,0
Iran 2026,GOLD,2586,0,1,0.581628398669388,0.3382915941387165,0,0,1,0,0,0,1,0,0,0,0,0,0,0,0,0,0,0
Iran 2026,GOLD,2587,0,1,0.7682429252676402,0.590197192223781,1,0,1,0,0,0,1,0,0,0,1,0,1,0,1,0,0,0
Iran 2026,GOLD,2588,0,1,0.5766468213483004,0.3325215565710986,0,0,1,0,0,0,1,0,0,0,0,0,0,0,0,0,0,0
Iran 2026,GOLD,2589,0,1,0.5976601800017687,0.3571976907597465,0,0,1,0,0,0,1,0,0,0,0,0,0,0,0,0,0,0
Iran 2026,GOLD,2590,0,1,0.6091070757685889,0.3710114297513615,0,0,1,0,0,0,1,0,0,0,0,0,0,0,0,0,0,0
Iran 2026,GOLD,2591,0,0,0.4937855378753896,0.2438241574148878,0,0,1,0,0,0,1,0,0,0,0,0,0,0,0,0,0,0
Iran 2026,GOLD,2592,0,0,0.4907029339508003,0.2407893693879235,0,0,1,0,0,0,1,0,0,0,0,0,0,0,0,0,0,0
Iran 2026,GOLD,2593,1,0,0.4034358493274376,0.3558887858676756,0,1,1,1,0,1,0,1,0,1,0,1,0,1,0,1,0,1
Iran 2026,GOLD,2594,1,0,0.4119189840700071,0.3458392812972526,0,1,1,1,0,1,1,1,0,1,0,1,0,1,0,1,0,1
Iran 2026,GOLD,2595,1,0,0.4376744992265649,0.3162099688200946,0,1,1,1,0,1,1,1,0,1,0,1,0,1,0,1,0,1
Iran 2026,GOLD,2596,1,0,0.4139665373061491,0.343435219396945,0,1,1,1,0,1,1,1,0,1,0,1,0,1,0,1,0,1
Iran 2026,GOLD,2597,1,0,0.2743500504931273,0.5265678492193269,0,1,1,1,0,1,0,1,0,1,0,1,0,1,0,1,0,1
Iran 2026,GOLD,2598,1,0,0.1582453309063169,0.708550922941016,0,1,1,1,0,1,0,1,0,1,0,1,0,1,0,1,0,1
Iran 2026,GOLD,2599,1,0,0.2272578762287765,0.597130389850461,0,1,1,1,0,1,0,1,0,1,0,1,0,1,0,1,0,1
Iran 2026,GOLD,2600,1,0,0.2622916459088434,0.5442136156958833,0,1,1,1,0,1,0,1,0,1,0,1,0,1,0,1,0,1
Iran 2026,GOLD,2601,1,0,0.1845502944985075,0.6649582222024707,0,1,1,1,0,1,0,1,0,1,0,1,0,1,0,1,0,1
Iran 2026,GOLD,2602,1,0,0.2244868666778725,0.6014206199551039,0,1,1,1,0,1,0,1,0,1,0,1,0,1,0,1,0,1
Iran 2026,GOLD,2603,1,0,0.2622913842586212,0.5442140017390613,0,1,1,1,0,1,0,1,0,1,0,1,0,1,0,1,0,1
Iran 2026,GOLD,2604,1,0,0.2555598238556651,0.5541911758578083,0,1,1,1,0,1,0,1,0,1,0,1,0,1,0,1,0,1
Iran 2026,GOLD,2605,1,0,0.492648472620019,0.2574055723347996,0,1,1,1,0,1,1,1,0,1,0,1,0,1,0,1,0,1
Iran 2026,GOLD,2606,1,0,0.4384548771855877,0.3153329249566535,0,1,1,1,0,1,0,1,0,1,0,1,0,1,0,1,0,1
Iran 2026,GOLD,2607,1,0,0.4494852049991671,0.303066539514809,0,1,1,1,0,1,1,1,0,1,0,1,0,1,0,1,0,1
Iran 2026,GOLD,2608,1,0,0.4522376345619571,0.3000436089902799,0,1,1,1,0,1,1,1,0,1,0,1,0,1,0,1,0,1
Iran 2026,GOLD,2609,1,0,0.5334079674595439,0.217708124830234,0,1,1,1,1,1,0,1,0,1,0,1,0,1,0,1,0,1
Iran 2026,GOLD,2610,1,1,0.5588725990621083,0.1945933838582194,0,1,1,1,0,1,1,1,0,1,0,1,0,1,0,1,0,1
Iran 2026,EURUSD,2665,0,0,0.5283995528246492,0.2792060874252893,0,0,1,0,0,0,1,0,0,0,0,0,0,0,0,0,0,0
Iran 2026,EURUSD,2666,0,1,0.6706182368789411,0.4497288196346195,0,0,1,0,0,0,1,0,0,0,0,0,0,0,0,0,0,0
Iran 2026,EURUSD,2667,0,1,0.6529847331555132,0.4263890617341768,0,0,1,0,0,0,1,0,0,0,0,0,0,0,0,0,0,0
Iran 2026,EURUSD,2668,0,1,0.7568725679543143,0.5728560841217581,0,0,1,0,0,0,1,0,0,0,0,0,0,0,0,0,0,0
Iran 2026,EURUSD,2669,0,1,0.7708066403131641,0.5941428767508676,0,0,1,0,0,0,1,0,0,0,0,0,0,0,0,0,1,0
Iran 2026,EURUSD,2670,0,1,0.7753766683570944,0.6012089778325476,0,0,1,0,0,0,1,0,0,0,0,0,0,0,0,0,0,0
Iran 2026,EURUSD,2671,0,1,0.8100322125585904,0.6561521853825654,1,0,1,0,0,0,1,0,0,0,0,0,0,0,0,0,0,0
Iran 2026,EURUSD,2672,0,1,0.694469980649565,0.4822885540234072,0,0,1,0,0,0,1,0,0,0,0,0,0,0,0,0,0,0
Iran 2026,EURUSD,2673,0,1,0.7330571600880813,0.5373727999564029,0,0,1,0,1,0,1,0,0,0,0,0,0,0,0,0,0,0
Iran 2026,EURUSD,2674,0,0,0.4545391431041405,0.2066058326138463,0,0,1,0,0,0,1,0,0,0,0,0,0,0,0,0,0,0
Iran 2026,EURUSD,2675,0,0,0.5471665209068138,0.2993912016012667,0,0,1,0,0,0,1,0,0,0,0,0,0,0,0,0,0,0
Iran 2026,EURUSD,2676,0,0,0.4540367748401952,0.2061493929072861,0,0,1,0,0,0,0,0,0,0,0,0,0,0,0,0,0,0
Iran 2026,EURUSD,2677,0,1,0.725489795631614,0.526335443565601,0,0,1,0,0,0,1,0,0,0,0,0,0,0,0,0,0,0
Iran 2026,EURUSD,2678,0,1,0.6735924390245427,0.4537267739110323,0,0,1,0,0,0,1,0,0,0,0,0,0,0,0,0,0,0
Iran 2026,EURUSD,2679,0,0,0.601038406202146,0.3612471657300158,0,0,1,0,0,0,1,0,0,0,0,0,0,0,0,0,0,0
Iran 2026,EURUSD,2680,0,0,0.5547807275633566,0.3077816556757273,0,0,1,0,0,0,1,0,0,0,0,0,0,0,0,0,0,0
Iran 2026,EURUSD,2681,0,0,0.5421083558493834,0.2938814694817217,0,0,1,0,0,0,1,0,1,0,0,0,1,0,0,0,0,0
Iran 2026,EURUSD,2682,0,0,0.3709945306326204,0.1376369417593183,0,0,1,0,0,0,0,0,0,0,0,0,0,0,0,0,1,0
Iran 2026,EURUSD,2683,0,0,0.3586526705040779,0.1286317380597067,0,0,1,0,0,0,1,0,0,0,0,0,0,0,0,0,0,0
Iran 2026,EURUSD,2684,0,0,0.3062984868182879,0.0938187630271729,0,0,1,0,0,0,0,0,0,0,0,0,0,0,0,0,0,0
Iran 2026,EURUSD,2685,0,0,0.3278473766709022,0.1074839023899924,0,0,1,0,0,0,1,0,0,0,0,0,0,0,0,0,0,0
Iran 2026,EURUSD,2686,1,0,0.2822270630334587,0.5151979890415745,0,1,1,1,0,1,1,1,0,1,0,1,0,1,0,1,0,1
Iran 2026,EURUSD,2687,1,0,0.2189871526833418,0.6099810676736735,0,1,1,1,0,1,1,1,0,1,0,1,0,1,0,1,0,1
Iran 2026,EURUSD,2688,1,0,0.1492896317877689,0.7237081305837897,0,1,1,1,0,1,1,1,0,1,0,1,0,1,0,1,0,1
Iran 2026,EURUSD,2689,1,0,0.2482465259694211,0.5651332857170441,0,1,1,1,0,1,1,1,0,1,0,1,0,1,0,1,0,1
Iran 2026,EURUSD,2690,1,0,0.3568494580683873,0.4136426195869271,0,1,1,1,0,1,1,1,0,1,0,1,0,1,0,1,0,1
Iran 2026,EURUSD,2691,1,0,0.3044327497640197,0.4838137996008428,0,1,1,1,0,1,1,1,0,1,0,1,0,1,0,1,0,1
Iran 2026,EURUSD,2692,1,0,0.4261425536479903,0.3293123687336496,0,1,1,1,0,1,0,1,0,1,0,1,0,1,0,1,0,1
Iran 2026,EURUSD,2693,1,0,0.3709422898166776,0.3957136027410848,0,1,1,1,0,1,0,1,0,1,0,1,0,1,0,1,0,1
Iran 2026,EURUSD,2694,1,0,0.4018409908695274,0.3577942002039486,0,1,1,1,0,1,0,1,0,1,0,1,0,1,0,1,1,1
Iran 2026,EURUSD,2695,1,0,0.3305741535345642,0.4481309639159652,0,1,1,1,0,1,0,1,0,1,0,1,0,1,0,1,1,1
Iran 2026,EURUSD,2696,1,0,0.4137694787751595,0.3436662240155481,0,1,1,1,0,1,0,1,0,1,0,1,0,1,0,1,0,1
Iran 2026,EURUSD,2697,1,0,0.3950151054253668,0.36600672266348,0,1,1,1,0,1,1,1,0,1,0,1,0,1,0,1,0,1
Iran 2026,EURUSD,2698,1,0,0.5193332175119949,0.2310405557873712,0,1,1,1,0,1,0,1,0,1,0,1,0,1,0,1,0,1
Iran 2026,EURUSD,2699,1,0,0.5627515003136786,0.191186250477939,0,1,1,1,0,1,0,1,0,1,0,1,1,1,0,1,0,1
Iran 2026,EURUSD,2700,1,0,0.534420807355647,0.2167639846233675,0,1,1,1,0,1,0,1,0,1,0,1,1,1,0,1,0,1
Iran 2026,EURUSD,2701,1,0,0.6491522621444975,0.1230941351583234,0,1,1,1,0,1,0,1,0,1,0,1,1,1,0,1,0,1
Iran 2026,EURUSD,2702,1,0,0.541704453521175,0.2100348079223248,0,1,1,1,0,1,0,1,0,1,0,1,1,1,0,1,0,1
Iran 2026,EURUSD,2703,1,0,0.5583971533740698,0.1950130741481248,0,1,1,1,0,1,0,1,0,1,0,1,1,1,0,1,0,1
Iran 2026,EURUSD,2704,1,0,0.5183092666246261,0.2320259626197056,0,1,1,1,0,1,0,1,0,1,0,1,1,1,0,1,0,1
Iran 2026,EURUSD,2705,1,0,0.4084512052506328,0.3499299765694289,0,1,1,1,0,1,0,1,0,1,0,1,0,1,0,1,0,1
COVID-19,USOIL,983,0,0,0.4745757718396827,0.2252221632172305,0,0,0,0,0,0,0,0,0,0,0,0,0,0,0,0,0,0
COVID-19,USOIL,984,0,0,0.4891421030622478,0.2392599969881587,0,0,0,0,0,0,0,0,0,0,0,0,0,0,0,0,0,0
COVID-19,USOIL,985,0,1,0.8426254521383433,0.7100176525913474,0,0,1,0,0,0,0,0,1,0,0,0,1,0,0,0,0,0
COVID-19,USOIL,986,0,0,0.5447540792681184,0.2967570068792554,0,0,0,0,0,0,0,0,0,0,0,0,0,0,0,0,0,0
COVID-19,USOIL,987,0,0,0.5110848194639884,0.2612076926865376,0,0,0,0,0,0,0,0,0,0,0,0,0,0,0,0,0,0
COVID-19,USOIL,988,0,0,0.5450425823149186,0.2970714165365148,0,0,0,0,0,0,0,0,0,0,0,0,0,0,0,0,1,0
COVID-19,USOIL,989,0,0,0.4740533283826295,0.2247265581506491,0,0,0,0,0,0,0,0,0,0,0,0,0,0,0,0,1,0
COVID-19,USOIL,990,0,0,0.4287544098824516,0.1838303439936493,0,0,0,0,0,0,0,0,0,0,0,0,0,0,0,0,0,0
COVID-19,USOIL,991,0,0,0.4306771753455084,0.1854828293635858,0,0,0,0,0,0,0,0,0,0,0,0,0,0,0,0,0,0
COVID-19,USOIL,992,0,0,0.2507605310399093,0.0628808439274173,0,0,0,0,0,0,0,0,0,0,0,0,0,0,0,0,0,0
COVID-19,USOIL,993,0,0,0.2053872409172071,0.0421839187315828,0,0,0,0,0,0,0,0,0,0,0,0,0,0,0,0,0,0
COVID-19,USOIL,994,0,0,0.1961418510381025,0.0384716257286532,0,0,0,0,0,0,0,0,0,0,0,0,0,0,0,0,0,0
COVID-19,USOIL,995,0,0,0.190221865809316,0.0361843582319774,0,0,0,0,0,0,0,0,0,0,0,0,0,0,0,0,0,0
COVID-19,USOIL,996,0,0,0.1733293541981125,0.0300430650267347,0,0,0,0,0,0,0,0,0,0,0,0,0,0,0,0,0,0
COVID-19,USOIL,997,0,0,0.2493963889640444,0.0621985588283049,0,0,0,0,0,0,0,0,0,0,0,0,0,0,0,0,0,0
COVID-19,USOIL,998,0,0,0.3091280560277221,0.0955601550234785,0,0,0,0,0,0,0,0,0,0,0,0,0,0,0,0,0,0
COVID-19,USOIL,999,0,0,0.3501412768276062,0.1225989137384663,0,0,0,0,0,0,0,0,0,0,0,0,0,0,0,0,0,0
COVID-19,USOIL,1000,0,0,0.3931017500277716,0.1545289858748966,0,0,0,0,0,0,0,0,0,0,0,0,0,0,0,0,0,0
COVID-19,USOIL,1001,0,0,0.4962340004924746,0.2462481832447653,0,0,0,0,0,0,0,0,0,0,0,0,0,0,0,0,0,0
COVID-19,USOIL,1002,0,0,0.5600287242688,0.3136321720061396,0,0,0,0,0,0,0,0,0,0,0,0,0,0,0,0,0,0
COVID-19,USOIL,1003,0,0,0.5572649018512361,0.3105441708352678,0,0,0,0,0,0,0,0,0,0,0,0,0,0,0,0,0,0
COVID-19,USOIL,1004,0,0,0.5920429049265079,0.350514801273818,0,0,0,0,0,0,0,0,0,0,0,0,0,0,0,0,0,0
COVID-19,USOIL,1005,0,0,0.593195943716275,0.3518814276414421,0,0,0,0,0,0,0,0,0,0,0,0,0,0,0,0,0,0
COVID-19,USOIL,1006,1,0,0.6039669749296657,0.15684215694636,0,1,0,1,0,1,0,1,0,1,0,1,0,1,0,1,0,1
COVID-19,USOIL,1007,1,0,0.5475375262524416,0.20472229014976,0,1,0,1,0,1,0,1,0,1,0,1,0,1,0,1,0,1
COVID-19,USOIL,1008,1,0,0.5937148057883106,0.1650676590356301,0,1,0,1,0,1,0,1,0,1,0,1,0,1,0,1,0,1
COVID-19,USOIL,1009,1,1,0.6649511652269077,0.1122577216828069,0,1,0,1,0,1,0,1,0,1,0,1,0,1,0,1,0,1
COVID-19,USOIL,1010,1,0,0.5434208088251675,0.2084645578138642,0,1,0,1,0,1,0,1,0,1,0,1,0,1,0,1,0,1
COVID-19,USOIL,1011,1,0,0.3573534240343629,0.4129946216003574,0,1,0,1,0,1,0,1,0,1,0,1,0,1,0,1,0,1
COVID-19,USOIL,1012,1,0,0.2422775561950383,0.5741433018457633,0,1,0,1,0,1,0,1,0,1,0,1,0,1,0,1,0,1
COVID-19,USOIL,1013,1,0,0.3071981213988946,0.4799744429932208,0,1,0,1,0,1,0,1,0,1,0,1,0,1,0,1,0,1
COVID-19,USOIL,1014,1,0,0.3290229549616651,0.4502101949683755,0,1,0,1,0,1,0,1,0,1,0,1,0,1,0,1,0,1
COVID-19,USOIL,1015,1,0,0.4207407734010087,0.3355412516000616,0,1,0,1,0,1,0,1,0,1,0,1,0,1,0,1,0,1
COVID-19,USOIL,1016,1,0,0.4604014398167965,0.2911666061517863,0,1,0,1,0,1,0,1,0,1,0,1,0,1,0,1,0,1
COVID-19,USOIL,1017,1,0,0.385178237800347,0.3780057992742867,0,1,0,1,0,1,0,1,0,1,0,1,0,1,0,1,1,1
COVID-19,USOIL,1018,1,0,0.387523266864862,0.3751277486318909,0,1,0,1,0,1,0,1,0,1,0,1,0,1,0,1,0,1
COVID-19,USOIL,1019,1,1,0.6388993004714335,0.13039371520002,0,1,0,1,1,1,0,1,0,1,0,1,0,1,0,1,0,1
COVID-19,USOIL,1020,1,1,0.654369192054951,0.1194606554007473,0,1,0,1,1,1,0,1,0,1,0,1,0,1,0,1,0,1
COVID-19,USOIL,1021,1,0,0.5577679635090309,0.1955691740989498,0,1,0,1,1,1,0,1,0,1,0,1,0,1,0,1,0,1
COVID-19,USOIL,1022,1,0,0.4726724341895905,0.2780743616635318,0,1,0,1,0,1,0,1,0,1,0,1,0,1,0,1,0,1
COVID-19,USOIL,1023,1,0,0.4303239164579179,0.3245308401598453,0,1,0,1,0,1,0,1,0,1,0,1,0,1,0,1,0,1
COVID-19,USOIL,1024,1,0,0.4040480024157413,0.3551587834246682,0,1,0,1,0,1,0,1,0,1,0,1,0,1,0,1,0,1
COVID-19,USOIL,1025,1,0,0.467011353366393,0.284076897440324,0,1,0,1,0,1,0,1,0,1,0,1,0,1,0,1,0,1
COVID-19,USOIL,1026,1,0,0.3996921820194591,0.3603694763285582,0,1,0,1,0,1,0,1,0,1,0,1,0,1,0,1,0,1
COVID-19,USOIL,1027,1,0,0.3890892402608429,0.3732119563650741,0,1,0,1,0,1,0,1,0,1,0,1,0,1,0,1,0,1
COVID-19,USOIL,1028,1,0,0.4139898589508878,0.3434078854124002,0,1,0,1,0,1,0,1,0,1,0,1,0,1,0,1,0,1
COVID-19,USOIL,1029,1,0,0.3730549180849729,0.39306013573744,0,1,0,1,0,1,0,1,0,1,0,1,0,1,0,1,0,1
COVID-19,USOIL,1030,1,0,0.4258436155944763,0.3296555537536234,0,1,0,1,0,1,0,1,0,1,0,1,0,1,0,1,0,1
COVID-19,USOIL,1031,1,0,0.4592072899518545,0.2924567552412175,0,1,0,1,0,1,0,1,0,1,0,1,0,1,0,1,0,1
COVID-19,USOIL,1032,1,0,0.5213138121267331,0.2291404664606405,0,1,0,1,0,1,0,1,0,1,0,1,0,1,0,1,0,1
COVID-19,USOIL,1033,1,0,0.5611613953032888,0.1925793209721563,0,1,0,1,0,1,0,1,0,1,0,1,0,1,0,1,0,1
COVID-19,USOIL,1034,1,0,0.6243374212954816,0.1411223730389284,0,1,0,1,0,1,0,1,0,1,0,1,0,1,0,1,0,1
COVID-19,USOIL,1035,1,1,0.6462528361100734,0.1251370559601665,0,1,0,1,0,1,0,1,0,1,0,1,0,1,0,1,0,1
COVID-19,USOIL,1036,1,1,0.6431707932324497,0.1273270828023591,0,1,0,1,0,1,0,1,0,1,0,1,0,1,0,1,0,1
COVID-19,USOIL,1037,1,1,0.6580740846893947,0.1169133315609952,0,1,0,1,0,1,0,1,0,1,0,1,0,1,0,1,0,1
COVID-19,USOIL,1038,1,1,0.6938675887514693,0.0937170532168395,0,1,0,1,0,1,0,1,0,1,1,1,0,1,0,1,0,1
COVID-19,USOIL,1039,1,1,0.7163769485071816,0.0804420353380979,0,1,0,1,0,1,0,1,1,1,0,1,1,1,0,1,0,1
COVID-19,USOIL,1040,1,1,0.7511530569346335,0.0619248010729777,0,1,0,1,1,1,0,1,1,1,1,1,1,1,0,1,0,1
COVID-19,USOIL,1041,1,1,0.8149639064002924,0.0342383559346397,0,1,0,1,1,1,0,1,1,1,1,1,1,1,0,1,0,1
COVID-19,USOIL,1042,1,1,0.836599934269785,0.0266995814806385,0,1,0,1,1,1,0,1,1,1,1,1,1,1,0,1,0,1
COVID-19,USOIL,1043,1,1,0.839417075400792,0.0257868756728349,0,1,0,1,1,1,0,1,1,1,1,1,1,1,0,1,0,1
COVID-19,USOIL,1044,1,1,0.8716111672648609,0.0164836923710915,0,1,0,1,1,1,1,1,1,1,1,1,1,1,0,1,0,1
COVID-19,USOIL,1045,1,1,0.8890081596696805,0.0123191886199111,0,1,1,1,1,1,1,1,1,1,1,1,1,1,0,1,0,1
COVID-19,USOIL,1046,1,1,0.8562124692956297,0.0206748539860602,0,1,0,1,1,1,1,1,1,1,0,1,1,1,0,1,0,1
COVID-19,USOIL,1047,1,0,0.2420753688480676,0.5744497465067928,0,1,0,1,0,1,0,1,0,1,0,1,0,1,0,1,0,1
COVID-19,USOIL,1048,1,0,0.2929155936189525,0.4999683577472383,0,1,0,1,0,1,0,1,0,1,0,1,0,1,0,1,0,1
COVID-19,USOIL,1049,1,0,0.6242416946539181,0.1411943040365593,0,1,1,1,1,1,1,1,1,1,0,1,0,1,0,1,0,1
COVID-19,USOIL,1050,1,0,0.580134525949897,0.1762870162993177,0,1,1,1,1,1,0,1,0,1,0,1,0,1,0,1,0,1
COVID-19,USOIL,1051,1,0,0.6136646947152257,0.1492549681094797,0,1,1,1,1,1,0,1,1,1,0,1,0,1,0,1,0,1
COVID-19,USOIL,1052,1,1,0.6617292278605702,0.114427115283806,0,1,1,1,1,1,1,1,1,1,0,1,0,1,0,1,0,1
COVID-19,USOIL,1053,1,0,0.6015441699081083,0.1587670485342184,0,1,1,1,1,1,1,1,1,1,0,1,0,1,0,1,0,1
COVID-19,USOIL,1054,1,1,0.8171338837673451,0.0334400164660148,0,1,1,1,1,1,0,1,1,1,0,1,1,1,0,1,0,1
COVID-19,USOIL,1055,1,1,0.8953219346191974,0.0109574973718675,0,1,1,1,1,1,0,1,1,1,1,1,1,1,0,1,0,1
COVID-19,USOIL,1056,1,1,0.823731409110134,0.0310706161342989,0,1,1,1,1,1,1,1,1,1,0,1,0,1,0,1,0,1
COVID-19,USOIL,1057,1,1,0.7766334620970327,0.0498926102547577,0,1,1,1,1,1,1,1,1,1,0,1,0,1,0,1,0,1
COVID-19,USOIL,1058,1,1,0.7737805952203963,0.0511752190988381,0,1,1,1,1,1,0,1,1,1,0,1,0,1,0,1,0,1
COVID-19,USOIL,1059,1,1,0.8170932525930978,0.0334548782469723,0,1,1,1,1,1,1,1,1,1,0,1,1,1,0,1,0,1
COVID-19,USOIL,1060,1,1,0.8441606743457299,0.0242858954203776,0,1,1,1,1,1,1,1,1,1,0,1,1,1,0,1,0,1
COVID-19,USOIL,1061,1,1,0.8187323528518851,0.0328579599026135,0,1,1,1,1,1,1,1,1,1,0,1,1,1,0,1,0,1
COVID-19,USOIL,1062,1,1,0.8065255891640969,0.0374323476482998,0,1,1,1,1,1,1,1,1,1,0,1,1,1,0,1,0,1
COVID-19,USOIL,1063,1,1,0.7978699291836232,0.0408565655282334,0,1,1,1,1,1,1,1,1,1,0,1,1,1,0,1,0,1
COVID-19,USOIL,1064,1,1,0.826504155140104,0.0301008081836491,0,1,1,1,1,1,0,1,1,1,0,1,1,1,0,1,0,1
COVID-19,USOIL,1065,1,1,0.8513106993812148,0.0221085081185034,0,1,1,1,1,1,1,1,1,1,0,1,1,1,0,1,0,1
COVID-19,USOIL,1066,1,1,0.8205914363153765,0.0321874327233796,0,1,1,1,1,1,0,1,1,1,0,1,1,1,0,1,0,1
COVID-19,USOIL,1067,1,0,0.5163485619458974,0.2339187135318014,0,1,1,1,1,1,0,1,1,1,0,1,0,1,0,1,0,1
COVID-19,USOIL,1068,1,0,0.5201156606156961,0.2302889791863097,0,1,1,1,1,1,0,1,1,1,0,1,0,1,0,1,0,1
COVID-19,USOIL,1069,1,0,0.4436305872807359,0.3095469234095787,0,1,1,1,1,1,0,1,1,1,0,1,0,1,0,1,0,1
COVID-19,USOIL,1070,1,0,0.4559783246461092,0.295959583254854,0,1,1,1,1,1,0,1,1,1,0,1,0,1,0,1,0,1
COVID-19,USOIL,1071,1,0,0.4742053280702596,0.2764600370297033,0,1,1,1,1,1,0,1,1,1,0,1,0,1,0,1,0,1
COVID-19,USOIL,1072,1,0,0.5046662965902049,0.2453554777336628,0,1,0,1,1,1,0,1,1,1,0,1,0,1,0,1,0,1
COVID-19,USOIL,1073,1,0,0.4927563433915031,0.2572961271695586,0,1,0,1,1,1,0,1,1,1,0,1,0,1,0,1,0,1
COVID-19,USOIL,1074,1,0,0.5765570308893424,0.1793039480892493,0,1,0,1,1,1,0,1,1,1,0,1,0,1,0,1,0,1
COVID-19,USOIL,1075,1,0,0.5139690674549069,0.2362260673906528,0,1,0,1,1,1,0,1,1,1,0,1,0,1,0,1,0,1
COVID-19,USOIL,1076,1,0,0.5337065875890271,0.2174295464578696,0,1,0,1,1,1,0,1,1,1,0,1,0,1,0,1,0,1
COVID-19,USOIL,1077,1,0,0.4977183092155547,0.252286896897281,0,1,0,1,1,1,0,1,1,1,0,1,0,1,0,1,0,1
COVID-19,USOIL,1078,1,0,0.5731366236599272,0.1822123420604466,0,1,0,1,1,1,0,1,1,1,0,1,0,1,0,1,0,1
COVID-19,USOIL,1079,0,0,0.1782721139952319,0.0317809466283289,0,0,0,0,0,0,0,0,0,0,0,0,0,0,0,0,0,0
COVID-19,USOIL,1080,0,0,0.0962679522329205,0.0092675186271198,0,0,0,0,0,0,0,0,0,0,0,0,0,0,0,0,0,0
COVID-19,USOIL,1081,0,0,0.0900661556773239,0.0081119123984919,0,0,0,0,0,0,0,0,0,0,0,0,0,0,0,0,0,0
COVID-19,USOIL,1082,0,0,0.1557287765516293,0.0242514518462672,0,0,0,0,0,0,0,0,0,0,0,0,0,0,0,0,0,0
COVID-19,USOIL,1083,0,0,0.1865511997291703,0.0348013501203928,0,0,0,0,0,0,0,0,0,0,0,0,0,0,0,0,0,0
COVID-19,USOIL,1084,0,0,0.2243750828124819,0.0503441777871081,0,0,0,0,0,0,0,0,0,0,0,0,0,0,0,0,0,0
COVID-19,USOIL,1085,0,0,0.1951752211180931,0.0380933669384965,0,0,0,0,0,0,0,0,0,0,0,0,0,0,0,0,0,0
COVID-19,USOIL,1086,0,0,0.1801583621694095,0.0324570354595641,0,0,0,0,0,0,0,0,0,0,0,0,0,0,0,0,0,0
COVID-19,USOIL,1087,0,0,0.1948502366818301,0.0379666147349652,0,0,0,0,0,0,0,0,0,0,0,0,0,0,0,0,0,0
COVID-19,USOIL,1088,0,0,0.2211862248242097,0.0489233460519858,0,0,0,0,0,0,0,0,0,0,0,0,0,0,0,0,0,0
COVID-19,USOIL,1089,0,0,0.3180655070023518,0.1011656667446631,0,0,0,0,0,0,0,0,0,0,0,0,0,0,0,0,0,0
COVID-19,USOIL,1090,0,0,0.3730083281352204,0.1391352128582323,0,0,0,0,0,0,0,0,0,0,0,0,0,0,0,0,0,0
COVID-19,USOIL,1091,0,0,0.2557379977174792,0.0654019234765453,0,0,0,0,0,0,0,0,0,0,0,0,0,0,0,0,0,0
COVID-19,USOIL,1092,0,0,0.3570186441764083,0.1274623122895608,0,0,0,0,0,0,0,0,0,0,0,0,0,0,0,0,0,0
COVID-19,USOIL,1093,0,0,0.398493182011693,0.1587968161098043,0,0,0,0,0,0,0,0,0,0,0,0,0,0,0,0,0,0
COVID-19,USOIL,1094,0,0,0.4183315817531765,0.1750013122921145,0,0,0,0,0,0,0,0,0,0,0,0,0,0,0,0,0,0
COVID-19,USOIL,1095,0,0,0.4244213756355906,0.1801335040964071,0,0,0,0,0,0,0,0,0,0,0,0,0,0,0,0,0,0
COVID-19,USOIL,1096,0,0,0.4472035442217821,0.1999910099645234,0,0,0,0,0,0,0,0,0,0,0,0,0,0,0,0,0,0
COVID-19,USOIL,1097,0,0,0.3297687117667094,0.108747403260275,0,0,0,0,0,0,0,0,0,0,0,0,0,0,0,0,0,0
COVID-19,USOIL,1098,0,0,0.3953193747891956,0.1562774080837205,0,0,0,0,0,0,1,0,0,0,0,0,0,0,0,0,0,0
COVID-19,USOIL,1099,0,0,0.5036198153371774,0.2536329184002526,0,0,0,0,0,0,0,0,0,0,0,0,0,0,0,0,0,0
COVID-19,USOIL,1100,0,0,0.5576505839121549,0.3109741737375673,0,0,0,0,0,0,0,0,0,0,0,0,0,0,0,0,0,0
COVID-19,USOIL,1101,0,1,0.6577201039261944,0.432595735108684,0,0,0,0,0,0,1,0,0,0,0,0,0,0,0,0,0,0
COVID-19,USOIL,1102,0,0,0.5517162124332861,0.3043907790617308,0,0,0,0,0,0,0,0,0,0,0,0,0,0,0,0,0,0
COVID-19,USOIL,1103,0,0,0.6176543742185697,0.3814969259913329,1,0,0,0,0,0,0,0,0,0,0,0,0,0,0,0,0,0
COVID-19,USOIL,1104,0,1,0.6614782670971194,0.4375534978418081,1,0,0,0,0,0,0,0,0,0,0,0,0,0,0,0,0,0
COVID-19,USOIL,1105,0,1,0.6422177982713579,0.4124437004165106,1,0,0,0,0,0,0,0,0,0,0,0,0,0,0,0,0,0
COVID-19,USOIL,1106,0,0,0.6040079292949468,0.3648255786511695,1,0,0,0,0,0,1,0,0,0,0,0,0,0,1,0,0,0
COVID-19,USOIL,1107,0,0,0.4147401127258428,0.1720093611038448,0,0,0,0,0,0,1,0,0,0,0,0,0,0,0,0,0,0
COVID-19,USOIL,1108,0,0,0.5016198887310972,0.2516225127705983,0,0,0,0,0,0,1,0,0,0,0,0,0,0,0,0,0,0
COVID-19,USOIL,1109,0,0,0.4683854464029054,0.2193849264020489,0,0,0,0,0,0,1,0,0,0,0,0,0,0,0,0,0,0
COVID-19,USOIL,1110,0,0,0.5650675832015941,0.3193013735852905,1,0,0,0,0,0,1,0,0,0,0,0,0,0,0,0,0,0
COVID-19,USOIL,1111,0,0,0.3903607606946805,0.1523815234901296,0,0,0,0,0,0,1,0,0,0,0,0,0,0,0,0,1,0
COVID-19,USOIL,1112,0,0,0.3736320614891582,0.139600917372638,0,0,0,0,0,0,0,0,0,0,0,0,0,0,0,0,0,0
COVID-19,USOIL,1113,0,0,0.4151249884585681,0.1723287560427263,0,0,0,0,0,0,0,0,0,0,0,0,0,0,0,0,0,0
COVID-19,USOIL,1114,0,0,0.3559282849556564,0.1266849440314749,1,0,0,0,0,0,0,0,0,0,0,0,0,0,0,0,0,0
COVID-19,USOIL,1115,0,0,0.3317198324890409,0.1100380472665573,0,0,0,0,0,0,0,0,0,0,0,0,0,0,0,0,0,0
COVID-19,USOIL,1116,0,0,0.4021735978279295,0.1617436027898612,0,0,0,0,1,0,0,0,0,0,0,0,0,0,0,0,0,0
COVID-19,USOIL,1117,0,0,0.3093112328875894,0.0956734387904405,0,0,0,0,0,0,0,0,0,0,0,0,0,0,0,0,0,0
COVID-19,USOIL,1118,0,0,0.47536884174771,0.2259755357045594,1,0,0,0,0,0,1,0,0,0,0,0,0,0,0,0,0,0
COVID-19,USOIL,1119,0,0,0.4290471824955967,0.1840814848074098,0,0,0,0,0,0,1,0,0,0,0,0,0,0,0,0,0,0
COVID-19,USOIL,1120,0,0,0.5072613932768136,0.2573141211091342,0,0,0,0,0,0,1,0,0,0,0,0,0,0,0,0,1,0
COVID-19,USOIL,1121,0,0,0.4755022103710555,0.2261023520677595,0,0,0,0,0,0,1,0,0,0,0,0,0,0,0,0,1,0
COVID-19,USOIL,1122,0,0,0.4124830104041607,0.1701422338720789,0,0,0,0,0,0,0,0,0,0,0,0,0,0,0,0,1,0
COVID-19,USOIL,1123,0,0,0.4877873109780828,0.2379364607512289,0,0,0,0,0,0,1,0,0,0,0,0,0,0,0,0,0,0
COVID-19,USOIL,1124,0,0,0.4814952981353101,0.2318377221264112,0,0,0,0,0,0,0,0,0,0,0,0,0,0,0,0,0,0
COVID-19,USOIL,1125,0,0,0.494118991858595,0.2441535781153543,0,0,0,0,0,0,1,0,0,0,0,0,0,0,0,0,0,0
COVID-19,USOIL,1126,0,0,0.5059423354817721,0.2559776468327501,0,0,0,0,0,0,1,0,0,0,0,0,0,0,0,0,0,0
COVID-19,USOIL,1127,0,0,0.4982968796061207,0.2482997802251967,0,0,0,0,0,0,1,0,0,0,0,0,0,0,0,0,0,0
COVID-19,USOIL,1128,0,0,0.3702232437171304,0.1370652501884337,0,0,0,0,0,0,0,0,0,0,0,0,0,0,0,0,0,0
COVID-19,GOLD,982,0,1,0.6462117267675326,0.4175895958118761,0,0,0,0,0,0,0,0,0,0,1,0,0,0,0,0,0,0
COVID-19,GOLD,983,0,1,0.5324905219733548,0.2835461559914558,0,0,0,0,0,0,0,0,0,0,0,0,0,0,0,0,0,0
COVID-19,GOLD,984,0,0,0.4838117146135713,0.2340737751973238,0,0,0,0,0,0,0,0,0,0,0,0,0,0,0,0,0,0
COVID-19,GOLD,985,0,0,0.4503981251876423,0.202858471172543,0,0,0,0,0,0,0,0,0,0,0,0,0,0,0,0,0,0
COVID-19,GOLD,986,0,0,0.4206428793117565,0.1769404319156849,0,0,0,0,0,0,0,0,0,0,0,0,0,0,0,0,0,0
COVID-19,GOLD,987,0,0,0.4567490371878646,0.2086196829720413,0,0,0,0,0,0,0,0,0,0,0,0,0,0,0,0,0,0
COVID-19,GOLD,988,0,0,0.3807307234475078,0.1449558837768627,0,0,0,0,0,0,0,0,0,0,0,0,0,0,0,0,0,0
COVID-19,GOLD,989,0,0,0.3468810986284336,0.1203264965856691,0,0,0,0,0,0,0,0,0,0,0,0,0,0,0,0,0,0
COVID-19,GOLD,990,0,0,0.3282717950477707,0.1077623714238855,0,0,0,0,0,0,0,0,0,0,0,0,0,0,0,0,0,0
COVID-19,GOLD,991,0,0,0.2108965665743403,0.0444773617928451,0,0,0,0,0,0,0,0,0,0,0,0,0,0,0,0,0,0
COVID-19,GOLD,992,0,0,0.2750696727956274,0.0756633248918935,0,0,0,0,0,0,0,0,0,0,0,0,0,0,0,0,0,0
COVID-19,GOLD,993,0,0,0.3454480023882653,0.1193343223540429,0,0,0,0,0,0,0,0,0,0,0,0,0,0,0,0,0,0
COVID-19,GOLD,994,0,0,0.2856020284473405,0.0815685186532355,0,0,0,0,0,0,0,0,0,0,0,0,0,0,0,0,0,0
COVID-19,GOLD,995,0,0,0.2385773500837644,0.056919151972991,0,0,0,0,0,0,0,0,0,0,0,0,0,0,0,0,0,0
COVID-19,GOLD,996,0,0,0.2196232250378088,0.048234360976008,0,0,0,0,0,0,0,0,0,0,0,0,0,0,0,0,0,0
COVID-19,GOLD,997,0,0,0.2486343346982949,0.0618190323908637,0,0,0,0,0,0,0,0,0,0,0,0,0,0,0,0,0,0
COVID-19,GOLD,998,0,0,0.2419185058925683,0.0585245634932926,0,0,0,0,0,0,0,0,0,0,0,0,0,0,0,0,0,0
COVID-19,GOLD,999,0,0,0.2727609447132288,0.0743985329608531,0,0,0,0,0,0,0,0,0,0,0,0,0,0,0,0,0,0
COVID-19,GOLD,1000,0,0,0.3064783290317265,0.0939289661660792,0,0,0,0,0,0,0,0,0,0,0,0,0,0,0,0,0,0
COVID-19,GOLD,1001,0,0,0.3595474363656313,0.1292743589970977,0,0,0,0,0,0,1,0,0,0,0,0,0,0,0,0,0,0
COVID-19,GOLD,1002,0,0,0.4240336342012002,0.1798045229338772,0,0,0,0,0,0,0,0,0,0,0,0,0,0,0,0,0,0
COVID-19,GOLD,1003,0,0,0.2557117666135893,0.0653885075846427,0,0,0,0,0,0,0,0,0,0,0,0,0,0,0,0,1,0
COVID-19,GOLD,1004,0,1,0.5515048453523812,0.3041575944471539,0,0,0,0,0,0,0,0,0,0,0,0,0,0,0,0,0,0
COVID-19,GOLD,1005,1,0,0.512464809463765,0.2376905620112029,0,1,1,1,0,1,0,1,0,1,0,1,0,1,0,1,0,1
COVID-19,GOLD,1006,1,1,0.61686593675639,0.1467917104175585,0,1,1,1,1,1,0,1,1,1,0,1,0,1,0,1,0,1
COVID-19,GOLD,1007,1,1,0.768943152720534,0.0533872666747264,0,1,1,1,1,1,0,1,1,1,0,1,1,1,0,1,0,1
COVID-19,GOLD,1008,1,1,0.7107858583118748,0.0836448197523989,0,1,1,1,1,1,0,1,1,1,0,1,0,1,0,1,0,1
COVID-19,GOLD,1009,1,1,0.7225887346060121,0.0769570101674935,0,1,1,1,1,1,0,1,1,1,1,1,0,1,0,1,0,1
COVID-19,GOLD,1010,1,1,0.7114122775931578,0.0832828735239685,0,1,1,1,1,1,0,1,0,1,0,1,0,1,0,1,0,1
COVID-19,GOLD,1011,1,1,0.7968520253687361,0.0412690995967846,0,1,1,1,0,1,1,1,0,1,0,1,1,1,0,1,0,1
COVID-19,GOLD,1012,1,1,0.8664147202318017,0.0178450269707478,1,1,1,1,0,1,0,1,1,1,1,1,1,1,0,1,0,1
COVID-19,GOLD,1013,1,1,0.8608774367197789,0.0193550876136591,1,1,1,1,0,1,0,1,1,1,1,1,1,1,0,1,0,1
COVID-19,GOLD,1014,1,1,0.8548504363360451,0.0210683958318365,1,1,1,1,0,1,0,1,1,1,1,1,1,1,0,1,0,1
COVID-19,GOLD,1015,1,1,0.8226965963093431,0.031436496960292,0,1,1,1,0,1,1,1,0,1,1,1,1,1,0,1,0,1
COVID-19,GOLD,1016,1,1,0.8013223168587592,0.0394728217783712,0,1,0,1,0,1,1,1,0,1,1,1,1,1,0,1,0,1
COVID-19,GOLD,1017,1,1,0.7647950858865932,0.055321351623095,0,1,0,1,0,1,1,1,0,1,1,1,1,1,0,1,0,1
COVID-19,GOLD,1018,1,1,0.7259108856745833,0.0751248425916913,0,1,0,1,0,1,1,1,0,1,0,1,1,1,0,1,0,1
COVID-19,GOLD,1019,1,1,0.6713667727285076,0.1079997980668763,1,1,0,1,0,1,1,1,0,1,0,1,1,1,0,1,0,1
COVID-19,GOLD,1020,1,1,0.7221469446881105,0.0772023203461519,1,1,0,1,0,1,1,1,0,1,0,1,1,1,0,1,0,1
COVID-19,GOLD,1021,1,0,0.4168647282622925,0.3400467451446098,1,1,0,1,0,1,1,1,0,1,0,1,0,1,0,1,0,1
COVID-19,GOLD,1022,1,0,0.5104408940293244,0.2396681182388072,0,1,0,1,0,1,1,1,0,1,0,1,0,1,0,1,0,1
COVID-19,GOLD,1023,1,1,0.5529103579602459,0.1998891480192354,1,1,0,1,0,1,0,1,0,1,0,1,0,1,0,1,0,1
COVID-19,GOLD,1024,1,1,0.6572591905034161,0.1174712624943736,1,1,0,1,0,1,1,1,0,1,0,1,0,1,0,1,0,1
COVID-19,GOLD,1025,1,1,0.7059493907589037,0.0864657607950599,0,1,1,1,0,1,0,1,0,1,0,1,1,1,0,1,0,1
COVID-19,GOLD,1026,1,1,0.7458981079469414,0.0645677715449442,1,1,1,1,0,1,1,1,0,1,0,1,1,1,0,1,0,1
COVID-19,GOLD,1027,1,1,0.7719781099665719,0.0519939823344167,1,1,1,1,0,1,0,1,0,1,0,1,1,1,0,1,0,1
COVID-19,GOLD,1028,1,1,0.8156421541684843,0.0339878153196369,1,1,1,1,0,1,1,1,0,1,0,1,1,1,1,1,0,1
COVID-19,GOLD,1029,1,1,0.8276781621190914,0.0296948158106541,1,1,1,1,0,1,1,1,0,1,0,1,1,1,1,1,0,1
COVID-19,GOLD,1030,1,1,0.8229014451869174,0.0313638981168824,1,1,1,1,0,1,1,1,0,1,0,1,1,1,1,1,0,1
COVID-19,GOLD,1031,1,1,0.7915028640627002,0.0434710556940568,1,1,1,1,0,1,1,1,0,1,0,1,1,1,1,1,0,1
COVID-19,GOLD,1032,1,1,0.7622897946773501,0.0565061417145363,1,1,1,1,0,1,1,1,0,1,0,1,1,1,1,1,0,1
COVID-19,GOLD,1033,1,1,0.7471218999072035,0.0639473335065424,1,1,1,1,0,1,1,1,0,1,0,1,1,1,1,1,0,1
COVID-19,GOLD,1034,1,1,0.7459837631265119,0.064524248595368,1,1,1,1,0,1,1,1,0,1,0,1,1,1,1,1,0,1
COVID-19,GOLD,1035,1,1,0.7373575780141982,0.0689810418265679,1,1,1,1,0,1,1,1,0,1,0,1,1,1,1,1,0,1
COVID-19,GOLD,1036,1,1,0.755333677905432,0.0598616091672828,1,1,1,1,0,1,1,1,0,1,0,1,1,1,1,1,0,1
COVID-19,GOLD,1037,1,1,0.7647909612372289,0.0553232919157067,1,1,1,1,0,1,1,1,0,1,0,1,1,1,1,1,0,1
COVID-19,GOLD,1038,1,1,0.795697709031855,0.0417394260948325,1,1,1,1,0,1,1,1,0,1,0,1,1,1,1,1,0,1
COVID-19,GOLD,1039,1,1,0.804946994972896,0.0380456747701034,1,1,1,1,0,1,1,1,0,1,0,1,1,1,1,1,0,1
COVID-19,GOLD,1040,1,1,0.733038823529448,0.0712682697425411,0,1,0,1,0,1,0,1,0,1,0,1,1,1,0,1,1,1
COVID-19,GOLD,1041,1,1,0.6941558194228564,0.0935406627929044,0,1,0,1,0,1,0,1,0,1,0,1,1,1,0,1,0,1
COVID-19,GOLD,1042,1,1,0.6893454442972824,0.0965062529788528,0,1,0,1,0,1,0,1,0,1,0,1,0,1,0,1,0,1
COVID-19,GOLD,1043,1,1,0.6648143537039956,0.1123494174828702,0,1,0,1,0,1,0,1,0,1,0,1,0,1,0,1,0,1
COVID-19,GOLD,1044,1,1,0.626895312776903,0.139207107627845,0,1,0,1,0,1,0,1,0,1,0,1,0,1,0,1,0,1
COVID-19,GOLD,1045,1,1,0.5747540640443183,0.1808341060468237,0,1,0,1,0,1,1,1,0,1,0,1,0,1,0,1,0,1
COVID-19,GOLD,1046,1,1,0.5502547594298604,0.2022707814154928,0,1,0,1,0,1,0,1,0,1,0,1,0,1,0,1,0,1
COVID-19,GOLD,1047,1,0,0.5040205993852457,0.2459955658341709,0,1,0,1,0,1,0,1,0,1,0,1,0,1,0,1,0,1
COVID-19,GOLD,1048,1,0,0.4459005203457054,0.30702623335316,0,1,0,1,0,1,0,1,0,1,0,1,0,1,0,1,0,1
COVID-19,GOLD,1049,1,0,0.4015343030153784,0.3581611904672889,0,1,0,1,0,1,0,1,0,1,0,1,0,1,0,1,0,1
COVID-19,GOLD,1050,1,0,0.3351109293854433,0.442077476222689,0,1,0,1,0,1,0,1,0,1,0,1,0,1,0,1,0,1
COVID-19,GOLD,1051,1,0,0.2974740461093704,0.4935427158899391,0,1,0,1,0,1,0,1,0,1,0,1,0,1,0,1,0,1
COVID-19,GOLD,1052,1,0,0.315112231087842,0.4690712560054735,0,1,0,1,0,1,0,1,0,1,0,1,0,1,0,1,0,1
COVID-19,GOLD,1053,1,0,0.2561309455813116,0.5533411701217535,0,1,0,1,0,1,0,1,0,1,0,1,0,1,0,1,0,1
COVID-19,GOLD,1054,1,0,0.2528599792329085,0.55821821063185,0,1,0,1,0,1,0,1,0,1,0,1,0,1,0,1,0,1
COVID-19,GOLD,1055,1,0,0.2150759813868571,0.6161057149958052,0,1,0,1,0,1,0,1,0,1,0,1,0,1,0,1,0,1
COVID-19,GOLD,1056,1,0,0.2641793720905329,0.5414319964570825,0,1,0,1,0,1,0,1,0,1,0,1,0,1,0,1,0,1
COVID-19,GOLD,1057,1,0,0.3174613090818507,0.4658590646002608,0,1,0,1,0,1,0,1,0,1,0,1,0,1,0,1,0,1
COVID-19,GOLD,1058,1,0,0.2720875550320816,0.5298565275391728,0,1,0,1,0,1,0,1,0,1,0,1,0,1,0,1,0,1
COVID-19,GOLD,1059,1,0,0.3094658720121689,0.4768373819159141,0,1,0,1,0,1,0,1,0,1,0,1,0,1,0,1,0,1
COVID-19,GOLD,1060,1,0,0.3745252184972354,0.3912187022959311,0,1,0,1,0,1,0,1,0,1,0,1,0,1,0,1,0,1
COVID-19,GOLD,1061,1,0,0.3722290296044264,0.3940963912714001,0,1,0,1,0,1,0,1,0,1,0,1,0,1,0,1,0,1
COVID-19,GOLD,1062,1,0,0.382177134608849,0.3817050930001322,0,1,0,1,0,1,0,1,0,1,0,1,0,1,0,1,0,1
COVID-19,GOLD,1063,1,0,0.3237280157042565,0.4573437967433022,0,1,0,1,0,1,1,1,0,1,0,1,0,1,0,1,0,1
COVID-19,GOLD,1064,1,0,0.3731965028962583,0.3928826239814804,0,1,0,1,0,1,0,1,0,1,0,1,0,1,0,1,0,1
COVID-19,GOLD,1065,1,0,0.4601362589672416,0.2914528588818853,0,1,0,1,0,1,1,1,0,1,0,1,0,1,0,1,0,1
COVID-19,GOLD,1066,1,0,0.4875035235922112,0.2626526383303992,0,1,0,1,0,1,1,1,0,1,0,1,1,1,0,1,1,1
COVID-19,GOLD,1067,1,1,0.5203961276469554,0.2300198743760354,1,1,0,1,0,1,1,1,0,1,0,1,1,1,0,1,1,1
COVID-19,GOLD,1068,1,1,0.65579184891885,0.1184792512707037,1,1,0,1,0,1,1,1,0,1,0,1,1,1,1,1,0,1
COVID-19,GOLD,1069,1,1,0.6317314298116459,0.1356217397885747,1,1,0,1,0,1,1,1,0,1,0,1,0,1,1,1,0,1
COVID-19,GOLD,1070,1,1,0.609069967280092,0.1528262904823883,1,1,0,1,0,1,1,1,0,1,0,1,0,1,0,1,0,1
COVID-19,GOLD,1071,1,1,0.7160254878048188,0.0806415235764911,1,1,1,1,0,1,1,1,0,1,0,1,0,1,0,1,0,1
COVID-19,GOLD,1072,1,1,0.6509597689000186,0.1218290829263284,1,1,0,1,0,1,1,1,0,1,0,1,0,1,0,1,0,1
COVID-19,GOLD,1073,1,1,0.6224326452255933,0.1425571073913427,1,1,1,1,0,1,1,1,0,1,0,1,0,1,0,1,0,1
COVID-19,GOLD,1074,1,1,0.611876189670068,0.150640092145025,1,1,0,1,0,1,1,1,0,1,0,1,0,1,0,1,0,1
COVID-19,GOLD,1075,1,1,0.5753192670080987,0.1803537249745386,1,1,0,1,0,1,1,1,0,1,0,1,0,1,0,1,0,1
COVID-19,GOLD,1076,1,1,0.5266927676887064,0.2240197361581768,1,1,0,1,0,1,1,1,0,1,0,1,0,1,0,1,0,1
COVID-19,GOLD,1077,1,1,0.5711047118721099,0.1839511681783059,1,1,0,1,0,1,1,1,0,1,0,1,0,1,0,1,0,1
COVID-19,GOLD,1078,0,1,0.5618420316115927,0.315666468485442,1,0,0,0,0,0,1,0,0,0,0,0,0,0,1,0,0,0
COVID-19,GOLD,1079,0,1,0.5744905424522461,0.3300393833670759,1,0,0,0,0,0,1,0,0,0,0,0,0,0,0,0,0,0
COVID-19,GOLD,1080,0,1,0.6064285745666584,0.3677556160509492,1,0,0,0,0,0,1,0,0,0,0,0,0,0,0,0,0,0
COVID-19,GOLD,1081,0,1,0.5739162674686537,0.3293798820651512,1,0,0,0,0,0,1,0,0,0,0,0,0,0,0,0,0,0
COVID-19,GOLD,1082,0,1,0.5205236544765172,0.2709448748695886,1,0,0,0,0,0,1,0,0,0,0,0,0,0,0,0,0,0
COVID-19,GOLD,1083,0,1,0.5334856198354155,0.2846069065711775,1,0,0,0,0,0,1,0,0,0,0,0,0,0,0,0,0,0
COVID-19,GOLD,1084,0,1,0.5520592112857517,0.3047693727654463,1,0,0,0,0,0,1,0,0,0,0,0,0,0,0,0,0,0
COVID-19,GOLD,1085,0,1,0.5693391364325356,0.3241470522737454,1,0,0,0,0,0,1,0,0,0,0,0,0,0,0,0,0,0
COVID-19,GOLD,1086,0,0,0.5111649879766326,0.2612896449331509,1,0,0,0,0,0,1,0,0,0,0,0,0,0,0,0,0,0
COVID-19,GOLD,1087,0,1,0.5784579628054458,0.3346136147330265,1,0,0,0,0,0,1,0,0,0,0,0,0,0,0,0,1,0
COVID-19,GOLD,1088,0,1,0.5558203573502297,0.3089362696449371,1,0,0,0,0,0,1,0,0,0,0,0,0,0,0,0,1,0
COVID-19,GOLD,1089,0,1,0.5492327778113736,0.3016566442223977,1,0,0,0,0,0,1,0,0,0,0,0,0,0,0,0,1,0
COVID-19,GOLD,1090,0,0,0.5155816892335204,0.2658244782728904,1,0,0,0,0,0,1,0,0,0,0,0,0,0,0,0,1,0
COVID-19,GOLD,1091,0,0,0.4670133328295703,0.218101453040583,1,0,0,0,0,0,0,0,0,0,0,0,0,0,0,0,0,0
COVID-19,GOLD,1092,0,0,0.4775363153430596,0.2280409324714261,0,0,0,0,0,0,1,0,0,0,0,0,0,0,0,0,0,0
COVID-19,GOLD,1093,0,0,0.4785566967312412,0.2290165119863171,0,0,0,0,0,0,1,0,0,0,0,0,0,0,0,0,1,0
COVID-19,GOLD,1094,0,0,0.4946579920348906,0.2446865290839899,0,0,0,0,0,0,1,0,0,0,0,0,0,0,0,0,0,0
COVID-19,GOLD,1095,0,0,0.4664082625424984,0.2175366673679121,0,0,0,0,0,0,0,0,0,0,0,0,0,0,0,0,0,0
COVID-19,GOLD,1096,0,0,0.4029243411535073,0.1623480246939879,0,0,0,0,0,0,0,0,0,0,0,0,0,0,0,0,0,0
COVID-19,GOLD,1097,0,0,0.3743915296329315,0.1401690174608862,0,0,0,0,0,0,0,0,0,0,0,0,0,0,0,0,0,0
COVID-19,GOLD,1098,0,0,0.3068443579320077,0.094153459994706,0,0,0,0,0,0,0,0,0,0,0,0,0,0,0,0,0,0
COVID-19,GOLD,1099,0,0,0.2532363309290479,0.0641286393024063,0,0,0,0,0,0,0,0,0,0,0,0,0,0,0,0,0,0
COVID-19,GOLD,1100,0,0,0.2542167337951191,0.0646261477414584,0,0,0,0,0,0,0,0,0,0,0,0,0,0,0,0,0,0
COVID-19,GOLD,1101,0,0,0.1326686166257632,0.0176009618373937,0,0,0,0,0,0,0,0,0,0,0,0,0,0,0,0,0,0
COVID-19,GOLD,1102,0,0,0.1592024407741242,0.0253454171484385,0,0,0,0,0,0,0,0,0,0,0,0,0,0,0,0,0,0
COVID-19,GOLD,1103,0,0,0.1518443811989342,0.0230567161016872,0,0,0,0,0,0,0,0,0,0,0,0,0,0,0,0,0,0
COVID-19,GOLD,1104,0,0,0.1332029974201778,0.0177430385217198,0,0,0,0,0,0,0,0,0,0,0,0,0,0,0,0,0,0
COVID-19,GOLD,1105,0,0,0.1612863548945055,0.0260132882751564,0,0,0,0,0,0,0,0,0,0,0,0,0,0,0,0,0,0
COVID-19,GOLD,1106,0,0,0.1739102707027809,0.0302447822559145,0,0,0,0,0,0,0,0,0,0,0,0,0,0,0,0,0,0
COVID-19,GOLD,1107,0,0,0.1674632601680485,0.0280439435061115,0,0,0,0,0,0,0,0,0,0,0,0,0,0,0,0,0,0
COVID-19,GOLD,1108,0,0,0.2051573859090843,0.0420895529930489,0,0,0,0,0,0,0,0,0,0,0,0,0,0,0,0,0,0
COVID-19,GOLD,1109,0,0,0.2085415506039472,0.0434895783282987,0,0,0,0,0,0,0,0,0,0,0,0,0,0,0,0,0,0
COVID-19,GOLD,1110,0,0,0.2000346713724244,0.0400138697510738,0,0,0,0,0,0,0,0,0,0,0,0,0,0,0,0,0,0
COVID-19,GOLD,1111,0,0,0.14675753694532,0.0215377746502569,0,0,0,0,0,0,0,0,0,0,0,0,0,0,0,0,0,0
COVID-19,GOLD,1112,0,0,0.2831295432763192,0.080162338275857,0,0,0,0,0,0,0,0,0,0,0,0,0,0,0,0,0,0
COVID-19,GOLD,1113,0,0,0.2960586065516994,0.0876506985133339,0,0,0,0,0,0,0,0,0,0,0,0,0,0,0,0,0,0
COVID-19,GOLD,1114,0,0,0.4145207204574376,0.1718274276885531,0,0,0,0,0,0,0,0,0,0,0,0,0,0,0,0,0,0
COVID-19,GOLD,1115,0,0,0.4143929411764123,0.1717215096968375,0,0,0,0,0,0,0,0,0,0,0,0,0,0,0,0,0,0
COVID-19,GOLD,1116,0,0,0.406100290075111,0.1649174455990893,0,0,0,0,0,0,0,0,0,0,0,0,0,0,0,0,0,0
COVID-19,GOLD,1117,0,0,0.4061832018991468,0.1649847935050431,0,0,0,0,0,0,0,0,0,0,0,0,0,0,0,0,0,0
COVID-19,GOLD,1118,0,0,0.3811241940354121,0.1452556512791424,0,0,0,0,0,0,0,0,0,0,0,0,0,0,0,0,0,0
COVID-19,GOLD,1119,0,0,0.3168876645225784,0.1004177919265742,0,0,0,0,0,0,0,0,0,0,0,0,0,0,0,0,0,0
COVID-19,GOLD,1120,0,1,0.5490201526343579,0.3014231279986536,0,0,0,0,0,0,0,0,0,0,0,0,0,0,0,0,0,0
COVID-19,GOLD,1121,0,1,0.6831832782512938,0.4667393916821847,0,0,0,0,0,0,0,0,0,0,1,0,0,0,0,0,0,0
COVID-19,GOLD,1122,0,1,0.6873779655118029,0.4724884674711452,0,0,0,0,0,0,0,0,0,0,1,0,0,0,0,0,0,0
COVID-19,GOLD,1123,0,1,0.6215561391508311,0.3863320341160873,0,0,0,0,0,0,0,0,0,0,0,0,0,0,0,0,0,0
COVID-19,GOLD,1124,0,1,0.5488011177613387,0.3011826668560947,0,0,0,0,0,0,0,0,0,0,0,0,0,0,0,0,0,0
COVID-19,GOLD,1125,0,1,0.6744473853755426,0.4548792756399057,0,0,0,0,0,0,0,0,0,0,0,0,0,0,0,0,0,0
COVID-19,GOLD,1126,0,1,0.6072771194154643,0.368785499765544,0,0,0,0,0,0,0,0,0,0,0,0,0,0,0,0,0,0
COVID-19,GOLD,1127,0,1,0.5623373519581398,0.3162232974072928,0,0,0,0,0,0,0,0,0,0,0,0,0,0,0,0,0,0
COVID-19,EURUSD,1018,0,0,0.4039698391550592,0.1631916309469644,0,0,0,0,0,0,1,0,0,0,0,0,0,0,0,0,0,0
COVID-19,EURUSD,1019,0,0,0.5812532123548407,0.3378552968728215,1,0,0,0,0,0,1,0,0,0,0,0,1,0,1,0,0,0
COVID-19,EURUSD,1020,0,0,0.6106481705632524,0.372891188212247,1,0,1,0,0,0,1,0,0,0,0,0,1,0,1,0,0,0
COVID-19,EURUSD,1021,0,0,0.5590955331589353,0.3125878151982741,1,0,1,0,0,0,1,0,0,0,0,0,0,0,0,0,0,0
COVID-19,EURUSD,1022,0,0,0.5367987947986039,0.2881529460972337,1,0,1,0,0,0,1,0,0,0,0,0,0,0,0,0,0,0
COVID-19,EURUSD,1023,0,0,0.5608976541426424,0.3146061784227192,1,0,1,0,0,0,1,0,0,0,0,0,0,0,0,0,0,0
COVID-19,EURUSD,1024,0,0,0.599444006102603,0.3593331164523375,1,0,1,0,0,0,1,0,0,0,0,0,0,0,0,0,0,0
COVID-19,EURUSD,1025,0,1,0.7868263495310392,0.6190957043163412,1,0,1,0,0,0,1,0,1,0,1,0,1,0,1,0,0,0
COVID-19,EURUSD,1026,0,0,0.5076394709088202,0.2576978324245869,1,0,0,0,0,0,1,0,0,0,0,0,0,0,0,0,0,0
COVID-19,EURUSD,1027,0,0,0.4823263794868139,0.232638736348858,1,0,0,0,0,0,0,0,0,0,0,0,0,0,0,0,0,0
COVID-19,EURUSD,1028,0,0,0.5081191838696347,0.2581851050163437,0,0,0,0,0,0,1,0,0,0,0,0,0,0,0,0,0,0
COVID-19,EURUSD,1029,0,0,0.4512095312864021,0.2035900411236947,0,0,0,0,0,0,0,0,0,0,0,0,0,0,0,0,0,0
COVID-19,EURUSD,1030,0,0,0.4865661665658873,0.2367466344466227,0,0,0,0,0,0,0,0,0,0,0,0,0,0,0,0,0,0
COVID-19,EURUSD,1031,0,0,0.5039664354013341,0.253982168011127,0,0,0,0,0,0,0,0,0,0,0,0,0,0,0,0,0,0
COVID-19,EURUSD,1032,0,0,0.5258344449132273,0.2765018634572018,0,0,0,0,0,0,0,0,0,0,0,0,0,0,0,0,0,0
COVID-19,EURUSD,1033,0,0,0.5695319994037144,0.3243666983447925,0,0,0,0,0,0,0,0,0,0,0,0,0,0,0,0,0,0
COVID-19,EURUSD,1034,0,0,0.5019422689633175,0.2519460413720433,0,0,0,0,0,0,0,0,0,0,0,0,0,0,0,0,0,0
COVID-19,EURUSD,1035,0,0,0.3952678129936688,0.1562366439887979,0,0,0,0,0,0,0,0,0,0,0,0,0,0,0,0,0,0
COVID-19,EURUSD,1036,0,0,0.3882432584578365,0.1507328277379584,0,0,0,0,0,0,0,0,0,0,0,0,0,0,0,0,0,0
COVID-19,EURUSD,1037,0,0,0.3537338963507127,0.1251276694274568,0,0,0,0,0,0,0,0,0,0,0,0,0,0,0,0,0,0
COVID-19,EURUSD,1038,0,0,0.3078067768201591,0.0947450118564152,0,0,0,0,0,0,0,0,0,0,0,0,0,0,0,0,0,0
COVID-19,EURUSD,1039,0,0,0.3391986773916288,0.1150557427442302,0,0,0,0,0,0,0,0,0,0,0,0,0,0,0,0,0,0
COVID-19,EURUSD,1040,0,0,0.3057097279759653,0.0934584377791387,0,0,0,0,0,0,0,0,0,0,0,0,0,0,0,0,0,0
COVID-19,EURUSD,1041,0,0,0.287663894324402,0.0827505160978807,0,0,0,0,0,0,0,0,0,0,0,0,0,0,0,0,1,0
COVID-19,EURUSD,1042,0,0,0.248399086663807,0.0617021062554135,0,0,0,0,0,0,0,0,0,0,0,0,0,0,0,0,0,0
COVID-19,EURUSD,1043,0,0,0.2674710997265112,0.0715407891889092,0,0,0,0,0,0,0,0,0,0,0,0,0,0,0,0,0,0
COVID-19,EURUSD,1044,0,0,0.2339741419671596,0.0547438991092685,0,0,0,0,0,0,0,0,0,0,0,0,0,0,0,0,0,0
COVID-19,EURUSD,1045,1,0,0.2178839531830997,0.6117055106884958,0,1,0,1,0,1,0,1,0,1,0,1,0,1,0,1,0,1
COVID-19,EURUSD,1046,1,0,0.2133838254048227,0.6187650061347505,0,1,0,1,0,1,0,1,0,1,0,1,0,1,0,1,0,1
COVID-19,EURUSD,1047,1,0,0.2276675856586783,0.596497358242295,0,1,0,1,0,1,0,1,0,1,0,1,0,1,0,1,0,1
COVID-19,EURUSD,1048,1,0,0.2374551566024718,0.5814746381921607,0,1,0,1,0,1,0,1,0,1,0,1,0,1,0,1,0,1
COVID-19,EURUSD,1049,1,0,0.2406647198721554,0.5765900676468322,0,1,0,1,0,1,0,1,0,1,0,1,0,1,0,1,0,1
COVID-19,EURUSD,1050,1,0,0.2506687328897466,0.5614973478690578,0,1,0,1,0,1,0,1,0,1,0,1,0,1,0,1,0,1
COVID-19,EURUSD,1051,1,0,0.2971552691009789,0.4939907157525174,0,1,0,1,0,1,0,1,0,1,0,1,0,1,0,1,0,1
COVID-19,EURUSD,1052,1,0,0.346896960585805,0.4265435800920595,0,1,0,1,0,1,0,1,0,1,0,1,0,1,0,1,0,1
COVID-19,EURUSD,1053,1,0,0.4609625234492284,0.2905614011262235,0,1,0,1,0,1,0,1,0,1,0,1,0,1,0,1,0,1
COVID-19,EURUSD,1054,1,0,0.5538831165559888,0.1990202736937975,0,1,0,1,0,1,0,1,0,1,0,1,0,1,0,1,0,1
COVID-19,EURUSD,1055,1,0,0.5843261059575066,0.17278478618845,0,1,0,1,0,1,0,1,0,1,0,1,0,1,0,1,0,1
COVID-19,EURUSD,1056,1,0,0.5926093390988891,0.1659671505894439,0,1,1,1,0,1,0,1,0,1,0,1,0,1,0,1,0,1
COVID-19,EURUSD,1057,1,0,0.5688088879222732,0.1859257751348267,0,1,1,1,1,1,0,1,1,1,1,1,0,1,0,1,0,1
COVID-19,EURUSD,1058,1,0,0.5396167536799719,0.2119527334921677,0,1,1,1,1,1,0,1,1,1,0,1,0,1,0,1,0,1
COVID-19,EURUSD,1059,1,0,0.5917745145480146,0.1666480469725091,0,1,1,1,1,1,0,1,1,1,1,1,0,1,0,1,0,1
COVID-19,EURUSD,1060,1,0,0.5685024884814173,0.1861901024467294,0,1,1,1,1,1,0,1,0,1,1,1,0,1,0,1,0,1
COVID-19,EURUSD,1061,1,0,0.5402834955431697,0.2113392644700069,0,1,1,1,0,1,0,1,0,1,0,1,0,1,0,1,0,1
COVID-19,EURUSD,1062,1,0,0.5335119487631701,0.2176111019467352,0,1,0,1,0,1,0,1,0,1,0,1,0,1,0,1,0,1
COVID-19,EURUSD,1063,1,0,0.5116572889222817,0.2384786034627358,0,1,0,1,0,1,0,1,0,1,0,1,0,1,0,1,0,1
COVID-19,EURUSD,1064,1,0,0.5609887325408224,0.1927308929561136,0,1,0,1,0,1,0,1,0,1,0,1,0,1,0,1,0,1
COVID-19,EURUSD,1065,1,0,0.5913219126911683,0.167017779046405,0,1,0,1,0,1,0,1,0,1,0,1,1,1,0,1,0,1
COVID-19,EURUSD,1066,1,0,0.4171317362447893,0.3397354128930139,0,1,0,1,0,1,0,1,0,1,0,1,0,1,0,1,0,1
COVID-19,EURUSD,1067,1,0,0.4466896612800865,0.3061523309343453,0,1,0,1,0,1,0,1,0,1,0,1,0,1,0,1,0,1
COVID-19,EURUSD,1068,1,0,0.5223038938548353,0.2281935698262524,0,1,0,1,0,1,0,1,0,1,0,1,0,1,0,1,0,1
COVID-19,EURUSD,1069,1,0,0.5171554517235742,0.2331388578002656,0,1,0,1,0,1,0,1,0,1,0,1,0,1,0,1,0,1
COVID-19,EURUSD,1070,1,0,0.5567976139722706,0.1964283549806725,0,1,1,1,0,1,0,1,0,1,0,1,0,1,0,1,0,1
COVID-19,EURUSD,1071,1,0,0.599921643172685,0.1600626916016443,0,1,1,1,0,1,0,1,0,1,0,1,0,1,0,1,0,1
COVID-19,EURUSD,1072,1,0,0.6015681359018422,0.1587479503287328,0,1,1,1,0,1,0,1,0,1,0,1,0,1,0,1,0,1
COVID-19,EURUSD,1073,1,0,0.5569211773849185,0.1963188430499668,0,1,1,1,0,1,0,1,0,1,0,1,0,1,0,1,0,1
COVID-19,EURUSD,1074,1,0,0.5303094959828359,0.2206091695638976,0,1,1,1,0,1,0,1,0,1,0,1,0,1,0,1,0,1
COVID-19,EURUSD,1075,1,0,0.5671334883736094,0.1873734168876001,0,1,0,1,0,1,0,1,0,1,0,1,0,1,0,1,0,1
COVID-19,EURUSD,1076,1,0,0.5397583114843754,0.2118224118477132,0,1,0,1,0,1,0,1,0,1,0,1,0,1,0,1,0,1
COVID-19,EURUSD,1077,1,0,0.5270564691639912,0.2236755833596308,0,1,0,1,0,1,0,1,0,1,0,1,0,1,0,1,0,1
COVID-19,EURUSD,1078,1,0,0.4406656160532249,0.3128549530651183,0,1,0,1,0,1,0,1,0,1,0,1,0,1,0,1,0,1
COVID-19,EURUSD,1079,1,0,0.4283503026291834,0.3267833765041462,0,1,0,1,0,1,0,1,0,1,0,1,0,1,0,1,0,1
COVID-19,EURUSD,1080,1,0,0.431417855005606,0.323285655606426,0,1,0,1,0,1,0,1,0,1,0,1,0,1,0,1,0,1
COVID-19,EURUSD,1081,1,0,0.4198820678328221,0.3365368152219224,0,1,0,1,0,1,0,1,0,1,0,1,0,1,0,1,0,1
COVID-19,EURUSD,1082,1,0,0.3735689700604243,0.3924158352711575,0,1,0,1,0,1,0,1,0,1,0,1,0,1,0,1,0,1
COVID-19,EURUSD,1083,1,0,0.3820609465812291,0.3818486737400867,0,1,0,1,0,1,0,1,0,1,0,1,0,1,0,1,0,1
COVID-19,EURUSD,1084,1,0,0.3817421857061575,0.3822427249353994,0,1,0,1,0,1,0,1,0,1,0,1,0,1,0,1,0,1
COVID-19,EURUSD,1085,1,0,0.3383914334577729,0.4377258953220606,0,1,0,1,0,1,0,1,0,1,0,1,0,1,0,1,0,1
COVID-19,EURUSD,1086,1,0,0.3261830219443067,0.4540293199161067,0,1,0,1,0,1,0,1,0,1,0,1,0,1,0,1,0,1
COVID-19,EURUSD,1087,1,0,0.3406977472971292,0.4346794604190799,0,1,0,1,0,1,0,1,0,1,0,1,0,1,0,1,0,1
COVID-19,EURUSD,1088,1,0,0.389028894650985,0.3732856915713972,0,1,0,1,0,1,0,1,0,1,0,1,0,1,0,1,0,1
COVID-19,EURUSD,1089,1,0,0.4422602913907831,0.3110735825594941,0,1,1,1,0,1,0,1,0,1,0,1,0,1,0,1,0,1
COVID-19,EURUSD,1090,1,0,0.5161315142634055,0.2341287114890249,0,1,1,1,0,1,0,1,0,1,0,1,0,1,0,1,0,1
COVID-19,EURUSD,1091,1,0,0.5141766228518526,0.236024353783631,0,1,0,1,0,1,1,1,0,1,0,1,0,1,0,1,0,1
COVID-19,EURUSD,1092,1,0,0.5159445066440679,0.2343097206480548,0,1,0,1,0,1,0,1,0,1,0,1,0,1,0,1,0,1
COVID-19,EURUSD,1093,1,0,0.4873741891526453,0.2627852219469079,0,1,0,1,0,1,1,1,0,1,0,1,0,1,0,1,0,1
COVID-19,EURUSD,1094,1,0,0.4471869833707735,0.3056022313547054,1,1,0,1,0,1,1,1,0,1,0,1,0,1,0,1,0,1
COVID-19,EURUSD,1095,1,0,0.4251464818121401,0.3304565673729602,1,1,0,1,0,1,0,1,0,1,0,1,0,1,0,1,0,1
COVID-19,EURUSD,1096,1,0,0.4711572452518127,0.2796746592496514,0,1,0,1,0,1,0,1,0,1,0,1,0,1,0,1,0,1
COVID-19,EURUSD,1097,1,0,0.3871551482551931,0.3755788123101143,0,1,0,1,0,1,0,1,0,1,0,1,0,1,0,1,0,1
COVID-19,EURUSD,1098,1,0,0.3815473471650354,0.3824836837986051,0,1,0,1,0,1,0,1,0,1,0,1,0,1,0,1,0,1
COVID-19,EURUSD,1099,1,0,0.6348692393155394,0.1333204723980128,0,1,1,1,0,1,0,1,1,1,0,1,1,1,0,1,0,1
COVID-19,EURUSD,1100,1,1,0.7101514140477958,0.0840122027784923,1,1,1,1,1,1,0,1,1,1,0,1,1,1,0,1,0,1
COVID-19,EURUSD,1101,1,0,0.6049787663323104,0.1560417750483434,0,1,1,1,1,1,0,1,1,1,0,1,1,1,0,1,0,1
COVID-19,EURUSD,1102,1,0,0.6081686358237756,0.153531817952201,0,1,1,1,1,1,1,1,1,1,0,1,1,1,0,1,0,1
COVID-19,EURUSD,1103,1,1,0.663476648347438,0.1132479662074738,0,1,1,1,1,1,0,1,1,1,0,1,1,1,0,1,0,1
COVID-19,EURUSD,1104,1,1,0.710860104146122,0.0836018793743914,0,1,1,1,0,1,1,1,1,1,0,1,1,1,1,1,0,1
COVID-19,EURUSD,1105,1,1,0.7104279157661084,0.08385199196756,0,1,1,1,0,1,1,1,1,1,0,1,1,1,1,1,0,1
COVID-19,EURUSD,1106,1,1,0.680243075692797,0.1022444906424023,1,1,1,1,0,1,1,1,1,1,0,1,1,1,1,1,0,1
COVID-19,EURUSD,1107,1,1,0.6441915431064611,0.1265996579969613,1,1,1,1,0,1,1,1,1,1,0,1,1,1,1,1,0,1
COVID-19,EURUSD,1108,1,0,0.6366811654483712,0.1320005755399538,1,1,1,1,0,1,1,1,0,1,0,1,1,1,1,1,0,1
COVID-19,EURUSD,1109,1,0,0.5542793446403107,0.1986669026142709,0,1,1,1,0,1,1,1,0,1,0,1,1,1,1,1,0,1
COVID-19,EURUSD,1110,1,1,0.6912491705379675,0.095327074693493,0,1,1,1,0,1,1,1,0,1,0,1,0,1,1,1,0,1
COVID-19,EURUSD,1111,1,1,0.66278523060722,0.1137138006966257,0,1,1,1,0,1,1,1,0,1,0,1,1,1,1,1,0,1
COVID-19,EURUSD,1112,1,1,0.6593491773695251,0.1160429829588192,1,1,1,1,0,1,1,1,0,1,0,1,1,1,1,1,0,1
COVID-19,EURUSD,1113,1,0,0.6426572129070709,0.1276938674873424,1,1,1,1,0,1,1,1,0,1,0,1,1,1,1,1,0,1
COVID-19,EURUSD,1114,1,1,0.6703767893719008,0.1086514609847762,1,1,1,1,0,1,1,1,0,1,0,1,1,1,1,1,0,1
COVID-19,EURUSD,1115,1,1,0.702666116076035,0.0884074385293098,0,1,1,1,0,1,1,1,0,1,0,1,1,1,0,1,0,1
COVID-19,EURUSD,1116,1,0,0.6251265946892243,0.1405300700092971,0,1,1,1,0,1,1,1,1,1,0,1,0,1,0,1,0,1
COVID-19,EURUSD,1117,1,0,0.5886737317024154,0.1691892989916165,0,1,0,1,1,1,0,1,1,1,0,1,0,1,0,1,0,1
COVID-19,EURUSD,1118,1,0,0.627640192595718,0.1386518261701539,0,1,1,1,1,1,0,1,1,1,1,1,0,1,0,1,0,1
COVID-19,EURUSD,1119,0,0,0.6141523455559303,0.3771831035518508,0,0,1,0,1,0,0,0,1,0,1,0,1,0,0,0,0,0
COVID-19,EURUSD,1120,0,0,0.5948264018994013,0.353818448396588,0,0,0,0,1,0,0,0,1,0,0,0,1,0,0,0,0,0
COVID-19,EURUSD,1121,0,1,0.65040149092613,0.4230220993989327,0,0,0,0,1,0,0,0,1,0,1,0,1,0,0,0,0,0
COVID-19,EURUSD,1122,0,0,0.6383247409913587,0.4074584749616852,0,0,0,0,1,0,0,0,1,0,1,0,1,0,0,0,0,0
COVID-19,EURUSD,1123,0,1,0.6834514868876452,0.4671059349289331,0,0,0,0,1,0,0,0,1,0,1,0,1,0,0,0,0,0
COVID-19,EURUSD,1124,0,1,0.6466717276794184,0.4181843233798838,0,0,0,0,1,0,0,0,1,0,1,0,1,0,0,0,0,0
COVID-19,EURUSD,1125,0,0,0.6249782551146166,0.3905978193661107,0,0,0,0,1,0,0,0,0,0,1,0,1,0,0,0,0,0
COVID-19,EURUSD,1126,0,0,0.6079581518122155,0.3696131143549248,0,0,0,0,1,0,0,0,0,0,1,0,1,0,0,0,0,0
COVID-19,EURUSD,1127,0,0,0.5783499787295476,0.3344886978964682,0,0,0,0,1,0,0,0,0,0,1,0,1,0,0,0,0,0
COVID-19,EURUSD,1128,0,0,0.601498950326047,0.3618009872433364,0,0,0,0,1,0,0,0,0,0,1,0,1,0,0,0,0,0
COVID-19,EURUSD,1129,0,0,0.582883599244892,0.3397532902686798,0,0,0,0,1,0,0,0,0,0,1,0,1,0,0,0,0,0
COVID-19,EURUSD,1130,0,0,0.5763735743612334,0.3322064972219442,0,0,0,0,1,0,0,0,0,0,1,0,1,0,0,0,0,0
COVID-19,EURUSD,1131,0,0,0.5437066332376218,0.2956169030265898,0,0,0,0,0,0,0,0,0,0,0,0,0,0,0,0,0,0
COVID-19,EURUSD,1132,0,0,0.4920394893885939,0.2421028591177882,0,0,0,0,0,0,0,0,0,0,0,0,0,0,0,0,0,0
COVID-19,EURUSD,1133,0,0,0.4753469997179183,0.2259547701408266,0,0,0,0,0,0,0,0,0,0,0,0,0,0,0,0,0,0
COVID-19,EURUSD,1134,0,0,0.4852048071473147,0.2354237048788628,0,0,0,0,0,0,0,0,0,0,0,0,0,0,0,0,0,0
COVID-19,EURUSD,1135,0,0,0.4168032087360612,0.1737249148126766,0,0,0,0,0,0,0,0,0,0,0,0,0,0,0,0,0,0
COVID-19,EURUSD,1136,0,0,0.3701091750754217,0.1369808014750091,0,0,0,0,0,0,0,0,0,0,0,0,0,0,0,0,0,0
COVID-19,EURUSD,1137,0,0,0.3226493316654603,0.1041025912241682,0,0,0,0,0,0,0,0,0,0,0,0,0,0,0,0,0,0
COVID-19,EURUSD,1138,0,0,0.3122595735178482,0.0975060412535484,0,0,0,0,0,0,0,0,0,0,0,0,0,0,0,0,0,0
COVID-19,EURUSD,1139,0,0,0.3784033353292337,0.1431890841882885,0,0,0,0,0,0,0,0,0,0,0,0,0,0,0,0,0,0
COVID-19,EURUSD,1140,0,0,0.339142938442153,0.1150179326951779,0,0,0,0,0,0,0,0,0,0,0,0,0,0,0,0,0,0
COVID-19,EURUSD,1141,0,0,0.3767100190890453,0.1419104384820689,0,0,0,0,0,0,0,0,0,0,0,0,0,0,0,0,0,0
COVID-19,EURUSD,1142,0,0,0.3043331146924318,0.0926186446983968,0,0,0,0,0,0,0,0,0,0,0,0,0,0,0,0,0,0
COVID-19,EURUSD,1143,0,0,0.3243196524784029,0.105183236983712,0,0,0,0,0,0,0,0,0,0,0,0,0,0,0,0,0,0
COVID-19,EURUSD,1144,0,0,0.3641288458016214,0.1325898163448209,0,0,0,0,0,0,0,0,0,0,0,0,0,0,0,0,0,0
COVID-19,EURUSD,1145,0,0,0.460020889751994,0.2116192190082162,0,0,0,0,0,0,0,0,0,0,0,0,0,0,0,0,0,0
COVID-19,EURUSD,1146,0,0,0.5201127762665736,0.2705173000357228,1,0,0,0,0,0,1,0,0,0,0,0,0,0,0,0,0,0
COVID-19,EURUSD,1147,0,0,0.4875279667025631,0.2376835183171355,1,0,0,0,0,0,0,0,0,0,0,0,0,0,0,0,1,0
COVID-19,EURUSD,1148,0,0,0.5253309251125409,0.275972580879598,1,0,0,0,0,0,1,0,0,0,0,0,0,0,0,0,0,0
COVID-19,EURUSD,1149,0,0,0.4582151708977953,0.2099611428408958,0,0,0,0,0,0,0,0,0,0,0,0,0,0,0,0,1,0
COVID-19,EURUSD,1150,0,0,0.5320451594086001,0.2830720516501226,0,0,1,0,0,0,1,0,0,0,0,0,0,0,0,0,0,0
COVID-19,EURUSD,1151,0,0,0.5491147557240268,0.3015270149538576,0,0,1,0,0,0,1,0,0,0,0,0,0,0,0,0,0,0
COVID-19,EURUSD,1152,0,0,0.5290580853095428,0.2799024576313995,0,0,1,0,0,0,0,0,0,0,0,0,0,0,0,0,0,0
COVID-19,EURUSD,1153,0,0,0.5039105805128904,0.2539258731528382,0,0,0,0,0,0,0,0,0,0,0,0,0,0,0,0,0,0
COVID-19,EURUSD,1154,0,0,0.4645960158600125,0.215849457952997,0,0,0,0,1,0,0,0,0,0,0,0,0,0,0,0,0,0
COVID-19,EURUSD,1155,0,0,0.468083686096816,0.2191023371899826,0,0,0,0,1,0,0,0,0,0,0,0,0,0,0,0,0,0
COVID-19,EURUSD,1156,0,0,0.4660724608964821,0.2172235388061028,0,0,0,0,1,0,0,0,0,0,0,0,0,0,0,0,0,0
COVID-19,EURUSD,1157,0,0,0.5741658223042383,0.3296663915023021,0,0,0,0,1,0,0,0,1,0,1,0,0,0,0,0,0,0
COVID-19,EURUSD,1158,0,0,0.5727320038003251,0.3280219481771356,0,0,0,0,1,0,0,0,1,0,0,0,1,0,0,0,0,0
COVID-19,EURUSD,1159,0,0,0.5883043782857278,0.3461020415101567,0,0,0,0,1,0,0,0,1,0,1,0,1,0,0,0,0,0
COVID-19,EURUSD,1160,0,0,0.582384085643065,0.3391712232103088,0,0,0,0,1,0,0,0,1,0,1,0,1,0,0,0,0,0
COVID-19,EURUSD,1161,0,0,0.5603061462237581,0.3139429774961194,0,0,0,0,1,0,0,0,1,0,1,0,1,0,0,0,0,0
COVID-19,EURUSD,1162,0,0,0.5382175095325863,0.2896780875674596,0,0,0,0,1,0,0,0,1,0,0,0,1,0,0,0,0,0
COVID-19,EURUSD,1163,0,0,0.5092997815483414,0.2593862674851883,0,0,0,0,1,0,0,0,0,0,1,0,0,0,0,0,0,0
COVID-19,EURUSD,1164,0,0,0.6030104733146496,0.3636216309271577,0,0,0,0,1,0,0,0,0,0,1,0,1,0,0,0,0,0
COVID-19,EURUSD,1165,0,0,0.5801794666559823,0.3366082135292201,0,0,0,0,1,0,0,0,0,0,1,0,1,0,0,0,0,0
COVID-19,EURUSD,1166,0,0,0.5861000950211973,0.3435133213838565,0,0,0,0,1,0,0,0,0,0,1,0,1,0,0,0,0,0
COVID-19,EURUSD,1167,0,0,0.5553758209359249,0.3084423024802524,0,0,0,0,1,0,0,0,0,0,1,0,1,0,0,0,0,0
COVID-19,EURUSD,1168,0,0,0.5494766458168561,0.3019245842981427,0,0,0,0,1,0,0,0,0,0,1,0,1,0,0,0,0,0
COVID-19,EURUSD,1169,0,0,0.5461018273598333,0.2982272058457491,0,0,0,0,1,0,0,0,0,0,1,0,0,0,0,0,0,0
Russia--Ukraine,USOIL,1487,0,0,0.1787571676263731,0.0319541249778032,0,0,0,0,0,0,0,0,0,0,0,0,0,0,0,0,0,0
Russia--Ukraine,USOIL,1488,0,0,0.3435217173518744,0.1180071702923811,0,0,0,0,0,0,0,0,0,0,0,0,0,0,0,0,0,0
Russia--Ukraine,USOIL,1489,0,0,0.3177756811207411,0.1009813835117509,0,0,0,0,0,0,0,0,0,0,0,0,0,0,0,0,0,0
Russia--Ukraine,USOIL,1490,0,0,0.4452737357095203,0.1982686997127117,0,0,0,0,0,0,0,0,0,0,0,0,0,0,0,0,0,0
Russia--Ukraine,USOIL,1491,0,0,0.3982678516364097,0.1586172816470812,0,0,0,0,0,0,0,0,0,0,0,0,0,0,0,0,0,0
Russia--Ukraine,USOIL,1492,0,0,0.361993789768781,0.1310395038311644,0,0,0,0,0,0,0,0,0,0,0,0,0,0,0,0,0,0
Russia--Ukraine,USOIL,1493,0,0,0.2293851584650423,0.0526175509240326,0,0,0,0,0,0,0,0,0,0,0,0,0,0,0,0,0,0
Russia--Ukraine,USOIL,1494,0,0,0.184152913292739,0.033912295474203,0,0,0,0,0,0,0,0,0,0,0,0,0,0,0,0,0,0
Russia--Ukraine,USOIL,1495,0,0,0.1736531088213898,0.0301554022033334,0,0,0,0,0,0,0,0,0,0,0,0,0,0,0,0,0,0
Russia--Ukraine,USOIL,1496,0,0,0.1934325558776586,0.0374161536733635,0,0,0,0,0,0,0,0,0,0,0,0,0,0,0,0,0,0
Russia--Ukraine,USOIL,1497,0,0,0.1140312935042315,0.0130031358982482,0,0,0,0,0,0,0,0,0,0,0,0,0,0,0,0,0,0
Russia--Ukraine,USOIL,1498,0,0,0.2026767599030873,0.0410778690048137,0,0,0,0,0,0,0,0,0,0,0,0,0,0,0,0,0,0
Russia--Ukraine,USOIL,1499,0,0,0.2766959592458083,0.076560653862958,0,0,0,0,0,0,0,0,0,0,0,0,0,0,0,0,0,0
Russia--Ukraine,USOIL,1500,0,0,0.1485694145260835,0.0220728709326232,0,0,0,0,0,0,0,0,0,0,0,0,0,0,0,0,0,0
Russia--Ukraine,USOIL,1501,0,0,0.0714795210865174,0.0051093219347578,0,0,0,0,0,0,0,0,0,0,0,0,0,0,0,0,0,0
Russia--Ukraine,USOIL,1502,0,0,0.1432748229824718,0.0205276749006586,0,0,0,0,0,0,0,0,0,0,0,0,0,0,0,0,0,0
Russia--Ukraine,USOIL,1503,0,0,0.2424018812949399,0.0587586720553261,0,0,0,0,0,0,0,0,0,0,0,0,0,0,0,0,0,0
Russia--Ukraine,USOIL,1504,0,0,0.3231877681552882,0.1044503334851963,0,0,0,0,0,0,0,0,0,0,0,0,0,0,0,0,0,0
Russia--Ukraine,USOIL,1505,0,0,0.2028968268677461,0.0411671223530001,0,0,0,0,0,0,0,0,0,0,0,0,0,0,0,0,0,0
Russia--Ukraine,USOIL,1506,1,0,0.1996166737734419,0.6406134689014888,0,1,0,1,0,1,0,1,0,1,0,1,0,1,0,1,0,1
Russia--Ukraine,USOIL,1507,1,0,0.2609088273629272,0.5462557614700434,0,1,0,1,0,1,0,1,0,1,0,1,0,1,0,1,0,1
Russia--Ukraine,USOIL,1508,1,0,0.1468560645569223,0.7278545745833023,0,1,0,1,0,1,0,1,0,1,0,1,0,1,0,1,0,1
Russia--Ukraine,USOIL,1509,1,0,0.1767216006410809,0.6777873228509838,0,1,0,1,0,1,0,1,0,1,0,1,0,1,0,1,0,1
Russia--Ukraine,USOIL,1510,1,0,0.1695467199389217,0.6896526503642038,0,1,0,1,0,1,0,1,0,1,0,1,0,1,0,1,0,1
Russia--Ukraine,USOIL,1511,1,0,0.2199031407047768,0.6085511098822712,0,1,0,1,0,1,0,1,0,1,0,1,0,1,0,1,0,1
Russia--Ukraine,USOIL,1512,1,0,0.1510159520773888,0.7207739136270626,0,1,0,1,0,1,0,1,0,1,0,1,0,1,0,1,0,1
Russia--Ukraine,USOIL,1513,1,0,0.1406171679670611,0.7385388519929544,0,1,0,1,0,1,0,1,0,1,0,1,0,1,0,1,0,1
Russia--Ukraine,USOIL,1514,1,0,0.1810569983299322,0.6706676399843805,0,1,0,1,0,1,0,1,0,1,0,1,0,1,0,1,0,1
Russia--Ukraine,USOIL,1515,1,0,0.2645143466451196,0.5409391462908553,0,1,0,1,0,1,0,1,0,1,0,1,0,1,0,1,0,1
Russia--Ukraine,USOIL,1516,1,0,0.1993239199505542,0.6410821851633465,0,1,0,1,0,1,0,1,0,1,0,1,0,1,0,1,0,1
Russia--Ukraine,USOIL,1517,1,0,0.5747119556434049,0.1808699206726571,0,1,0,1,1,1,0,1,0,1,0,1,0,1,0,1,0,1
Russia--Ukraine,USOIL,1518,1,1,0.8485081725446993,0.0229497737857465,0,1,1,1,0,1,0,1,1,1,1,1,1,1,0,1,0,1
Russia--Ukraine,USOIL,1519,1,1,0.7666447999821918,0.0544546493753512,0,1,1,1,0,1,0,1,1,1,1,1,1,1,0,1,0,1
Russia--Ukraine,USOIL,1520,1,1,0.838372519588492,0.0261234424241724,0,1,1,1,0,1,0,1,1,1,1,1,1,1,0,1,0,1
Russia--Ukraine,USOIL,1521,1,1,0.8642783978065458,0.0184203533019582,0,1,1,1,0,1,0,1,1,1,1,1,1,1,0,1,0,1
Russia--Ukraine,USOIL,1522,1,1,0.8710816866343335,0.0166199315210481,0,1,1,1,1,1,0,1,1,1,1,1,1,1,0,1,0,1
Russia--Ukraine,USOIL,1523,1,1,0.7984536654158558,0.0406209249843037,0,1,1,1,0,1,0,1,1,1,1,1,1,1,0,1,0,1
Russia--Ukraine,USOIL,1524,1,1,0.8981550364570701,0.0103723965990607,0,1,1,1,1,1,1,1,1,1,1,1,1,1,0,1,0,1
Russia--Ukraine,USOIL,1525,1,1,0.8864549363623974,0.0128924814764672,0,1,1,1,0,1,1,1,1,1,1,1,1,1,0,1,0,1
Russia--Ukraine,USOIL,1526,1,1,0.8452016712373199,0.0239625225877187,0,1,1,1,0,1,0,1,1,1,1,1,1,1,0,1,0,1
Russia--Ukraine,USOIL,1527,1,1,0.8696040325259056,0.017003108333505,0,1,1,1,1,1,0,1,1,1,1,1,1,1,0,1,0,1
Russia--Ukraine,USOIL,1528,1,1,0.89492821804857,0.0110400793624488,0,1,1,1,0,1,0,1,1,1,1,1,1,1,0,1,0,1
Russia--Ukraine,USOIL,1529,1,1,0.9136669583131956,0.0074533940868954,0,1,1,1,1,1,1,1,1,1,1,1,1,1,0,1,0,1
Russia--Ukraine,USOIL,1530,1,1,0.8954863778353596,0.0109230972179732,0,1,1,1,1,1,0,1,1,1,1,1,1,1,0,1,0,1
Russia--Ukraine,USOIL,1531,1,1,0.9177670779694956,0.0067622534656749,1,1,1,1,1,1,1,1,1,1,1,1,1,1,0,1,0,1
Russia--Ukraine,USOIL,1532,1,1,0.8588092653416207,0.0199348235533728,0,1,1,1,0,1,1,1,1,1,1,1,1,1,0,1,0,1
Russia--Ukraine,USOIL,1533,1,1,0.8215149496495878,0.0318569131985891,0,1,1,1,0,1,1,1,1,1,1,1,1,1,0,1,0,1
Russia--Ukraine,USOIL,1534,1,1,0.7891488684181466,0.044458199689348,0,1,1,1,0,1,1,1,1,1,1,1,1,1,0,1,0,1
Russia--Ukraine,USOIL,1535,1,1,0.8084038740728431,0.0367090754702949,0,1,1,1,1,1,0,1,0,1,1,1,1,1,0,1,0,1
Russia--Ukraine,USOIL,1536,1,1,0.713059053951239,0.0823351065193579,1,1,1,1,0,1,0,1,0,1,0,1,1,1,0,1,0,1
Russia--Ukraine,USOIL,1537,1,1,0.8151170367476923,0.0341817101009541,1,1,1,1,0,1,1,1,0,1,1,1,1,1,0,1,0,1
Russia--Ukraine,USOIL,1538,1,1,0.7643372690531288,0.0555369227573374,1,1,1,1,0,1,1,1,1,1,0,1,1,1,0,1,0,1
Russia--Ukraine,USOIL,1539,1,1,0.7643652782651292,0.0555237220870699,1,1,1,1,0,1,1,1,1,1,0,1,1,1,0,1,0,1
Russia--Ukraine,USOIL,1540,1,1,0.8047529357888726,0.038121416083064,1,1,1,1,0,1,1,1,1,1,0,1,1,1,0,1,0,1
Russia--Ukraine,USOIL,1541,1,1,0.672081688593881,0.1075304189554404,1,1,1,1,0,1,0,1,0,1,0,1,1,1,0,1,0,1
Russia--Ukraine,USOIL,1542,1,1,0.7145111650370738,0.0815038748884889,1,1,1,1,0,1,0,1,0,1,0,1,1,1,0,1,0,1
Russia--Ukraine,USOIL,1543,1,1,0.8128886333920884,0.0350106635138803,1,1,1,1,1,1,1,1,1,1,0,1,1,1,0,1,0,1
Russia--Ukraine,USOIL,1544,1,1,0.6814879402805684,0.1014499321867147,1,1,1,1,0,1,1,1,0,1,0,1,1,1,0,1,0,1
Russia--Ukraine,USOIL,1545,1,1,0.7933267301415984,0.0427138404739637,1,1,1,1,0,1,0,1,0,1,1,1,1,1,0,1,0,1
Russia--Ukraine,USOIL,1546,1,1,0.7271125060438829,0.0744675843576498,1,1,1,1,0,1,1,1,0,1,0,1,1,1,0,1,0,1
Russia--Ukraine,USOIL,1547,1,1,0.8381831446469155,0.026184694676361,1,1,1,1,0,1,1,1,1,1,0,1,1,1,0,1,0,1
Russia--Ukraine,USOIL,1548,1,1,0.8043860395312628,0.0382648215302647,1,1,1,1,1,1,1,1,1,1,0,1,1,1,0,1,0,1
Russia--Ukraine,USOIL,1549,1,1,0.6946455546227516,0.093241337311647,0,1,1,1,0,1,0,1,1,1,0,1,1,1,0,1,0,1
Russia--Ukraine,USOIL,1550,1,1,0.7016885902509141,0.088989697186487,1,1,1,1,0,1,0,1,1,1,0,1,1,1,0,1,0,1
Russia--Ukraine,USOIL,1551,1,1,0.7352800385840976,0.0700766579720368,0,1,1,1,0,1,0,1,1,1,0,1,1,1,0,1,0,1
Russia--Ukraine,USOIL,1552,1,1,0.8127233067766969,0.0350725598246551,0,1,1,1,0,1,1,1,1,1,0,1,1,1,0,1,0,1
Russia--Ukraine,USOIL,1553,1,1,0.8060179965869513,0.03762901764814,0,1,1,1,0,1,1,1,1,1,0,1,0,1,0,1,0,1
Russia--Ukraine,USOIL,1554,1,1,0.6667735967301378,0.1110398358361688,1,1,1,1,0,1,1,1,0,1,0,1,0,1,1,1,0,1
Russia--Ukraine,USOIL,1555,1,1,0.7226060707273747,0.0769473919973062,1,1,1,1,0,1,1,1,0,1,0,1,1,1,1,1,0,1
Russia--Ukraine,USOIL,1556,1,0,0.5748470060434322,0.1807550682702333,1,1,1,1,0,1,1,1,0,1,0,1,1,1,1,1,0,1
Russia--Ukraine,USOIL,1557,1,1,0.7679779255370494,0.053834243038091,1,1,1,1,0,1,1,1,0,1,0,1,0,1,1,1,0,1
Russia--Ukraine,USOIL,1558,1,1,0.738260090548174,0.06850778019985,1,1,1,1,0,1,1,1,0,1,0,1,0,1,0,1,0,1
Russia--Ukraine,USOIL,1559,1,0,0.5369432006432243,0.2144215994305412,1,1,1,1,0,1,1,1,0,1,0,1,0,1,0,1,0,1
Russia--Ukraine,USOIL,1560,1,0,0.529778887990966,0.2211078941790125,1,1,1,1,0,1,1,1,0,1,0,1,0,1,0,1,0,1
Russia--Ukraine,USOIL,1561,1,0,0.4709452361881979,0.2798989431119618,0,1,1,1,0,1,0,1,0,1,0,1,0,1,0,1,0,1
Russia--Ukraine,USOIL,1562,1,0,0.5616739808974934,0.1921296990222509,0,1,1,1,0,1,1,1,0,1,0,1,0,1,0,1,0,1
Russia--Ukraine,USOIL,1563,1,0,0.5813936831474505,0.175231248508857,0,1,1,1,0,1,0,1,0,1,0,1,0,1,0,1,0,1
Russia--Ukraine,USOIL,1564,1,0,0.543682533789518,0.2082256299687543,0,1,1,1,0,1,0,1,0,1,0,1,0,1,0,1,0,1
Russia--Ukraine,USOIL,1565,1,0,0.4901091502438435,0.2599886786650554,0,1,1,1,0,1,1,1,0,1,0,1,0,1,0,1,0,1
Russia--Ukraine,USOIL,1566,1,0,0.5250228849385734,0.2256032598320757,0,1,1,1,0,1,1,1,0,1,0,1,0,1,0,1,0,1
Russia--Ukraine,USOIL,1567,1,1,0.6566917704338584,0.1178605404878385,1,1,0,1,0,1,1,1,0,1,0,1,0,1,1,1,0,1
Russia--Ukraine,USOIL,1568,1,1,0.6646834611138207,0.1124371812506065,1,1,0,1,0,1,1,1,0,1,0,1,0,1,1,1,0,1
Russia--Ukraine,USOIL,1569,1,1,0.6864030500627155,0.0983430470099677,1,1,0,1,1,1,1,1,0,1,0,1,0,1,1,1,0,1
Russia--Ukraine,USOIL,1570,1,1,0.6462003963160176,0.125174159566943,0,1,0,1,1,1,0,1,0,1,0,1,0,1,0,1,0,1
Russia--Ukraine,USOIL,1571,0,0,0.4824216961940227,0.2327306929587179,0,0,0,0,0,0,0,0,0,0,0,0,0,0,0,0,0,0
Russia--Ukraine,USOIL,1572,0,0,0.4059842117333538,0.1648231801767527,0,0,0,0,0,0,0,0,0,0,0,0,0,0,0,0,0,0
Russia--Ukraine,USOIL,1573,0,0,0.4555886520709347,0.2075610198958112,0,0,0,0,0,0,0,0,0,0,0,0,0,0,0,0,0,0
Russia--Ukraine,USOIL,1574,0,0,0.421168151726146,0.1773826120284179,0,0,0,0,0,0,1,0,0,0,0,0,0,0,0,0,0,0
Russia--Ukraine,USOIL,1575,0,0,0.3526002117580812,0.1243269093318437,0,0,0,0,0,0,0,0,0,0,0,0,0,0,0,0,0,0
Russia--Ukraine,USOIL,1576,0,0,0.3313072438148435,0.1097644898041881,0,0,0,0,0,0,1,0,0,0,0,0,0,0,0,0,0,0
Russia--Ukraine,USOIL,1577,0,0,0.3621006176880715,0.1311168573300829,0,0,0,0,0,0,1,0,0,0,0,0,0,0,0,0,0,0
Russia--Ukraine,USOIL,1578,0,0,0.5291305618643457,0.2799791514988782,0,0,0,0,0,0,1,0,0,0,0,0,0,0,0,0,0,0
Russia--Ukraine,USOIL,1579,0,0,0.5117247185108621,0.261862187535021,0,0,0,0,0,0,1,0,0,0,0,0,0,0,0,0,0,0
Russia--Ukraine,USOIL,1580,0,0,0.4506140529670636,0.2030530247314036,0,0,0,0,0,0,1,0,0,0,0,0,0,0,0,0,0,0
Russia--Ukraine,USOIL,1581,0,0,0.4834161511758721,0.2336911752176937,0,0,0,0,0,0,0,0,0,0,0,0,0,0,0,0,0,0
Russia--Ukraine,USOIL,1582,0,0,0.2473755866926792,0.0611946808915472,0,0,0,0,0,0,0,0,0,0,0,0,0,0,0,0,0,0
Russia--Ukraine,USOIL,1583,0,0,0.2636707038422412,0.0695222400646628,0,0,0,0,0,0,1,0,0,0,0,0,0,0,0,0,0,0
Russia--Ukraine,USOIL,1584,0,0,0.4107819749680648,0.1687418309586638,0,0,0,0,0,0,0,0,0,0,0,0,0,0,0,0,0,0
Russia--Ukraine,USOIL,1585,0,0,0.2391321744345424,0.0571841968497924,0,0,0,0,0,0,0,0,0,0,0,0,0,0,0,0,0,0
Russia--Ukraine,USOIL,1586,0,0,0.2642117567945271,0.0698078524284503,0,0,0,0,0,0,0,0,0,0,0,0,0,0,0,0,0,0
Russia--Ukraine,USOIL,1587,0,0,0.2665162638924166,0.0710309189191722,0,0,0,0,0,0,0,0,0,0,0,0,0,0,0,0,0,0
Russia--Ukraine,USOIL,1588,0,0,0.2349385061670932,0.0551961016800253,0,0,0,0,0,0,0,0,0,0,0,0,0,0,0,0,0,0
Russia--Ukraine,USOIL,1589,0,0,0.1441347346443702,0.020774821731003,0,0,0,0,0,0,0,0,0,0,0,0,0,0,0,0,0,0
Russia--Ukraine,USOIL,1590,0,0,0.2566550205716762,0.0658717995846475,0,0,0,0,0,0,0,0,0,0,0,0,0,0,0,0,0,0
Russia--Ukraine,USOIL,1591,0,0,0.2099709827559922,0.0440878135995171,0,0,0,0,0,0,0,0,0,0,0,0,0,0,0,0,0,0
Russia--Ukraine,USOIL,1592,0,0,0.2593919292768726,0.067284172973978,0,0,0,0,0,0,0,0,0,0,0,0,0,0,0,0,0,0
Russia--Ukraine,USOIL,1593,0,0,0.3573399607042744,0.1276918475161323,0,0,0,0,0,0,0,0,0,0,0,0,0,0,0,0,0,0
Russia--Ukraine,USOIL,1594,0,0,0.3376503052202549,0.1140077286153313,0,0,0,0,0,0,0,0,0,0,0,0,0,0,0,0,0,0
Russia--Ukraine,USOIL,1595,0,0,0.4036413487407267,0.162926338413233,0,0,0,0,0,0,0,0,0,0,0,0,0,0,0,0,0,0
Russia--Ukraine,USOIL,1596,0,0,0.4650641528887326,0.2162846663021145,0,0,0,0,0,0,0,0,0,0,0,0,0,0,0,0,0,0
Russia--Ukraine,USOIL,1597,0,1,0.5949638284321171,0.3539819571426017,0,0,0,0,0,0,0,0,0,0,0,0,0,0,0,0,0,0
Russia--Ukraine,USOIL,1598,0,0,0.5418850037377111,0.2936393572758191,0,0,0,0,0,0,0,0,0,0,0,0,0,0,0,0,0,0
Russia--Ukraine,USOIL,1599,0,0,0.5098958624855754,0.2599937905799088,0,0,0,0,0,0,0,0,0,0,0,0,0,0,0,0,0,0
Russia--Ukraine,USOIL,1600,0,1,0.6118862491203165,0.37440478186253,0,0,0,0,0,0,0,0,0,0,0,0,0,0,0,0,0,0
Russia--Ukraine,USOIL,1601,0,0,0.5754913975327546,0.3311903486342029,0,0,0,0,0,0,0,0,0,0,0,0,0,0,0,0,0,0
Russia--Ukraine,USOIL,1602,0,1,0.6232134212541007,0.3883949684312412,0,0,0,0,0,0,0,0,0,0,0,0,0,0,0,0,0,0
Russia--Ukraine,USOIL,1603,0,0,0.4569431580543938,0.2087970496927227,0,0,0,0,0,0,0,0,0,0,0,0,0,0,0,0,0,0
Russia--Ukraine,USOIL,1604,0,0,0.4269253323124082,0.1822652393700602,0,0,0,0,0,0,0,0,0,0,0,0,0,0,0,0,0,0
Russia--Ukraine,USOIL,1605,0,0,0.3705959124485148,0.1373413303235472,0,0,0,0,0,0,0,0,0,0,0,0,0,0,0,0,0,0
Russia--Ukraine,USOIL,1606,0,0,0.3298600475818305,0.1088076509906875,0,0,0,0,0,0,0,0,0,0,0,0,0,0,0,0,0,0
Russia--Ukraine,USOIL,1607,0,0,0.3273387040258325,0.1071506271533115,0,0,0,0,0,0,0,0,0,0,0,0,0,0,0,0,0,0
Russia--Ukraine,USOIL,1608,0,0,0.2309377027194522,0.053332222537338,0,0,0,0,0,0,0,0,0,0,0,0,0,0,0,0,0,0
Russia--Ukraine,USOIL,1609,0,0,0.2923039856525871,0.0854416200283878,0,0,0,0,0,0,0,0,0,0,0,0,0,0,0,0,0,0
Russia--Ukraine,USOIL,1610,0,0,0.3456707199757725,0.1194882466485689,0,0,0,0,0,0,0,0,0,0,0,0,0,0,0,0,0,0
Russia--Ukraine,USOIL,1611,0,0,0.4728973668901086,0.223631919611598,0,0,0,0,0,0,0,0,0,0,0,0,0,0,0,0,0,0
Russia--Ukraine,GOLD,1486,0,0,0.5263215495671476,0.2770143735387634,0,0,0,0,0,0,1,0,0,0,0,0,0,0,0,0,0,0
Russia--Ukraine,GOLD,1487,0,0,0.5229282896253188,0.2734539960904613,0,0,0,0,0,0,0,0,0,0,0,0,0,0,0,0,0,0
Russia--Ukraine,GOLD,1488,0,0,0.4160566680705436,0.1731031510459625,0,0,0,0,0,0,1,0,0,0,0,0,0,0,0,0,0,0
Russia--Ukraine,GOLD,1489,0,0,0.4399184721367337,0.1935282621271181,0,0,0,0,0,0,1,0,0,0,0,0,0,0,0,0,0,0
Russia--Ukraine,GOLD,1490,0,0,0.4638380765813711,0.2151457612867059,0,0,0,0,0,0,1,0,0,0,0,0,0,0,0,0,0,0
Russia--Ukraine,GOLD,1491,0,0,0.4731618609888395,0.2238821466944218,0,0,0,0,0,0,0,0,0,0,0,0,0,0,0,0,0,0
Russia--Ukraine,GOLD,1492,0,0,0.3892550660612152,0.151519506454321,0,0,0,0,0,0,0,0,0,0,0,0,0,0,0,0,0,0
Russia--Ukraine,GOLD,1493,0,0,0.4158405522794687,0.1729233649200935,0,0,0,0,0,0,0,0,0,0,0,0,0,0,0,0,0,0
Russia--Ukraine,GOLD,1494,0,0,0.447932964280458,0.2006439404890781,0,0,0,0,0,0,0,0,0,0,0,0,0,0,0,0,0,0
Russia--Ukraine,GOLD,1495,0,0,0.4566200342916572,0.2085018557165142,0,0,0,0,0,0,0,0,0,0,0,0,0,0,0,0,0,0
Russia--Ukraine,GOLD,1496,0,0,0.4888855596494575,0.2390090904337633,0,0,0,0,0,0,1,0,0,0,0,0,0,0,0,0,0,0
Russia--Ukraine,GOLD,1497,0,1,0.8483027573534498,0.719617568133466,1,0,1,0,0,0,1,0,0,0,0,0,0,0,0,0,0,0
Russia--Ukraine,GOLD,1498,0,1,0.8230128486546369,0.6773501490506202,1,0,1,0,0,0,1,0,0,0,0,0,0,0,0,0,0,0
Russia--Ukraine,GOLD,1499,0,1,0.8337785644526977,0.6951866945408014,1,0,1,0,1,0,1,0,0,0,0,0,0,0,1,0,0,0
Russia--Ukraine,GOLD,1500,0,1,0.8113698386066397,0.6583210150005645,1,0,1,0,0,0,1,0,0,0,0,0,0,0,0,0,0,0
Russia--Ukraine,GOLD,1501,0,1,0.7693798787103039,0.5919453977642819,1,0,1,0,0,0,1,0,0,0,0,0,0,0,0,0,0,0
Russia--Ukraine,GOLD,1502,0,1,0.7773746048890078,0.604311276326341,1,0,1,0,0,0,1,0,0,0,0,0,0,0,0,0,0,0
Russia--Ukraine,GOLD,1503,0,1,0.7876438703027626,0.6203828664255151,0,0,1,0,0,0,1,0,0,0,0,0,0,0,0,0,0,0
Russia--Ukraine,GOLD,1504,0,1,0.8140374634227474,0.6626569918557408,1,0,0,0,0,0,1,0,0,0,0,0,0,0,0,0,0,0
Russia--Ukraine,GOLD,1505,1,1,0.8535348276529137,0.0214520467106617,1,1,0,1,0,1,1,1,0,1,0,1,0,1,0,1,0,1
Russia--Ukraine,GOLD,1506,1,1,0.7528040257141219,0.0611058497031445,1,1,1,1,0,1,1,1,0,1,0,1,0,1,0,1,0,1
Russia--Ukraine,GOLD,1507,1,1,0.8013505264052823,0.0394616133594584,0,1,1,1,0,1,1,1,0,1,0,1,0,1,0,1,0,1
Russia--Ukraine,GOLD,1508,1,1,0.7937947929330169,0.0425205874215373,1,1,0,1,0,1,1,1,0,1,0,1,0,1,0,1,0,1
Russia--Ukraine,GOLD,1509,1,0,0.5474147625009358,0.2048333972020843,1,1,1,1,0,1,0,1,0,1,0,1,0,1,0,1,0,1
Russia--Ukraine,GOLD,1510,1,0,0.535383464157142,0.2158685253786177,0,1,0,1,0,1,0,1,0,1,0,1,0,1,0,1,0,1
Russia--Ukraine,GOLD,1511,1,0,0.4926663599466965,0.2573874223297349,0,1,0,1,0,1,0,1,0,1,0,1,0,1,0,1,0,1
Russia--Ukraine,GOLD,1512,1,0,0.4687408740648223,0.2822362588894089,0,1,0,1,0,1,0,1,0,1,0,1,0,1,0,1,0,1
Russia--Ukraine,GOLD,1513,1,0,0.4113986151837482,0.3464515902076093,0,1,0,1,0,1,0,1,0,1,0,1,0,1,0,1,0,1
Russia--Ukraine,GOLD,1514,1,0,0.3628487498550088,0.4059617155613251,0,1,0,1,0,1,0,1,0,1,0,1,0,1,0,1,0,1
Russia--Ukraine,GOLD,1515,1,0,0.3204714640569377,0.4617590311609217,0,1,0,1,0,1,0,1,0,1,0,1,0,1,0,1,0,1
Russia--Ukraine,GOLD,1516,1,0,0.3151957169612068,0.4689569060682755,0,1,0,1,0,1,0,1,0,1,0,1,0,1,0,1,0,1
Russia--Ukraine,GOLD,1517,1,0,0.3218494171803984,0.4598882129785653,0,1,0,1,0,1,0,1,0,1,0,1,0,1,0,1,0,1
Russia--Ukraine,GOLD,1518,1,0,0.3318456640629434,0.446430216631489,0,1,0,1,0,1,0,1,0,1,0,1,0,1,0,1,0,1
Russia--Ukraine,GOLD,1519,1,0,0.2656862851256401,0.5392166318525827,0,1,0,1,0,1,0,1,0,1,0,1,0,1,0,1,0,1
Russia--Ukraine,GOLD,1520,1,0,0.2721835261707528,0.5297168195772393,0,1,0,1,0,1,0,1,0,1,0,1,0,1,0,1,0,1
Russia--Ukraine,GOLD,1521,1,0,0.2969289135260173,0.4943089526357064,0,1,0,1,0,1,0,1,0,1,0,1,0,1,0,1,0,1
Russia--Ukraine,GOLD,1522,1,0,0.2697886421709292,0.5332086271025752,0,1,0,1,0,1,0,1,0,1,0,1,0,1,0,1,0,1
Russia--Ukraine,GOLD,1523,1,0,0.2721158967244603,0.5298152678012364,0,1,0,1,0,1,0,1,0,1,0,1,0,1,0,1,0,1
Russia--Ukraine,GOLD,1524,1,0,0.248486297104679,0.5647728456394367,0,1,0,1,0,1,0,1,0,1,0,1,0,1,0,1,0,1
Russia--Ukraine,GOLD,1525,1,0,0.2483060967580278,0.5650437241711515,0,1,0,1,0,1,0,1,0,1,0,1,0,1,0,1,0,1
Russia--Ukraine,GOLD,1526,1,0,0.2531025200036816,0.5578558456248508,0,1,0,1,0,1,0,1,0,1,0,1,0,1,0,1,0,1
Russia--Ukraine,GOLD,1527,1,0,0.3533290225178902,0.4181833531176673,0,1,0,1,0,1,0,1,0,1,0,1,0,1,0,1,0,1
Russia--Ukraine,GOLD,1528,1,0,0.4028456184387622,0.3565933554177842,0,1,0,1,0,1,0,1,0,1,0,1,0,1,0,1,0,1
Russia--Ukraine,GOLD,1529,1,0,0.325355710891932,0.4551449168261304,0,1,0,1,0,1,0,1,0,1,0,1,0,1,0,1,0,1
Russia--Ukraine,GOLD,1530,1,0,0.3127347648382617,0.4723335034619195,0,1,0,1,0,1,0,1,0,1,0,1,0,1,0,1,0,1
Russia--Ukraine,GOLD,1531,1,0,0.3024024183631348,0.4866423859056027,0,1,0,1,0,1,0,1,0,1,0,1,0,1,0,1,0,1
Russia--Ukraine,GOLD,1532,1,0,0.3631752875689298,0.4055457143629152,0,1,0,1,0,1,0,1,0,1,0,1,0,1,0,1,0,1
Russia--Ukraine,GOLD,1533,1,0,0.3853085189235731,0.3778456169079313,0,1,0,1,0,1,0,1,0,1,0,1,0,1,0,1,0,1
Russia--Ukraine,GOLD,1534,1,0,0.434305061503529,0.3200107634405261,0,1,0,1,0,1,0,1,0,1,0,1,0,1,0,1,0,1
Russia--Ukraine,GOLD,1535,1,0,0.3476639521684671,0.4255423193004639,0,1,0,1,0,1,0,1,0,1,0,1,0,1,0,1,0,1
Russia--Ukraine,GOLD,1536,1,0,0.3478390828177073,0.4253138619000491,0,1,0,1,0,1,0,1,0,1,0,1,0,1,0,1,0,1
Russia--Ukraine,GOLD,1537,1,0,0.4093708308193601,0.3488428154870129,0,1,0,1,0,1,0,1,0,1,0,1,0,1,0,1,0,1
Russia--Ukraine,GOLD,1538,1,0,0.3855125786534754,0.3775947909931012,0,1,0,1,0,1,0,1,0,1,0,1,0,1,0,1,0,1
Russia--Ukraine,GOLD,1539,1,0,0.4581794574359037,0.2935695003444517,0,1,1,1,0,1,0,1,0,1,0,1,0,1,0,1,0,1
Russia--Ukraine,GOLD,1540,1,1,0.6938737450175702,0.0937132839895676,1,1,1,1,0,1,0,1,1,1,0,1,0,1,0,1,0,1
Russia--Ukraine,GOLD,1541,1,1,0.6715997446461518,0.1078467277164727,1,1,1,1,0,1,0,1,1,1,0,1,0,1,0,1,0,1
Russia--Ukraine,GOLD,1542,1,1,0.6163719675126319,0.1471704673101291,1,1,1,1,0,1,0,1,0,1,0,1,0,1,0,1,0,1
Russia--Ukraine,GOLD,1543,1,1,0.6048891940734515,0.1561125489599266,0,1,1,1,0,1,1,1,0,1,0,1,0,1,0,1,0,1
Russia--Ukraine,GOLD,1544,1,0,0.5451642437412902,0.2068755651714324,0,1,1,1,0,1,1,1,0,1,0,1,0,1,0,1,0,1
Russia--Ukraine,GOLD,1545,1,0,0.4770237105369699,0.273504199340519,0,1,1,1,0,1,0,1,0,1,0,1,0,1,0,1,0,1
Russia--Ukraine,GOLD,1546,1,1,0.6553843118166047,0.1187599725421151,0,1,1,1,0,1,0,1,1,1,0,1,0,1,0,1,0,1
Russia--Ukraine,GOLD,1547,1,1,0.7781485586826187,0.0492180620145994,0,1,1,1,0,1,1,1,1,1,0,1,0,1,0,1,0,1
Russia--Ukraine,GOLD,1548,1,1,0.757800063652364,0.0586608091667989,0,1,1,1,0,1,0,1,1,1,0,1,0,1,0,1,0,1
Russia--Ukraine,GOLD,1549,1,1,0.6949239910587934,0.0930713712314951,0,1,1,1,0,1,1,1,1,1,0,1,0,1,0,1,0,1
Russia--Ukraine,GOLD,1550,1,0,0.5854380644606145,0.1718615983981616,0,1,1,1,0,1,0,1,0,1,0,1,0,1,0,1,0,1
Russia--Ukraine,GOLD,1551,1,0,0.5829175995025222,0.1739577288047384,0,1,1,1,0,1,0,1,0,1,0,1,0,1,0,1,0,1
Russia--Ukraine,GOLD,1552,1,1,0.6591965593504711,0.116146985158557,0,1,1,1,1,1,0,1,1,1,0,1,0,1,0,1,0,1
Russia--Ukraine,GOLD,1553,1,1,0.8138319354285869,0.0346585482662658,0,1,1,1,0,1,1,1,0,1,0,1,0,1,0,1,0,1
Russia--Ukraine,GOLD,1554,1,1,0.613448334636638,0.1494221899951886,0,1,0,1,0,1,1,1,0,1,0,1,0,1,0,1,0,1
Russia--Ukraine,GOLD,1555,1,1,0.7044272387610838,0.0873632571863973,1,1,0,1,0,1,1,1,0,1,0,1,0,1,1,1,0,1
Russia--Ukraine,GOLD,1556,1,1,0.6656528420778381,0.111788022010627,1,1,0,1,0,1,0,1,0,1,0,1,0,1,0,1,0,1
Russia--Ukraine,GOLD,1557,1,1,0.66691394053811,0.1109463230078496,0,1,0,1,0,1,0,1,0,1,0,1,0,1,0,1,0,1
Russia--Ukraine,GOLD,1558,1,1,0.7020710258795378,0.088761673620471,1,1,0,1,0,1,0,1,0,1,0,1,0,1,0,1,0,1
Russia--Ukraine,GOLD,1559,1,1,0.6663624499712228,0.1113140147892047,0,1,0,1,0,1,0,1,0,1,0,1,0,1,0,1,1,1
Russia--Ukraine,GOLD,1560,1,1,0.6562742502396373,0.1181473910483235,0,1,0,1,0,1,1,1,0,1,0,1,0,1,0,1,0,1
Russia--Ukraine,GOLD,1561,1,1,0.654134966966996,0.1196226210749209,0,1,0,1,0,1,0,1,0,1,0,1,0,1,0,1,0,1
Russia--Ukraine,GOLD,1562,1,1,0.6269695161283723,0.1391517418975007,0,1,0,1,0,1,0,1,0,1,0,1,0,1,0,1,0,1
Russia--Ukraine,GOLD,1563,1,1,0.6158512428878034,0.1475702675908454,0,1,0,1,0,1,0,1,0,1,0,1,0,1,0,1,0,1
Russia--Ukraine,GOLD,1564,1,0,0.5856855702169398,0.1716564467264623,0,1,0,1,0,1,0,1,0,1,0,1,0,1,0,1,0,1
Russia--Ukraine,GOLD,1565,1,0,0.4578196932797805,0.2939594849952312,0,1,0,1,0,1,0,1,0,1,0,1,0,1,0,1,0,1
Russia--Ukraine,GOLD,1566,1,0,0.4374144866804376,0.3165024597970354,0,1,0,1,0,1,0,1,0,1,0,1,0,1,0,1,0,1
Russia--Ukraine,GOLD,1567,1,0,0.3990948466387652,0.3610870033360892,0,1,0,1,0,1,0,1,0,1,0,1,0,1,0,1,0,1
Russia--Ukraine,GOLD,1568,1,0,0.3571294619788697,0.4132825286555774,0,1,0,1,0,1,0,1,0,1,0,1,0,1,0,1,0,1
Russia--Ukraine,GOLD,1569,1,0,0.3611166416271604,0.4081719456057582,0,1,0,1,0,1,0,1,0,1,0,1,0,1,0,1,0,1
Russia--Ukraine,GOLD,1570,0,0,0.310974456932894,0.0967051128647083,0,0,0,0,0,0,0,0,0,0,0,0,0,0,0,0,0,0
Russia--Ukraine,GOLD,1571,0,0,0.3073228798018051,0.0944473524496748,0,0,0,0,0,0,0,0,0,0,0,0,0,0,0,0,0,0
Russia--Ukraine,GOLD,1572,0,0,0.2927530446733294,0.0857043451655044,0,0,0,0,0,0,0,0,0,0,0,0,0,0,0,0,0,0
Russia--Ukraine,GOLD,1573,0,0,0.3362265264064153,0.1130482770593239,0,0,0,0,0,0,0,0,0,0,0,0,0,0,0,0,0,0
Russia--Ukraine,GOLD,1574,0,0,0.3421072110704041,0.11703734386637,0,0,0,0,0,0,0,0,0,0,0,0,0,0,0,0,0,0
Russia--Ukraine,GOLD,1575,0,0,0.3498995458881587,0.1224296922127397,0,0,0,0,0,0,0,0,0,0,0,0,0,0,0,0,0,0
Russia--Ukraine,GOLD,1576,0,0,0.3409737375917205,0.1162630897272674,0,0,0,0,0,0,0,0,0,0,0,0,0,0,0,0,0,0
Russia--Ukraine,GOLD,1577,0,0,0.3681971226568077,0.1355691211327523,0,0,0,0,0,0,0,0,0,0,0,0,0,0,0,0,0,0
Russia--Ukraine,GOLD,1578,0,0,0.3260334581627983,0.1062978158415931,0,0,0,0,0,0,0,0,0,0,0,0,0,0,0,0,0,0
Russia--Ukraine,GOLD,1579,0,0,0.3364590952099092,0.1132047227494707,0,0,0,0,0,0,0,0,0,0,0,0,0,0,0,0,0,0
Russia--Ukraine,GOLD,1580,0,0,0.3631710544819942,0.1318932148135636,0,0,0,0,0,0,0,0,0,0,0,0,0,0,0,0,0,0
Russia--Ukraine,GOLD,1581,0,0,0.2455308786241613,0.0602854123579526,0,0,0,0,0,0,0,0,0,0,0,0,0,0,0,0,0,0
Russia--Ukraine,GOLD,1582,0,0,0.2582495928755545,0.0666928522203896,0,0,0,0,0,0,0,0,0,0,0,0,0,0,0,0,0,0
Russia--Ukraine,GOLD,1583,0,0,0.279148196585634,0.0779237156570117,0,0,0,0,0,0,0,0,0,0,0,0,0,0,0,0,0,0
Russia--Ukraine,GOLD,1584,0,0,0.2857624503026919,0.0816601780029984,0,0,0,0,0,0,0,0,0,0,0,0,0,0,0,0,0,0
Russia--Ukraine,GOLD,1585,0,0,0.3524621935013087,0.1242295978477539,0,0,0,0,0,0,0,0,0,0,0,0,0,0,0,0,0,0
Russia--Ukraine,GOLD,1586,0,0,0.3762271359788777,0.1415468578468689,0,0,0,0,0,0,0,0,0,0,0,0,0,0,0,0,0,0
Russia--Ukraine,GOLD,1587,0,0,0.4111242026160167,0.1690231099766555,0,0,0,0,0,0,0,0,0,0,0,0,0,0,0,0,0,0
Russia--Ukraine,GOLD,1588,0,0,0.4153031662784516,0.1724767199209072,0,0,0,0,0,0,0,0,0,0,0,0,0,0,0,0,0,0
Russia--Ukraine,GOLD,1589,0,0,0.4815169770833664,0.2318585992195032,0,0,1,0,0,0,1,0,0,0,0,0,0,0,0,0,0,0
Russia--Ukraine,GOLD,1590,0,1,0.7927030098866326,0.6283780618833267,0,0,0,0,0,0,1,0,0,0,0,0,0,0,0,0,0,0
Russia--Ukraine,GOLD,1591,0,1,0.8422030742307781,0.7093060182437736,0,0,0,0,0,0,1,0,0,0,0,0,0,0,0,0,0,0
Russia--Ukraine,GOLD,1592,0,1,0.7802293780908777,0.6087578824360778,0,0,0,0,0,0,1,0,0,0,0,0,0,0,0,0,0,0
Russia--Ukraine,GOLD,1593,0,1,0.7702059275954868,0.5932171709032242,0,0,0,0,0,0,1,0,0,0,0,0,0,0,0,0,0,0
Russia--Ukraine,GOLD,1594,0,1,0.7246151289068313,0.5250670850406638,0,0,0,0,0,0,1,0,0,0,0,0,0,0,0,0,0,0
Russia--Ukraine,GOLD,1595,0,1,0.8598954116605623,0.7394201189948878,1,0,0,0,0,0,1,0,0,0,0,0,1,0,0,0,0,0
Russia--Ukraine,GOLD,1596,0,1,0.8285936281359657,0.6865674005875231,1,0,0,0,0,0,1,0,0,0,0,0,0,0,0,0,0,0
Russia--Ukraine,GOLD,1597,0,1,0.7950456312326023,0.6320975557420471,1,0,0,0,0,0,1,0,0,0,0,0,0,0,1,0,0,0
Russia--Ukraine,GOLD,1598,0,1,0.7440768595045548,0.553650372850161,1,0,1,0,0,0,0,0,0,0,0,0,0,0,0,0,0,0
Russia--Ukraine,GOLD,1599,0,1,0.7573873388070858,0.5736355809852793,1,0,0,0,0,0,1,0,0,0,0,0,0,0,0,0,0,0
Russia--Ukraine,GOLD,1600,0,1,0.6752691074860577,0.455988367525017,1,0,0,0,0,0,1,0,0,0,0,0,0,0,0,0,0,0
Russia--Ukraine,GOLD,1601,0,1,0.6279744802864063,0.3943519478909821,0,0,0,0,0,0,1,0,0,0,0,0,0,0,0,0,0,0
Russia--Ukraine,GOLD,1602,0,0,0.5331903657856193,0.2842919661666025,0,0,0,0,0,0,1,0,0,0,0,0,0,0,0,0,1,0
Russia--Ukraine,GOLD,1603,0,0,0.3046531224970842,0.0928135250472234,0,0,0,0,0,0,0,0,0,0,0,0,0,0,0,0,0,0
Russia--Ukraine,GOLD,1604,0,0,0.2620448816309328,0.0686675199889695,0,0,0,0,0,0,0,0,0,0,0,0,0,0,0,0,0,0
Russia--Ukraine,GOLD,1605,0,0,0.2851824006562529,0.0813290016440635,0,0,0,0,0,0,0,0,0,0,0,0,0,0,0,0,0,0
Russia--Ukraine,GOLD,1606,0,0,0.2287527940779664,0.0523278407984765,0,0,0,0,0,0,0,0,0,0,0,0,0,0,0,0,0,0
Russia--Ukraine,GOLD,1607,0,0,0.2030259361636203,0.0412195307551144,0,0,0,0,0,0,0,0,0,0,0,0,0,0,0,0,0,0
Russia--Ukraine,GOLD,1608,0,0,0.2177183809883107,0.0474012934201712,0,0,0,0,0,0,0,0,0,0,0,0,0,0,0,0,0,0
Russia--Ukraine,GOLD,1609,0,0,0.201713897193331,0.0406884963209217,0,0,0,0,0,0,0,0,0,0,0,0,0,0,0,0,0,0
Russia--Ukraine,GOLD,1610,0,0,0.2095674573461565,0.0439185191785331,0,0,0,0,0,0,0,0,0,0,0,0,0,0,0,0,0,0
Russia--Ukraine,EURUSD,1540,0,1,0.6770568132609878,0.458405928383124,0,0,1,0,1,0,0,0,0,0,0,0,0,0,0,0,0,0
Russia--Ukraine,EURUSD,1541,0,1,0.7166828786453935,0.5136343485434478,0,0,1,0,0,0,1,0,0,0,0,0,0,0,0,0,0,0
Russia--Ukraine,EURUSD,1542,0,0,0.5835575114834549,0.3405393692087626,0,0,1,0,0,0,0,0,0,0,0,0,0,0,0,0,0,0
Russia--Ukraine,EURUSD,1543,0,0,0.5219063435491453,0.2723862314368385,0,0,1,0,0,0,0,0,0,0,0,0,0,0,0,0,0,0
Russia--Ukraine,EURUSD,1544,0,1,0.6864237426925128,0.471177554531997,0,0,1,0,1,0,1,0,0,0,0,0,0,0,0,0,0,0
Russia--Ukraine,EURUSD,1545,0,1,0.7081907097419281,0.5015340813647758,1,0,1,0,0,0,1,0,0,0,0,0,0,0,0,0,0,0
Russia--Ukraine,EURUSD,1546,0,1,0.7247757196607406,0.5252998438097445,0,0,1,0,0,0,1,0,0,0,0,0,0,0,0,0,0,0
Russia--Ukraine,EURUSD,1547,0,1,0.7343211176447286,0.5392275038190034,1,0,1,0,0,0,1,0,0,0,0,0,0,0,0,0,0,0
Russia--Ukraine,EURUSD,1548,0,1,0.7665097095257771,0.5875371347972912,1,0,1,0,0,0,1,0,0,0,0,0,0,0,0,0,0,0
Russia--Ukraine,EURUSD,1549,0,1,0.6678898421576189,0.4460768412573291,1,0,1,0,0,0,1,0,0,0,0,0,0,0,0,0,0,0
Russia--Ukraine,EURUSD,1550,0,1,0.7550196440239488,0.5700546628620504,1,0,1,0,0,0,1,0,0,0,0,0,0,0,0,0,0,0
Russia--Ukraine,EURUSD,1551,0,0,0.4390246152343193,0.1927426127816421,0,0,0,0,1,0,0,0,0,0,0,0,0,0,0,0,1,0
Russia--Ukraine,EURUSD,1552,0,0,0.4692797352092407,0.220223469878055,0,0,0,0,1,0,0,0,0,0,0,0,0,0,0,0,1,0
Russia--Ukraine,EURUSD,1553,0,0,0.5554447828504164,0.3085189067957463,0,0,0,0,1,0,0,0,0,0,0,0,0,0,0,0,1,0
Russia--Ukraine,EURUSD,1554,0,0,0.5774471717797566,0.3334452361964397,0,0,0,0,0,0,0,0,0,0,0,0,0,0,0,0,1,0
Russia--Ukraine,EURUSD,1555,0,0,0.5342218228902798,0.2853929560522134,0,0,0,0,0,0,0,0,0,0,0,0,0,0,0,0,1,0
Russia--Ukraine,EURUSD,1556,0,0,0.5773554123950485,0.3333392722218565,0,0,0,0,0,0,0,0,0,0,0,0,0,0,0,0,1,0
Russia--Ukraine,EURUSD,1557,0,1,0.6855172984204927,0.4699339664337308,1,0,0,0,0,0,1,0,0,0,0,0,0,0,0,0,1,0
Russia--Ukraine,EURUSD,1558,0,1,0.7238487647634934,0.5239570342496351,1,0,1,0,0,0,1,0,0,0,0,0,0,0,0,0,0,0
Russia--Ukraine,EURUSD,1559,0,1,0.6894315563814707,0.475315870934577,1,0,1,0,0,0,0,0,0,0,0,0,0,0,0,0,0,0
Russia--Ukraine,EURUSD,1560,0,1,0.719759585584053,0.5180538610401276,1,0,1,0,0,0,1,0,0,0,0,0,1,0,0,0,0,0
Russia--Ukraine,EURUSD,1561,1,1,0.7706750321975112,0.0525899408576125,1,1,1,1,0,1,1,1,0,1,0,1,1,1,0,1,0,1
Russia--Ukraine,EURUSD,1562,1,1,0.7192081733059116,0.0788440499382029,1,1,1,1,0,1,0,1,0,1,0,1,1,1,0,1,0,1
Russia--Ukraine,EURUSD,1563,1,1,0.8013796317898119,0.0394500506679507,1,1,1,1,0,1,1,1,0,1,0,1,1,1,0,1,0,1
Russia--Ukraine,EURUSD,1564,1,1,0.8091712498927034,0.036415611867513,1,1,1,1,0,1,1,1,0,1,0,1,1,1,0,1,0,1
Russia--Ukraine,EURUSD,1565,1,1,0.7762333290338411,0.0500715230352772,1,1,1,1,0,1,0,1,0,1,0,1,0,1,0,1,0,1
Russia--Ukraine,EURUSD,1566,1,1,0.7446612627442986,0.0651978707433361,1,1,1,1,0,1,1,1,0,1,0,1,0,1,0,1,0,1
Russia--Ukraine,EURUSD,1567,1,1,0.7006600160707013,0.0896044259787928,1,1,1,1,0,1,1,1,0,1,0,1,1,1,0,1,0,1
Russia--Ukraine,EURUSD,1568,1,1,0.7544763101018153,0.0602818823012199,0,1,1,1,0,1,0,1,0,1,0,1,1,1,0,1,0,1
Russia--Ukraine,EURUSD,1569,1,1,0.8097509924772311,0.0361946848633985,1,1,1,1,1,1,0,1,0,1,0,1,1,1,0,1,0,1
Russia--Ukraine,EURUSD,1570,1,1,0.6903629137064352,0.0958751252083685,1,1,1,1,0,1,1,1,0,1,0,1,1,1,0,1,0,1
Russia--Ukraine,EURUSD,1571,1,1,0.6853045655423973,0.0990332164684593,1,1,1,1,0,1,0,1,0,1,0,1,0,1,0,1,0,1
Russia--Ukraine,EURUSD,1572,1,1,0.6689743448601404,0.1095779843607732,1,1,1,1,0,1,0,1,0,1,0,1,0,1,0,1,0,1
Russia--Ukraine,EURUSD,1573,1,1,0.6281059486604539,0.1383051854217409,1,1,1,1,0,1,0,1,0,1,0,1,0,1,0,1,0,1
Russia--Ukraine,EURUSD,1574,1,1,0.6392323928250355,0.1301532663867494,1,1,1,1,0,1,0,1,0,1,0,1,0,1,0,1,0,1
Russia--Ukraine,EURUSD,1575,1,0,0.5810931438993037,0.1754829540881695,1,1,1,1,0,1,0,1,0,1,0,1,0,1,0,1,0,1
Russia--Ukraine,EURUSD,1576,1,0,0.4734531949522618,0.2772515379059808,0,1,0,1,0,1,0,1,0,1,0,1,0,1,0,1,0,1
Russia--Ukraine,EURUSD,1577,1,0,0.3990382279981537,0.3611550514075991,0,1,1,1,0,1,0,1,0,1,0,1,0,1,0,1,0,1
Russia--Ukraine,EURUSD,1578,1,0,0.3647927947968708,0.4034881935419703,0,1,0,1,0,1,0,1,0,1,0,1,0,1,0,1,0,1
Russia--Ukraine,EURUSD,1579,1,0,0.4102387768269173,0.3478183003586106,0,1,0,1,0,1,0,1,0,1,0,1,0,1,0,1,0,1
Russia--Ukraine,EURUSD,1580,1,0,0.4269050911562744,0.3284377745425981,0,1,0,1,0,1,0,1,0,1,0,1,0,1,0,1,0,1
Russia--Ukraine,EURUSD,1581,1,0,0.3891578100282682,0.3731281810494612,0,1,0,1,0,1,0,1,0,1,0,1,0,1,0,1,0,1
Russia--Ukraine,EURUSD,1582,1,0,0.4266130215697346,0.3287726270333896,0,1,0,1,0,1,0,1,0,1,0,1,0,1,0,1,0,1
Russia--Ukraine,EURUSD,1583,1,0,0.4447705927851084,0.3082796946361998,0,1,0,1,0,1,0,1,0,1,0,1,0,1,0,1,0,1
Russia--Ukraine,EURUSD,1584,1,0,0.3617598119381597,0.4073505376572132,0,1,0,1,0,1,0,1,0,1,0,1,0,1,0,1,0,1
Russia--Ukraine,EURUSD,1585,1,0,0.3413538966426835,0.4338146894677769,0,1,0,1,0,1,0,1,0,1,0,1,0,1,0,1,0,1
Russia--Ukraine,EURUSD,1586,1,0,0.2596590726059988,0.5481046887746097,0,1,0,1,0,1,0,1,0,1,0,1,0,1,0,1,0,1
Russia--Ukraine,EURUSD,1587,1,0,0.1543732134452875,0.7150846621388492,0,1,0,1,0,1,0,1,0,1,0,1,0,1,0,1,0,1
Russia--Ukraine,EURUSD,1588,1,0,0.1449236616724312,0.7311555443676829,0,1,0,1,0,1,0,1,0,1,0,1,0,1,0,1,0,1
Russia--Ukraine,EURUSD,1589,1,0,0.2045024552584374,0.6328163436898545,0,1,0,1,0,1,0,1,0,1,0,1,0,1,0,1,0,1
Russia--Ukraine,EURUSD,1590,1,0,0.2952291003465687,0.4967020209983069,0,1,0,1,0,1,0,1,0,1,0,1,0,1,0,1,0,1
Russia--Ukraine,EURUSD,1591,1,0,0.2849047236148214,0.511361254308395,0,1,0,1,0,1,0,1,0,1,0,1,0,1,0,1,0,1
Russia--Ukraine,EURUSD,1592,1,0,0.2499506914956083,0.5625739651879161,0,1,0,1,0,1,0,1,0,1,0,1,0,1,0,1,0,1
Russia--Ukraine,EURUSD,1593,1,0,0.328123369762209,0.4514182062596893,0,1,0,1,0,1,0,1,0,1,0,1,0,1,0,1,0,1
Russia--Ukraine,EURUSD,1594,1,0,0.32589580731395,0.4544164625969112,0,1,0,1,0,1,0,1,0,1,0,1,0,1,0,1,0,1
Russia--Ukraine,EURUSD,1595,1,0,0.385137990785953,0.3780552903747347,0,1,0,1,0,1,0,1,0,1,0,1,0,1,0,1,0,1
Russia--Ukraine,EURUSD,1596,1,0,0.3725879733105857,0.3936458512345183,0,1,1,1,0,1,0,1,0,1,0,1,0,1,0,1,0,1
Russia--Ukraine,EURUSD,1597,1,0,0.4257428848040548,0.329771234353169,0,1,1,1,0,1,0,1,0,1,0,1,0,1,0,1,0,1
Russia--Ukraine,EURUSD,1598,1,0,0.4897828695072343,0.2603215202482718,0,1,1,1,0,1,0,1,0,1,0,1,0,1,0,1,0,1
Russia--Ukraine,EURUSD,1599,1,0,0.5087900801728908,0.241287185336555,0,1,1,1,0,1,0,1,0,1,0,1,0,1,0,1,0,1
Russia--Ukraine,EURUSD,1600,1,0,0.5396771903475432,0.2118970890863319,0,1,1,1,0,1,0,1,0,1,0,1,0,1,0,1,0,1
Russia--Ukraine,EURUSD,1601,1,0,0.5997227730861562,0.1602218583858368,0,1,1,1,0,1,0,1,0,1,0,1,0,1,0,1,0,1
Russia--Ukraine,EURUSD,1602,1,1,0.8456996743390649,0.0238085904990706,0,1,1,1,0,1,1,1,1,1,1,1,1,1,1,1,0,1
Russia--Ukraine,EURUSD,1603,1,1,0.8815692842294919,0.0140258344379148,0,1,1,1,1,1,1,1,1,1,1,1,1,1,0,1,0,1
Russia--Ukraine,EURUSD,1604,1,1,0.792121076247143,0.0432136469406461,0,1,1,1,0,1,0,1,0,1,0,1,0,1,0,1,0,1
Russia--Ukraine,EURUSD,1605,1,1,0.8427196535407407,0.0247371073823446,1,1,1,1,0,1,1,1,0,1,0,1,1,1,0,1,0,1
Russia--Ukraine,EURUSD,1606,1,1,0.8493575580721954,0.0226931453099719,1,1,1,1,0,1,1,1,0,1,0,1,1,1,0,1,0,1
Russia--Ukraine,EURUSD,1607,1,1,0.8685183839261491,0.0172874153653915,1,1,1,1,0,1,1,1,0,1,0,1,1,1,0,1,0,1
Russia--Ukraine,EURUSD,1608,1,1,0.7152831046804404,0.081063710480409,0,1,0,1,0,1,1,1,0,1,0,1,0,1,0,1,0,1
Russia--Ukraine,EURUSD,1609,1,1,0.6422358094188216,0.1279952160622057,0,1,0,1,0,1,0,1,0,1,0,1,0,1,0,1,0,1
Russia--Ukraine,EURUSD,1610,1,0,0.5494312145868265,0.2030122303887023,0,1,0,1,0,1,0,1,0,1,0,1,0,1,0,1,0,1
Russia--Ukraine,EURUSD,1611,1,0,0.4948480714268174,0.2551784709412056,0,1,0,1,0,1,0,1,0,1,0,1,0,1,0,1,0,1
Russia--Ukraine,EURUSD,1612,1,0,0.4944176687204551,0.2556134937020595,0,1,1,1,0,1,0,1,0,1,0,1,0,1,0,1,0,1
Russia--Ukraine,EURUSD,1613,1,0,0.2943213389880476,0.497982372607622,0,1,0,1,0,1,0,1,0,1,0,1,0,1,0,1,0,1
Russia--Ukraine,EURUSD,1614,1,0,0.2600941884042123,0.5474606100332213,0,1,0,1,0,1,0,1,0,1,0,1,0,1,0,1,0,1
Russia--Ukraine,EURUSD,1615,1,0,0.2043897225005871,0.6329957136626928,0,1,0,1,0,1,0,1,0,1,0,1,0,1,0,1,1,1
Russia--Ukraine,EURUSD,1616,1,0,0.178750039612837,0.6744514974359168,0,1,0,1,0,1,0,1,0,1,0,1,0,1,0,1,1,1
Russia--Ukraine,EURUSD,1617,1,0,0.1776554244557561,0.6762506009270427,0,1,0,1,0,1,0,1,0,1,0,1,0,1,0,1,0,1
Russia--Ukraine,EURUSD,1618,1,0,0.1816768675836427,0.669652749047719,0,1,0,1,0,1,0,1,0,1,0,1,0,1,0,1,0,1
Russia--Ukraine,EURUSD,1619,1,0,0.1639381280665198,0.698999453700915,0,1,0,1,0,1,0,1,0,1,0,1,0,1,0,1,0,1
Russia--Ukraine,EURUSD,1620,1,0,0.1852676302164441,0.6637888343731286,0,1,0,1,0,1,0,1,0,1,0,1,0,1,0,1,0,1
Russia--Ukraine,EURUSD,1621,1,0,0.2093024536788995,0.6252026097582088,0,1,0,1,0,1,0,1,0,1,0,1,0,1,0,1,0,1
Russia--Ukraine,EURUSD,1622,1,0,0.2549466500495049,0.5551044942724548,0,1,0,1,0,1,0,1,0,1,0,1,0,1,0,1,0,1
Russia--Ukraine,EURUSD,1623,1,0,0.23508851787158,0.5850895754918961,0,1,0,1,1,1,0,1,0,1,0,1,0,1,0,1,0,1
Russia--Ukraine,EURUSD,1624,1,0,0.2130241785703919,0.6193309435148064,0,1,0,1,1,1,0,1,0,1,0,1,0,1,0,1,0,1
Russia--Ukraine,EURUSD,1625,1,0,0.2244768776171239,0.6014361133504853,0,1,0,1,1,1,0,1,0,1,0,1,0,1,0,1,0,1
Russia--Ukraine,EURUSD,1626,1,0,0.1179031174459824,0.7780949102115162,0,1,0,1,1,1,0,1,0,1,0,1,0,1,0,1,0,1
Russia--Ukraine,EURUSD,1627,0,0,0.1521270755260352,0.023142647108104,0,0,0,0,0,0,0,0,0,0,0,0,0,0,0,0,0,0
Russia--Ukraine,EURUSD,1628,0,0,0.1468638983163963,0.0215690046286887,0,0,0,0,0,0,0,0,0,0,0,0,0,0,0,0,0,0
Russia--Ukraine,EURUSD,1629,0,0,0.1384866620466385,0.0191785555648198,0,0,0,0,0,0,0,0,0,0,0,0,0,0,0,0,0,0
Russia--Ukraine,EURUSD,1630,0,0,0.2683492431353742,0.0720113162913281,0,0,0,0,0,0,0,0,0,0,0,0,0,0,0,0,0,0
Russia--Ukraine,EURUSD,1631,0,0,0.2677858786762809,0.0717092768184278,0,0,0,0,0,0,0,0,0,0,0,0,0,0,0,0,0,0
Russia--Ukraine,EURUSD,1632,0,0,0.2890786285499785,0.0835664534843364,0,0,0,0,0,0,0,0,0,0,0,0,0,0,0,0,0,0
Russia--Ukraine,EURUSD,1633,0,0,0.317897538547502,0.1010588450145605,0,0,0,0,0,0,0,0,0,0,0,0,0,0,0,0,0,0
Russia--Ukraine,EURUSD,1634,0,0,0.3187969959641187,0.1016315246357463,0,0,0,0,0,0,0,0,0,0,0,0,0,0,0,0,0,0
Russia--Ukraine,EURUSD,1635,0,0,0.2459619023542698,0.0604972574097313,0,0,0,0,0,0,0,0,0,0,0,0,0,0,0,0,0,0
Russia--Ukraine,EURUSD,1636,0,0,0.3137286936884489,0.0984256932434606,0,0,0,0,0,0,0,0,0,0,0,0,0,0,0,0,0,0
Russia--Ukraine,EURUSD,1637,0,0,0.4787572818781969,0.2292085349513992,0,0,1,0,0,0,0,0,0,0,0,0,0,0,0,0,0,0
Russia--Ukraine,EURUSD,1638,0,0,0.5623378742576908,0.3162238848246584,0,0,1,0,0,0,0,0,0,0,0,0,0,0,0,0,0,0
Russia--Ukraine,EURUSD,1639,0,0,0.4918965211997966,0.2419621875684619,0,0,1,0,0,0,0,0,0,0,0,0,0,0,0,0,0,0
Russia--Ukraine,EURUSD,1640,0,0,0.5391247966405819,0.2906555463527487,0,0,1,0,0,0,0,0,0,0,0,0,0,0,0,0,0,0
Russia--Ukraine,EURUSD,1641,0,0,0.5355381764935923,0.2868011384820819,0,0,1,0,0,0,0,0,0,0,0,0,0,0,0,0,0,0
Russia--Ukraine,EURUSD,1642,0,0,0.5306215406060844,0.2815592193551744,0,0,0,0,0,0,1,0,0,0,0,0,0,0,0,0,0,0
Russia--Ukraine,EURUSD,1643,0,0,0.5459719117354621,0.2980853284040752,0,0,0,0,0,0,0,0,0,0,0,0,0,0,0,0,0,0
Russia--Ukraine,EURUSD,1644,0,0,0.5312006146756386,0.2821740930317763,0,0,0,0,0,0,0,0,0,0,0,0,0,0,0,0,0,0
Russia--Ukraine,EURUSD,1645,0,0,0.4585627584507585,0.2102798034379686,0,0,0,0,0,0,1,0,0,0,0,0,0,0,0,0,0,0
Russia--Ukraine,EURUSD,1646,0,0,0.4000936224553139,0.1600749067294153,0,0,0,0,0,0,0,0,0,0,0,0,0,0,0,0,0,0
Russia--Ukraine,EURUSD,1647,0,0,0.5122606128892903,0.2624109355177113,0,0,0,0,0,0,0,0,0,0,0,0,0,0,0,0,0,0
Russia--Ukraine,EURUSD,1648,0,1,0.6217652605361913,0.3865920392096378,0,0,0,0,0,0,1,0,0,0,0,0,0,0,0,0,0,0
Russia--Ukraine,EURUSD,1649,0,1,0.6917375787919996,0.4785008779130179,0,0,0,0,0,0,1,0,0,0,0,0,0,0,0,0,0,0
Russia--Ukraine,EURUSD,1650,0,1,0.6623664331000605,0.4387292916976969,0,0,0,0,0,0,1,0,0,0,0,0,1,0,0,0,0,0
Russia--Ukraine,EURUSD,1651,0,1,0.6586091650244212,0.4337660322541653,0,0,0,0,0,0,1,0,0,0,0,0,1,0,0,0,0,0
Russia--Ukraine,EURUSD,1652,0,1,0.6326900981707388,0.4002967603232991,1,0,0,0,0,0,0,0,0,0,1,0,0,0,0,0,0,0
Russia--Ukraine,EURUSD,1653,0,1,0.7306292320485319,0.5338190747238275,1,0,1,0,0,0,1,0,0,0,1,0,0,0,0,0,0,0
Russia--Ukraine,EURUSD,1654,0,1,0.7320836975392916,0.535946540202801,1,0,1,0,0,0,0,0,0,0,1,0,0,0,0,0,0,0
Russia--Ukraine,EURUSD,1655,0,1,0.7050560773010628,0.4971040721391622,1,0,1,0,0,0,0,0,0,0,1,0,1,0,0,0,0,0
Russia--Ukraine,EURUSD,1656,0,1,0.6362218500470302,0.4047782424772658,1,0,0,0,0,0,0,0,0,0,1,0,1,0,0,0,0,0
Russia--Ukraine,EURUSD,1657,0,1,0.6374676202040688,0.4063649668086388,1,0,0,0,0,0,1,0,0,0,1,0,1,0,0,0,0,0
Russia--Ukraine,EURUSD,1658,0,0,0.579329486620711,0.3356226540682166,1,0,0,0,0,0,1,0,0,0,1,0,1,0,0,0,0,0
Russia--Ukraine,EURUSD,1659,0,1,0.6848788074946872,0.4690589809553448,1,0,0,0,0,0,0,0,0,0,1,0,0,0,0,0,0,0
Russia--Ukraine,EURUSD,1660,0,1,0.7397250146595064,0.5471930973130069,0,0,0,0,0,0,1,0,0,0,0,0,0,0,0,0,0,0
Russia--Ukraine,EURUSD,1661,0,1,0.7566866530539681,0.5725746909100163,0,0,0,0,0,0,0,0,0,0,0,0,0,0,0,0,0,0
Russia--Ukraine,EURUSD,1662,0,1,0.6754640206395165,0.4562516431785011,0,0,0,0,0,0,1,0,0,0,0,0,0,0,0,0,0,0
Russia--Ukraine,EURUSD,1663,0,1,0.6343429729944022,0.4023910073873769,0,0,0,0,0,0,1,0,0,0,0,0,0,0,0,0,0,0
Russia--Ukraine,EURUSD,1664,0,0,0.2501759743189904,0.0625880181264561,0,0,0,0,0,0,0,0,0,0,0,0,0,0,0,0,0,0
Russia--Ukraine,EURUSD,1665,0,0,0.2248324579840833,0.0505496341631645,0,0,0,0,0,0,0,0,0,0,0,0,0,0,0,0,0,0
Russia--Ukraine,EURUSD,1666,0,0,0.2350430166228951,0.0552452196631905,0,0,0,0,0,0,0,0,0,0,0,0,0,0,0,0,0,0
Russia--Ukraine,EURUSD,1667,0,0,0.2562340849063247,0.0656559062677816,0,0,0,0,0,0,0,0,0,0,0,0,0,0,0,0,0,0
Russia--Ukraine,EURUSD,1668,0,0,0.2436467947549753,0.059363760594373,0,0,0,0,0,0,0,0,0,0,0,0,0,0,0,0,0,0
Russia--Ukraine,EURUSD,1669,0,0,0.1884936796228536,0.035529867257763,0,0,0,0,0,0,0,0,0,0,0,0,0,0,0,0,0,0
Chinese,USOIL,1863,0,0,0.4640881230220636,0.2153777859301421,0,0,0,0,0,0,0,0,0,0,0,0,0,0,0,0,0,0
Chinese,USOIL,1864,0,0,0.5372387869958738,0.2886255142527978,0,0,0,0,0,0,0,0,0,0,0,0,0,0,0,0,0,0
Chinese,USOIL,1865,0,0,0.4034145969033199,0.162743336994668,0,0,0,0,0,0,0,0,0,0,0,0,0,0,0,0,0,0
Chinese,USOIL,1866,0,0,0.3915076073008237,0.153278206574416,0,0,0,0,0,0,0,0,0,0,0,0,0,0,0,0,0,0
Chinese,USOIL,1867,0,0,0.4216739743865785,0.1778089406749728,0,0,0,0,0,0,0,0,0,0,0,0,0,0,0,0,0,0
Chinese,USOIL,1868,0,0,0.4665667850143334,0.2176845648786112,0,0,0,0,0,0,0,0,0,0,0,0,0,0,0,0,0,0
Chinese,USOIL,1869,0,0,0.3734439676389821,0.1394603969659451,0,0,0,0,0,0,0,0,0,0,0,0,0,0,0,0,0,0
Chinese,USOIL,1870,0,0,0.4246100768153827,0.1802937173331652,0,0,0,0,0,0,0,0,0,0,0,0,0,0,0,0,0,0
Chinese,USOIL,1871,0,0,0.4523978571975298,0.2046638211969166,0,0,0,0,0,0,0,0,0,0,0,0,0,0,0,0,0,0
Chinese,USOIL,1872,0,0,0.424127804477229,0.1798843945306745,0,0,0,0,0,0,0,0,0,0,0,0,0,0,0,0,0,0
Chinese,USOIL,1873,0,0,0.2752320048961706,0.0757526565191657,0,0,0,0,0,0,0,0,0,0,0,0,0,0,0,0,0,0
Chinese,USOIL,1874,0,0,0.2399238359325239,0.0575634470485766,0,0,0,0,0,0,0,0,0,0,0,0,0,0,0,0,0,0
Chinese,USOIL,1875,0,0,0.1552805556658288,0.0241120509678885,0,0,0,0,0,0,0,0,0,0,0,0,0,0,0,0,0,0
Chinese,USOIL,1876,0,0,0.1911496940175727,0.0365382055230116,0,0,0,0,0,0,0,0,0,0,0,0,0,0,0,0,0,0
Chinese,USOIL,1877,1,0,0.1440551602455394,0.7326415687022891,0,1,0,1,0,1,0,1,0,1,0,1,0,1,0,1,0,1
Chinese,USOIL,1878,1,0,0.1668314462959537,0.6941698388812922,0,1,0,1,0,1,0,1,0,1,0,1,0,1,0,1,0,1
Chinese,USOIL,1879,1,0,0.0605749582625444,0.8825194090434201,0,1,0,1,0,1,0,1,0,1,0,1,0,1,0,1,0,1
Chinese,USOIL,1880,1,0,0.0468687059163709,0.9084592637615334,0,1,0,1,0,1,0,1,0,1,0,1,0,1,0,1,0,1
Chinese,USOIL,1881,1,0,0.1480214579351426,0.7258674361389599,0,1,0,1,0,1,0,1,0,1,0,1,0,1,0,1,0,1
Chinese,USOIL,1882,1,0,0.0530313850382543,0.8967495577225669,0,1,0,1,0,1,0,1,0,1,0,1,0,1,0,1,0,1
Chinese,USOIL,1883,1,0,0.0866467704088744,0.8342141220045395,0,1,0,1,0,1,0,1,0,1,0,1,0,1,0,1,0,1
Chinese,USOIL,1884,1,0,0.1112447210210741,0.7898859459129084,0,1,0,1,0,1,0,1,0,1,0,1,0,1,0,1,0,1
Chinese,USOIL,1885,1,0,0.1195777542657622,0.7751433307837186,0,1,0,1,0,1,0,1,0,1,0,1,0,1,0,1,0,1
Chinese,USOIL,1886,1,0,0.1093183808423128,0.7933137467053593,0,1,0,1,0,1,0,1,0,1,0,1,0,1,0,1,0,1
Chinese,USOIL,1887,1,0,0.1960133231120288,0.6463945766133629,0,1,0,1,0,1,0,1,0,1,0,1,0,1,0,1,0,1
Chinese,USOIL,1888,1,0,0.1816262725927592,0.6697355577104208,0,1,0,1,0,1,0,1,0,1,0,1,0,1,0,1,0,1
Chinese,USOIL,1889,1,0,0.327900555726645,0.4517176629925526,0,1,0,1,0,1,0,1,0,1,0,1,0,1,0,1,0,1
Chinese,USOIL,1890,1,0,0.2565377169669187,0.5527361662927615,0,1,0,1,0,1,0,1,0,1,0,1,0,1,0,1,0,1
Chinese,USOIL,1891,1,0,0.2642812443466057,0.5412820874201787,0,1,0,1,0,1,0,1,0,1,0,1,0,1,0,1,0,1
Chinese,USOIL,1892,1,0,0.3997981792496997,0.3602422256319757,0,1,0,1,0,1,0,1,0,1,0,1,0,1,0,1,0,1
Chinese,USOIL,1893,1,0,0.4992864482327591,0.2507140609233655,0,1,0,1,0,1,0,1,0,1,0,1,0,1,0,1,1,1
Chinese,USOIL,1894,1,0,0.5539966249522852,0.1989190105539525,0,1,1,1,0,1,0,1,0,1,0,1,0,1,0,1,1,1
Chinese,USOIL,1895,1,1,0.6182642861403012,0.1457221552359738,0,1,1,1,0,1,0,1,0,1,0,1,0,1,0,1,1,1
Chinese,USOIL,1896,1,0,0.5272879069417417,0.2234567229235195,0,1,1,1,0,1,0,1,0,1,0,1,0,1,0,1,1,1
Chinese,USOIL,1897,1,0,0.5682493925547218,0.1864085870293667,0,1,1,1,0,1,0,1,0,1,0,1,0,1,0,1,0,1
Chinese,USOIL,1898,1,1,0.9386178776736744,0.0037677649412839,0,1,1,1,1,1,1,1,1,1,1,1,1,1,0,1,0,1
Chinese,USOIL,1899,1,1,0.9125095723329056,0.007654574933371,0,1,1,1,0,1,0,1,1,1,1,1,1,1,0,1,0,1
Chinese,USOIL,1900,1,1,0.914281478481058,0.0073476649313933,0,1,1,1,0,1,0,1,1,1,1,1,1,1,0,1,0,1
Chinese,USOIL,1901,1,1,0.8663668287037903,0.0178578244706821,0,1,1,1,0,1,0,1,0,1,1,1,1,1,0,1,0,1
Chinese,USOIL,1902,1,1,0.8039990569605677,0.0384163696723467,0,1,1,1,0,1,0,1,1,1,1,1,0,1,0,1,0,1
Chinese,USOIL,1903,1,1,0.7878381320889547,0.0450126581955038,0,1,1,1,0,1,0,1,0,1,1,1,0,1,0,1,0,1
Chinese,USOIL,1904,1,1,0.7563259356763695,0.0593770496239968,0,1,1,1,0,1,0,1,0,1,1,1,0,1,0,1,0,1
Chinese,USOIL,1905,1,1,0.7213093211558478,0.0776684944746144,0,1,1,1,0,1,0,1,0,1,1,1,0,1,0,1,0,1
Chinese,USOIL,1906,1,1,0.6981582298010284,0.0911084542368488,0,1,1,1,0,1,0,1,0,1,1,1,0,1,0,1,0,1
Chinese,USOIL,1907,1,1,0.6768299745969368,0.1044388653190164,0,1,1,1,0,1,0,1,0,1,1,1,0,1,0,1,0,1
Chinese,USOIL,1908,1,0,0.5653358597584048,0.1889329148119651,0,1,1,1,0,1,0,1,0,1,1,1,0,1,0,1,0,1
Chinese,USOIL,1909,1,0,0.539354649691234,0.2121941387610857,0,1,0,1,0,1,0,1,0,1,0,1,0,1,0,1,0,1
Chinese,USOIL,1910,1,0,0.4774307493269599,0.2730786217489825,0,1,0,1,0,1,0,1,0,1,0,1,0,1,0,1,0,1
Chinese,USOIL,1911,1,0,0.4310262127899638,0.3237311705321316,0,1,0,1,0,1,0,1,0,1,0,1,0,1,0,1,0,1
Chinese,USOIL,1912,1,0,0.3755701657107416,0.3899126179505108,0,1,0,1,0,1,0,1,0,1,0,1,0,1,0,1,0,1
Chinese,USOIL,1913,1,0,0.3592608284394671,0.4105466859720779,0,1,0,1,0,1,0,1,0,1,0,1,0,1,0,1,0,1
Chinese,USOIL,1914,1,0,0.2753823809735857,0.5250706938035097,0,1,0,1,0,1,0,1,0,1,0,1,0,1,0,1,0,1
Chinese,USOIL,1915,1,0,0.2251486474489087,0.6003946185502556,0,1,0,1,0,1,0,1,0,1,0,1,0,1,0,1,0,1
Chinese,USOIL,1916,1,0,0.1609599635310198,0.7039881827978676,0,1,0,1,0,1,0,1,0,1,0,1,0,1,0,1,0,1
Chinese,USOIL,1917,1,0,0.119537771572479,0.7752137356875561,0,1,0,1,0,1,0,1,0,1,0,1,0,1,0,1,0,1
Chinese,USOIL,1918,1,0,0.2308265087901544,0.5916278595799424,0,1,0,1,0,1,0,1,0,1,0,1,0,1,0,1,0,1
Chinese,USOIL,1919,1,0,0.2799364775048529,0.5184914764281191,0,1,0,1,0,1,0,1,0,1,0,1,0,1,0,1,0,1
Chinese,USOIL,1920,1,0,0.2946763965082852,0.4974813856425376,0,1,0,1,0,1,0,1,0,1,0,1,0,1,0,1,0,1
Chinese,USOIL,1921,1,0,0.2866347479110728,0.5088899828878986,0,1,0,1,0,1,0,1,0,1,0,1,0,1,0,1,0,1
Chinese,USOIL,1922,1,0,0.479430269909883,0.2709928438860972,0,1,0,1,0,1,0,1,0,1,0,1,0,1,0,1,0,1
Chinese,USOIL,1923,1,0,0.5166206871267695,0.2336555601137965,0,1,1,1,0,1,0,1,0,1,0,1,0,1,0,1,0,1
Chinese,USOIL,1924,1,1,0.7036224107415385,0.0878396754146573,0,1,1,1,0,1,0,1,0,1,0,1,0,1,0,1,0,1
Chinese,USOIL,1925,1,1,0.7306854171093763,0.0725303445575506,0,1,1,1,0,1,0,1,0,1,0,1,0,1,0,1,0,1
Chinese,USOIL,1926,1,1,0.7558832713888531,0.0595929771878083,1,1,1,1,0,1,0,1,0,1,0,1,0,1,0,1,0,1
Chinese,USOIL,1927,1,1,0.644718466199163,0.1262249682598753,0,1,1,1,0,1,1,1,0,1,0,1,0,1,0,1,0,1
Chinese,USOIL,1928,1,1,0.6437217428300991,0.126934196532022,0,1,1,1,0,1,0,1,0,1,0,1,0,1,0,1,0,1
Chinese,USOIL,1929,1,1,0.6728675995190682,0.1070156074444167,0,1,1,1,0,1,1,1,0,1,0,1,0,1,0,1,0,1
Chinese,USOIL,1930,1,1,0.7290824560809022,0.0733963156031563,0,1,1,1,0,1,1,1,0,1,0,1,0,1,0,1,0,1
Chinese,USOIL,1931,1,1,0.6235793613361691,0.1416924972120863,1,1,1,1,0,1,0,1,0,1,0,1,0,1,0,1,0,1
Chinese,USOIL,1932,1,1,0.7831410926826352,0.0470277856828814,0,1,1,1,0,1,1,1,0,1,0,1,0,1,0,1,0,1
Chinese,USOIL,1933,1,1,0.6764363083740271,0.1046934625386276,0,1,1,1,0,1,1,1,0,1,0,1,0,1,0,1,0,1
Chinese,USOIL,1934,1,1,0.6806947993181215,0.1019558111824947,0,1,1,1,0,1,1,1,0,1,0,1,0,1,0,1,0,1
Chinese,USOIL,1935,1,1,0.7066430503549346,0.0860582999050574,0,1,1,1,0,1,1,1,0,1,0,1,0,1,0,1,0,1
Chinese,USOIL,1936,1,1,0.7850731599270164,0.0461935465837578,0,1,1,1,0,1,0,1,0,1,0,1,0,1,0,1,0,1
Chinese,USOIL,1937,1,0,0.5444724695347608,0.2075053310117594,0,1,1,1,0,1,0,1,0,1,0,1,0,1,0,1,0,1
Chinese,USOIL,1938,1,0,0.5598315732363548,0.1937482439195824,0,1,1,1,0,1,0,1,0,1,0,1,0,1,0,1,0,1
Chinese,USOIL,1939,1,1,0.6643472824230914,0.1126627468167639,0,1,1,1,0,1,1,1,0,1,0,1,0,1,0,1,0,1
Chinese,USOIL,1940,1,1,0.7070438609457605,0.0858232994095668,0,1,1,1,0,1,0,1,0,1,0,1,0,1,0,1,0,1
Chinese,USOIL,1941,1,1,0.7613256911899048,0.0569654256859766,0,1,1,1,0,1,0,1,0,1,0,1,1,1,0,1,0,1
Chinese,USOIL,1942,1,0,0.3682397949788634,0.3991209566483485,0,1,0,1,0,1,0,1,0,1,0,1,0,1,0,1,0,1
Chinese,USOIL,1943,1,0,0.3864341620951768,0.3764630374438478,0,1,0,1,0,1,0,1,0,1,0,1,0,1,0,1,0,1
Chinese,USOIL,1944,1,0,0.3887026272436418,0.373684477938826,0,1,0,1,0,1,0,1,0,1,0,1,0,1,0,1,0,1
Chinese,USOIL,1945,1,0,0.3642591164770222,0.4041664709825763,0,1,0,1,0,1,0,1,0,1,0,1,0,1,0,1,0,1
Chinese,USOIL,1946,1,0,0.3548848188502176,0.4161735969499165,0,1,0,1,0,1,0,1,0,1,0,1,0,1,0,1,0,1
Chinese,USOIL,1947,0,0,0.4364158964372748,0.1904588346631501,0,0,0,0,0,0,0,0,0,0,0,0,0,0,0,0,0,0
Chinese,USOIL,1948,0,0,0.4403410858026796,0.1939002718458828,0,0,0,0,0,0,0,0,0,0,0,0,0,0,0,0,0,0
Chinese,USOIL,1949,0,0,0.2222704780088299,0.0494041653942737,0,0,0,0,0,0,0,0,0,0,0,0,0,0,0,0,0,0
Chinese,USOIL,1950,0,0,0.2621162016846741,0.0687049031856007,0,0,0,0,0,0,0,0,0,0,0,0,0,0,0,0,0,0
Chinese,USOIL,1951,0,0,0.2216032590006026,0.0491080043996881,0,0,0,0,0,0,0,0,0,0,0,0,0,0,0,0,0,0
Chinese,USOIL,1952,0,0,0.2885854395777059,0.0832815559362577,0,0,0,0,0,0,0,0,0,0,0,0,0,0,0,0,0,0
Chinese,USOIL,1953,0,0,0.2687924386231939,0.0722493750610035,0,0,0,0,0,0,0,0,0,0,0,0,0,0,0,0,0,0
Chinese,USOIL,1954,0,0,0.2762433768188221,0.0763104032362657,0,0,0,0,0,0,0,0,0,0,0,0,0,0,0,0,0,0
Chinese,USOIL,1955,0,0,0.3312274040574086,0.1097115931986098,0,0,0,0,0,0,0,0,0,0,0,0,0,0,0,0,0,0
Chinese,USOIL,1956,0,0,0.3183799161573619,0.1013657710123688,0,0,0,0,0,0,0,0,0,0,0,0,0,0,0,0,0,0
Chinese,USOIL,1957,0,0,0.4072130322430835,0.1658224536286065,0,0,0,0,0,0,0,0,0,0,0,0,0,0,0,0,0,0
Chinese,USOIL,1958,0,0,0.4590597318947836,0.2107358374473106,0,0,1,0,0,0,0,0,0,0,0,0,0,0,0,0,0,0
Chinese,USOIL,1959,0,0,0.5410744117734835,0.2927615190760211,0,0,1,0,0,0,0,0,0,0,0,0,0,0,0,0,0,0
Chinese,USOIL,1960,0,1,0.6495853609753792,0.4219611411935137,0,0,1,0,1,0,0,0,0,0,0,0,0,0,0,0,0,0
Chinese,USOIL,1961,0,1,0.6221828865329452,0.3871115442944677,0,0,1,0,0,0,0,0,0,0,0,0,0,0,0,0,0,0
Chinese,USOIL,1962,0,0,0.1944851068576047,0.0378244567894139,0,0,0,0,0,0,0,0,0,0,0,0,0,0,0,0,0,0
Chinese,USOIL,1963,0,0,0.2944629358287742,0.0867084205769007,0,0,0,0,0,0,0,0,0,0,0,0,0,0,0,0,0,0
Chinese,USOIL,1964,0,0,0.3472505228373234,0.1205829256107944,0,0,0,0,0,0,0,0,0,0,0,0,0,0,0,0,0,0
Chinese,USOIL,1965,0,0,0.4316441614133983,0.1863166820822758,0,0,0,0,0,0,0,0,0,0,0,0,0,0,0,0,0,0
Chinese,USOIL,1966,0,0,0.5050647645532435,0.2550904163932232,0,0,0,0,0,0,0,0,0,0,0,0,0,0,0,0,0,0
Chinese,USOIL,1967,0,0,0.3359307087992124,0.1128494411143412,0,0,0,0,0,0,0,0,0,0,0,0,0,0,0,0,0,0
Chinese,USOIL,1968,0,0,0.4838543248949374,0.2341150077195357,0,0,0,0,0,0,0,0,0,0,0,0,0,0,0,0,0,0
Chinese,USOIL,1969,0,0,0.4905464533733719,0.2406358229171937,0,0,0,0,0,0,0,0,0,0,0,0,0,0,0,0,0,0
Chinese,USOIL,1970,0,1,0.602890010171619,0.3634763643647349,0,0,0,0,0,0,0,0,0,0,0,0,0,0,0,0,0,0
Chinese,USOIL,1971,0,0,0.525649976908472,0.2763078982238772,0,0,0,0,0,0,0,0,0,0,0,0,0,0,0,0,0,0
Chinese,USOIL,1972,0,1,0.6179994568097023,0.381923328617087,0,0,0,0,0,0,0,0,0,0,0,0,0,0,0,0,0,0
Chinese,USOIL,1973,0,0,0.44469947068455,0.197757619227119,0,0,0,0,0,0,1,0,0,0,0,0,0,0,0,0,0,0
Chinese,USOIL,1974,0,0,0.5126357261694945,0.2627953877453249,0,0,0,0,0,0,0,0,0,0,0,0,0,0,0,0,0,0
Chinese,USOIL,1975,0,0,0.5457709217069421,0.2978658989808451,0,0,0,0,0,0,0,0,0,0,0,0,0,0,0,0,0,0
Chinese,USOIL,1976,0,1,0.6767797921690238,0.4580308870883471,0,0,0,0,0,0,0,0,0,0,0,0,0,0,0,0,0,0
Chinese,USOIL,1977,0,1,0.6303274258308897,0.3973126637545958,0,0,1,0,0,0,1,0,0,0,0,0,0,0,0,0,0,0
Chinese,USOIL,1978,0,0,0.5299467816742223,0.2808435914068658,0,0,1,0,0,0,0,0,0,0,0,0,0,0,0,0,0,0
Chinese,USOIL,1979,0,1,0.6569431769818604,0.43157433778302,0,0,1,0,0,0,1,0,0,0,0,0,0,0,0,0,0,0
Chinese,USOIL,1980,0,1,0.6191132104620581,0.3833011673686367,0,0,1,0,0,0,0,0,0,0,0,0,0,0,0,0,0,0
Chinese,USOIL,1981,0,1,0.6305152221124566,0.3975494453155204,0,0,1,0,0,0,0,0,0,0,0,0,0,0,0,0,0,0
Chinese,USOIL,1982,0,1,0.7793627369923468,0.607406275812202,0,0,1,0,0,0,1,0,0,0,0,0,0,0,0,0,0,0
Chinese,USOIL,1983,0,1,0.7824215151508251,0.6121834273709129,0,0,1,0,0,0,1,0,0,0,0,0,0,0,0,0,0,0
Chinese,USOIL,1984,0,1,0.7019782000621518,0.4927733933624985,0,0,1,0,0,0,0,0,0,0,0,0,0,0,0,0,0,0
Chinese,USOIL,1985,0,1,0.6874496227079718,0.4725869837613328,0,0,1,0,0,0,0,0,0,0,0,0,0,0,0,0,0,0
Chinese,USOIL,1986,0,1,0.6964286978376787,0.4850129311718847,0,0,1,0,0,0,1,0,0,0,0,0,0,0,0,0,0,0
Chinese,USOIL,1987,0,1,0.7892147914725874,0.6228599870791197,0,0,1,0,0,0,0,0,0,0,0,0,0,0,0,0,0,0
Chinese,USOIL,1988,0,1,0.6748384108308972,0.4554068807327708,0,0,1,0,0,0,1,0,0,0,0,0,0,0,0,0,0,0
Chinese,USOIL,1989,0,1,0.8128908583629152,0.660791547609997,1,0,1,0,0,0,1,0,0,0,0,0,0,0,0,0,0,0
Chinese,USOIL,1990,0,1,0.7702120426413565,0.5932265906297707,1,0,1,0,0,0,1,0,0,0,0,0,0,0,0,0,0,0
Chinese,USOIL,1991,0,1,0.7678224788938776,0.5895513590947391,1,0,1,0,0,0,1,0,0,0,0,0,0,0,0,0,0,0
Chinese,USOIL,1992,0,1,0.6030379378826822,0.3636547545257977,1,0,1,0,0,0,1,0,0,0,0,0,0,0,0,0,0,0
Chinese,USOIL,1993,0,0,0.5597089099619182,0.3132740638907587,1,0,1,0,0,0,0,0,0,0,0,0,0,0,0,0,0,0
Chinese,USOIL,1994,0,0,0.5845934509092618,0.3417495028459995,1,0,0,0,0,0,1,0,0,0,0,0,0,0,0,0,0,0
Chinese,USOIL,1995,0,0,0.5852311299700972,0.3424954754860768,0,0,1,0,0,0,1,0,0,0,0,0,0,0,0,0,0,0
Chinese,USOIL,1996,0,0,0.4088140659026465,0.1671289404798534,0,0,1,0,0,0,0,0,0,0,0,0,0,0,0,0,0,0
Chinese,USOIL,1997,0,0,0.4378627931761137,0.1917238256479881,0,0,1,0,0,0,0,0,0,0,0,0,0,0,0,0,0,0
Chinese,USOIL,1998,0,0,0.4732853143403936,0.2239989887702852,0,0,1,0,0,0,0,0,0,0,0,0,0,0,0,0,0,0
Chinese,USOIL,1999,0,1,0.7079024037951005,0.5011258132988815,0,0,1,0,0,0,0,0,0,0,0,0,0,0,0,0,0,0
Chinese,USOIL,2000,0,1,0.7046792632560364,0.4965728640630702,0,0,1,0,0,0,0,0,0,0,0,0,0,0,0,0,0,0
Chinese,USOIL,2001,0,1,0.791587375343529,0.626610572803257,0,0,1,0,0,0,0,0,0,0,0,0,0,0,1,0,0,0
Chinese,USOIL,2002,0,1,0.8055975231588717,0.6489873693197088,0,0,1,0,0,0,0,0,0,0,0,0,0,0,1,0,0,0
Chinese,USOIL,2003,0,1,0.7059820789761989,0.498410695835556,1,0,1,0,0,0,0,0,0,0,0,0,0,0,0,0,0,0
Chinese,USOIL,2004,0,1,0.6905094837220644,0.4768033471101119,1,0,1,0,0,0,1,0,0,0,0,0,0,0,0,0,0,0
Chinese,USOIL,2005,0,1,0.7565769936564142,0.5724087473301778,1,0,1,0,0,0,1,0,0,0,0,0,0,0,0,0,0,0
Chinese,USOIL,2006,0,1,0.8293783746560128,0.6878684883470496,1,0,1,0,0,0,1,0,0,0,0,0,0,0,1,0,0,0
Chinese,USOIL,2007,0,1,0.773158578346916,0.5977741872714243,0,0,1,0,0,0,1,0,0,0,0,0,0,0,1,0,0,0
Chinese,USOIL,2008,0,1,0.5975656191020413,0.3570846691328059,0,0,0,0,0,0,0,0,0,0,0,0,0,0,0,0,0,0
Chinese,USOIL,2009,0,1,0.6111806604495885,0.3735417997075952,0,0,0,0,0,0,1,0,0,0,0,0,0,0,0,0,0,0
Chinese,GOLD,1862,0,1,0.6669487747678967,0.4448206681643986,0,0,1,0,0,0,0,0,0,0,0,0,0,0,0,0,0,0
Chinese,GOLD,1863,0,1,0.8287734522048341,0.6868654350795185,0,0,1,0,0,0,1,0,0,0,0,0,0,0,0,0,0,0
Chinese,GOLD,1864,0,1,0.8501307922122437,0.7227223638674172,0,0,1,0,0,0,0,0,0,0,1,0,0,0,0,0,0,0
Chinese,GOLD,1865,0,1,0.8167565573167777,0.6670912739199547,0,0,1,0,0,0,0,0,0,0,1,0,0,0,0,0,0,0
Chinese,GOLD,1866,0,1,0.8143698982309535,0.6631983311446936,0,0,1,0,0,0,0,0,0,0,1,0,0,0,0,0,0,0
Chinese,GOLD,1867,0,1,0.7461124208792848,0.556683744590347,0,0,1,0,0,0,1,0,0,0,1,0,0,0,0,0,0,0
Chinese,GOLD,1868,0,1,0.6442138328706715,0.4150114624619214,0,0,0,0,0,0,0,0,0,0,0,0,0,0,0,0,0,0
Chinese,GOLD,1869,0,1,0.6559465946530918,0.4302659350369875,0,0,1,0,0,0,1,0,0,0,0,0,0,0,0,0,0,0
Chinese,GOLD,1870,0,1,0.6112562685846922,0.3736342258840813,0,0,1,0,0,0,0,0,0,0,0,0,0,0,0,0,0,0
Chinese,GOLD,1871,0,1,0.6645822239236646,0.4416695323553239,0,0,0,0,0,0,0,0,0,0,0,0,0,0,0,0,0,0
Chinese,GOLD,1872,0,1,0.6734326580470594,0.4535115449243276,0,0,1,0,0,0,0,0,0,0,0,0,0,0,0,0,0,0
Chinese,GOLD,1873,0,1,0.7462570580500303,0.5568995966894863,1,0,1,0,0,0,1,0,0,0,0,0,0,0,0,0,0,0
Chinese,GOLD,1874,0,1,0.7883437717450371,0.6214859024491912,0,0,1,0,0,0,1,0,0,0,0,0,0,0,0,0,0,0
Chinese,GOLD,1875,0,1,0.7667710838834679,0.5879378950798282,0,0,1,0,0,0,1,0,0,0,0,0,0,0,0,0,0,0
Chinese,GOLD,1876,1,1,0.7288125428357102,0.0735426369232335,0,1,1,1,0,1,0,1,0,1,0,1,1,1,0,1,0,1
Chinese,GOLD,1877,1,1,0.7437712164356102,0.0656531895268869,0,1,1,1,0,1,1,1,0,1,0,1,1,1,0,1,0,1
Chinese,GOLD,1878,1,1,0.7744412509057621,0.0508767492929573,0,1,1,1,0,1,0,1,0,1,0,1,1,1,0,1,0,1
Chinese,GOLD,1879,1,1,0.8793678016054672,0.0145521272894979,0,1,1,1,0,1,1,1,0,1,0,1,1,1,0,1,0,1
Chinese,GOLD,1880,1,1,0.8756779683057869,0.0154559675645769,1,1,1,1,0,1,0,1,0,1,0,1,1,1,0,1,0,1
Chinese,GOLD,1881,1,1,0.8790699190276077,0.0146240844839893,1,1,1,1,0,1,0,1,0,1,0,1,1,1,0,1,0,1
Chinese,GOLD,1882,1,1,0.5987283684794836,0.161018922263137,0,1,0,1,0,1,0,1,0,1,0,1,0,1,0,1,0,1
Chinese,GOLD,1883,1,0,0.4644762805675122,0.2867856540748059,0,1,0,1,0,1,0,1,0,1,0,1,0,1,0,1,0,1
Chinese,GOLD,1884,1,0,0.3551975211439113,0.4157702367389566,0,1,0,1,0,1,0,1,0,1,0,1,0,1,0,1,0,1
Chinese,GOLD,1885,1,0,0.286640487862655,0.5088817935568308,0,1,0,1,0,1,0,1,0,1,0,1,0,1,0,1,0,1
Chinese,GOLD,1886,1,0,0.2866849980650804,0.5088182919854142,0,1,0,1,0,1,0,1,0,1,0,1,0,1,0,1,0,1
Chinese,GOLD,1887,1,0,0.3094178900788468,0.4769036505431516,0,1,0,1,0,1,0,1,0,1,0,1,0,1,0,1,0,1
Chinese,GOLD,1888,1,0,0.2082271156017041,0.6269043004683972,0,1,0,1,0,1,0,1,0,1,0,1,0,1,0,1,0,1
Chinese,GOLD,1889,1,0,0.2006305260245713,0.6389915559237536,0,1,0,1,0,1,0,1,0,1,0,1,0,1,0,1,0,1
Chinese,GOLD,1890,1,0,0.1207489468345043,0.7730824144926332,0,1,0,1,0,1,0,1,0,1,0,1,0,1,0,1,0,1
Chinese,GOLD,1891,1,0,0.1395710810831895,0.7403379245083511,0,1,0,1,0,1,0,1,0,1,0,1,0,1,0,1,0,1
Chinese,GOLD,1892,1,0,0.1457143642188186,0.7298039475020572,0,1,0,1,0,1,0,1,0,1,0,1,0,1,0,1,0,1
Chinese,GOLD,1893,1,0,0.1826309590955963,0.6680921490289847,0,1,0,1,0,1,0,1,0,1,0,1,0,1,0,1,0,1
Chinese,GOLD,1894,1,0,0.1651021485117692,0.6970544224196638,0,1,0,1,0,1,0,1,0,1,0,1,0,1,0,1,0,1
Chinese,GOLD,1895,1,0,0.3190570590683669,0.4636832888046215,0,1,0,1,0,1,0,1,0,1,0,1,0,1,0,1,0,1
Chinese,GOLD,1896,1,0,0.3160987265413639,0.4677209518383441,0,1,0,1,0,1,0,1,0,1,0,1,0,1,0,1,0,1
Chinese,GOLD,1897,1,0,0.4344232812708707,0.3198770247684086,0,1,1,1,1,1,0,1,0,1,0,1,0,1,0,1,0,1
Chinese,GOLD,1898,1,0,0.504894377533042,0.2451295773983939,0,1,1,1,0,1,0,1,0,1,0,1,0,1,0,1,0,1
Chinese,GOLD,1899,1,0,0.4941987402494504,0.2558349143652429,0,1,1,1,0,1,0,1,0,1,0,1,0,1,0,1,0,1
Chinese,GOLD,1900,1,0,0.5311087106614519,0.219859041217566,0,1,1,1,0,1,0,1,0,1,0,1,0,1,0,1,0,1
Chinese,GOLD,1901,1,1,0.5939101670867714,0.1649089523954939,0,1,1,1,0,1,0,1,0,1,0,1,0,1,0,1,0,1
Chinese,GOLD,1902,1,1,0.5902642657371624,0.1678833719319066,0,1,1,1,0,1,0,1,0,1,0,1,0,1,0,1,0,1
Chinese,GOLD,1903,1,1,0.7513688960198303,0.0618174258663979,1,1,1,1,0,1,1,1,0,1,0,1,0,1,0,1,0,1
Chinese,GOLD,1904,1,1,0.7391221513121934,0.0680572519359781,1,1,1,1,0,1,0,1,0,1,0,1,0,1,0,1,0,1
Chinese,GOLD,1905,1,1,0.6852784297424329,0.0990496667853887,1,1,1,1,0,1,1,1,0,1,0,1,0,1,0,1,0,1
Chinese,GOLD,1906,1,1,0.6000373208564244,0.1599701447077068,1,1,0,1,0,1,0,1,0,1,0,1,0,1,0,1,0,1
Chinese,GOLD,1907,1,0,0.5684558383845103,0.1862303634244159,1,1,0,1,0,1,1,1,0,1,0,1,0,1,0,1,0,1
Chinese,GOLD,1908,1,0,0.4682113259223753,0.282799193877238,0,1,0,1,0,1,0,1,0,1,0,1,0,1,0,1,0,1
Chinese,GOLD,1909,1,0,0.4982015356163289,0.2518016988578104,0,1,0,1,1,1,1,1,0,1,0,1,0,1,0,1,0,1
Chinese,GOLD,1910,1,0,0.4918197150760195,0.258247201985418,0,1,0,1,0,1,0,1,0,1,0,1,0,1,0,1,0,1
Chinese,GOLD,1911,1,0,0.5655879776310924,0.1887138051786443,0,1,0,1,0,1,1,1,0,1,0,1,0,1,0,1,0,1
Chinese,GOLD,1912,1,0,0.5275058210695158,0.2232507491231924,0,1,0,1,0,1,0,1,0,1,0,1,0,1,0,1,1,1
Chinese,GOLD,1913,1,1,0.6116802322350894,0.1507922420369941,0,1,1,1,0,1,1,1,0,1,0,1,0,1,0,1,1,1
Chinese,GOLD,1914,1,1,0.586474490647923,0.1710033468848947,0,1,1,1,0,1,0,1,0,1,0,1,0,1,0,1,0,1
Chinese,GOLD,1915,1,1,0.6342779858815834,0.1337525916108313,0,1,1,1,0,1,0,1,0,1,0,1,0,1,0,1,0,1
Chinese,GOLD,1916,1,0,0.4897732891145562,0.2603312965009781,0,1,1,1,0,1,0,1,0,1,0,1,0,1,0,1,0,1
Chinese,GOLD,1917,1,0,0.4154814361608337,0.3416619514726016,0,1,1,1,0,1,0,1,0,1,0,1,0,1,0,1,0,1
Chinese,GOLD,1918,1,0,0.4257109592925284,0.3298079022767079,0,1,0,1,0,1,0,1,0,1,0,1,0,1,0,1,0,1
Chinese,GOLD,1919,1,0,0.2843545535132229,0.5121484050772586,0,1,0,1,0,1,0,1,0,1,0,1,0,1,0,1,0,1
Chinese,GOLD,1920,1,0,0.2483874755935943,0.5649213868445698,0,1,0,1,0,1,0,1,0,1,0,1,0,1,0,1,0,1
Chinese,GOLD,1921,1,0,0.219174333135463,0.6096887220344488,0,1,0,1,0,1,0,1,0,1,0,1,0,1,0,1,0,1
Chinese,GOLD,1922,1,0,0.2099127411064014,0.6242378766660002,0,1,0,1,0,1,0,1,0,1,0,1,0,1,0,1,0,1
Chinese,GOLD,1923,1,0,0.1480336651733537,0.725846635677949,0,1,0,1,0,1,0,1,0,1,0,1,0,1,0,1,0,1
Chinese,GOLD,1924,1,0,0.4202337432936595,0.3361289124152822,0,1,0,1,0,1,0,1,0,1,0,1,0,1,0,1,0,1
Chinese,GOLD,1925,1,0,0.3823137725010599,0.3815362756418723,0,1,0,1,0,1,0,1,0,1,0,1,0,1,0,1,0,1
Chinese,GOLD,1926,1,0,0.3462976061561564,0.4273268197171715,0,1,0,1,0,1,0,1,0,1,0,1,0,1,0,1,0,1
Chinese,GOLD,1927,1,0,0.3208755246994986,0.4612100529521812,0,1,0,1,0,1,0,1,0,1,0,1,0,1,0,1,0,1
Chinese,GOLD,1928,1,0,0.4622151851148989,0.2892125071210023,0,1,0,1,0,1,0,1,0,1,0,1,0,1,0,1,0,1
Chinese,GOLD,1929,1,1,0.6421763834551375,0.1280377405572448,0,1,1,1,0,1,0,1,0,1,0,1,0,1,0,1,0,1
Chinese,GOLD,1930,1,1,0.6447023438540304,0.1262364244628196,0,1,1,1,0,1,0,1,0,1,0,1,0,1,0,1,0,1
Chinese,GOLD,1931,1,1,0.6700015240439698,0.1088989941333026,0,1,1,1,0,1,0,1,0,1,1,1,0,1,0,1,0,1
Chinese,GOLD,1932,1,1,0.6341201310073487,0.1338680785340797,0,1,1,1,0,1,0,1,0,1,1,1,0,1,0,1,0,1
Chinese,GOLD,1933,1,1,0.5984092219113702,0.161275153045831,0,1,1,1,0,1,0,1,0,1,1,1,0,1,0,1,0,1
Chinese,GOLD,1934,1,0,0.4809330950481075,0.269430451816337,0,1,0,1,0,1,0,1,0,1,1,1,0,1,0,1,0,1
Chinese,GOLD,1935,1,0,0.4184658493360947,0.3381819683883896,0,1,0,1,0,1,0,1,0,1,1,1,0,1,0,1,0,1
Chinese,GOLD,1936,1,0,0.3588737764291348,0.4110428345502391,0,1,0,1,0,1,0,1,0,1,1,1,0,1,0,1,0,1
Chinese,GOLD,1937,1,0,0.3050568418711462,0.482945993030105,0,1,0,1,0,1,0,1,0,1,0,1,0,1,0,1,0,1
Chinese,GOLD,1938,1,0,0.2886363328619903,0.5060382669240371,0,1,0,1,0,1,0,1,0,1,0,1,0,1,0,1,0,1
Chinese,GOLD,1939,1,0,0.2750286930649884,0.5255833958790589,0,1,0,1,0,1,0,1,0,1,0,1,0,1,0,1,0,1
Chinese,GOLD,1940,1,0,0.2769637173848044,0.5227814659780008,0,1,0,1,0,1,0,1,0,1,0,1,0,1,0,1,0,1
Chinese,GOLD,1941,1,0,0.2568512872137297,0.5522700093158905,0,1,0,1,0,1,0,1,0,1,0,1,0,1,0,1,0,1
Chinese,GOLD,1942,1,0,0.2408510194301059,0.5763071747003095,0,1,0,1,0,1,0,1,0,1,0,1,0,1,0,1,0,1
Chinese,GOLD,1943,1,0,0.2499103017488119,0.5626345554225584,0,1,0,1,0,1,0,1,0,1,0,1,0,1,0,1,0,1
Chinese,GOLD,1944,1,0,0.3123488530408945,0.4728640999141732,0,1,0,1,0,1,0,1,0,1,0,1,0,1,0,1,0,1
Chinese,GOLD,1945,1,0,0.3350905556060505,0.4421045692442705,0,1,0,1,0,1,0,1,0,1,0,1,0,1,0,1,0,1
Chinese,GOLD,1946,0,0,0.3278879736276823,0.1075105232496676,0,0,0,0,0,0,0,0,0,0,0,0,0,0,0,0,0,0
Chinese,GOLD,1947,0,0,0.3602713601181354,0.1297954529213711,0,0,0,0,0,0,0,0,0,0,0,0,0,0,0,0,0,0
Chinese,GOLD,1948,0,0,0.4004173499627885,0.1603340541512222,0,0,1,0,0,0,0,0,0,0,0,0,0,0,0,0,0,0
Chinese,GOLD,1949,0,0,0.5015145603699392,0.2515168542630534,0,0,1,0,0,0,0,0,0,0,0,0,0,0,0,0,0,0
Chinese,GOLD,1950,0,0,0.4804884592039386,0.2308691594281749,0,0,1,0,0,0,0,0,0,0,0,0,0,0,0,0,0,0
Chinese,GOLD,1951,0,0,0.4744295001509954,0.2250833506135233,0,0,1,0,0,0,0,0,0,0,0,0,0,0,0,0,0,0
Chinese,GOLD,1952,0,1,0.6274429591078035,0.3936846669339567,0,0,1,0,0,0,0,0,0,0,0,0,0,0,0,0,0,0
Chinese,GOLD,1953,0,1,0.6606677840284653,0.4364819208530828,0,0,1,0,0,0,0,0,0,0,0,0,0,0,0,0,0,0
Chinese,GOLD,1954,0,0,0.2998786904142613,0.0899272289645723,0,0,0,0,0,0,0,0,0,0,0,0,0,0,0,0,0,0
Chinese,GOLD,1955,0,0,0.4716587936629257,0.2224620176395663,0,0,1,0,0,0,0,0,0,0,0,0,0,0,0,0,0,0
Chinese,GOLD,1956,0,0,0.4257388783816327,0.1812535925656506,0,0,1,0,0,0,0,0,0,0,0,0,0,0,0,0,0,0
Chinese,GOLD,1957,0,0,0.2999158997351938,0.0899495469139708,0,0,1,0,0,0,0,0,0,0,0,0,0,0,0,0,0,0
Chinese,GOLD,1958,0,0,0.5000466251389505,0.250046627312854,0,0,1,0,0,0,0,0,0,0,0,0,0,0,0,0,0,0
Chinese,GOLD,1959,0,0,0.4810617828931294,0.2314204389603164,0,0,1,0,0,0,0,0,0,0,0,0,0,0,0,0,0,0
Chinese,GOLD,1960,0,0,0.3718644471565825,0.1382831670590708,0,0,1,0,0,0,0,0,0,0,0,0,0,0,0,0,0,0
Chinese,GOLD,1961,0,0,0.2713241481699864,0.0736167933801687,0,0,1,0,0,0,0,0,0,0,0,0,0,0,0,0,0,0
Chinese,GOLD,1962,0,0,0.2236432666889091,0.0500163107352865,0,0,0,0,0,0,0,0,0,0,0,0,0,0,0,0,0,0
Chinese,GOLD,1963,0,0,0.26467088159016,0.0700506755617125,0,0,0,0,0,0,0,0,0,0,0,0,0,0,0,0,0,0
Chinese,GOLD,1964,0,0,0.3256507769746056,0.1060484285441643,0,0,0,0,0,0,0,0,0,0,0,0,0,0,0,0,0,0
Chinese,GOLD,1965,0,0,0.4148153226034466,0.1720717518666015,0,0,0,0,0,0,0,0,0,0,0,0,0,0,0,0,0,0
Chinese,GOLD,1966,0,0,0.3515054345048472,0.1235560704864414,0,0,0,0,0,0,0,0,0,0,0,0,0,0,0,0,0,0
Chinese,GOLD,1967,0,0,0.4171586115059573,0.1740213071535782,0,0,0,0,0,0,0,0,0,0,0,0,0,0,0,0,0,0
Chinese,GOLD,1968,0,0,0.4923355016345507,0.2423942461697447,0,0,0,0,0,0,0,0,0,0,0,0,0,0,0,0,0,0
Chinese,GOLD,1969,0,0,0.4283277900668484,0.1834646957435501,0,0,0,0,0,0,0,0,0,0,0,0,0,0,0,0,0,0
Chinese,GOLD,1970,0,0,0.4046959211054958,0.1637787885594257,0,0,0,0,0,0,0,0,0,0,0,0,0,0,0,0,0,0
Chinese,GOLD,1971,0,0,0.3670729522563519,0.1347425522781939,0,0,0,0,0,0,0,0,0,0,0,0,0,0,0,0,0,0
Chinese,GOLD,1972,0,0,0.3897086041661602,0.151872796161137,0,0,0,0,0,0,0,0,0,0,0,0,0,0,0,0,0,0
Chinese,GOLD,1973,0,0,0.361662450728411,0.1307997282668803,0,0,0,0,0,0,0,0,0,0,0,0,0,0,0,0,0,0
Chinese,GOLD,1974,0,0,0.3732542351549152,0.1393187240610807,0,0,0,0,0,0,0,0,0,0,0,0,0,0,0,0,0,0
Chinese,GOLD,1975,0,0,0.3016998373308521,0.0910227918454626,0,0,0,0,0,0,0,0,0,0,0,0,0,0,0,0,0,0
Chinese,GOLD,1976,0,0,0.3847211663461527,0.1480103758347441,0,0,0,0,0,0,0,0,0,0,0,0,0,0,0,0,0,0
Chinese,GOLD,1977,0,1,0.6073225898159618,0.3688407281007669,0,0,0,0,0,0,0,0,0,0,0,0,0,0,0,0,0,0
Chinese,GOLD,1978,0,0,0.506588412486713,0.2566318196658081,0,0,0,0,0,0,0,0,0,0,0,0,0,0,0,0,0,0
Chinese,GOLD,1979,0,1,0.8321024047224567,0.692394411944895,0,0,1,0,0,0,1,0,0,0,0,0,0,0,0,0,0,0
Chinese,GOLD,1980,0,1,0.7538732596296398,0.5683248915846183,1,0,1,0,0,0,1,0,0,0,0,0,0,0,0,0,0,0
Chinese,GOLD,1981,0,1,0.721236111156367,0.5201815280359594,1,0,1,0,0,0,1,0,0,0,0,0,0,0,0,0,0,0
Chinese,GOLD,1982,0,1,0.6412587056165827,0.4112127275290551,1,0,1,0,0,0,1,0,0,0,0,0,0,0,0,0,0,0
Chinese,GOLD,1983,0,1,0.623337147653555,0.3885491996448698,1,0,1,0,0,0,1,0,0,0,0,0,0,0,0,0,0,0
Chinese,GOLD,1984,0,1,0.7070714504621207,0.4999500360586072,1,0,1,0,0,0,1,0,0,0,0,0,0,0,0,0,0,0
Chinese,GOLD,1985,0,1,0.6472692338965221,0.4189574611489907,1,0,1,0,0,0,0,0,0,0,0,0,0,0,0,0,0,0
Chinese,GOLD,1986,0,1,0.6562121673809187,0.4306144086187629,1,0,1,0,0,0,0,0,0,0,0,0,0,0,0,0,1,0
Chinese,GOLD,1987,0,1,0.6982703823758055,0.4875815269032536,1,0,1,0,0,0,1,0,0,0,0,0,0,0,0,0,0,0
Chinese,GOLD,1988,0,1,0.6913188765404114,0.4779217890610965,1,0,1,0,0,0,0,0,0,0,0,0,0,0,0,0,0,0
Chinese,GOLD,1989,0,1,0.7286657214337554,0.5309537335925752,1,0,1,0,0,0,0,0,0,0,0,0,0,0,0,0,0,0
Chinese,GOLD,1990,0,1,0.7005653160912574,0.4907917621100434,1,0,1,0,0,0,0,0,0,0,0,0,0,0,0,0,0,0
Chinese,GOLD,1991,0,1,0.6457416007141242,0.4169822148928394,0,0,1,0,0,0,0,0,0,0,0,0,0,0,0,0,0,0
Chinese,GOLD,1992,0,1,0.6284414366927699,0.3949386393524726,1,0,1,0,0,0,0,0,0,0,0,0,0,0,0,0,0,0
Chinese,GOLD,1993,0,1,0.6751773478961629,0.4558644511120961,1,0,1,0,0,0,0,0,0,0,0,0,0,0,0,0,0,0
Chinese,GOLD,1994,0,1,0.6104334648058781,0.3726290149549092,0,0,1,0,0,0,0,0,0,0,0,0,0,0,0,0,0,0
Chinese,GOLD,1995,0,0,0.4703756591600117,0.2212532607302155,0,0,1,0,0,0,0,0,0,0,0,0,0,0,0,0,0,0
Chinese,GOLD,1996,0,0,0.3140305061290055,0.0986151587796394,0,0,0,0,0,0,0,0,0,0,0,0,0,0,0,0,0,0
Chinese,GOLD,1997,0,0,0.2751800104929113,0.0757240381748787,0,0,0,0,0,0,0,0,0,0,0,0,0,0,0,0,0,0
Chinese,GOLD,1998,0,1,0.6506249580829209,0.4233128360804025,0,0,1,0,0,0,0,0,0,0,0,0,0,0,0,0,0,0
Chinese,GOLD,1999,0,1,0.5843306225900814,0.3414422764965121,0,0,1,0,0,0,0,0,0,0,0,0,0,0,0,0,0,0
Chinese,GOLD,2000,0,1,0.6051125437223485,0.3661611905701311,0,0,1,0,0,0,0,0,0,0,0,0,0,0,0,0,0,0
Chinese,GOLD,2001,0,0,0.5678324039690142,0.3224336389972297,0,0,1,0,1,0,0,0,0,0,0,0,0,0,0,0,0,0
Chinese,GOLD,2002,0,1,0.5736576784909032,0.3290831320915725,0,0,1,0,0,0,0,0,0,0,0,0,0,0,0,0,0,0
Chinese,GOLD,2003,0,1,0.5850943647253848,0.3423354156334016,0,0,1,0,0,0,0,0,0,0,0,0,0,0,0,0,0,0
Chinese,GOLD,2004,0,0,0.5202704722002807,0.270681364243503,0,0,1,0,0,0,0,0,0,0,0,0,0,0,0,0,0,0
Chinese,GOLD,2005,0,1,0.6140627088713214,0.3770730104263852,0,0,1,0,0,0,0,0,0,0,0,0,0,0,0,0,0,0
Chinese,GOLD,2006,0,1,0.6658898839440445,0.443409337539013,0,0,1,0,0,0,0,0,0,0,0,0,0,0,0,0,0,0
Chinese,GOLD,2007,0,0,0.5244282050524749,0.2750249422545606,0,0,1,0,0,0,0,0,0,0,0,0,0,0,0,0,0,0
Chinese,GOLD,2008,0,0,0.5267243536581858,0.2774385447366336,0,0,0,0,0,0,1,0,0,0,0,0,0,0,0,0,0,0
Chinese,EURUSD,1931,0,0,0.5164129639589665,0.2666823493448848,0,0,1,0,1,0,0,0,0,0,0,0,0,0,0,0,0,0
Chinese,EURUSD,1932,0,0,0.5395360124381409,0.2910991087176497,0,0,1,0,1,0,0,0,0,0,0,0,0,0,0,0,0,0
Chinese,EURUSD,1933,0,0,0.4693393599433497,0.2202794347920332,0,0,1,0,0,0,0,0,0,0,0,0,0,0,0,0,0,0
Chinese,EURUSD,1934,0,0,0.3564527882965568,0.1270585902843899,0,0,0,0,0,0,0,0,0,0,0,0,0,0,0,0,0,0
Chinese,EURUSD,1935,0,0,0.3029675131442557,0.0917893140208147,0,0,0,0,0,0,0,0,0,0,0,0,0,0,0,0,0,0
Chinese,EURUSD,1936,0,0,0.2795039324591973,0.0781224482601555,0,0,0,0,0,0,0,0,0,0,0,0,0,0,0,0,0,0
Chinese,EURUSD,1937,0,0,0.3913883900195624,0.153184871842105,0,0,0,0,0,0,0,0,0,0,0,0,0,0,0,0,0,0
Chinese,EURUSD,1938,0,0,0.3505039721090056,0.1228530344641906,0,0,0,0,0,0,0,0,0,0,0,0,0,0,0,0,0,0
Chinese,EURUSD,1939,0,0,0.3508283767742188,0.1230805499500332,0,0,0,0,0,0,0,0,0,0,0,0,0,0,0,0,0,0
Chinese,EURUSD,1940,0,0,0.4605735748106462,0.2121280178138579,0,0,0,0,0,0,0,0,0,0,0,0,0,0,0,0,0,0
Chinese,EURUSD,1941,0,1,0.778356853853682,0.6058393919410021,0,0,1,0,0,0,0,0,0,0,1,0,1,0,0,0,0,0
Chinese,EURUSD,1942,0,1,0.8576891906853842,0.7356307478185493,0,0,1,0,0,0,0,0,1,0,1,0,1,0,0,0,0,0
Chinese,EURUSD,1943,0,1,0.8098613568002276,0.6558754172383057,0,0,1,0,0,0,0,0,1,0,1,0,1,0,0,0,0,0
Chinese,EURUSD,1944,0,1,0.7471833978505501,0.5582830300234934,0,0,1,0,0,0,0,0,1,0,1,0,1,0,0,0,0,0
Chinese,EURUSD,1945,0,1,0.8068848982869768,0.651063239083585,0,0,1,0,0,0,0,0,1,0,1,0,1,0,0,0,0,0
Chinese,EURUSD,1946,0,1,0.8215814674481088,0.6749961076541878,0,0,1,0,0,0,0,0,1,0,1,0,1,0,0,0,0,0
Chinese,EURUSD,1947,1,1,0.7998688651095224,0.0400524711525505,0,1,1,1,0,1,0,1,1,1,1,1,1,1,0,1,0,1
Chinese,EURUSD,1948,1,1,0.767707971278416,0.0539595866075892,0,1,1,1,0,1,0,1,1,1,1,1,1,1,0,1,0,1
Chinese,EURUSD,1949,1,1,0.7125318047281252,0.0826379632928687,0,1,1,1,0,1,0,1,0,1,0,1,1,1,0,1,0,1
Chinese,EURUSD,1950,1,1,0.7456530851385962,0.0646923530995142,0,1,1,1,0,1,0,1,0,1,0,1,0,1,0,1,0,1
Chinese,EURUSD,1951,1,1,0.7979205933536292,0.0408360865905492,0,1,1,1,1,1,0,1,0,1,0,1,0,1,0,1,0,1
Chinese,EURUSD,1952,1,1,0.8374781866594854,0.026413339811489,0,1,1,1,1,1,0,1,0,1,1,1,0,1,0,1,0,1
Chinese,EURUSD,1953,1,1,0.8342060218541579,0.0274876431894239,0,1,1,1,1,1,0,1,0,1,0,1,0,1,0,1,0,1
Chinese,EURUSD,1954,1,1,0.6981217076782272,0.0911305033751097,0,1,1,1,0,1,0,1,0,1,0,1,0,1,0,1,0,1
Chinese,EURUSD,1955,1,1,0.7164359936492838,0.080408545697669,0,1,1,1,0,1,0,1,0,1,0,1,0,1,0,1,0,1
Chinese,EURUSD,1956,1,1,0.7076315211076111,0.0854793274498492,0,1,1,1,0,1,0,1,0,1,0,1,0,1,0,1,0,1
Chinese,EURUSD,1957,1,1,0.7754105724530496,0.0504404109658669,0,1,1,1,0,1,0,1,0,1,0,1,1,1,0,1,0,1
Chinese,EURUSD,1958,1,1,0.6599627813983652,0.1156253100343359,0,1,1,1,0,1,0,1,0,1,0,1,0,1,0,1,0,1
Chinese,EURUSD,1959,1,0,0.4818277269742192,0.2685025045327042,0,1,0,1,0,1,0,1,0,1,0,1,0,1,0,1,0,1
Chinese,EURUSD,1960,1,0,0.4667414341780403,0.2843646980224933,0,1,0,1,0,1,0,1,0,1,0,1,0,1,0,1,0,1
Chinese,EURUSD,1961,1,0,0.1254611641785691,0.7648181753599036,0,1,0,1,0,1,0,1,0,1,0,1,0,1,0,1,0,1
Chinese,EURUSD,1962,1,0,0.1757380427258568,0.6794077742094015,0,1,0,1,0,1,0,1,0,1,0,1,0,1,0,1,0,1
Chinese,EURUSD,1963,1,0,0.2057267488166487,0.630869997545371,0,1,0,1,0,1,0,1,0,1,0,1,0,1,0,1,0,1
Chinese,EURUSD,1964,1,0,0.224692577082536,0.6011016000309194,0,1,0,1,0,1,0,1,0,1,0,1,0,1,0,1,0,1
Chinese,EURUSD,1965,1,0,0.2499632186468686,0.562555173382565,0,1,0,1,1,1,0,1,0,1,0,1,0,1,0,1,0,1
Chinese,EURUSD,1966,1,0,0.2578238412937372,0.5508254505519837,0,1,0,1,0,1,0,1,0,1,0,1,0,1,0,1,0,1
Chinese,EURUSD,1967,1,0,0.1986139262967667,0.642219639125484,0,1,0,1,0,1,0,1,0,1,0,1,0,1,0,1,0,1
Chinese,EURUSD,1968,1,0,0.3168754256175659,0.4666591841251817,0,1,0,1,0,1,0,1,0,1,0,1,0,1,0,1,0,1
Chinese,EURUSD,1969,1,0,0.2142175235572014,0.6174541002845773,0,1,0,1,0,1,0,1,0,1,0,1,0,1,0,1,0,1
Chinese,EURUSD,1970,1,0,0.2091255025569578,0.6254824707057846,0,1,0,1,0,1,0,1,0,1,0,1,0,1,0,1,0,1
Chinese,EURUSD,1971,1,0,0.1430415663380567,0.7343777570243312,0,1,0,1,0,1,0,1,0,1,0,1,0,1,0,1,0,1
Chinese,EURUSD,1972,1,0,0.3353520621011038,0.4417568813532548,0,1,0,1,0,1,0,1,0,1,0,1,0,1,0,1,0,1
Chinese,EURUSD,1973,1,0,0.3541671770108638,0.4171000352501168,0,1,0,1,0,1,0,1,0,1,0,1,0,1,0,1,0,1
Chinese,EURUSD,1974,1,0,0.4310310027709443,0.3237257198078372,0,1,0,1,0,1,0,1,0,1,0,1,0,1,0,1,0,1
Chinese,EURUSD,1975,1,0,0.3460706036011479,0.427623655474567,0,1,0,1,0,1,0,1,0,1,0,1,0,1,0,1,0,1
Chinese,EURUSD,1976,1,0,0.2692066859040277,0.5340588679273746,0,1,0,1,0,1,0,1,0,1,0,1,0,1,0,1,0,1
Chinese,EURUSD,1977,1,0,0.2691090899919081,0.5342015223324565,0,1,0,1,0,1,0,1,0,1,0,1,0,1,0,1,0,1
Chinese,EURUSD,1978,1,0,0.2261908931198168,0.5987805338907068,0,1,0,1,0,1,0,1,0,1,0,1,0,1,0,1,0,1
Chinese,EURUSD,1979,1,0,0.180521960897385,0.671544256571467,0,1,0,1,0,1,0,1,0,1,0,1,0,1,0,1,0,1
Chinese,EURUSD,1980,1,0,0.3045483094751042,0.4836530538539353,0,1,0,1,0,1,0,1,0,1,0,1,0,1,0,1,0,1
Chinese,EURUSD,1981,1,0,0.3668818734348792,0.4008385621853281,0,1,0,1,0,1,0,1,0,1,0,1,0,1,0,1,0,1
Chinese,EURUSD,1982,1,0,0.3674956261872666,0.400061782892238,0,1,0,1,0,1,0,1,0,1,0,1,0,1,0,1,0,1
Chinese,EURUSD,1983,1,0,0.2272708918061955,0.5971102746499923,0,1,0,1,0,1,0,1,0,1,0,1,0,1,0,1,0,1
Chinese,EURUSD,1984,1,0,0.2459328466154335,0.5686172718135034,0,1,0,1,0,1,0,1,0,1,0,1,0,1,0,1,0,1
Chinese,EURUSD,1985,1,0,0.1975883479687332,0.6438644593155467,0,1,0,1,0,1,0,1,0,1,0,1,0,1,0,1,0,1
Chinese,EURUSD,1986,1,0,0.1443895935630797,0.7320691676031518,0,1,0,1,0,1,0,1,0,1,0,1,0,1,0,1,0,1
Chinese,EURUSD,1987,1,0,0.1344602672509279,0.749159028967335,0,1,0,1,0,1,0,1,0,1,0,1,0,1,0,1,0,1
Chinese,EURUSD,1988,1,0,0.1349017876175418,0.7483949170673247,0,1,0,1,0,1,0,1,0,1,0,1,0,1,0,1,0,1
Chinese,EURUSD,1989,1,0,0.1677307598445697,0.6926720881088972,0,1,0,1,0,1,0,1,0,1,0,1,0,1,0,1,0,1
Chinese,EURUSD,1990,1,0,0.140404246724205,0.7389048590497813,0,1,0,1,0,1,0,1,0,1,0,1,0,1,0,1,0,1
Chinese,EURUSD,1991,1,0,0.150096342749254,0.7223362266081935,0,1,0,1,0,1,0,1,0,1,0,1,0,1,0,1,0,1
Chinese,EURUSD,1992,1,0,0.223367557939795,0.6031579500603976,0,1,0,1,0,1,0,1,0,1,0,1,0,1,0,1,0,1
Chinese,EURUSD,1993,1,0,0.2343935433852181,0.5861532464102419,0,1,0,1,0,1,0,1,0,1,0,1,0,1,0,1,0,1
Chinese,EURUSD,1994,1,0,0.2620828962343186,0.5445216520299313,0,1,0,1,0,1,0,1,0,1,0,1,0,1,0,1,0,1
Chinese,EURUSD,1995,1,0,0.219901665353363,0.6085534117184563,0,1,0,1,0,1,0,1,0,1,0,1,0,1,0,1,0,1
Chinese,EURUSD,1996,1,0,0.3002516283509485,0.4896477836254992,0,1,0,1,0,1,0,1,0,1,0,1,0,1,0,1,0,1
Chinese,EURUSD,1997,1,0,0.2461673154745073,0.5682637162589109,0,1,0,1,0,1,0,1,0,1,0,1,0,1,0,1,0,1
Chinese,EURUSD,1998,1,0,0.2735127700340582,0.5277836953035872,0,1,0,1,0,1,0,1,0,1,0,1,0,1,0,1,0,1
Chinese,EURUSD,1999,1,0,0.3130939061599815,0.4718399817545522,0,1,0,1,0,1,0,1,0,1,0,1,0,1,0,1,0,1
Chinese,EURUSD,2000,1,0,0.3970449745484824,0.3635547627172402,0,1,0,1,0,1,0,1,0,1,0,1,0,1,0,1,0,1
Chinese,EURUSD,2001,1,0,0.5058145559450353,0.2442192531158026,0,1,0,1,0,1,1,1,0,1,0,1,0,1,0,1,0,1
Chinese,EURUSD,2002,1,0,0.4449997124193285,0.308025319214628,0,1,0,1,0,1,0,1,0,1,0,1,0,1,0,1,0,1
Chinese,EURUSD,2003,1,0,0.5084322899394351,0.2416388135741875,0,1,0,1,0,1,0,1,0,1,0,1,0,1,0,1,0,1
Chinese,EURUSD,2004,1,0,0.5271382060251645,0.2235982762010998,0,1,0,1,0,1,0,1,0,1,0,1,0,1,0,1,0,1
Chinese,EURUSD,2005,1,0,0.5426783644300711,0.2091430783603548,0,1,1,1,0,1,0,1,0,1,0,1,0,1,0,1,0,1
Chinese,EURUSD,2006,1,1,0.6459745162960425,0.125334043111821,0,1,1,1,0,1,0,1,0,1,0,1,0,1,0,1,0,1
Chinese,EURUSD,2007,1,1,0.7095478350977074,0.0843624600964286,0,1,0,1,0,1,0,1,0,1,0,1,0,1,0,1,0,1
Chinese,EURUSD,2008,1,1,0.7717556712062891,0.0520954736264916,0,1,1,1,0,1,1,1,0,1,0,1,0,1,0,1,0,1
Chinese,EURUSD,2009,1,1,0.7242458623483665,0.076040344431996,0,1,1,1,0,1,1,1,0,1,0,1,0,1,0,1,0,1
Chinese,EURUSD,2010,1,1,0.7200048443290612,0.0783972871991932,0,1,1,1,0,1,1,1,0,1,0,1,0,1,0,1,0,1
Chinese,EURUSD,2011,1,1,0.7679043285696467,0.0538684006967064,1,1,1,1,0,1,1,1,0,1,0,1,0,1,0,1,0,1
Chinese,EURUSD,2012,1,1,0.7702816790164393,0.0527705069955062,0,1,1,1,0,1,1,1,0,1,0,1,0,1,0,1,0,1
Chinese,EURUSD,2013,1,1,0.7056563701514807,0.0866381724324021,0,1,1,1,1,1,1,1,0,1,0,1,0,1,0,1,0,1
Chinese,EURUSD,2014,1,0,0.6273337929082237,0.1388801019081707,0,1,0,1,1,1,1,1,0,1,0,1,0,1,0,1,0,1
Chinese,EURUSD,2015,1,0,0.5815611002961762,0.1750911127853466,0,1,0,1,1,1,1,1,0,1,0,1,0,1,0,1,0,1
Chinese,EURUSD,2016,1,0,0.5743679559830371,0.1811626368940578,0,1,0,1,0,1,1,1,0,1,0,1,0,1,0,1,0,1
Chinese,EURUSD,2017,1,0,0.5265534793962228,0.2241516078718228,0,1,0,1,0,1,0,1,0,1,0,1,0,1,0,1,0,1
Chinese,EURUSD,2018,0,0,0.4676297385150443,0.2186775723436487,0,0,0,0,0,0,0,0,0,0,0,0,0,0,0,0,0,0
Chinese,EURUSD,2019,0,1,0.6716132588406987,0.4510643694506233,0,0,1,0,1,0,0,0,0,0,0,0,0,0,0,0,0,0
Chinese,EURUSD,2020,0,0,0.5893199984538782,0.347298060577679,0,0,1,0,1,0,0,0,0,0,0,0,0,0,0,0,0,0
Chinese,EURUSD,2021,0,1,0.7185064412990912,0.5162515061882844,0,0,1,0,0,0,0,0,1,0,0,0,0,0,0,0,0,0
Chinese,EURUSD,2022,0,1,0.8561728578562149,0.7330319625296784,0,0,1,0,1,0,0,0,1,0,1,0,1,0,0,0,0,0
Chinese,EURUSD,2023,0,1,0.8107969078971743,0.6573916258556189,0,0,1,0,1,0,0,0,1,0,0,0,1,0,0,0,0,0
Chinese,EURUSD,2024,0,1,0.7099108409642241,0.5039734021185318,0,0,1,0,1,0,0,0,1,0,1,0,0,0,0,0,0,0
Chinese,EURUSD,2025,0,1,0.6817907150270436,0.4648385790970873,0,0,1,0,1,0,0,0,0,0,1,0,0,0,0,0,0,0
Chinese,EURUSD,2026,0,1,0.7213584331841248,0.5203579891258555,0,0,1,0,1,0,0,0,0,0,1,0,0,0,0,0,0,0
Chinese,EURUSD,2027,0,1,0.7078763686689287,0.501088953319909,0,0,1,0,1,0,0,0,0,0,1,0,1,0,0,0,0,0
Chinese,EURUSD,2028,0,0,0.6135270418479812,0.3764154310787345,0,0,0,0,1,0,0,0,0,0,0,0,0,0,0,0,0,0
Chinese,EURUSD,2029,0,0,0.5489301763889373,0.3013243385503897,0,0,0,0,1,0,0,0,0,0,0,0,0,0,0,0,0,0
Chinese,EURUSD,2030,0,0,0.4909303680433255,0.241012626267155,0,0,0,0,0,0,0,0,0,0,0,0,0,0,0,0,0,0
Chinese,EURUSD,2031,0,0,0.5026727160008483,0.2526798594116695,0,0,0,0,0,0,0,0,0,0,0,0,0,0,0,0,0,0
Chinese,EURUSD,2032,0,0,0.6006070314096368,0.3607288061786964,0,0,0,0,0,0,0,0,0,0,0,0,0,0,0,0,0,0
Chinese,EURUSD,2033,0,0,0.5284906140796711,0.2793023291703079,0,0,0,0,0,0,0,0,0,0,0,0,0,0,0,0,0,0
Chinese,EURUSD,2034,0,0,0.5296711411847917,0.2805515178039996,0,0,0,0,0,0,0,0,0,0,0,0,0,0,0,0,0,0
Chinese,EURUSD,2035,0,0,0.5099633719912214,0.2600626407726569,0,0,0,0,0,0,0,0,0,0,0,0,0,0,0,0,0,0
Chinese,EURUSD,2036,0,0,0.4490604512117233,0.2016552888424765,0,0,0,0,0,0,0,0,0,0,0,0,0,0,0,0,0,0
Chinese,EURUSD,2037,0,0,0.428149117613391,0.1833116669131253,0,0,0,0,0,0,0,0,0,0,0,0,0,0,0,0,0,0
Chinese,EURUSD,2038,0,0,0.3488228260725607,0.1216773639892479,0,0,0,0,0,0,0,0,0,0,0,0,0,0,0,0,0,0
Chinese,EURUSD,2039,0,0,0.4461201640409152,0.1990232007638931,0,0,0,0,0,0,0,0,0,0,0,0,0,0,0,0,0,0
Chinese,EURUSD,2040,0,0,0.4393796738992127,0.1930544978357785,0,0,0,0,0,0,0,0,0,0,0,0,0,0,0,0,0,0
Chinese,EURUSD,2041,0,0,0.5310762804119259,0.2820420156161665,0,0,0,0,0,0,0,0,0,0,0,0,0,0,0,0,0,0
Chinese,EURUSD,2042,0,0,0.5846826148440022,0.3418537601008198,1,0,0,0,0,0,0,0,0,0,0,0,0,0,0,0,0,0
Chinese,EURUSD,2043,0,1,0.7784556092184461,0.6059931355236622,1,0,1,0,0,0,0,0,0,0,0,0,1,0,0,0,0,0
Chinese,EURUSD,2044,0,1,0.8074868101803613,0.6520349486152548,1,0,1,0,0,0,1,0,0,0,0,0,0,0,0,0,0,0
Chinese,EURUSD,2045,0,1,0.7751675453334592,0.6008847233383006,1,0,1,0,0,0,1,0,0,0,0,0,0,0,0,0,0,0
Chinese,EURUSD,2046,0,1,0.7486839076285469,0.5605275935419505,1,0,0,0,0,0,1,0,0,0,0,0,0,0,0,0,0,0
Chinese,EURUSD,2047,0,1,0.6702262394305049,0.4492032120211564,1,0,0,0,0,0,0,0,0,0,0,0,0,0,0,0,0,0
Chinese,EURUSD,2048,0,1,0.7295000034948984,0.5321702550990568,1,0,0,0,0,0,1,0,0,0,0,0,0,0,0,0,0,0
Chinese,EURUSD,2049,0,1,0.6718821686203331,0.4514256485099617,1,0,0,0,0,0,0,0,0,0,0,0,0,0,0,0,0,0
Chinese,EURUSD,2050,0,1,0.7677911680851972,0.5895032777896315,0,0,1,0,0,0,0,0,0,0,0,0,0,0,0,0,0,0
Chinese,EURUSD,2051,0,1,0.7466570705453902,0.5574967809954238,0,0,1,0,0,0,0,0,0,0,0,0,0,0,0,0,0,0
Chinese,EURUSD,2052,0,1,0.6516681702773026,0.4246714041525675,0,0,1,0,0,0,0,0,0,0,0,0,0,0,0,0,0,0
Chinese,EURUSD,2053,0,0,0.6026419524054275,0.3631773227990255,0,0,1,0,0,0,0,0,0,0,0,0,0,0,0,0,0,0
Chinese,EURUSD,2054,0,1,0.6574455109305352,0.4322345998427124,0,0,1,0,0,0,0,0,0,0,0,0,0,0,0,0,0,0
Chinese,EURUSD,2055,0,1,0.7112046254738437,0.5058120192953902,0,0,0,0,0,0,0,0,0,0,0,0,0,0,0,0,0,0
Chinese,EURUSD,2056,0,1,0.7182359103462225,0.5158628229108669,0,0,0,0,0,0,0,0,0,0,0,0,0,0,0,0,0,0
Chinese,EURUSD,2057,0,1,0.685572185461208,0.470009221478057,0,0,0,0,0,0,0,0,0,0,0,0,0,0,0,0,0,0
Chinese,EURUSD,2058,0,1,0.6878855258168572,0.4731864966283342,0,0,0,0,0,0,0,0,0,0,0,0,0,0,0,0,0,0
Chinese,EURUSD,2059,0,0,0.5938807446244624,0.3526943388357059,0,0,0,0,0,0,0,0,0,0,0,0,0,0,0,0,0,0
Chinese,EURUSD,2060,0,1,0.6724642817010595,0.452208210163722,1,0,0,0,0,0,0,0,0,0,0,0,0,0,0,0,0,0
Chinese,EURUSD,2061,0,0,0.6284923075819894,0.3950025806897339,0,0,0,0,0,0,0,0,0,0,0,0,0,0,0,0,0,0
Chinese,EURUSD,2062,0,0,0.5547710210532623,0.3077708858004792,0,0,0,0,0,0,0,0,0,0,0,0,0,0,0,0,0,0
Chinese,EURUSD,2063,0,0,0.5109223790053367,0.2610416773684729,0,0,0,0,0,0,0,0,0,0,0,0,0,0,0,0,0,0
Chinese,EURUSD,2064,0,0,0.574828841306609,0.3304281967978987,0,0,1,0,0,0,0,0,0,0,0,0,0,0,0,0,0,0
Chinese,EURUSD,2065,0,0,0.579095549079888,0.335351654964137,0,0,1,0,0,0,0,0,0,0,0,0,0,0,0,0,0,0
Chinese,EURUSD,2066,0,0,0.550522381497522,0.3030748925297031,0,0,1,0,0,0,0,0,0,0,0,0,0,0,0,0,0,0
Chinese,EURUSD,2067,0,0,0.52009215362989,0.2704958482673771,0,0,1,0,0,0,0,0,0,0,0,0,0,0,0,0,0,0
Chinese,EURUSD,2068,0,0,0.5283507862539789,0.2791545533351977,0,0,1,0,0,0,0,0,0,0,0,0,0,0,0,0,0,0
Chinese,EURUSD,2069,0,0,0.5127778174930572,0.262941090112943,0,0,0,0,0,0,0,0,0,0,0,0,0,0,0,0,0,0
Chinese,EURUSD,2070,0,0,0.5335896241593523,0.2847178870105188,0,0,0,0,0,0,0,0,0,0,0,0,0,0,0,0,0,0
Chinese,EURUSD,2071,0,1,0.7513871449045687,0.5645826415278393,0,0,1,0,0,0,0,0,0,0,0,0,0,0,0,0,0,0
Chinese,EURUSD,2072,0,1,0.6494215198043711,0.4217483103850192,0,0,1,0,0,0,0,0,0,0,0,0,0,0,0,0,0,0
Chinese,EURUSD,2073,0,0,0.6186890185544044,0.3827761016798121,0,0,1,0,0,0,0,0,0,0,0,0,0,0,0,0,0,0
Chinese,EURUSD,2074,0,0,0.5226297800841542,0.2731418870308113,0,0,0,0,0,0,0,0,0,0,0,0,0,0,0,0,0,0
Chinese,EURUSD,2075,0,0,0.2707259749363784,0.0732925535052525,0,0,0,0,0,0,0,0,0,0,0,0,0,0,0,0,0,0
Chinese,EURUSD,2076,0,0,0.3056926430226295,0.0934479919981607,0,0,0,0,0,0,0,0,0,0,0,0,0,0,0,0,0,0
Chinese,EURUSD,2077,0,0,0.147781475172488,0.0218393644041567,0,0,0,0,0,0,0,0,0,0,0,0,0,0,0,0,0,0
Chinese,EURUSD,2078,0,0,0.1014989721564375,0.0103020413488132,0,0,0,0,0,0,0,0,0,0,0,0,0,0,0,0,0,0
Chinese,EURUSD,2079,0,0,0.1437168652737204,0.0206545373641047,0,0,0,0,0,0,0,0,0,0,0,0,0,0,0,0,0,0
Chinese,EURUSD,2080,0,0,0.1702928582949315,0.0289996575862576,0,0,0,0,0,0,0,0,0,0,0,0,0,0,0,0,0,0
Chinese,EURUSD,2081,0,0,0.1725330449880016,0.0297676516128317,0,0,0,0,0,0,0,0,0,0,0,0,0,0,0,0,0,0
Chinese,EURUSD,2082,0,0,0.2090202204032965,0.0436894525374426,0,0,0,0,0,0,0,0,0,0,0,0,0,0,0,0,0,0
Normal 2019,USOIL,876,0,0,0.3826973415046888,0.1464572551947564,0,0,0,0,0,0,1,0,0,0,0,0,0,0,0,0,1,0
Normal 2019,USOIL,877,0,0,0.4330379563677767,0.1875218716551804,0,0,0,0,0,0,1,0,0,0,0,0,0,0,0,0,1,0
Normal 2019,USOIL,878,0,0,0.3389916504478316,0.1149153390733448,0,0,0,0,0,0,1,0,0,0,0,0,0,0,0,0,0,0
Normal 2019,USOIL,879,0,0,0.3348864293148599,0.1121489205392566,0,0,0,0,0,0,1,0,0,0,0,0,0,0,0,0,0,0
Normal 2019,USOIL,880,0,0,0.3664702628624318,0.1343004535624599,0,0,0,0,0,0,1,0,0,0,0,0,0,0,0,0,0,0
Normal 2019,USOIL,881,0,0,0.3489401977717945,0.121759261621019,0,0,0,0,0,0,1,0,0,0,0,0,0,0,0,0,0,0
Normal 2019,USOIL,882,0,0,0.2322233329893722,0.0539276763846928,0,0,0,0,0,0,1,0,0,0,0,0,0,0,0,0,0,0
Normal 2019,USOIL,883,0,0,0.3608244929105589,0.1301943146841619,0,0,0,0,0,0,1,0,0,0,0,0,0,0,0,0,0,0
Normal 2019,USOIL,884,0,0,0.4122912784402587,0.1699840982779029,0,0,0,0,0,0,1,0,0,0,0,0,0,0,0,0,0,0
Normal 2019,USOIL,885,0,0,0.5065198584731868,0.2565623670276972,0,0,0,0,1,0,1,0,0,0,0,0,0,0,0,0,1,0
Normal 2019,USOIL,886,0,0,0.5244912199711717,0.2750910398268479,0,0,0,0,0,0,1,0,0,0,0,0,1,0,0,0,1,0
Normal 2019,USOIL,887,0,1,0.607078016157646,0.3685437177019031,0,0,0,0,1,0,1,0,0,0,0,0,1,0,0,0,1,0
Normal 2019,USOIL,888,0,0,0.5573090620310979,0.3105933906219821,0,0,0,0,0,0,1,0,0,0,0,0,1,0,0,0,1,0
Normal 2019,USOIL,889,0,1,0.5869764838171934,0.3445413925543958,0,0,0,0,0,0,1,0,0,0,0,0,1,0,0,0,1,0
Normal 2019,USOIL,890,0,1,0.6131701810804802,0.3759776709662688,0,0,0,0,0,0,1,0,0,0,0,0,1,0,0,0,1,0
Normal 2019,USOIL,891,0,1,0.5807093130403554,0.3372233062518015,0,0,0,0,0,0,1,0,0,0,0,0,1,0,0,0,1,0
Normal 2019,USOIL,892,0,1,0.6180564673366564,0.3819937968166674,0,0,0,0,0,0,1,0,0,0,0,0,1,0,0,0,1,0
Normal 2019,USOIL,893,0,0,0.5459122529350994,0.2980201879046759,0,0,0,0,0,0,1,0,0,0,0,0,0,0,0,0,1,0
Normal 2019,USOIL,894,0,0,0.5201743497762806,0.2705813541651763,0,0,0,0,0,0,1,0,0,0,0,0,0,0,1,0,1,0
Normal 2019,USOIL,895,0,1,0.6695118022489598,0.4482460533506502,0,0,0,0,1,0,1,0,0,0,0,0,0,0,0,0,1,0
Normal 2019,USOIL,896,0,1,0.5781287770233132,0.3342328828224718,0,0,0,0,1,0,1,0,0,0,0,0,0,0,0,0,1,0
Normal 2019,USOIL,897,0,0,0.480058439126275,0.2304561049763555,0,0,0,0,0,0,1,0,0,0,0,0,0,0,0,0,1,0
Normal 2019,USOIL,898,0,1,0.6396709895490204,0.4091789748706229,1,0,0,0,1,0,1,0,1,0,0,0,0,0,0,0,0,0
Normal 2019,USOIL,899,0,1,0.6025730452825839,0.3630942749011269,1,0,0,0,1,0,1,0,0,0,0,0,0,0,0,0,0,0
Normal 2019,USOIL,900,0,1,0.6019129916326303,0.3622992494961429,1,0,0,0,1,0,1,0,0,0,0,0,0,0,0,0,0,0
Normal 2019,USOIL,901,0,0,0.5563454112605358,0.3095202166306547,1,0,0,0,1,0,1,0,0,0,0,0,0,0,0,0,0,0
Normal 2019,USOIL,902,0,0,0.4711831603598221,0.2220135706066698,0,0,0,0,0,0,1,0,0,0,0,0,0,0,0,0,0,0
Normal 2019,USOIL,903,0,1,0.656789080083754,0.4313718957172638,1,0,0,0,1,0,1,0,1,0,0,0,0,0,0,0,0,0
Normal 2019,USOIL,904,0,1,0.8159433011591537,0.6657634707064974,1,0,1,0,1,0,1,0,1,0,0,0,1,0,0,0,0,0
Normal 2019,USOIL,905,0,1,0.8023892627797267,0.6438285290241933,1,0,1,0,1,0,1,0,1,0,0,0,1,0,0,0,0,0
Normal 2019,USOIL,906,0,1,0.8438607053944537,0.7121008901088249,1,0,1,0,1,0,1,0,1,0,1,0,1,0,0,0,0,0
Normal 2019,USOIL,907,0,1,0.8556476379060778,0.7321328802542504,1,0,1,0,1,0,1,0,1,0,1,0,1,0,0,0,0,0
Normal 2019,USOIL,908,0,1,0.8881383678046468,0.7887897603667021,1,0,1,0,1,0,1,0,1,0,1,0,1,0,0,0,0,0
Normal 2019,USOIL,909,0,1,0.9092264655991632,0.8266927657459461,1,0,1,0,1,0,1,0,1,0,1,0,1,0,0,0,0,0
Normal 2019,USOIL,910,0,1,0.7898086533814659,0.6237977089562445,1,0,1,0,1,0,1,0,1,0,0,0,1,0,0,0,0,0
Normal 2019,USOIL,911,0,1,0.8076864586770623,0.6523574155302939,1,0,1,0,1,0,1,0,1,0,1,0,1,0,0,0,0,0
Normal 2019,USOIL,912,0,1,0.8196502787423762,0.6718265794424549,1,0,1,0,1,0,1,0,1,0,0,0,1,0,0,0,0,0
Normal 2019,USOIL,913,0,1,0.8541948383221937,0.7296488218162785,1,0,1,0,1,0,1,0,1,0,0,0,1,0,0,0,0,0
Normal 2019,USOIL,914,0,1,0.8611963219797294,0.7416591049914137,1,0,1,0,1,0,1,0,1,0,0,0,1,0,0,0,0,0
Normal 2019,USOIL,915,0,1,0.8408839201754186,0.7070857672095797,1,0,1,0,1,0,1,0,1,0,0,0,1,0,0,0,0,0
Normal 2019,USOIL,916,0,1,0.8794372363670682,0.7734098527089465,1,0,1,0,1,0,1,0,1,0,1,0,1,0,0,0,0,0
Normal 2019,USOIL,917,0,1,0.8231156420627314,0.6775193602083425,1,0,1,0,1,0,1,0,1,0,0,0,1,0,0,0,0,0
Normal 2019,USOIL,918,0,1,0.844467784869187,0.7131258396818716,1,0,1,0,1,0,1,0,1,0,1,0,1,0,0,0,0,0
Normal 2019,USOIL,919,0,1,0.895261868921122,0.8014938139441403,1,0,1,0,1,0,1,0,1,0,1,0,1,0,0,0,0,0
Normal 2019,USOIL,920,0,1,0.906135191120978,0.8210809845878515,1,0,1,0,1,0,1,0,1,0,1,0,1,0,0,0,0,0
Normal 2019,USOIL,921,0,1,0.9063866180634648,0.8215367014045254,1,0,1,0,1,0,1,0,1,0,0,0,1,0,0,0,0,0
Normal 2019,USOIL,922,0,1,0.9310844462609262,0.8669182460690157,1,0,1,0,1,0,1,0,1,0,1,0,1,0,0,0,0,0
Normal 2019,USOIL,923,0,1,0.9194925338308996,0.8454665197707681,1,0,1,0,1,0,1,0,1,0,1,0,1,0,0,0,0,0
Normal 2019,USOIL,924,0,1,0.903839452153448,0.8169257552690452,1,0,1,0,1,0,1,0,1,0,0,0,1,0,0,0,0,0
Normal 2019,USOIL,925,0,1,0.9117365876237676,0.831263605211832,1,0,1,0,1,0,1,0,1,0,1,0,1,0,0,0,0,0
Normal 2019,USOIL,926,0,1,0.9049023480658708,0.8188482595351263,1,0,1,0,1,0,1,0,1,0,0,0,1,0,0,0,0,0
Normal 2019,USOIL,927,0,1,0.874795545656751,0.7652672467008927,1,0,1,0,1,0,1,0,1,0,0,0,1,0,0,0,0,0
Normal 2019,USOIL,928,0,1,0.8323119055257132,0.6927431080798437,1,0,1,0,1,0,1,0,1,0,0,0,1,0,0,0,0,0
Normal 2019,USOIL,929,0,1,0.7723723861853609,0.5965591029416683,1,0,1,0,1,0,1,0,1,0,0,0,1,0,0,0,0,0
Normal 2019,USOIL,930,0,1,0.6425090932475183,0.4128179349057481,0,0,0,0,1,0,1,0,1,0,0,0,1,0,0,0,0,0
Normal 2019,USOIL,931,0,1,0.684236213193097,0.4681791954448293,0,0,0,0,1,0,1,0,1,0,0,0,1,0,0,0,0,0
Normal 2019,USOIL,932,0,1,0.7261606063839695,0.5273092262639343,0,0,0,0,1,0,1,0,1,0,0,0,1,0,0,0,0,0
Normal 2019,USOIL,933,0,1,0.7354407440274314,0.540873087975622,0,0,0,0,1,0,1,0,1,0,1,0,1,0,0,0,0,0
Normal 2019,USOIL,934,0,1,0.7163487562812935,0.513155540625756,0,0,0,0,0,0,1,0,1,0,1,0,1,0,0,0,0,0
Normal 2019,USOIL,935,0,1,0.7017107134163517,0.4923979253232853,1,0,0,0,1,0,1,0,1,0,1,0,1,0,0,0,0,0
Normal 2019,USOIL,936,0,1,0.6326574067633246,0.4002553943324947,1,0,0,0,0,0,1,0,1,0,0,0,1,0,0,0,0,0
Normal 2019,USOIL,937,0,1,0.6843782508772227,0.4683735902737668,1,0,0,0,1,0,1,0,0,0,0,0,1,0,0,0,0,0
Normal 2019,USOIL,938,0,1,0.6379644519840506,0.40699864199531,0,0,0,0,1,0,1,0,0,0,0,0,1,0,0,0,0,0
Normal 2019,USOIL,939,0,1,0.5684384110217707,0.3231222271249556,0,0,0,0,0,0,1,0,0,0,0,0,1,0,0,0,0,0
Normal 2019,USOIL,940,0,1,0.6373744808250207,0.4062462288069646,0,0,0,0,0,0,1,0,0,0,0,0,1,0,0,0,0,0
Normal 2019,USOIL,941,0,0,0.5157224742308734,0.2659696704268138,0,0,0,0,0,0,1,0,0,0,0,0,1,0,0,0,0,0
Normal 2019,USOIL,942,0,0,0.344828740993958,0.1189068606154781,0,0,0,0,0,0,1,0,0,0,0,0,0,0,0,0,0,0
Normal 2019,USOIL,943,0,0,0.3453523732791252,0.1192682617295242,0,0,0,0,0,0,1,0,0,0,0,0,0,0,0,0,0,0
Normal 2019,USOIL,944,0,0,0.3199721789802224,0.1023821953213514,1,0,0,0,0,0,1,0,0,0,0,0,0,0,0,0,0,0
Normal 2019,USOIL,945,0,0,0.3014443848961616,0.0908687171854252,0,0,0,0,0,0,1,0,0,0,0,0,0,0,1,0,0,0
Normal 2019,USOIL,946,0,0,0.3332381665341081,0.111047675635014,0,0,0,0,0,0,1,0,0,0,0,0,0,0,0,0,0,0
Normal 2019,USOIL,947,0,0,0.2490230296898458,0.0620124693159098,0,0,0,0,0,0,1,0,0,0,0,0,0,0,0,0,0,0
Normal 2019,USOIL,948,0,0,0.267264160908181,0.071430131705954,0,0,0,0,0,0,1,0,0,0,0,0,0,0,0,0,0,0
Normal 2019,USOIL,949,0,0,0.3045840653871671,0.0927714528877741,0,0,0,0,0,0,1,0,0,0,0,0,0,0,0,0,0,0
Normal 2019,USOIL,950,0,0,0.2061589963826474,0.0425015317895004,0,0,0,0,0,0,1,0,0,0,0,0,0,0,0,0,0,0
Normal 2019,USOIL,951,0,0,0.3798435491856936,0.1442811218579844,0,0,0,0,0,0,1,0,0,0,0,0,0,0,0,0,0,0
Normal 2019,USOIL,952,0,0,0.3682467612738641,0.1356056771886903,0,0,0,0,0,0,1,0,0,0,0,0,0,0,0,0,0,0
Normal 2019,USOIL,953,0,0,0.4341515882313819,0.1884876015638313,0,0,0,0,0,0,1,0,0,0,0,0,0,0,0,0,0,0
Normal 2019,USOIL,954,0,0,0.4961255607192911,0.246140571999031,1,0,0,0,0,0,1,0,0,0,0,0,0,0,1,0,0,0
Normal 2019,USOIL,955,0,1,0.6892242976240613,0.4750301324353806,1,0,0,0,1,0,1,0,0,0,0,0,0,0,1,0,0,0
Normal 2019,USOIL,956,0,0,0.4914913221422772,0.2415637197411637,1,0,0,0,0,0,1,0,0,0,0,0,0,0,0,0,0,0
Normal 2019,USOIL,957,0,0,0.5148351316715839,0.2650552128032971,1,0,0,0,0,0,1,0,0,0,0,0,0,0,1,0,0,0
Normal 2019,USOIL,958,0,0,0.4852379952725717,0.2354559120561443,1,0,0,0,0,0,1,0,0,0,0,0,0,0,0,0,0,0
Normal 2019,USOIL,959,0,1,0.5916185640108282,0.3500125252822345,1,0,0,0,1,0,1,0,0,0,0,0,0,0,1,0,0,0
Normal 2019,USOIL,960,0,0,0.5262514632631418,0.2769406025865978,1,0,0,0,0,0,1,0,0,0,0,0,0,0,0,0,0,0
Normal 2019,USOIL,961,0,0,0.3428217181502583,0.1175267304354951,0,0,0,0,0,0,1,0,0,0,0,0,0,0,0,0,0,0
Normal 2019,USOIL,962,0,0,0.2692303462633004,0.0724849793490566,0,0,0,0,0,0,1,0,0,0,0,0,0,0,0,0,0,0
Normal 2019,USOIL,963,0,0,0.4428357574516243,0.1961035080777538,0,0,0,0,0,0,1,0,0,0,0,0,0,0,0,0,0,0
Normal 2019,USOIL,964,0,0,0.4622119738585227,0.2136399087781916,0,0,0,0,0,0,1,0,0,0,0,0,0,0,0,0,0,0
Normal 2019,USOIL,965,0,0,0.2647830385251372,0.0701100574906043,0,0,0,0,0,0,1,0,0,0,0,0,0,0,0,0,0,0
Normal 2019,USOIL,966,0,0,0.3717299305675927,0.1381831412797873,0,0,0,0,0,0,1,0,0,0,0,0,0,0,0,0,0,0
Normal 2019,USOIL,967,0,0,0.2038604987539446,0.041559102952207,0,0,0,0,0,0,1,0,0,0,0,0,0,0,0,0,0,0
Normal 2019,USOIL,968,0,0,0.2450562908247052,0.0600525856727625,0,0,0,0,0,0,1,0,0,0,0,0,0,0,0,0,0,0
Normal 2019,USOIL,969,0,0,0.1655661673624684,0.0274121557750969,0,0,0,0,0,0,1,0,0,0,0,0,0,0,0,0,0,0
Normal 2019,USOIL,970,0,0,0.178945557778563,0.032021512648681,0,0,0,0,0,0,0,0,0,0,0,0,0,0,0,0,0,0
Normal 2019,USOIL,971,0,0,0.2059092110995803,0.0423986032156515,0,0,0,0,0,0,1,0,0,0,0,0,0,0,0,0,0,0
Normal 2019,USOIL,972,0,0,0.2644661708048131,0.0699423555001605,0,0,0,0,0,0,0,0,0,0,0,0,0,0,0,0,0,0
Normal 2019,USOIL,973,0,0,0.2044533488160119,0.0418011718420818,0,0,0,0,0,0,1,0,0,0,0,0,0,0,0,0,0,0
Normal 2019,USOIL,974,0,0,0.168527533638918,0.0284015295944166,0,0,0,0,0,0,1,0,0,0,0,0,0,0,0,0,0,0
Normal 2019,USOIL,975,0,0,0.1571565145929152,0.0246981700789931,0,0,0,0,0,0,1,0,0,0,0,0,0,0,0,0,0,0
Normal 2019,USOIL,976,0,0,0.1032508629450839,0.0106607406989045,0,0,0,0,0,0,1,0,0,0,0,0,0,0,0,0,0,0
Normal 2019,USOIL,977,0,0,0.1106888840365191,0.0122520290492499,0,0,0,0,0,0,1,0,0,0,0,0,0,0,0,0,0,0
Normal 2019,USOIL,978,0,0,0.1618906344643241,0.0262085775272614,0,0,0,0,0,0,1,0,0,0,0,0,0,0,0,0,1,0
Normal 2019,USOIL,979,0,0,0.1699284069709834,0.0288756634956961,0,0,0,0,0,0,1,0,0,0,0,0,0,0,0,0,1,0
Normal 2019,USOIL,980,0,0,0.2672992595258189,0.071448894143051,0,0,0,0,0,0,1,0,0,0,0,0,0,0,0,0,1,0
Normal 2019,USOIL,981,0,0,0.2924657577136282,0.0855362194350067,0,0,0,0,0,0,1,0,0,0,0,0,0,0,0,0,1,0
Normal 2019,USOIL,982,0,0,0.3079367458240369,0.0948250394286975,0,0,0,0,0,0,1,0,0,0,0,0,0,0,0,0,1,0
Normal 2019,USOIL,983,0,0,0.3256457359781421,0.1060451453607458,0,0,0,0,0,0,1,0,0,0,0,0,0,0,0,0,0,0
Normal 2019,USOIL,984,0,0,0.4091882253599518,0.1674350037732267,0,0,0,0,0,0,1,0,0,0,0,0,0,0,0,0,0,0
Normal 2019,USOIL,985,0,1,0.6861777366762978,0.4708398863102067,1,0,1,0,0,0,1,0,1,0,0,0,1,0,0,0,0,0
Normal 2019,USOIL,986,0,1,0.5716191757544345,0.3267484820901791,0,0,0,0,1,0,0,0,0,0,0,0,0,0,0,0,0,0
Normal 2019,USOIL,987,0,0,0.4932646346387883,0.2433099997853373,0,0,0,0,0,0,1,0,0,0,0,0,0,0,0,0,1,0
Normal 2019,USOIL,988,0,0,0.5333637808639075,0.2844769227374423,0,0,0,0,1,0,1,0,0,0,0,0,0,0,0,0,1,0
Normal 2019,USOIL,989,0,0,0.4478836032735819,0.2005997220813273,0,0,0,0,1,0,1,0,0,0,0,0,0,0,0,0,1,0
Normal 2019,USOIL,990,0,0,0.4179160487095966,0.1746538237690419,0,0,0,0,0,0,1,0,0,0,0,0,0,0,0,0,0,0
Normal 2019,USOIL,991,0,0,0.3527543804380018,0.1244356529181985,0,0,0,0,0,0,1,0,0,0,0,0,0,0,0,0,0,0
Normal 2019,USOIL,992,0,0,0.1523793472571983,0.0232194654705298,0,0,0,0,0,0,1,0,0,0,0,0,0,0,0,0,0,0
Normal 2019,USOIL,993,0,0,0.1148340955483472,0.0131868695004069,0,0,0,0,0,0,1,0,0,0,0,0,0,0,0,0,0,0
Normal 2019,USOIL,994,0,0,0.1093226483810017,0.0119514414490361,0,0,0,0,0,0,1,0,0,0,0,0,0,0,0,0,0,0
Normal 2019,USOIL,995,0,0,0.0740195303467878,0.005478890872759,0,0,0,0,0,0,0,0,0,0,0,0,0,0,0,0,0,0
Normal 2019,USOIL,996,0,0,0.1237405527582982,0.0153117243969291,0,0,0,0,0,0,0,0,0,0,0,0,0,0,0,0,0,0
Normal 2019,USOIL,997,0,0,0.0662618066993949,0.0043906270270679,0,0,0,0,0,0,0,0,0,0,0,0,0,0,0,0,0,0
Normal 2019,USOIL,998,0,0,0.1135831265869046,0.0129011266452567,0,0,0,0,0,0,0,0,0,0,0,0,0,0,0,0,0,0
Normal 2019,USOIL,999,0,0,0.1650051539535986,0.0272267008312507,0,0,0,0,0,0,0,0,0,0,0,0,0,0,0,0,0,0
Normal 2019,USOIL,1000,0,0,0.2299801259195814,0.0528908583179865,0,0,0,0,0,0,0,0,0,0,0,0,0,0,0,0,0,0
Normal 2019,USOIL,1001,0,0,0.3610073871036015,0.1303263335433695,0,0,0,0,0,0,1,0,0,0,0,0,0,0,0,0,0,0
Normal 2019,USOIL,1002,0,0,0.3912910949057145,0.1531087209525129,0,0,0,0,0,0,1,0,0,0,0,0,0,0,0,0,0,0
Normal 2019,USOIL,1003,0,0,0.4470136637556954,0.1998212155842899,0,0,0,0,0,0,1,0,0,0,0,0,0,0,0,0,0,0
Normal 2019,GOLD,875,0,0,0.2047947821025992,0.041940902776451,0,0,0,0,0,0,0,0,0,0,0,0,0,0,0,0,0,0
Normal 2019,GOLD,876,0,1,0.4631000472213376,0.2144616537364051,0,0,0,0,1,0,0,0,0,0,0,0,1,0,0,0,0,0
Normal 2019,GOLD,877,0,0,0.398876910121556,0.1591027894281198,0,0,0,0,1,0,0,0,0,0,0,0,1,0,0,0,0,0
Normal 2019,GOLD,878,0,0,0.3973969534619818,0.1579243386208645,0,0,0,0,1,0,0,0,0,0,0,0,1,0,0,0,0,0
Normal 2019,GOLD,879,0,0,0.3351145971104172,0.1123017931964772,0,0,0,0,1,0,0,0,0,0,0,0,1,0,0,0,0,0
Normal 2019,GOLD,880,0,0,0.3127162040384623,0.0977914242682251,0,0,0,0,0,0,1,0,0,0,0,0,1,0,0,0,0,0
Normal 2019,GOLD,881,0,0,0.3786193733317984,0.1433526298621637,0,0,0,0,1,0,1,0,0,0,0,0,1,0,0,0,0,0
Normal 2019,GOLD,882,0,0,0.3162752447698967,0.1000300304542581,0,0,0,0,0,0,0,0,0,0,0,0,1,0,0,0,0,0
Normal 2019,GOLD,883,0,1,0.4717108370105311,0.2225111137531758,0,0,0,0,1,0,1,0,0,0,0,0,1,0,0,0,0,0
Normal 2019,GOLD,884,0,0,0.3503208990593083,0.1227247323177221,0,0,0,0,0,0,1,0,0,0,0,0,0,0,0,0,0,0
Normal 2019,GOLD,885,0,0,0.2702069918638415,0.0730118184521061,0,0,0,0,0,0,1,0,0,0,0,0,0,0,0,0,0,0
Normal 2019,GOLD,886,0,0,0.3430208381951804,0.1176632954361241,0,0,0,0,0,0,0,0,0,0,0,0,0,0,0,0,0,0
Normal 2019,GOLD,887,0,0,0.2595471006597125,0.0673646974608629,0,0,0,0,0,0,1,0,0,0,0,0,0,0,0,0,0,0
Normal 2019,GOLD,888,0,0,0.2563942074764228,0.0657379896274629,0,0,0,0,0,0,0,0,0,0,0,0,0,0,0,0,0,0
Normal 2019,GOLD,889,0,0,0.2681191084152107,0.0718878562973675,0,0,0,0,0,0,0,0,0,0,0,0,0,0,0,0,0,0
Normal 2019,GOLD,890,0,0,0.2848676600192052,0.0811495837248175,0,0,0,0,1,0,0,0,0,0,0,0,0,0,0,0,0,0
Normal 2019,GOLD,891,0,0,0.3294277157913743,0.1085226199315224,0,0,0,0,0,0,1,0,0,0,0,0,0,0,0,0,0,0
Normal 2019,GOLD,892,0,0,0.3398873200136779,0.1155233903060803,0,0,0,0,0,0,1,0,0,0,0,0,0,0,0,0,0,0
Normal 2019,GOLD,893,0,0,0.4352771891088005,0.1894662313584584,0,0,0,0,0,0,1,0,0,0,0,0,0,0,0,0,0,0
Normal 2019,GOLD,894,0,0,0.4177732448554931,0.1745344841170878,0,0,0,0,1,0,0,0,0,0,0,0,0,0,0,0,0,0
Normal 2019,GOLD,895,0,0,0.440332114559635,0.1938923711125595,0,0,0,0,0,0,0,0,0,0,0,0,0,0,0,0,1,0
Normal 2019,GOLD,896,0,1,0.4883447851143832,0.2384806291484131,0,0,0,0,1,0,1,0,0,0,0,0,0,0,0,0,1,0
Normal 2019,GOLD,897,0,1,0.4975598805808999,0.2475658347636793,0,0,0,0,0,0,1,0,0,0,0,0,1,0,0,0,1,0
Normal 2019,GOLD,898,0,1,0.5012194039445244,0.2512208908905042,0,0,0,0,1,0,1,0,0,0,0,0,1,0,0,0,1,0
Normal 2019,GOLD,899,0,1,0.4972864073588729,0.2472937709438949,0,0,0,0,0,0,1,0,0,0,0,0,0,0,0,0,0,0
Normal 2019,GOLD,900,0,1,0.5969279150318815,0.3563229357443091,0,0,1,0,1,0,1,0,0,0,0,0,0,0,0,0,0,0
Normal 2019,GOLD,901,0,1,0.912972932940088,0.8335195762812265,1,0,1,0,0,0,1,0,1,0,1,0,1,0,0,0,0,0
Normal 2019,GOLD,902,0,1,0.8989479848192224,0.808107479410541,1,0,1,0,1,0,1,0,1,0,1,0,1,0,0,0,0,0
Normal 2019,GOLD,903,0,1,0.9090968533664292,0.8264570888007431,0,0,1,0,1,0,1,0,1,0,1,0,1,0,0,0,0,0
Normal 2019,GOLD,904,0,1,0.898931309778711,0.8080774997004689,1,0,1,0,1,0,1,0,1,0,1,0,1,0,1,0,0,0
Normal 2019,GOLD,905,0,1,0.8977845321122195,0.8060170660999569,0,0,1,0,1,0,1,0,1,0,0,0,1,0,1,0,0,0
Normal 2019,GOLD,906,0,1,0.8961075548359843,0.8030087498341265,1,0,1,0,1,0,1,0,1,0,0,0,1,0,1,0,0,0
Normal 2019,GOLD,907,0,1,0.4728878935169127,0.2236229598348629,0,0,0,0,1,0,1,0,0,0,0,0,0,0,0,0,0,0
Normal 2019,GOLD,908,0,1,0.4972341818346683,0.247241831584792,0,0,0,0,0,0,1,0,0,0,0,0,0,0,0,0,0,0
Normal 2019,GOLD,909,0,0,0.4292747605066385,0.1842768200080319,0,0,0,0,0,0,1,0,0,0,0,0,0,0,0,0,0,0
Normal 2019,GOLD,910,0,0,0.4347304746107595,0.1889905855552962,0,0,0,0,1,0,1,0,0,0,0,0,0,0,0,0,0,0
Normal 2019,GOLD,911,0,1,0.5123022999979289,0.2624536465831679,0,0,0,0,1,0,1,0,0,0,0,0,0,0,0,0,0,0
Normal 2019,GOLD,912,0,0,0.3898264964072043,0.1519646973011161,0,0,0,0,0,0,1,0,0,0,0,0,0,0,0,0,0,0
Normal 2019,GOLD,913,0,0,0.3608958426279905,0.1302458092261673,0,0,0,0,1,0,1,0,0,0,0,0,0,0,0,0,0,0
Normal 2019,GOLD,914,0,0,0.3935734523426542,0.1549000623889155,0,0,0,0,0,0,1,0,0,0,0,0,0,0,0,0,0,0
Normal 2019,GOLD,915,0,0,0.4201646012360461,0.1765382921318456,0,0,0,0,0,0,1,0,0,0,0,0,0,0,0,0,0,0
Normal 2019,GOLD,916,0,0,0.4302403067013139,0.1851067215104407,0,0,0,0,0,0,1,0,0,0,0,0,0,0,0,0,0,0
Normal 2019,GOLD,917,0,0,0.44563854770652,0.1985937152019763,0,0,1,0,0,0,1,0,0,0,0,0,0,0,0,0,0,0
Normal 2019,GOLD,918,0,1,0.5779531850549607,0.3340298841151737,0,0,1,0,1,0,1,0,0,0,0,0,0,0,0,0,0,0
Normal 2019,GOLD,919,0,1,0.5935196365924726,0.3522655590208608,0,0,1,0,1,0,1,0,0,0,0,0,0,0,0,0,0,0
Normal 2019,GOLD,920,0,1,0.5282483740912494,0.2790463447300485,0,0,1,0,1,0,1,0,0,0,0,0,0,0,0,0,0,0
Normal 2019,GOLD,921,0,1,0.5280337879778277,0.2788196812462135,0,0,0,0,0,0,1,0,0,0,0,0,0,0,0,0,0,0
Normal 2019,GOLD,922,0,1,0.4911212882627947,0.2412001197849071,0,0,0,0,0,0,1,0,0,0,0,0,0,0,0,0,0,0
Normal 2019,GOLD,923,0,1,0.4833261179032913,0.2336041362474662,0,0,0,0,1,0,1,0,0,0,0,0,0,0,0,0,0,0
Normal 2019,GOLD,924,0,1,0.4713401213980057,0.2221615100394867,0,0,0,0,1,0,1,0,0,0,0,0,0,0,0,0,0,0
Normal 2019,GOLD,925,0,0,0.426996512123277,0.1823260213654438,0,0,0,0,0,0,1,0,0,0,0,0,0,0,0,0,0,0
Normal 2019,GOLD,926,0,1,0.4550792786483567,0.2070971498551086,0,0,0,0,0,0,1,0,0,0,0,0,0,0,0,0,0,0
Normal 2019,GOLD,927,0,1,0.4699706267510464,0.2208723900087713,0,0,0,0,1,0,1,0,0,0,0,0,0,0,0,0,0,0
Normal 2019,GOLD,928,0,0,0.4314781953382825,0.1861734330523811,0,0,0,0,1,0,1,0,0,0,0,0,0,0,0,0,0,0
Normal 2019,GOLD,929,0,0,0.4248450676923159,0.1804933315424885,0,0,0,0,0,0,1,0,0,0,0,0,0,0,0,0,0,0
Normal 2019,GOLD,930,0,1,0.541390273690524,0.2931034284467004,0,0,0,0,0,0,1,0,0,0,0,0,0,0,0,0,0,0
Normal 2019,GOLD,931,0,1,0.507770818956894,0.2578312045841548,0,0,0,0,1,0,1,0,0,0,0,0,0,0,0,0,0,0
Normal 2019,GOLD,932,0,1,0.5634176152221093,0.3174394091425688,0,0,1,0,0,0,1,0,0,0,0,0,0,0,0,0,0,0
Normal 2019,GOLD,933,0,1,0.5979898233753641,0.3575918288604992,0,0,1,0,0,0,1,0,0,0,0,0,0,0,0,0,0,0
Normal 2019,GOLD,934,0,1,0.6317130507410856,0.3990613784766094,0,0,1,0,1,0,1,0,0,0,0,0,0,0,0,0,0,0
Normal 2019,GOLD,935,0,1,0.8163963803502564,0.6665030498490006,1,0,1,0,0,0,1,0,0,0,0,0,1,0,1,0,0,0
Normal 2019,GOLD,936,0,1,0.867675999236109,0.7528616396503803,1,0,1,0,1,0,1,0,0,0,0,0,1,0,1,0,0,0
Normal 2019,GOLD,937,0,1,0.8211993332965865,0.6743683450067581,1,0,1,0,0,0,1,0,0,0,0,0,1,0,0,0,0,0
Normal 2019,GOLD,938,0,1,0.8170603504066494,0.6675876162066366,1,0,1,0,1,0,1,0,0,0,0,0,1,0,0,0,0,0
Normal 2019,GOLD,939,0,1,0.780600564754362,0.609337241694829,1,0,0,0,1,0,1,0,0,0,0,0,1,0,0,0,0,0
Normal 2019,GOLD,940,0,1,0.689068931652144,0.4748159925682271,1,0,0,0,0,0,1,0,0,0,0,0,0,0,0,0,0,0
Normal 2019,GOLD,941,0,1,0.707144966494684,0.5000540036387677,1,0,0,0,0,0,1,0,0,0,0,0,0,0,0,0,0,0
Normal 2019,GOLD,942,0,1,0.7117694532019795,0.5066157545114449,1,0,0,0,0,0,1,0,0,0,0,0,0,0,0,0,0,0
Normal 2019,GOLD,943,0,1,0.6856536099367857,0.4701208728193459,0,0,0,0,1,0,1,0,0,0,0,0,0,0,0,0,0,0
Normal 2019,GOLD,944,0,1,0.6413952049748792,0.4113878089647673,0,0,0,0,0,0,1,0,0,0,0,0,0,0,0,0,0,0
Normal 2019,GOLD,945,0,1,0.6094050411296806,0.3713745041542677,0,0,0,0,0,0,1,0,0,0,0,0,0,0,0,0,0,0
Normal 2019,GOLD,946,0,1,0.6086633638413232,0.370471090482635,0,0,1,0,0,0,1,0,0,0,0,0,0,0,0,0,0,0
Normal 2019,GOLD,947,0,1,0.6761261632957024,0.4571465886929668,0,0,1,0,0,0,1,0,0,0,0,0,0,0,0,0,0,0
Normal 2019,GOLD,948,0,1,0.6889051086200786,0.4745902486828423,0,0,1,0,0,0,1,0,0,0,0,0,0,0,0,0,0,0
Normal 2019,GOLD,949,0,1,0.6976354971026578,0.4866952868176725,0,0,1,0,0,0,1,0,0,0,0,0,0,0,0,0,0,0
Normal 2019,GOLD,950,0,1,0.6735001656566977,0.4536024731395992,0,0,1,0,1,0,1,0,0,0,0,0,0,0,0,0,0,0
Normal 2019,GOLD,951,0,1,0.6686743181948672,0.4471253438133705,0,0,0,0,1,0,1,0,0,0,0,0,0,0,0,0,0,0
Normal 2019,GOLD,952,0,1,0.6568990114416764,0.4315163112330517,0,0,1,0,0,0,1,0,0,0,0,0,0,0,0,0,0,0
Normal 2019,GOLD,953,0,1,0.6408757831205609,0.4107217693903922,0,0,1,0,0,0,1,0,0,0,0,0,0,0,0,0,0,0
Normal 2019,GOLD,954,0,1,0.5699451510047263,0.3248374751538003,0,0,0,0,0,0,1,0,0,0,0,0,0,0,0,0,0,0
Normal 2019,GOLD,955,0,1,0.5615996058797859,0.3153941173243308,0,0,0,0,0,0,1,0,0,0,0,0,0,0,0,0,0,0
Normal 2019,GOLD,956,0,1,0.5981096208389579,0.357735118540122,0,0,0,0,0,0,1,0,0,0,0,0,0,0,0,0,0,0
Normal 2019,GOLD,957,0,1,0.6114922255458327,0.3739227419029955,0,0,0,0,1,0,1,0,0,0,0,0,0,0,0,0,0,0
Normal 2019,GOLD,958,0,1,0.6947958627221682,0.482741290855842,0,0,1,0,1,0,1,0,1,0,0,0,0,0,0,0,0,0
Normal 2019,GOLD,959,0,1,0.716726807286308,0.5136973162828244,0,0,1,0,1,0,1,0,1,0,0,0,0,0,0,0,0,0
Normal 2019,GOLD,960,0,1,0.72201842255714,0.5213106025119008,0,0,1,0,1,0,1,0,1,0,0,0,0,0,0,0,0,0
Normal 2019,GOLD,961,0,1,0.7720887753589141,0.5961210770352277,0,0,1,0,1,0,1,0,1,0,0,0,0,0,0,0,0,0
Normal 2019,GOLD,962,0,1,0.7482922243116078,0.5599412529652136,0,0,1,0,1,0,1,0,1,0,0,0,0,0,0,0,0,0
Normal 2019,GOLD,963,0,1,0.7569646544037234,0.5729954880165484,0,0,1,0,1,0,1,0,1,0,0,0,0,0,0,0,0,0
Normal 2019,GOLD,964,0,1,0.781749318672488,0.6111319972448992,0,0,1,0,0,0,1,0,0,0,0,0,0,0,0,0,0,0
Normal 2019,GOLD,965,0,1,0.7310640271939443,0.534454611857028,0,0,1,0,1,0,1,0,0,0,0,0,0,0,0,0,0,0
Normal 2019,GOLD,966,0,1,0.6973510494529028,0.4862984861730649,1,0,0,0,0,0,1,0,0,0,0,0,0,0,0,0,0,0
Normal 2019,GOLD,967,0,1,0.5873775704792825,0.3450124103021445,0,0,1,0,0,0,1,0,0,0,0,0,0,0,0,0,0,0
Normal 2019,GOLD,968,0,1,0.5348081917736686,0.286019801988221,0,0,1,0,1,0,1,0,1,0,0,0,0,0,0,0,0,0
Normal 2019,GOLD,969,0,0,0.3041950906170694,0.092534653155527,0,0,0,0,0,0,1,0,0,0,0,0,0,0,0,0,0,0
Normal 2019,GOLD,970,0,0,0.3582605299335886,0.1283506073082957,0,0,0,0,1,0,1,0,0,0,0,0,0,0,0,0,0,0
Normal 2019,GOLD,971,0,0,0.3027612071828401,0.0916643485748106,0,0,0,0,1,0,0,0,0,0,0,0,0,0,0,0,0,0
Normal 2019,GOLD,972,0,0,0.2997248106825521,0.0898349621386916,0,0,0,0,1,0,0,0,0,0,0,0,0,0,0,0,0,0
Normal 2019,GOLD,973,0,1,0.4740059561223991,0.2246816464395097,0,0,1,0,1,0,0,0,1,0,0,0,0,0,0,0,0,0
Normal 2019,GOLD,974,0,1,0.5370086592071289,0.2883783000634383,0,0,1,0,1,0,1,0,1,0,0,0,1,0,0,0,0,0
Normal 2019,GOLD,975,0,1,0.5589872352960645,0.3124667292239378,0,0,1,0,1,0,0,0,1,0,0,0,1,0,0,0,0,0
Normal 2019,GOLD,976,0,1,0.4771893869003574,0.227709710970339,0,0,0,0,1,0,0,0,1,0,0,0,0,0,0,0,0,0
Normal 2019,GOLD,977,0,0,0.420750203291203,0.1770307335695887,0,0,0,0,1,0,0,0,0,0,0,0,0,0,0,0,0,0
Normal 2019,GOLD,978,0,0,0.3709111992798428,0.1375751177512112,0,0,0,0,1,0,0,0,0,0,0,0,0,0,0,0,0,0
Normal 2019,GOLD,979,0,0,0.2856696623067368,0.081607155962445,0,0,0,0,1,0,0,0,0,0,0,0,0,0,0,0,0,0
Normal 2019,GOLD,980,0,0,0.2649937624519661,0.070221694138449,0,0,0,0,0,0,0,0,0,0,0,0,0,0,0,0,0,0
Normal 2019,GOLD,981,0,0,0.3369236036339109,0.1135175146856607,0,0,0,0,0,0,0,0,0,0,0,0,1,0,0,0,0,0
Normal 2019,GOLD,982,0,0,0.3096497862568984,0.0958829901289428,0,0,0,0,0,0,0,0,0,0,0,0,0,0,0,0,0,0
Normal 2019,GOLD,983,0,0,0.2578503907308361,0.0664868240000448,0,0,0,0,0,0,0,0,0,0,0,0,0,0,0,0,0,0
Normal 2019,GOLD,984,0,0,0.2376999337196944,0.0565012584903471,0,0,0,0,0,0,0,0,0,0,0,0,0,0,0,0,0,0
Normal 2019,GOLD,985,0,0,0.235753362584319,0.0555796479698134,0,0,0,0,0,0,1,0,0,0,0,0,0,0,0,0,0,0
Normal 2019,GOLD,986,0,0,0.2419002260033769,0.0585157193404848,0,0,0,0,0,0,1,0,0,0,0,0,0,0,0,0,0,0
Normal 2019,GOLD,987,0,0,0.2586641904194405,0.0669071634053446,0,0,0,0,1,0,0,0,0,0,0,0,0,0,0,0,0,0
Normal 2019,GOLD,988,0,0,0.2320143716939339,0.0538306686725309,0,0,0,0,0,0,0,0,0,0,0,0,0,0,0,0,0,0
Normal 2019,GOLD,989,0,0,0.2679836336454069,0.0718152279017956,0,0,0,0,0,0,0,0,0,0,0,0,0,0,0,0,0,0
Normal 2019,GOLD,990,0,0,0.2523739216299485,0.0636925963188794,0,0,0,0,0,0,1,0,0,0,0,0,0,0,0,0,0,0
Normal 2019,GOLD,991,0,0,0.2649174432311386,0.0701812517281235,0,0,0,0,0,0,0,0,0,0,0,0,0,0,0,0,0,0
Normal 2019,GOLD,992,0,0,0.2634130787871166,0.0693864500761077,0,0,0,0,0,0,0,0,0,0,0,0,0,0,0,0,0,0
Normal 2019,GOLD,993,0,0,0.2874548852088804,0.0826303110304506,0,0,0,0,1,0,0,0,0,0,0,0,0,0,0,0,0,0
Normal 2019,GOLD,994,0,0,0.3362818337196762,0.1130854716898679,0,0,0,0,0,0,1,0,0,0,0,0,0,0,0,0,0,0
Normal 2019,GOLD,995,0,0,0.3210924071252423,0.1031003339134823,0,0,0,0,0,0,1,0,0,0,0,0,0,0,0,0,0,0
Normal 2019,GOLD,996,0,0,0.271420587156325,0.0736691351322842,0,0,0,0,0,0,1,0,0,0,0,0,0,0,0,0,0,0
Normal 2019,GOLD,997,0,0,0.3153511881419693,0.0994463718625517,0,0,0,0,0,0,1,0,0,0,0,0,0,0,0,0,0,0
Normal 2019,GOLD,998,0,0,0.3364341744494686,0.1131879537374954,0,0,0,0,0,0,1,0,0,0,0,0,0,0,0,0,0,0
Normal 2019,GOLD,999,0,0,0.4282326448754137,0.1833831981369921,0,0,0,0,0,0,1,0,0,0,0,0,0,0,0,0,0,0
Normal 2019,GOLD,1000,0,1,0.4878113036034491,0.2379598679232964,0,0,0,0,0,0,1,0,0,0,0,0,0,0,0,0,0,0
Normal 2019,GOLD,1001,0,1,0.4779104608874888,0.2283984086256919,0,0,0,0,0,0,1,0,0,0,0,0,0,0,0,0,0,0
Normal 2019,GOLD,1002,0,1,0.601454584657023,0.361747617404952,0,0,0,0,1,0,1,0,0,0,0,0,0,0,0,0,0,0
Normal 2019,EURUSD,908,0,0,0.5021478686111759,0.2521524819507467,0,0,1,0,0,0,1,0,0,0,0,0,0,0,0,0,0,0
Normal 2019,EURUSD,909,0,0,0.5579257268456108,0.3112811166762031,0,0,1,0,0,0,1,0,0,0,0,0,0,0,0,0,0,0
Normal 2019,EURUSD,910,0,1,0.5927149643609169,0.3513110289773629,0,0,1,0,0,0,1,0,0,0,0,0,0,0,0,0,0,0
Normal 2019,EURUSD,911,0,1,0.6477934239699481,0.4196363201387089,0,0,1,0,0,0,1,0,0,0,0,0,0,0,0,0,0,0
Normal 2019,EURUSD,912,0,1,0.6814249764943243,0.4643399985902904,0,0,1,0,0,0,1,0,0,0,0,0,0,0,0,0,0,0
Normal 2019,EURUSD,913,0,1,0.7075980930970011,0.5006950613545121,0,0,1,0,0,0,1,0,0,0,0,0,0,0,0,0,0,0
Normal 2019,EURUSD,914,0,1,0.7543724331181404,0.5690777678485832,0,0,1,0,1,0,1,0,0,0,0,0,1,0,0,0,0,0
Normal 2019,EURUSD,915,0,1,0.757484725812905,0.5737831098398519,0,0,1,0,0,0,1,0,0,0,0,0,1,0,0,0,0,0
Normal 2019,EURUSD,916,0,1,0.6733426904422738,0.4533903787720397,0,0,1,0,0,0,1,0,0,0,0,0,1,0,0,0,0,0
Normal 2019,EURUSD,917,0,1,0.7392097806754568,0.546431099846257,0,0,1,0,1,0,1,0,0,0,0,0,1,0,0,0,0,0
Normal 2019,EURUSD,918,0,1,0.7280241626378215,0.5300191813845012,0,0,1,0,0,0,1,0,0,0,0,0,1,0,0,0,0,0
Normal 2019,EURUSD,919,0,1,0.814350991304737,0.6631675370390078,0,0,1,0,0,0,1,0,0,0,1,0,1,0,0,0,0,0
Normal 2019,EURUSD,920,0,1,0.7532607490334327,0.567401756034408,0,0,1,0,0,0,1,0,0,0,0,0,1,0,0,0,0,0
Normal 2019,EURUSD,921,0,1,0.788295708043384,0.6214101233196201,0,0,1,0,0,0,1,0,0,0,1,0,1,0,0,0,0,0
Normal 2019,EURUSD,922,0,0,0.3649618838736496,0.1331971766806033,0,0,1,0,0,0,1,0,0,0,0,0,0,0,0,0,0,0
Normal 2019,EURUSD,923,0,0,0.3529724675342055,0.1245895628371857,0,0,1,0,0,0,1,0,0,0,0,0,0,0,0,0,1,0
Normal 2019,EURUSD,924,0,0,0.4332134852915834,0.1876739238384809,0,0,1,0,0,0,1,0,0,0,0,0,0,0,0,0,0,0
Normal 2019,EURUSD,925,0,0,0.2861513265220949,0.0818825816703546,0,0,1,0,0,0,1,0,0,0,0,0,0,0,0,0,0,0
Normal 2019,EURUSD,926,0,0,0.3108830558146166,0.096648274392634,0,0,1,0,0,0,1,0,0,0,0,0,0,0,0,0,0,0
Normal 2019,EURUSD,927,0,0,0.3650893747997691,0.1332902515916863,0,0,1,0,0,0,1,0,0,0,0,0,0,0,0,0,0,0
Normal 2019,EURUSD,928,0,0,0.332287750116247,0.1104151488773174,0,0,1,0,0,0,1,0,0,0,0,0,0,0,0,0,0,0
Normal 2019,EURUSD,929,0,0,0.2714162021617499,0.0736667547959079,0,0,1,0,0,0,1,0,0,0,0,0,0,0,0,0,0,0
Normal 2019,EURUSD,930,0,0,0.434842654984585,0.1890881345940428,0,0,1,0,0,0,1,0,0,0,0,0,0,0,0,0,0,0
Normal 2019,EURUSD,931,0,0,0.2262771998074116,0.0512013711526832,0,0,1,0,0,0,1,0,0,0,0,0,0,0,0,0,0,0
Normal 2019,EURUSD,932,0,0,0.2505598568217367,0.0627802418505292,0,0,1,0,0,0,1,0,0,0,0,0,0,0,0,0,0,0
Normal 2019,EURUSD,933,0,0,0.2987850053353371,0.0892724794132374,0,0,0,0,0,0,1,0,0,0,0,0,0,0,0,0,0,0
Normal 2019,EURUSD,934,0,0,0.1561668211701485,0.0243880760343891,0,0,0,0,0,0,1,0,0,0,0,0,0,0,0,0,0,0
Normal 2019,EURUSD,935,0,0,0.2909951353209678,0.0846781687804683,0,0,1,0,0,0,1,0,0,0,0,0,0,0,0,0,0,0
Normal 2019,EURUSD,936,0,0,0.275021861999599,0.0756370245777265,0,0,1,0,0,0,1,0,0,0,0,0,0,0,0,0,0,0
Normal 2019,EURUSD,937,0,0,0.2954589906409085,0.0872960151505444,0,0,1,0,0,0,1,0,0,0,0,0,0,0,0,0,0,0
Normal 2019,EURUSD,938,0,0,0.3581669074994614,0.1282835336277277,0,0,1,0,0,0,1,0,0,0,0,0,0,0,0,0,0,0
Normal 2019,EURUSD,939,0,0,0.3387098883314569,0.1147243884535079,0,0,1,0,1,0,1,0,0,0,0,0,0,0,0,0,0,0
Normal 2019,EURUSD,940,0,0,0.3883106447060478,0.1507851567920265,0,0,1,0,0,0,1,0,0,0,0,0,0,0,0,0,0,0
Normal 2019,EURUSD,941,0,0,0.5682496854328368,0.322907704994518,0,0,1,0,0,0,1,0,0,0,0,0,0,0,0,0,0,0
Normal 2019,EURUSD,942,0,0,0.4735061181022037,0.2242080438802181,0,0,1,0,0,0,1,0,0,0,0,0,0,0,0,0,0,0
Normal 2019,EURUSD,943,0,0,0.4202361969942972,0.1765984612642298,0,0,1,0,0,0,1,0,0,0,0,0,0,0,0,0,1,0
Normal 2019,EURUSD,944,0,0,0.425807598039065,0.1813121105477979,0,0,1,0,0,0,1,0,0,0,0,0,0,0,0,0,0,0
Normal 2019,EURUSD,945,0,0,0.4973211704364153,0.247328346564246,0,0,1,0,0,0,1,0,0,0,0,0,0,0,0,0,0,0
Normal 2019,EURUSD,946,0,0,0.4911654632774945,0.2412435123165958,0,0,1,0,0,0,1,0,0,0,0,0,0,0,0,0,0,0
Normal 2019,EURUSD,947,0,0,0.4645925763129431,0.2158462619650978,0,0,1,0,0,0,1,0,0,0,0,0,0,0,0,0,0,0
Normal 2019,EURUSD,948,0,0,0.4071949768376268,0.1658077491617954,0,0,1,0,0,0,1,0,0,0,0,0,0,0,0,0,0,0
Normal 2019,EURUSD,949,0,0,0.5558246682750558,0.3089410618630758,0,0,1,0,0,0,1,0,0,0,0,0,0,0,0,0,0,0
Normal 2019,EURUSD,950,0,1,0.671494611579958,0.4509050133809187,0,0,1,0,0,0,1,0,0,0,0,0,0,0,0,0,0,0
Normal 2019,EURUSD,951,0,1,0.6748214792312887,0.4553840288319045,0,0,1,0,0,0,1,0,0,0,0,0,0,0,0,0,0,0
Normal 2019,EURUSD,952,0,1,0.7012506008125203,0.4917524051399207,0,0,1,0,0,0,1,0,0,0,0,0,0,0,0,0,0,0
Normal 2019,EURUSD,953,0,1,0.6654535028818882,0.4428283644977752,0,0,1,0,0,0,1,0,0,0,0,0,0,0,0,0,0,0
Normal 2019,EURUSD,954,0,1,0.7169340624459039,0.5139944498951872,0,0,1,0,0,0,1,0,0,0,0,0,0,0,0,0,0,0
Normal 2019,EURUSD,955,0,1,0.7462335188813307,0.5568644647020133,0,0,1,0,0,0,1,0,0,0,0,0,0,0,0,0,0,0
Normal 2019,EURUSD,956,0,0,0.5050223539582022,0.2550475779974836,0,0,1,0,0,0,1,0,0,0,0,0,0,0,0,0,0,0
Normal 2019,EURUSD,957,0,0,0.4404750442131637,0.1940182645745885,0,0,1,0,0,0,1,0,0,0,0,0,0,0,0,0,0,0
Normal 2019,EURUSD,958,0,0,0.4962209501404995,0.24623523135834,0,0,1,0,0,0,1,0,0,0,0,0,0,0,0,0,0,0
Normal 2019,EURUSD,959,0,0,0.4113238369614447,0.1691872988526851,0,0,1,0,0,0,1,0,0,0,0,0,0,0,0,0,0,0
Normal 2019,EURUSD,960,0,0,0.3897632452762691,0.1519153873682891,0,0,1,0,0,0,1,0,0,0,0,0,0,0,0,0,0,0
Normal 2019,EURUSD,961,0,0,0.3730671311326226,0.1391790843315254,0,0,1,0,0,0,1,0,0,0,0,0,0,0,0,0,0,0
Normal 2019,EURUSD,962,0,0,0.4030919315099172,0.1624831052483957,0,0,1,0,0,0,1,0,0,0,0,0,0,0,0,0,0,0
Normal 2019,EURUSD,963,0,0,0.2986174447122425,0.0891723782864692,0,0,1,0,0,0,1,0,0,0,0,0,0,0,0,0,0,0
Normal 2019,EURUSD,964,0,0,0.2137343427941044,0.0456823692896277,0,0,1,0,0,0,1,0,0,0,0,0,0,0,0,0,0,0
Normal 2019,EURUSD,965,0,0,0.1969345597436985,0.0387832208214443,0,0,1,0,0,0,1,0,0,0,0,0,0,0,0,0,0,0
Normal 2019,EURUSD,966,0,0,0.1222614745427961,0.0149478681573787,0,0,1,0,0,0,1,0,0,0,0,0,0,0,0,0,0,0
Normal 2019,EURUSD,967,0,0,0.1144267710263578,0.0130934859275185,0,0,0,0,0,0,1,0,0,0,0,0,0,0,0,0,0,0
Normal 2019,EURUSD,968,0,0,0.1225052093207971,0.0150075263107323,0,0,0,0,0,0,1,0,0,0,0,0,0,0,0,0,0,0
Normal 2019,EURUSD,969,0,0,0.1240097792847538,0.0153784253582533,0,0,0,0,0,0,1,0,0,0,0,0,0,0,0,0,0,0
Normal 2019,EURUSD,970,0,0,0.2080574004098075,0.0432878818652869,0,0,0,0,1,0,1,0,0,0,0,0,0,0,0,0,0,0
Normal 2019,EURUSD,971,0,0,0.2357430379679029,0.0555747799503361,0,0,0,0,0,0,1,0,0,0,0,0,0,0,0,0,0,0
Normal 2019,EURUSD,972,0,0,0.2428862902171646,0.0589937499754567,0,0,1,0,0,0,1,0,0,0,0,0,0,0,0,0,0,0
Normal 2019,EURUSD,973,0,0,0.2270725005650256,0.0515619205128535,0,0,1,0,0,0,1,0,0,0,0,0,0,0,0,0,0,0
Normal 2019,EURUSD,974,0,0,0.2434086505154712,0.0592477711457628,0,0,1,0,0,0,0,0,0,0,0,0,0,0,0,0,0,0
Normal 2019,EURUSD,975,0,0,0.3421011175307421,0.1170331746157826,0,0,1,0,0,0,1,0,0,0,1,0,0,0,0,0,0,0
Normal 2019,EURUSD,976,0,0,0.5089992245675128,0.2590802106103293,0,0,1,0,1,0,1,0,0,0,1,0,1,0,0,0,0,0
Normal 2019,EURUSD,977,0,0,0.534247562376541,0.2854204579052761,0,0,1,0,1,0,1,0,0,0,1,0,1,0,0,0,0,0
Normal 2019,EURUSD,978,0,0,0.4341978501205171,0.188527773049279,0,0,1,0,0,0,1,0,0,0,1,0,1,0,0,0,0,0
Normal 2019,EURUSD,979,0,0,0.3984730726396643,0.1587807896188952,1,0,1,0,0,0,1,0,0,0,0,0,0,0,0,0,0,0
Normal 2019,EURUSD,980,0,0,0.3906419355869664,0.1526011218391316,1,0,1,0,0,0,1,0,0,0,0,0,0,0,0,0,0,0
Normal 2019,EURUSD,981,0,0,0.4513357866370548,0.2037039922992891,1,0,1,0,0,0,1,0,0,0,0,0,0,0,0,0,0,0
Normal 2019,EURUSD,982,0,1,0.7380807113509831,0.5447631364683732,1,0,1,0,1,0,1,0,1,0,1,0,1,0,0,0,0,0
Normal 2019,EURUSD,983,0,1,0.7130867907048889,0.508492771077798,1,0,1,0,1,0,1,0,0,0,1,0,1,0,0,0,0,0
Normal 2019,EURUSD,984,0,0,0.5762014322712524,0.3320080905514427,1,0,1,0,1,0,1,0,1,0,1,0,1,0,0,0,0,0
Normal 2019,EURUSD,985,0,0,0.5833287197178132,0.340272395247623,1,0,1,0,0,0,1,0,0,0,0,0,1,0,0,0,0,0
Normal 2019,EURUSD,986,0,0,0.5544413859109488,0.3074052504108537,1,0,1,0,0,0,1,0,1,0,0,0,1,0,0,0,0,0
Normal 2019,EURUSD,987,0,0,0.5280653410041889,0.2788530043698703,0,0,1,0,0,0,1,0,0,0,0,0,1,0,0,0,0,0
Normal 2019,EURUSD,988,0,0,0.4872441598609945,0.2374068713186463,0,0,1,0,1,0,1,0,0,0,0,0,1,0,0,0,0,0
Normal 2019,EURUSD,989,0,0,0.4388831240636498,0.192618396587869,1,0,1,0,0,0,1,0,0,0,0,0,1,0,0,0,0,0
Normal 2019,EURUSD,990,0,0,0.409795704489943,0.1679325194184087,0,0,1,0,0,0,1,0,0,0,0,0,1,0,0,0,0,0
Normal 2019,EURUSD,991,0,0,0.4534453840697789,0.2056127163341893,0,0,1,0,0,0,1,0,1,0,0,0,1,0,0,0,0,0
Normal 2019,EURUSD,992,0,1,0.6069242296519982,0.3683570205386715,0,0,1,0,1,0,1,0,1,0,0,0,1,0,0,0,0,0
Normal 2019,EURUSD,993,0,1,0.6491782783344178,0.4214324370612388,1,0,1,0,1,0,1,0,1,0,0,0,1,0,0,0,0,0
Normal 2019,EURUSD,994,0,1,0.6116661664460717,0.3741354991748335,0,0,1,0,0,0,1,0,1,0,1,0,1,0,0,0,0,0
Normal 2019,EURUSD,995,0,1,0.7829598946810974,0.6130261966790351,0,0,1,0,1,0,1,0,1,0,1,0,1,0,0,0,0,0
Normal 2019,EURUSD,996,0,0,0.5755679972114771,0.3312785194140309,0,0,1,0,1,0,1,0,1,0,1,0,1,0,0,0,0,0
Normal 2019,EURUSD,997,0,1,0.7709874817064779,0.5944216969480967,0,0,1,0,1,0,1,0,1,0,1,0,1,0,0,0,0,0
Normal 2019,EURUSD,998,0,1,0.6998530969569959,0.4897943573202983,0,0,1,0,1,0,1,0,1,0,0,0,1,0,0,0,0,0
Normal 2019,EURUSD,999,0,0,0.5361469444778448,0.2874535460729292,0,0,1,0,1,0,1,0,1,0,0,0,1,0,0,0,0,0
Normal 2019,EURUSD,1000,0,0,0.495170440723434,0.2451937653662398,0,0,1,0,1,0,1,0,1,0,0,0,0,0,0,0,0,0
Normal 2019,EURUSD,1001,0,0,0.4755028434858378,0.2261029541631171,0,0,1,0,1,0,1,0,1,0,0,0,0,0,0,0,0,0
Normal 2019,EURUSD,1002,0,0,0.5251017833783492,0.2757318829071228,0,0,1,0,1,0,1,0,1,0,0,0,1,0,0,0,0,0
Normal 2019,EURUSD,1003,0,1,0.6036956339692755,0.3644484184735654,0,0,1,0,0,0,1,0,0,0,0,0,1,0,0,0,0,0
Normal 2019,EURUSD,1004,0,1,0.6737437040388088,0.453930578731934,0,0,1,0,0,0,1,0,0,0,0,0,0,0,0,0,0,0
Normal 2019,EURUSD,1005,0,0,0.5633452706383,0.3173578939505394,0,0,1,0,0,0,1,0,0,0,0,0,0,0,0,0,0,0
Normal 2019,EURUSD,1006,0,0,0.3818620984255378,0.1458186622139551,0,0,1,0,0,0,1,0,0,0,0,0,0,0,0,0,0,0
Normal 2019,EURUSD,1007,0,1,0.6228250225676562,0.3879110087364014,0,0,1,0,0,0,1,0,0,0,0,0,0,0,0,0,0,0
Normal 2019,EURUSD,1008,0,0,0.5426315699975901,0.2944490207580495,0,0,1,0,0,0,1,0,0,0,0,0,0,0,0,0,0,0
Normal 2019,EURUSD,1009,0,0,0.5026437654243789,0.252650754919998,0,0,1,0,0,0,1,0,0,0,0,0,0,0,0,0,0,0
Normal 2019,EURUSD,1010,0,0,0.4514386754954394,0.2037968777330766,0,0,1,0,0,0,1,0,0,0,0,0,0,0,0,0,0,0
Normal 2019,EURUSD,1011,0,0,0.4600580321392913,0.2116533929358772,0,0,1,0,0,0,1,0,0,0,0,0,0,0,0,0,0,0
Normal 2019,EURUSD,1012,0,0,0.5115302130725536,0.2616631588860521,0,0,1,0,1,0,1,0,0,0,0,0,0,0,0,0,0,0
Normal 2019,EURUSD,1013,0,1,0.6049252777017575,0.3659345916025485,0,0,1,0,1,0,1,0,0,0,0,0,0,0,0,0,0,0
Normal 2019,EURUSD,1014,0,0,0.5483145748701372,0.3006488730150193,0,0,1,0,0,0,1,0,0,0,0,0,0,0,0,0,0,0
Normal 2019,EURUSD,1015,0,1,0.6198483651867916,0.3842119958247382,0,0,1,0,0,0,1,0,0,0,0,0,0,0,0,0,0,0
Normal 2019,EURUSD,1016,0,1,0.5897370783121012,0.3477898215360934,0,0,1,0,0,0,1,0,0,0,0,0,0,0,0,0,0,0
Normal 2019,EURUSD,1017,0,0,0.550279634315048,0.3028076759419029,0,0,1,0,0,0,1,0,0,0,0,0,0,0,0,0,0,0
Normal 2019,EURUSD,1018,0,1,0.5971081396013589,0.3565381303781958,0,0,1,0,0,0,1,0,0,0,0,0,0,0,0,0,0,0
Normal 2019,EURUSD,1019,0,1,0.8859423020602696,0.78489376257985,1,0,1,0,1,0,1,0,0,0,1,0,1,0,1,0,0,0
Normal 2019,EURUSD,1020,0,1,0.8491196128718268,0.721004116963601,1,0,1,0,1,0,1,0,0,0,1,0,1,0,0,0,0,0
Normal 2019,EURUSD,1021,0,1,0.7709193046091171,0.5943165742190046,1,0,1,0,0,0,1,0,0,0,1,0,0,0,0,0,0,0
Normal 2019,EURUSD,1022,0,1,0.8292369055516267,0.6876338455288374,1,0,1,0,0,0,1,0,0,0,1,0,0,0,0,0,0,0
Normal 2019,EURUSD,1023,0,1,0.8413570039223868,0.7078816080492552,1,0,1,0,0,0,1,0,0,0,1,0,0,0,0,0,0,0
Normal 2019,EURUSD,1024,0,1,0.8175360129845692,0.6683651325267057,1,0,1,0,0,0,1,0,0,0,1,0,0,0,0,0,0,0
Normal 2019,EURUSD,1025,0,1,0.9207918916687774,0.8478577077629655,1,0,1,0,1,0,1,0,1,0,1,0,1,0,1,0,0,0
Normal 2019,EURUSD,1026,0,1,0.8373681489497041,0.7011854168754539,1,0,1,0,1,0,1,0,0,0,0,0,0,0,0,0,0,0
Normal 2019,EURUSD,1027,0,1,0.6139904624731939,0.3769842880080465,0,0,1,0,0,0,1,0,0,0,0,0,0,0,0,0,0,0
Normal 2019,EURUSD,1028,0,0,0.4687044928649909,0.2196839016318283,0,0,1,0,0,0,1,0,0,0,0,0,0,0,0,0,0,0
Normal 2019,EURUSD,1029,0,0,0.5282320594904368,0.2790291086735084,0,0,1,0,0,0,1,0,0,0,0,0,0,0,0,0,0,0
Normal 2019,EURUSD,1030,0,1,0.6095878762248826,0.3715973788403628,0,0,1,0,0,0,1,0,0,0,0,0,0,0,0,0,0,0
Normal 2019,EURUSD,1031,0,0,0.5882591378491665,0.3460488132630446,0,0,1,0,0,0,1,0,0,0,0,0,0,0,0,0,0,0
Normal 2019,EURUSD,1032,0,0,0.5024799325984568,0.2524860826641497,0,0,1,0,0,0,1,0,0,0,0,0,0,0,0,0,0,0
Normal 2019,EURUSD,1033,0,0,0.43989093696704,0.1935040364257404,0,0,1,0,0,0,1,0,0,0,0,0,0,0,0,0,0,0
Normal 2019,EURUSD,1034,0,0,0.5728252365795882,0.3281287516624611,0,0,1,0,0,0,1,0,0,0,0,0,0,0,0,0,0,0
Normal 2019,EURUSD,1035,0,0,0.4620541125006207,0.2134940028787362,0,0,1,0,0,0,1,0,0,0,0,0,0,0,0,0,0,0
Normal 2019,EURUSD,1036,0,0,0.3068076205904328,0.0941309160523629,0,0,1,0,0,0,1,0,0,0,0,0,0,0,0,0,0,0
Normal 2019,EURUSD,1037,0,0,0.2332990531564841,0.054428448203712,0,0,1,0,0,0,1,0,0,0,0,0,0,0,0,0,0,0
Normal 2019,EURUSD,1038,0,0,0.1163924024662347,0.0135471913518619,0,0,1,0,0,0,1,0,0,0,0,0,0,0,0,0,0,0
Normal 2019,EURUSD,1039,0,0,0.132664986894946,0.0175999987478361,0,0,1,0,0,0,1,0,0,0,0,0,0,0,0,0,0,0
