event,asset,window_start,label,prob_EXP,loss_EXP,prob_AT,loss_AT,prob_DAG,loss_DAG,prob_DSV,loss_DSV,prob_IF,loss_IF,prob_OMNI,loss_OMNI,prob_OCS,loss_OCS,prob_TR,loss_TR,prob_USAD,loss_USAD
Iran 2025,USOIL,2323,0,0.3644859813084112,0.1328500305703554,0.5981308411214953,0.3577605031007074,0.8037383177570093,0.6459952834308673,0.2710280373831775,0.073456197047777,0.719626168224299,0.5178618219931871,0.3644859813084112,0.1328500305703554,0.1308411214953271,0.0171193990741549,0.4672897196261682,0.2183596820683029,0.0747663551401869,0.0055900078609485
Iran 2025,USOIL,2324,0,0.1121495327102803,0.0125775176871342,0.7102803738317757,0.504498209450607,0.8785046728971962,0.7717704603022097,0.3738317757009345,0.1397501965237138,0.7663551401869159,0.5873002008909075,0.2710280373831775,0.073456197047777,0.102803738317757,0.0105686086121058,0.4579439252336448,0.2097126386583981,0.0373831775700934,0.0013975019652371
Iran 2025,USOIL,2325,0,0.1214953271028037,0.0147611145078172,0.6915887850467289,0.4782950476024106,0.2149532710280373,0.0462049087256528,0.6635514018691588,0.4403004629225259,0.2523364485981308,0.0636736832911171,0.1495327102803738,0.0223600314437942,0.1401869158878504,0.0196523713861472,0.4018691588785046,0.1614988208577168,0.6915887850467289,0.4782950476024106
Iran 2025,USOIL,2326,0,0.3364485981308411,0.1131976591842082,0.7757009345794392,0.6017119399074154,0.2429906542056074,0.0590444580312691,0.8317757009345794,0.6918508166652109,0.2336448598130841,0.0545899205170757,0.5514018691588785,0.3040440213119049,0.5794392523364486,0.3357498471482225,0.3925233644859813,0.1540745916673945,0.8504672897196262,0.7232946108830465
Iran 2025,USOIL,2327,0,0.4953271028037383,0.2453489387719451,0.9626168224299064,0.9266311468250502,0.0373831775700934,0.0013975019652371,0.6261682242990654,0.3920866451218446,0.1869158878504672,0.0349375491309284,0.6355140186915887,0.403878067953533,0.5981308411214953,0.3577605031007074,0.616822429906542,0.3804699100358109,0.8411214953271028,0.7074853699013014
Iran 2025,USOIL,2328,0,0.5327102803738317,0.2837802428159664,0.7289719626168224,0.5314001222814219,0.02803738317757,0.0007860948554458,0.7663551401869159,0.5873002008909075,0.2242990654205607,0.0503100707485369,0.6074766355140186,0.3690278626954318,0.6355140186915887,0.403878067953533,0.6728971962616822,0.4527906367368328,0.8691588785046729,0.7554371560835007
Iran 2025,USOIL,2329,0,0.411214953271028,0.1690977377936937,0.6728971962616822,0.4527906367368328,0.3457943925233644,0.1195737619006026,0.4766355140186916,0.2271814132238623,0.1308411214953271,0.0171193990741549,0.5700934579439252,0.325006550790462,0.6074766355140186,0.3690278626954318,0.3644859813084112,0.1328500305703554,0.9252336448598132,0.8560572975805747
Iran 2025,USOIL,2330,0,0.2429906542056074,0.0590444580312691,0.6448598130841121,0.415844178530876,0.2616822429906542,0.0684775962966197,0.4859813084112149,0.2361778321250764,0.1682242990654205,0.028299414796052,0.4859813084112149,0.2361778321250764,0.5420560747663551,0.2938247881911083,0.5700934579439252,0.325006550790462,0.9065420560747663,0.8218184994322648
Iran 2025,USOIL,2331,0,0.308411214953271,0.0951174775089527,0.6261682242990654,0.3920866451218446,0.4299065420560747,0.1848196349026115,0.7570093457943925,0.5730631496200541,0.1495327102803738,0.0223600314437942,0.2803738317757009,0.078609485544589,0.5514018691588785,0.3040440213119049,0.4766355140186916,0.2271814132238623,0.9813084112149532,0.9629661979212158
Iran 2025,USOIL,2332,0,0.1775700934579439,0.0315311380906629,0.6355140186915887,0.403878067953533,0.1682242990654205,0.028299414796052,0.6355140186915887,0.403878067953533,0.1401869158878504,0.0196523713861472,0.2523364485981308,0.0636736832911171,0.4953271028037383,0.2453489387719451,0.411214953271028,0.1690977377936937,0.97196261682243,0.9447113285003056
Iran 2025,USOIL,2333,0,0.3457943925233644,0.1195737619006026,0.6542056074766355,0.4279849768538736,0.1401869158878504,0.0196523713861472,0.3364485981308411,0.1131976591842082,0.1962616822429906,0.0385186479168486,0.2897196261682243,0.0839374617870556,0.4485981308411215,0.2012402829941479,0.1121495327102803,0.0125775176871342,0.9439252336448598,0.8909948467115032
Iran 2025,USOIL,2334,0,0.5046728971962616,0.2546947331644684,0.6822429906542056,0.4654554982967944,0.4485981308411215,0.2012402829941479,0.8037383177570093,0.6459952834308673,0.0747663551401869,0.0055900078609485,0.1962616822429906,0.0385186479168486,0.4299065420560747,0.1848196349026115,0.2523364485981308,0.0636736832911171,0.9345794392523364,0.8734387282732117
Iran 2025,USOIL,2335,0,0.4672897196261682,0.2183596820683029,0.897196261682243,0.8049611319765918,0.6074766355140186,0.3690278626954318,0.5514018691588785,0.3040440213119049,0.1775700934579439,0.0315311380906629,0.2336448598130841,0.0545899205170757,0.3551401869158878,0.1261245523626517,0.2242990654205607,0.0503100707485369,0.8878504672897196,0.7882784522665734
Iran 2025,USOIL,2336,0,0.5514018691588785,0.3040440213119049,0.2242990654205607,0.0503100707485369,0.4579439252336448,0.2097126386583981,0.3457943925233644,0.1195737619006026,0.1214953271028037,0.0147611145078172,0.2990654205607476,0.0894401257751768,0.2523364485981308,0.0636736832911171,0.1588785046728972,0.0252423792470958,0.8317757009345794,0.6918508166652109
Iran 2025,USOIL,2337,0,0.6915887850467289,0.4782950476024106,0.3177570093457944,0.1009695169883832,0.3925233644859813,0.1540745916673945,0.3271028037383177,0.1069962442134684,0.1121495327102803,0.0125775176871342,0.3925233644859813,0.1540745916673945,0.2149532710280373,0.0462049087256528,0.1962616822429906,0.0385186479168486,0.822429906542056,0.6763909511747751
Iran 2025,USOIL,2338,0,0.4485981308411215,0.2012402829941479,0.1682242990654205,0.028299414796052,0.5327102803738317,0.2837802428159664,0.2523364485981308,0.0636736832911171,0.0373831775700934,0.0013975019652371,0.411214953271028,0.1690977377936937,0.2242990654205607,0.0503100707485369,0.0467289719626168,0.002183596820683,0.9532710280373832,0.9087256528954494
Iran 2025,USOIL,2339,0,0.1308411214953271,0.0171193990741549,0.4859813084112149,0.2361778321250764,0.1308411214953271,0.0171193990741549,0.1401869158878504,0.0196523713861472,0.0093457943925233,8.734387282732115e-05,0.4018691588785046,0.1614988208577168,0.2710280373831775,0.073456197047777,0.0841121495327102,0.007074853699013,0.897196261682243,0.8049611319765918
Iran 2025,USOIL,2340,0,0.0934579439252336,0.0087343872827321,0.3644859813084112,0.1328500305703554,0.0841121495327102,0.007074853699013,0.0934579439252336,0.0087343872827321,0.0467289719626168,0.002183596820683,0.3364485981308411,0.1131976591842082,0.205607476635514,0.0422744344484234,0.0654205607476635,0.0042798497685387,0.8130841121495327,0.6611057734299939
Iran 2025,USOIL,2341,0,0.0186915887850467,0.0003493754913092,0.4392523364485981,0.1929426150755524,0.102803738317757,0.0105686086121058,0.0560747663551401,0.0031443794217835,0.0841121495327102,0.007074853699013,0.1214953271028037,0.0147611145078172,0.02803738317757,0.0007860948554458,0.1308411214953271,0.0171193990741549,0.514018691588785,0.2642152153026464
Iran 2025,USOIL,2342,1,0.0093457943925233,0.9813957550877804,0.0934579439252336,0.8218184994322648,0.0093457943925233,0.9813957550877804,0.0186915887850467,0.9629661979212158,0.0560747663551401,0.8909948467115032,0.0747663551401869,0.8560572975805747,0.0373831775700934,0.9266311468250502,0.0747663551401869,0.8560572975805747,0.5327102803738317,0.2183596820683029
Iran 2025,USOIL,2343,1,0.0373831775700934,0.9266311468250502,0.0560747663551401,0.8909948467115032,0.8317757009345794,0.028299414796052,0.0467289719626168,0.9087256528954494,0.5887850467289719,0.1690977377936938,0.0373831775700934,0.9266311468250502,0.0186915887850467,0.9629661979212158,0.0560747663551401,0.8909948467115032,0.0560747663551401,0.8909948467115032
Iran 2025,USOIL,2344,1,0.0654205607476635,0.8734387282732117,0.0467289719626168,0.9087256528954494,0.7476635514018691,0.0636736832911171,0.02803738317757,0.9447113285003056,0.4205607476635514,0.3357498471482226,0.0560747663551401,0.8909948467115032,0.0093457943925233,0.9813957550877804,0.02803738317757,0.9447113285003056,0.102803738317757,0.8049611319765918
Iran 2025,USOIL,2345,1,0.0747663551401869,0.8560572975805747,0.02803738317757,0.9447113285003056,0.7289719626168224,0.0734561970477771,0.0654205607476635,0.8734387282732117,0.4859813084112149,0.2642152153026464,0.02803738317757,0.9447113285003056,0.0560747663551401,0.8909948467115032,0.0093457943925233,0.9813957550877804,0.1121495327102803,0.7882784522665734
Iran 2025,USOIL,2346,1,0.0560747663551401,0.8909948467115032,0.0093457943925233,0.9813957550877804,0.6822429906542056,0.1009695169883832,0.0373831775700934,0.9266311468250502,0.3364485981308411,0.4403004629225259,0.0186915887850467,0.9629661979212158,0.0467289719626168,0.9087256528954494,0.0186915887850467,0.9629661979212158,0.2336448598130841,0.5873002008909075
Iran 2025,USOIL,2347,1,0.02803738317757,0.9447113285003056,0.0373831775700934,0.9266311468250502,0.616822429906542,0.1468250502227269,0.0093457943925233,0.9813957550877804,0.411214953271028,0.3466678312516376,0.0093457943925233,0.9813957550877804,0.0934579439252336,0.8218184994322648,0.1495327102803738,0.7232946108830465,0.3644859813084112,0.4038780679535331
Iran 2025,USOIL,2348,1,0.0467289719626168,0.9087256528954494,0.0186915887850467,0.9629661979212158,0.4859813084112149,0.2642152153026464,0.102803738317757,0.8049611319765918,0.2710280373831775,0.5314001222814221,0.0467289719626168,0.9087256528954494,0.0747663551401869,0.8560572975805747,0.0373831775700934,0.9266311468250502,0.411214953271028,0.3466678312516376
Iran 2025,USOIL,2349,1,0.102803738317757,0.8049611319765918,0.2710280373831775,0.5314001222814221,0.719626168224299,0.078609485544589,0.1869158878504672,0.6611057734299939,0.6542056074766355,0.1195737619006027,0.1588785046728972,0.7074853699013014,0.794392523364486,0.0422744344484234,0.7102803738317757,0.0839374617870556,0.3457943925233644,0.4279849768538738
Iran 2025,USOIL,2350,1,0.2897196261682243,0.5044982094506072,0.2429906542056074,0.5730631496200541,0.7102803738317757,0.0839374617870556,0.2429906542056074,0.5730631496200541,0.9065420560747663,0.0087343872827321,0.7570093457943925,0.0590444580312691,0.9626168224299064,0.0013975019652371,0.9626168224299064,0.0013975019652371,0.2990654205607476,0.4913092846536815
Iran 2025,USOIL,2351,1,0.3177570093457944,0.4654554982967944,0.2149532710280373,0.616298366669578,0.8504672897196262,0.0223600314437942,0.616822429906542,0.1468250502227269,0.9345794392523364,0.0042798497685387,0.794392523364486,0.0422744344484234,0.9252336448598132,0.0055900078609485,0.9906542056074766,8.734387282732118e-05,0.2803738317757009,0.5178618219931871
Iran 2025,USOIL,2352,1,0.4579439252336448,0.2938247881911084,0.1121495327102803,0.7882784522665734,0.5887850467289719,0.1690977377936938,0.1495327102803738,0.7232946108830465,0.9252336448598132,0.0055900078609485,0.9158878504672896,0.007074853699013,0.8785046728971962,0.0147611145078172,0.9439252336448598,0.0031443794217835,0.2710280373831775,0.5314001222814221
Iran 2025,USOIL,2353,1,0.4766355140186916,0.2739103851864792,0.1588785046728972,0.7074853699013014,0.6448598130841121,0.1261245523626518,0.411214953271028,0.3466678312516376,0.9158878504672896,0.007074853699013,0.9532710280373832,0.002183596820683,0.8878504672897196,0.0125775176871342,0.9252336448598132,0.0055900078609485,0.2616822429906542,0.5451131103153113
Iran 2025,USOIL,2354,1,0.6635514018691588,0.1131976591842082,0.2523364485981308,0.5590007860948556,0.5046728971962616,0.2453489387719452,0.4205607476635514,0.3357498471482226,0.8878504672897196,0.0125775176871342,0.97196261682243,0.0007860948554458,0.8691588785046729,0.0171193990741549,0.8785046728971962,0.0147611145078172,0.2523364485981308,0.5590007860948556
Iran 2025,USOIL,2355,1,0.7009345794392523,0.0894401257751768,0.411214953271028,0.3466678312516376,0.794392523364486,0.0422744344484234,0.1962616822429906,0.6459952834308673,0.8504672897196262,0.0223600314437942,0.9626168224299064,0.0013975019652371,0.8411214953271028,0.0252423792470958,0.8691588785046729,0.0171193990741549,0.2897196261682243,0.5044982094506072
Iran 2025,USOIL,2356,1,0.8317757009345794,0.028299414796052,0.3457943925233644,0.4279849768538738,0.7009345794392523,0.0894401257751768,0.0747663551401869,0.8560572975805747,0.8037383177570093,0.0385186479168486,0.897196261682243,0.0105686086121058,0.822429906542056,0.0315311380906629,0.9158878504672896,0.007074853699013,0.308411214953271,0.4782950476024108
Iran 2025,USOIL,2357,1,0.9439252336448598,0.0031443794217835,0.3738317757009345,0.3920866451218446,0.5981308411214953,0.1614988208577168,0.4579439252336448,0.2938247881911084,0.7102803738317757,0.0839374617870556,0.9252336448598132,0.0055900078609485,0.8130841121495327,0.0349375491309284,0.8411214953271028,0.0252423792470958,0.3271028037383177,0.452790636736833
Iran 2025,USOIL,2358,1,0.8691588785046729,0.0171193990741549,0.4953271028037383,0.2546947331644685,0.5233644859813084,0.2271814132238624,0.308411214953271,0.4782950476024108,0.7476635514018691,0.0636736832911171,0.8878504672897196,0.0125775176871342,0.7757009345794392,0.050310070748537,0.6822429906542056,0.1009695169883832,0.3831775700934579,0.3804699100358111
Iran 2025,USOIL,2359,1,0.7663551401869159,0.0545899205170757,0.5607476635514018,0.1929426150755525,0.9065420560747663,0.0087343872827321,0.4018691588785046,0.3577605031007075,0.6355140186915887,0.1328500305703555,0.9065420560747663,0.0087343872827321,0.6635514018691588,0.1131976591842082,0.6355140186915887,0.1328500305703555,0.3925233644859813,0.3690278626954318
Iran 2025,USOIL,2360,1,0.719626168224299,0.078609485544589,0.5794392523364486,0.1768713424753254,0.2803738317757009,0.5178618219931871,0.1588785046728972,0.7074853699013014,0.6261682242990654,0.1397501965237139,0.8598130841121495,0.0196523713861472,0.2990654205607476,0.4913092846536815,0.514018691588785,0.2361778321250764,0.4205607476635514,0.3357498471482226
Iran 2025,USOIL,2361,1,0.7570093457943925,0.0590444580312691,0.6074766355140186,0.1540745916673945,0.8411214953271028,0.0252423792470958,0.3177570093457944,0.4654554982967944,0.5794392523364486,0.1768713424753254,0.7009345794392523,0.0894401257751768,0.1682242990654205,0.6918508166652109,0.5420560747663551,0.2097126386583981,0.4299065420560747,0.325006550790462
Iran 2025,USOIL,2362,1,0.6822429906542056,0.1009695169883832,0.7009345794392523,0.0894401257751768,0.2710280373831775,0.5314001222814221,0.5700934579439252,0.1848196349026116,0.5607476635514018,0.1929426150755525,0.6261682242990654,0.1397501965237139,0.1121495327102803,0.7882784522665734,0.2803738317757009,0.5178618219931871,0.4579439252336448,0.2938247881911084
Iran 2025,USOIL,2363,1,0.5700934579439252,0.1848196349026116,0.8037383177570093,0.0385186479168486,0.5420560747663551,0.2097126386583981,0.6542056074766355,0.1195737619006027,0.5981308411214953,0.1614988208577168,0.5233644859813084,0.2271814132238624,0.0841121495327102,0.8388505546335925,0.2336448598130841,0.5873002008909075,0.4766355140186916,0.2739103851864792
Iran 2025,USOIL,2364,1,0.4018691588785046,0.3577605031007075,0.7663551401869159,0.0545899205170757,0.6355140186915887,0.1328500305703555,0.3644859813084112,0.4038780679535331,0.5327102803738317,0.2183596820683029,0.4579439252336448,0.2938247881911084,0.0654205607476635,0.8734387282732117,0.4485981308411215,0.3040440213119049,0.4859813084112149,0.2642152153026464
Iran 2025,USOIL,2365,1,0.8037383177570093,0.0385186479168486,0.822429906542056,0.0315311380906629,0.6915887850467289,0.0951174775089527,0.2336448598130841,0.5873002008909075,0.794392523364486,0.0422744344484234,0.8037383177570093,0.0385186479168486,0.6448598130841121,0.1261245523626518,0.6635514018691588,0.1131976591842082,0.3738317757009345,0.3920866451218446
Iran 2025,USOIL,2366,1,0.822429906542056,0.0315311380906629,0.8598130841121495,0.0196523713861472,0.7850467289719626,0.0462049087256529,0.7102803738317757,0.0839374617870556,0.6915887850467289,0.0951174775089527,0.822429906542056,0.0315311380906629,0.719626168224299,0.078609485544589,0.7476635514018691,0.0636736832911171,0.3364485981308411,0.4403004629225259
Iran 2025,USOIL,2367,1,0.7289719626168224,0.0734561970477771,0.9065420560747663,0.0087343872827321,0.8878504672897196,0.0125775176871342,0.8411214953271028,0.0252423792470958,0.6728971962616822,0.1069962442134684,0.7383177570093458,0.0684775962966198,0.4018691588785046,0.3577605031007075,0.7570093457943925,0.0590444580312691,0.3551401869158878,0.415844178530876
Iran 2025,USOIL,2368,1,0.7102803738317757,0.0839374617870556,0.8878504672897196,0.0125775176871342,0.5700934579439252,0.1848196349026116,0.5420560747663551,0.2097126386583981,0.7383177570093458,0.0684775962966198,0.7850467289719626,0.0462049087256529,0.7476635514018691,0.0636736832911171,0.6915887850467289,0.0951174775089527,0.2429906542056074,0.5730631496200541
Iran 2025,USOIL,2369,1,0.9065420560747663,0.0087343872827321,0.5046728971962616,0.2453489387719452,0.8598130841121495,0.0196523713861472,0.822429906542056,0.0315311380906629,0.8691588785046729,0.0171193990741549,0.9906542056074766,8.734387282732118e-05,0.9906542056074766,8.734387282732118e-05,0.97196261682243,0.0007860948554458,0.1775700934579439,0.6763909511747751
Iran 2025,USOIL,2370,1,0.97196261682243,0.0007860948554458,0.4299065420560747,0.325006550790462,0.7570093457943925,0.0590444580312691,0.794392523364486,0.0422744344484234,0.822429906542056,0.0315311380906629,0.9813084112149532,0.0003493754913092,0.9813084112149532,0.0003493754913092,0.9065420560747663,0.0087343872827321,0.1962616822429906,0.6459952834308673
Iran 2025,USOIL,2371,1,0.9158878504672896,0.007074853699013,0.2990654205607476,0.4913092846536815,0.9532710280373832,0.002183596820683,0.8130841121495327,0.0349375491309284,0.8130841121495327,0.0349375491309284,0.9439252336448598,0.0031443794217835,0.97196261682243,0.0007860948554458,0.9532710280373832,0.002183596820683,0.1682242990654205,0.6918508166652109
Iran 2025,USOIL,2372,1,0.8785046728971962,0.0147611145078172,0.2616822429906542,0.5451131103153113,0.7663551401869159,0.0545899205170757,0.514018691588785,0.2361778321250764,0.8598130841121495,0.0196523713861472,0.7289719626168224,0.0734561970477771,0.9158878504672896,0.007074853699013,0.7009345794392523,0.0894401257751768,0.1588785046728972,0.7074853699013014
Iran 2025,USOIL,2373,1,0.8130841121495327,0.0349375491309284,0.4018691588785046,0.3577605031007075,0.8130841121495327,0.0349375491309284,0.6448598130841121,0.1261245523626518,0.897196261682243,0.0105686086121058,0.6448598130841121,0.1261245523626518,0.9439252336448598,0.0031443794217835,0.7383177570093458,0.0684775962966198,0.1495327102803738,0.7232946108830465
Iran 2025,USOIL,2374,1,0.5420560747663551,0.2097126386583981,0.5514018691588785,0.201240282994148,0.9158878504672896,0.007074853699013,0.8691588785046729,0.0171193990741549,0.8411214953271028,0.0252423792470958,0.6635514018691588,0.1131976591842082,0.897196261682243,0.0105686086121058,0.822429906542056,0.0315311380906629,0.205607476635514,0.6310594811773954
Iran 2025,USOIL,2375,1,0.5607476635514018,0.1929426150755525,0.5887850467289719,0.1690977377936938,0.9439252336448598,0.0031443794217835,0.6915887850467289,0.0951174775089527,0.97196261682243,0.0007860948554458,0.5420560747663551,0.2097126386583981,0.9065420560747663,0.0087343872827321,0.3271028037383177,0.452790636736833,0.0841121495327102,0.8388505546335925
Iran 2025,USOIL,2376,1,0.6074766355140186,0.1540745916673945,0.97196261682243,0.0007860948554458,0.97196261682243,0.0007860948554458,0.719626168224299,0.078609485544589,0.9532710280373832,0.002183596820683,0.6542056074766355,0.1195737619006027,0.9532710280373832,0.002183596820683,0.6074766355140186,0.1540745916673945,0.0654205607476635,0.8734387282732117
Iran 2025,USOIL,2377,1,0.8598130841121495,0.0196523713861472,0.8691588785046729,0.0171193990741549,0.9813084112149532,0.0003493754913092,0.4299065420560747,0.325006550790462,0.9439252336448598,0.0031443794217835,0.6728971962616822,0.1069962442134684,0.9345794392523364,0.0042798497685387,0.4953271028037383,0.2546947331644685,0.02803738317757,0.9447113285003056
Iran 2025,USOIL,2378,1,0.7757009345794392,0.050310070748537,0.8504672897196262,0.0223600314437942,0.9906542056074766,8.734387282732118e-05,0.1682242990654205,0.6918508166652109,0.9906542056074766,8.734387282732118e-05,0.6915887850467289,0.0951174775089527,0.8598130841121495,0.0196523713861472,0.3457943925233644,0.4279849768538738,0.0093457943925233,0.9813957550877804
Iran 2025,USOIL,2379,1,0.9626168224299064,0.0013975019652371,0.6635514018691588,0.1131976591842082,0.0747663551401869,0.8560572975805747,0.9439252336448598,0.0031443794217835,0.4018691588785046,0.3577605031007075,0.8317757009345794,0.028299414796052,0.7383177570093458,0.0684775962966198,0.719626168224299,0.078609485544589,0.5981308411214953,0.1614988208577168
Iran 2025,USOIL,2380,1,0.9252336448598132,0.0055900078609485,0.7570093457943925,0.0590444580312691,0.1495327102803738,0.7232946108830465,0.897196261682243,0.0105686086121058,0.514018691588785,0.2361778321250764,0.7476635514018691,0.0636736832911171,0.7850467289719626,0.0462049087256529,0.9345794392523364,0.0042798497685387,0.5233644859813084,0.2271814132238624
Iran 2025,USOIL,2381,1,0.8504672897196262,0.0223600314437942,0.794392523364486,0.0422744344484234,0.3831775700934579,0.3804699100358111,0.7476635514018691,0.0636736832911171,0.2803738317757009,0.5178618219931871,0.5607476635514018,0.1929426150755525,0.3644859813084112,0.4038780679535331,0.7757009345794392,0.050310070748537,0.6822429906542056,0.1009695169883832
Iran 2025,USOIL,2382,0,0.897196261682243,0.8049611319765918,0.9439252336448598,0.8909948467115032,0.5514018691588785,0.3040440213119049,0.7289719626168224,0.5314001222814219,0.3831775700934579,0.1468250502227268,0.6822429906542056,0.4654554982967944,0.6822429906542056,0.4654554982967944,0.6261682242990654,0.3920866451218446,0.6728971962616822,0.4527906367368328
Iran 2025,USOIL,2383,0,0.9345794392523364,0.8734387282732117,0.9532710280373832,0.9087256528954494,0.1588785046728972,0.0252423792470958,0.7757009345794392,0.6017119399074154,0.4766355140186916,0.2271814132238623,0.719626168224299,0.5178618219931871,0.7570093457943925,0.5730631496200541,0.6542056074766355,0.4279849768538736,0.6542056074766355,0.4279849768538736
Iran 2025,USOIL,2384,0,0.6261682242990654,0.3920866451218446,0.5420560747663551,0.2938247881911083,0.5794392523364486,0.3357498471482225,0.7383177570093458,0.5451131103153113,0.2616822429906542,0.0684775962966197,0.4766355140186916,0.2271814132238623,0.5046728971962616,0.2546947331644684,0.5514018691588785,0.3040440213119049,0.7476635514018691,0.5590007860948554
Iran 2025,USOIL,2385,0,0.2803738317757009,0.078609485544589,0.308411214953271,0.0951174775089527,0.2523364485981308,0.0636736832911171,0.5233644859813084,0.2739103851864791,0.205607476635514,0.0422744344484234,0.1775700934579439,0.0315311380906629,0.4205607476635514,0.1768713424753253,0.2897196261682243,0.0839374617870556,0.794392523364486,0.6310594811773954
Iran 2025,USOIL,2386,0,0.1869158878504672,0.0349375491309284,0.4766355140186916,0.2271814132238623,0.2897196261682243,0.0839374617870556,0.4672897196261682,0.2183596820683029,0.2429906542056074,0.0590444580312691,0.1869158878504672,0.0349375491309284,0.4766355140186916,0.2271814132238623,0.1214953271028037,0.0147611145078172,0.7663551401869159,0.5873002008909075
Iran 2025,USOIL,2387,0,0.3738317757009345,0.1397501965237138,0.3831775700934579,0.1468250502227268,0.2336448598130841,0.0545899205170757,0.7009345794392523,0.4913092846536815,0.3457943925233644,0.1195737619006026,0.2149532710280373,0.0462049087256528,0.6261682242990654,0.3920866451218446,0.1775700934579439,0.0315311380906629,0.7383177570093458,0.5451131103153113
Iran 2025,USOIL,2388,0,0.2149532710280373,0.0462049087256528,0.3364485981308411,0.1131976591842082,0.6635514018691588,0.4403004629225259,0.2149532710280373,0.0462049087256528,0.3644859813084112,0.1328500305703554,0.2429906542056074,0.0590444580312691,0.6915887850467289,0.4782950476024106,0.2429906542056074,0.0590444580312691,0.719626168224299,0.5178618219931871
Iran 2025,USOIL,2389,0,0.1495327102803738,0.0223600314437942,0.3551401869158878,0.1261245523626517,0.5607476635514018,0.3144379421783561,0.3925233644859813,0.1540745916673945,0.2897196261682243,0.0839374617870556,0.2616822429906542,0.0684775962966197,0.6542056074766355,0.4279849768538736,0.1682242990654205,0.028299414796052,0.7289719626168224,0.5314001222814219
Iran 2025,USOIL,2390,0,0.2990654205607476,0.0894401257751768,0.2803738317757009,0.078609485544589,0.1869158878504672,0.0349375491309284,0.2616822429906542,0.0684775962966197,0.3271028037383177,0.1069962442134684,0.308411214953271,0.0951174775089527,0.7102803738317757,0.504498209450607,0.0934579439252336,0.0087343872827321,0.7009345794392523,0.4913092846536815
Iran 2025,USOIL,2391,0,0.4299065420560747,0.1848196349026115,0.3271028037383177,0.1069962442134684,0.4953271028037383,0.2453489387719451,0.3831775700934579,0.1468250502227268,0.3925233644859813,0.1540745916673945,0.205607476635514,0.0422744344484234,0.7009345794392523,0.4913092846536815,0.2616822429906542,0.0684775962966197,0.6448598130841121,0.415844178530876
Iran 2025,USOIL,2392,0,0.4859813084112149,0.2361778321250764,0.2897196261682243,0.0839374617870556,0.1214953271028037,0.0147611145078172,0.1121495327102803,0.0125775176871342,0.5233644859813084,0.2739103851864791,0.1682242990654205,0.028299414796052,0.6728971962616822,0.4527906367368328,0.205607476635514,0.0422744344484234,0.5607476635514018,0.3144379421783561
Iran 2025,USOIL,2393,0,0.3551401869158878,0.1261245523626517,0.1775700934579439,0.0315311380906629,0.3177570093457944,0.1009695169883832,0.2242990654205607,0.0503100707485369,0.4299065420560747,0.1848196349026115,0.3551401869158878,0.1261245523626517,0.5700934579439252,0.325006550790462,0.1401869158878504,0.0196523713861472,0.5420560747663551,0.2938247881911083
Iran 2025,USOIL,2394,0,0.1682242990654205,0.028299414796052,0.2336448598130841,0.0545899205170757,0.1775700934579439,0.0315311380906629,0.2990654205607476,0.0894401257751768,0.6074766355140186,0.3690278626954318,0.3738317757009345,0.1397501965237138,0.3364485981308411,0.1131976591842082,0.102803738317757,0.0105686086121058,0.4953271028037383,0.2453489387719451
Iran 2025,USOIL,2395,0,0.1588785046728972,0.0252423792470958,0.1962616822429906,0.0385186479168486,0.1962616822429906,0.0385186479168486,0.5887850467289719,0.3466678312516376,0.5514018691588785,0.3040440213119049,0.4672897196261682,0.2183596820683029,0.2429906542056074,0.0590444580312691,0.3364485981308411,0.1131976591842082,0.4672897196261682,0.2183596820683029
Iran 2025,USOIL,2396,0,0.1962616822429906,0.0385186479168486,0.1401869158878504,0.0196523713861472,0.3644859813084112,0.1328500305703554,0.3551401869158878,0.1261245523626517,0.616822429906542,0.3804699100358109,0.4485981308411215,0.2012402829941479,0.2336448598130841,0.0545899205170757,0.2149532710280373,0.0462049087256528,0.4485981308411215,0.2012402829941479
Iran 2025,USOIL,2397,0,0.4205607476635514,0.1768713424753253,0.1869158878504672,0.0349375491309284,0.4672897196261682,0.2183596820683029,0.4953271028037383,0.2453489387719451,0.6448598130841121,0.415844178530876,0.4299065420560747,0.1848196349026115,0.308411214953271,0.0951174775089527,0.4392523364485981,0.1929426150755524,0.4392523364485981,0.1929426150755524
Iran 2025,USOIL,2398,0,0.5887850467289719,0.3466678312516376,0.1308411214953271,0.0171193990741549,0.4205607476635514,0.1768713424753253,0.1308411214953271,0.0171193990741549,0.7009345794392523,0.4913092846536815,0.5794392523364486,0.3357498471482225,0.2616822429906542,0.0684775962966197,0.3551401869158878,0.1261245523626517,0.4018691588785046,0.1614988208577168
Iran 2025,USOIL,2399,0,0.514018691588785,0.2642152153026464,0.1495327102803738,0.0223600314437942,0.897196261682243,0.8049611319765918,0.5607476635514018,0.3144379421783561,0.7757009345794392,0.6017119399074154,0.5327102803738317,0.2837802428159664,0.2897196261682243,0.0839374617870556,0.5233644859813084,0.2739103851864791,0.3177570093457944,0.1009695169883832
Iran 2025,USOIL,2400,0,0.2523364485981308,0.0636736832911171,0.3925233644859813,0.1540745916673945,0.6261682242990654,0.3920866451218446,0.2897196261682243,0.0839374617870556,0.7850467289719626,0.616298366669578,0.3831775700934579,0.1468250502227268,0.4392523364485981,0.1929426150755524,0.6448598130841121,0.415844178530876,0.1869158878504672,0.0349375491309284
Iran 2025,USOIL,2401,0,0.2336448598130841,0.0545899205170757,0.0654205607476635,0.0042798497685387,0.4392523364485981,0.1929426150755524,0.5327102803738317,0.2837802428159664,0.6635514018691588,0.4403004629225259,0.1401869158878504,0.0196523713861472,0.1214953271028037,0.0147611145078172,0.4205607476635514,0.1768713424753253,0.2242990654205607,0.0503100707485369
Iran 2025,USOIL,2402,0,0.3271028037383177,0.1069962442134684,0.0841121495327102,0.007074853699013,0.6542056074766355,0.4279849768538736,0.0841121495327102,0.007074853699013,0.7289719626168224,0.5314001222814219,0.1308411214953271,0.0171193990741549,0.1495327102803738,0.0223600314437942,0.4859813084112149,0.2361778321250764,0.2149532710280373,0.0462049087256528
Iran 2025,USOIL,2403,0,0.2242990654205607,0.0503100707485369,0.0747663551401869,0.0055900078609485,0.6728971962616822,0.4527906367368328,0.1775700934579439,0.0315311380906629,0.7570093457943925,0.5730631496200541,0.1121495327102803,0.0125775176871342,0.3271028037383177,0.1069962442134684,0.5327102803738317,0.2837802428159664,0.1401869158878504,0.0196523713861472
Iran 2025,USOIL,2404,0,0.0841121495327102,0.007074853699013,0.1214953271028037,0.0147611145078172,0.822429906542056,0.6763909511747751,0.1214953271028037,0.0147611145078172,0.8317757009345794,0.6918508166652109,0.0654205607476635,0.0042798497685387,0.3925233644859813,0.1540745916673945,0.1869158878504672,0.0349375491309284,0.1214953271028037,0.0147611145078172
Iran 2025,USOIL,2405,0,0.2616822429906542,0.0684775962966197,0.4485981308411215,0.2012402829941479,0.9252336448598132,0.8560572975805747,0.205607476635514,0.0422744344484234,0.8785046728971962,0.7717704603022097,0.0934579439252336,0.0087343872827321,0.8037383177570093,0.6459952834308673,0.3738317757009345,0.1397501965237138,0.0934579439252336,0.0087343872827321
Iran 2025,USOIL,2406,0,0.1401869158878504,0.0196523713861472,0.4205607476635514,0.1768713424753253,0.9345794392523364,0.8734387282732117,0.4392523364485981,0.1929426150755524,0.9626168224299064,0.9266311468250502,0.0841121495327102,0.007074853699013,0.8504672897196262,0.7232946108830465,0.2990654205607476,0.0894401257751768,0.0467289719626168,0.002183596820683
Iran 2025,USOIL,2407,0,0.205607476635514,0.0422744344484234,0.4579439252336448,0.2097126386583981,0.9626168224299064,0.9266311468250502,0.5046728971962616,0.2546947331644684,0.9813084112149532,0.9629661979212158,0.102803738317757,0.0105686086121058,0.8317757009345794,0.6918508166652109,0.308411214953271,0.0951174775089527,0.0186915887850467,0.0003493754913092
Iran 2025,USOIL,2408,0,0.3925233644859813,0.1540745916673945,0.7383177570093458,0.5451131103153113,0.8691588785046729,0.7554371560835007,0.7850467289719626,0.616298366669578,0.6822429906542056,0.4654554982967944,0.4392523364485981,0.1929426150755524,0.1869158878504672,0.0349375491309284,0.4299065420560747,0.1848196349026115,0.1308411214953271,0.0171193990741549
Iran 2025,USOIL,2409,0,0.5233644859813084,0.2739103851864791,0.719626168224299,0.5178618219931871,0.0654205607476635,0.0042798497685387,0.5794392523364486,0.3357498471482225,0.4579439252336448,0.2097126386583981,0.5981308411214953,0.3577605031007074,0.1588785046728972,0.0252423792470958,0.5981308411214953,0.3577605031007074,0.5046728971962616,0.2546947331644684
Iran 2025,USOIL,2410,0,0.6542056074766355,0.4279849768538736,0.9345794392523364,0.8734387282732117,0.3551401869158878,0.1261245523626517,0.8598130841121495,0.7392785396104463,0.3551401869158878,0.1261245523626517,0.616822429906542,0.3804699100358109,0.3177570093457944,0.1009695169883832,0.7850467289719626,0.616298366669578,0.7102803738317757,0.504498209450607
Iran 2025,USOIL,2411,0,0.8878504672897196,0.7882784522665734,0.7476635514018691,0.5590007860948554,0.3271028037383177,0.1069962442134684,0.9065420560747663,0.8218184994322648,0.3738317757009345,0.1397501965237138,0.7102803738317757,0.504498209450607,0.2803738317757009,0.078609485544589,0.8317757009345794,0.6918508166652109,0.6635514018691588,0.4403004629225259
Iran 2025,USOIL,2412,0,0.7383177570093458,0.5451131103153113,0.8317757009345794,0.6918508166652109,0.411214953271028,0.1690977377936937,0.9252336448598132,0.8560572975805747,0.2990654205607476,0.0894401257751768,0.7663551401869159,0.5873002008909075,0.1962616822429906,0.0385186479168486,0.7289719626168224,0.5314001222814219,0.5700934579439252,0.325006550790462
Iran 2025,USOIL,2413,0,0.7476635514018691,0.5590007860948554,0.8785046728971962,0.7717704603022097,0.2242990654205607,0.0503100707485369,0.9158878504672896,0.8388505546335925,0.4953271028037383,0.2453489387719451,0.7757009345794392,0.6017119399074154,0.1775700934579439,0.0315311380906629,0.7663551401869159,0.5873002008909075,0.5514018691588785,0.3040440213119049
Iran 2025,USOIL,2414,0,0.7850467289719626,0.616298366669578,0.7850467289719626,0.616298366669578,0.0560747663551401,0.0031443794217835,0.9532710280373832,0.9087256528954494,0.5700934579439252,0.325006550790462,0.8504672897196262,0.7232946108830465,0.3738317757009345,0.1397501965237138,0.8598130841121495,0.7392785396104463,0.5887850467289719,0.3466678312516376
Iran 2025,USOIL,2415,0,0.9813084112149532,0.9629661979212158,0.9813084112149532,0.9629661979212158,0.514018691588785,0.2642152153026464,0.9626168224299064,0.9266311468250502,0.5420560747663551,0.2938247881911083,0.8130841121495327,0.6611057734299939,0.5327102803738317,0.2837802428159664,0.8130841121495327,0.6611057734299939,0.6261682242990654,0.3920866451218446
Iran 2025,USOIL,2416,0,0.8411214953271028,0.7074853699013014,0.9158878504672896,0.8388505546335925,0.4766355140186916,0.2271814132238623,0.9813084112149532,0.9629661979212158,0.5046728971962616,0.2546947331644684,0.8785046728971962,0.7717704603022097,0.5887850467289719,0.3466678312516376,0.8504672897196262,0.7232946108830465,0.6074766355140186,0.3690278626954318
Iran 2025,USOIL,2417,0,0.794392523364486,0.6310594811773954,0.8411214953271028,0.7074853699013014,0.1121495327102803,0.0125775176871342,0.9345794392523364,0.8734387282732117,0.4392523364485981,0.1929426150755524,0.8411214953271028,0.7074853699013014,0.4672897196261682,0.2183596820683029,0.897196261682243,0.8049611319765918,0.6355140186915887,0.403878067953533
Iran 2025,USOIL,2418,0,0.9532710280373832,0.9087256528954494,0.9252336448598132,0.8560572975805747,0.7757009345794392,0.6017119399074154,0.9906542056074766,0.9813957550877804,0.4485981308411215,0.2012402829941479,0.8691588785046729,0.7554371560835007,0.7289719626168224,0.5314001222814219,0.8878504672897196,0.7882784522665734,0.5794392523364486,0.3357498471482225
Iran 2025,USOIL,2419,0,0.9906542056074766,0.9813957550877804,0.9906542056074766,0.9813957550877804,0.0186915887850467,0.0003493754913092,0.97196261682243,0.9447113285003056,0.4672897196261682,0.2183596820683029,0.9345794392523364,0.8734387282732117,0.7663551401869159,0.5873002008909075,0.9813084112149532,0.9629661979212158,0.616822429906542,0.3804699100358109
Iran 2025,USOIL,2420,0,0.5794392523364486,0.3357498471482225,0.8130841121495327,0.6611057734299939,0.205607476635514,0.0422744344484234,0.8878504672897196,0.7882784522665734,0.102803738317757,0.0105686086121058,0.3271028037383177,0.1069962442134684,0.3831775700934579,0.1468250502227268,0.794392523364486,0.6310594811773954,0.9626168224299064,0.9266311468250502
Iran 2025,USOIL,2421,0,0.6355140186915887,0.403878067953533,0.616822429906542,0.3804699100358109,0.7383177570093458,0.5451131103153113,0.6728971962616822,0.4527906367368328,0.0934579439252336,0.0087343872827321,0.4205607476635514,0.1768713424753253,0.5607476635514018,0.3144379421783561,0.8037383177570093,0.6459952834308673,0.8785046728971962,0.7717704603022097
Iran 2025,USOIL,2422,0,0.5981308411214953,0.3577605031007074,0.5700934579439252,0.325006550790462,0.0934579439252336,0.0087343872827321,0.6822429906542056,0.4654554982967944,0.1588785046728972,0.0252423792470958,0.4953271028037383,0.2453489387719451,0.5233644859813084,0.2739103851864791,0.5887850467289719,0.3466678312516376,0.8037383177570093,0.6459952834308673
Iran 2025,USOIL,2423,0,0.6728971962616822,0.4527906367368328,0.5327102803738317,0.2837802428159664,0.3364485981308411,0.1131976591842082,0.5981308411214953,0.3577605031007074,0.2149532710280373,0.0462049087256528,0.5046728971962616,0.2546947331644684,0.4579439252336448,0.2097126386583981,0.5607476635514018,0.3144379421783561,0.7850467289719626,0.616298366669578
Iran 2025,USOIL,2424,0,0.6448598130841121,0.415844178530876,0.205607476635514,0.0422744344484234,0.308411214953271,0.0951174775089527,0.8504672897196262,0.7232946108830465,0.308411214953271,0.0951174775089527,0.514018691588785,0.2642152153026464,0.411214953271028,0.1690977377936937,0.5046728971962616,0.2546947331644684,0.7757009345794392,0.6017119399074154
Iran 2025,USOIL,2425,0,0.616822429906542,0.3804699100358109,0.102803738317757,0.0105686086121058,0.2990654205607476,0.0894401257751768,0.8785046728971962,0.7717704603022097,0.3177570093457944,0.1009695169883832,0.5887850467289719,0.3466678312516376,0.3457943925233644,0.1195737619006026,0.5794392523364486,0.3357498471482225,0.7570093457943925,0.5730631496200541
Iran 2025,USOIL,2426,0,0.2710280373831775,0.073456197047777,0.514018691588785,0.2642152153026464,0.3738317757009345,0.1397501965237138,0.6074766355140186,0.3690278626954318,0.0186915887850467,0.0003493754913092,0.3457943925233644,0.1195737619006026,0.4859813084112149,0.2361778321250764,0.2710280373831775,0.073456197047777,0.9906542056074766,0.9813957550877804
Iran 2025,USOIL,2427,0,0.3831775700934579,0.1468250502227268,0.4672897196261682,0.2183596820683029,0.4018691588785046,0.1614988208577168,0.2803738317757009,0.078609485544589,0.02803738317757,0.0007860948554458,0.3177570093457944,0.1009695169883832,0.514018691588785,0.2642152153026464,0.3831775700934579,0.1468250502227268,0.9158878504672896,0.8388505546335925
Iran 2025,USOIL,2428,0,0.4392523364485981,0.1929426150755524,0.5233644859813084,0.2739103851864791,0.0467289719626168,0.002183596820683,0.4485981308411215,0.2012402829941479,0.0654205607476635,0.0042798497685387,0.2242990654205607,0.0503100707485369,0.616822429906542,0.3804699100358109,0.3177570093457944,0.1009695169883832,0.8598130841121495,0.7392785396104463
Iran 2025,GOLD,2322,0,0.5514018691588785,0.3040440213119049,0.4485981308411215,0.2012402829941479,0.1775700934579439,0.0315311380906629,0.5981308411214953,0.3577605031007074,0.2616822429906542,0.0684775962966197,0.3738317757009345,0.1397501965237138,0.5794392523364486,0.3357498471482225,0.3644859813084112,0.1328500305703554,0.7570093457943925,0.5730631496200541
Iran 2025,GOLD,2323,0,0.3738317757009345,0.1397501965237138,0.4766355140186916,0.2271814132238623,0.4205607476635514,0.1768713424753253,0.2990654205607476,0.0894401257751768,0.3551401869158878,0.1261245523626517,0.2897196261682243,0.0839374617870556,0.6448598130841121,0.415844178530876,0.4018691588785046,0.1614988208577168,0.7850467289719626,0.616298366669578
Iran 2025,GOLD,2324,0,0.4392523364485981,0.1929426150755524,0.4579439252336448,0.2097126386583981,0.4859813084112149,0.2361778321250764,0.2897196261682243,0.0839374617870556,0.2710280373831775,0.073456197047777,0.308411214953271,0.0951174775089527,0.6635514018691588,0.4403004629225259,0.3457943925233644,0.1195737619006026,0.794392523364486,0.6310594811773954
Iran 2025,GOLD,2325,0,0.719626168224299,0.5178618219931871,0.4859813084112149,0.2361778321250764,0.3925233644859813,0.1540745916673945,0.3831775700934579,0.1468250502227268,0.2990654205607476,0.0894401257751768,0.205607476635514,0.0422744344484234,0.6822429906542056,0.4654554982967944,0.5794392523364486,0.3357498471482225,0.7757009345794392,0.6017119399074154
Iran 2025,GOLD,2326,0,0.8691588785046729,0.7554371560835007,0.4018691588785046,0.1614988208577168,0.205607476635514,0.0422744344484234,0.6448598130841121,0.415844178530876,0.4485981308411215,0.2012402829941479,0.3271028037383177,0.1069962442134684,0.7009345794392523,0.4913092846536815,0.514018691588785,0.2642152153026464,0.7663551401869159,0.5873002008909075
Iran 2025,GOLD,2327,0,0.8411214953271028,0.7074853699013014,0.3831775700934579,0.1468250502227268,0.5700934579439252,0.325006550790462,0.4299065420560747,0.1848196349026115,0.4859813084112149,0.2361778321250764,0.1869158878504672,0.0349375491309284,0.8317757009345794,0.6918508166652109,0.4672897196261682,0.2183596820683029,0.8878504672897196,0.7882784522665734
Iran 2025,GOLD,2328,0,0.7850467289719626,0.616298366669578,0.4299065420560747,0.1848196349026115,0.4018691588785046,0.1614988208577168,0.8411214953271028,0.7074853699013014,0.4579439252336448,0.2097126386583981,0.0373831775700934,0.0013975019652371,0.9065420560747663,0.8218184994322648,0.411214953271028,0.1690977377936937,0.9532710280373832,0.9087256528954494
Iran 2025,GOLD,2329,0,0.9252336448598132,0.8560572975805747,0.5981308411214953,0.3577605031007074,0.5420560747663551,0.2938247881911083,0.9813084112149532,0.9629661979212158,0.6074766355140186,0.3690278626954318,0.3925233644859813,0.1540745916673945,0.8037383177570093,0.6459952834308673,0.8878504672897196,0.7882784522665734,0.5327102803738317,0.2837802428159664
Iran 2025,GOLD,2330,0,0.9813084112149532,0.9629661979212158,0.7757009345794392,0.6017119399074154,0.411214953271028,0.1690977377936937,0.97196261682243,0.9447113285003056,0.7289719626168224,0.5314001222814219,0.7289719626168224,0.5314001222814219,0.9906542056074766,0.9813957550877804,0.9813084112149532,0.9629661979212158,0.4485981308411215,0.2012402829941479
Iran 2025,GOLD,2331,0,0.9906542056074766,0.9813957550877804,0.6261682242990654,0.3920866451218446,0.6728971962616822,0.4527906367368328,0.9345794392523364,0.8734387282732117,0.8130841121495327,0.6611057734299939,0.7570093457943925,0.5730631496200541,0.9626168224299064,0.9266311468250502,0.9906542056074766,0.9813957550877804,0.4859813084112149,0.2361778321250764
Iran 2025,GOLD,2332,0,0.9626168224299064,0.9266311468250502,0.5514018691588785,0.3040440213119049,0.1588785046728972,0.0252423792470958,0.9252336448598132,0.8560572975805747,0.8317757009345794,0.6918508166652109,0.5700934579439252,0.325006550790462,0.7476635514018691,0.5590007860948554,0.8504672897196262,0.7232946108830465,0.5046728971962616,0.2546947331644684
Iran 2025,GOLD,2333,0,0.97196261682243,0.9447113285003056,0.5327102803738317,0.2837802428159664,0.1401869158878504,0.0196523713861472,0.8504672897196262,0.7232946108830465,0.5700934579439252,0.325006550790462,0.6074766355140186,0.3690278626954318,0.7663551401869159,0.5873002008909075,0.8037383177570093,0.6459952834308673,0.616822429906542,0.3804699100358109
Iran 2025,GOLD,2334,0,0.897196261682243,0.8049611319765918,0.5887850467289719,0.3466678312516376,0.3831775700934579,0.1468250502227268,0.9906542056074766,0.9813957550877804,0.6728971962616822,0.4527906367368328,0.5887850467289719,0.3466678312516376,0.794392523364486,0.6310594811773954,0.8130841121495327,0.6611057734299939,0.6074766355140186,0.3690278626954318
Iran 2025,GOLD,2335,0,0.9345794392523364,0.8734387282732117,0.6728971962616822,0.4527906367368328,0.6448598130841121,0.415844178530876,0.9439252336448598,0.8909948467115032,0.6822429906542056,0.4654554982967944,0.5981308411214953,0.3577605031007074,0.8411214953271028,0.7074853699013014,0.8598130841121495,0.7392785396104463,0.6261682242990654,0.3920866451218446
Iran 2025,GOLD,2336,0,0.8037383177570093,0.6459952834308673,0.514018691588785,0.2642152153026464,0.1214953271028037,0.0147611145078172,0.9626168224299064,0.9266311468250502,0.6448598130841121,0.415844178530876,0.4579439252336448,0.2097126386583981,0.897196261682243,0.8049611319765918,0.8317757009345794,0.6918508166652109,0.7009345794392523,0.4913092846536815
Iran 2025,GOLD,2337,0,0.5700934579439252,0.325006550790462,0.4392523364485981,0.1929426150755524,0.0841121495327102,0.007074853699013,0.9532710280373832,0.9087256528954494,0.4392523364485981,0.1929426150755524,0.5607476635514018,0.3144379421783561,0.9158878504672896,0.8388505546335925,0.7102803738317757,0.504498209450607,0.7476635514018691,0.5590007860948554
Iran 2025,GOLD,2338,0,0.822429906542056,0.6763909511747751,0.4205607476635514,0.1768713424753253,0.2429906542056074,0.0590444580312691,0.9158878504672896,0.8388505546335925,0.5607476635514018,0.3144379421783561,0.4392523364485981,0.1929426150755524,0.9532710280373832,0.9087256528954494,0.6822429906542056,0.4654554982967944,0.8130841121495327,0.6611057734299939
Iran 2025,GOLD,2339,0,0.7009345794392523,0.4913092846536815,0.4672897196261682,0.2183596820683029,0.3271028037383177,0.1069962442134684,0.9065420560747663,0.8218184994322648,0.514018691588785,0.2642152153026464,0.4485981308411215,0.2012402829941479,0.8878504672897196,0.7882784522665734,0.5887850467289719,0.3466678312516376,0.822429906542056,0.6763909511747751
Iran 2025,GOLD,2340,0,0.5794392523364486,0.3357498471482225,0.5046728971962616,0.2546947331644684,0.5794392523364486,0.3357498471482225,0.897196261682243,0.8049611319765918,0.3925233644859813,0.1540745916673945,0.4205607476635514,0.1768713424753253,0.9813084112149532,0.9629661979212158,0.4579439252336448,0.2097126386583981,0.8504672897196262,0.7232946108830465
Iran 2025,GOLD,2341,1,0.7289719626168224,0.0734561970477771,0.4953271028037383,0.2546947331644685,0.4953271028037383,0.2546947331644685,0.7850467289719626,0.0462049087256529,0.5046728971962616,0.2453489387719452,0.2803738317757009,0.5178618219931871,0.8598130841121495,0.0196523713861472,0.5700934579439252,0.1848196349026116,0.8317757009345794,0.028299414796052
Iran 2025,GOLD,2342,1,0.6635514018691588,0.1131976591842082,0.411214953271028,0.3466678312516376,0.308411214953271,0.4782950476024108,0.8598130841121495,0.0196523713861472,0.5327102803738317,0.2183596820683029,0.1962616822429906,0.6459952834308673,0.719626168224299,0.078609485544589,0.6542056074766355,0.1195737619006027,0.6448598130841121,0.1261245523626518
Iran 2025,GOLD,2343,1,0.7757009345794392,0.050310070748537,0.3738317757009345,0.3920866451218446,0.2242990654205607,0.6017119399074154,0.6915887850467289,0.0951174775089527,0.5887850467289719,0.1690977377936938,0.3644859813084112,0.4038780679535331,0.7383177570093458,0.0684775962966198,0.3738317757009345,0.3920866451218446,0.7102803738317757,0.0839374617870556
Iran 2025,GOLD,2344,1,0.6822429906542056,0.1009695169883832,0.3457943925233644,0.4279849768538738,0.1682242990654205,0.6918508166652109,0.822429906542056,0.0315311380906629,0.3271028037383177,0.452790636736833,0.1775700934579439,0.6763909511747751,0.7289719626168224,0.0734561970477771,0.3551401869158878,0.415844178530876,0.7383177570093458,0.0684775962966198
Iran 2025,GOLD,2345,1,0.6728971962616822,0.1069962442134684,0.3271028037383177,0.452790636736833,0.0373831775700934,0.9266311468250502,0.8037383177570093,0.0385186479168486,0.3457943925233644,0.4279849768538738,0.1588785046728972,0.7074853699013014,0.6915887850467289,0.0951174775089527,0.308411214953271,0.4782950476024108,0.8691588785046729,0.0171193990741549
Iran 2025,GOLD,2346,1,0.6074766355140186,0.1540745916673945,0.3644859813084112,0.4038780679535331,0.0467289719626168,0.9087256528954494,0.5700934579439252,0.1848196349026116,0.2523364485981308,0.5590007860948556,0.2710280373831775,0.5314001222814221,0.6355140186915887,0.1328500305703555,0.3177570093457944,0.4654554982967944,0.8598130841121495,0.0196523713861472
Iran 2025,GOLD,2347,1,0.411214953271028,0.3466678312516376,0.2336448598130841,0.5873002008909075,0.102803738317757,0.8049611319765918,0.3177570093457944,0.4654554982967944,0.1962616822429906,0.6459952834308673,0.102803738317757,0.8049611319765918,0.5981308411214953,0.1614988208577168,0.2710280373831775,0.5314001222814221,0.9252336448598132,0.0055900078609485
Iran 2025,GOLD,2348,1,0.3551401869158878,0.415844178530876,0.2429906542056074,0.5730631496200541,0.1495327102803738,0.7232946108830465,0.5327102803738317,0.2183596820683029,0.205607476635514,0.6310594811773954,0.1308411214953271,0.7554371560835007,0.6074766355140186,0.1540745916673945,0.2149532710280373,0.616298366669578,0.9158878504672896,0.007074853699013
Iran 2025,GOLD,2349,1,0.4579439252336448,0.2938247881911084,0.2242990654205607,0.6017119399074154,0.1121495327102803,0.7882784522665734,0.308411214953271,0.4782950476024108,0.1775700934579439,0.6763909511747751,0.1401869158878504,0.7392785396104463,0.6728971962616822,0.1069962442134684,0.2336448598130841,0.5873002008909075,0.9439252336448598,0.0031443794217835
Iran 2025,GOLD,2350,1,0.2990654205607476,0.4913092846536815,0.2523364485981308,0.5590007860948556,0.2523364485981308,0.5590007860948556,0.2336448598130841,0.5873002008909075,0.2149532710280373,0.616298366669578,0.0934579439252336,0.8218184994322648,0.6261682242990654,0.1397501965237139,0.2429906542056074,0.5730631496200541,0.897196261682243,0.0105686086121058
Iran 2025,GOLD,2351,1,0.4018691588785046,0.3577605031007075,0.2897196261682243,0.5044982094506072,0.5607476635514018,0.1929426150755525,0.3925233644859813,0.3690278626954318,0.2336448598130841,0.5873002008909075,0.02803738317757,0.9447113285003056,0.6542056074766355,0.1195737619006027,0.2616822429906542,0.5451131103153113,0.9345794392523364,0.0042798497685387
Iran 2025,GOLD,2352,1,0.4859813084112149,0.2642152153026464,0.2803738317757009,0.5178618219931871,0.3738317757009345,0.3920866451218446,0.2616822429906542,0.5451131103153113,0.2242990654205607,0.6017119399074154,0.0186915887850467,0.9629661979212158,0.7102803738317757,0.0839374617870556,0.2803738317757009,0.5178618219931871,0.97196261682243,0.0007860948554458
Iran 2025,GOLD,2353,1,0.5233644859813084,0.2271814132238624,0.3177570093457944,0.4654554982967944,0.6261682242990654,0.1397501965237139,0.3644859813084112,0.4038780679535331,0.1682242990654205,0.6918508166652109,0.0560747663551401,0.8909948467115032,0.7757009345794392,0.050310070748537,0.2990654205607476,0.4913092846536815,0.9813084112149532,0.0003493754913092
Iran 2025,GOLD,2354,1,0.5420560747663551,0.2097126386583981,0.2990654205607476,0.4913092846536815,0.6822429906542056,0.1009695169883832,0.5607476635514018,0.1929426150755525,0.1869158878504672,0.6611057734299939,0.1682242990654205,0.6918508166652109,0.97196261682243,0.0007860948554458,0.2242990654205607,0.6017119399074154,0.9906542056074766,8.734387282732118e-05
Iran 2025,GOLD,2355,1,0.6542056074766355,0.1195737619006027,0.3551401869158878,0.415844178530876,0.2616822429906542,0.5451131103153113,0.616822429906542,0.1468250502227269,0.3177570093457944,0.4654554982967944,0.0093457943925233,0.9813957550877804,0.514018691588785,0.2361778321250764,0.2897196261682243,0.5044982094506072,0.8037383177570093,0.0385186479168486
Iran 2025,GOLD,2356,1,0.7570093457943925,0.0590444580312691,0.8130841121495327,0.0349375491309284,0.8411214953271028,0.0252423792470958,0.794392523364486,0.0422744344484234,0.8037383177570093,0.0385186479168486,0.7757009345794392,0.050310070748537,0.5233644859813084,0.2271814132238624,0.8411214953271028,0.0252423792470958,0.308411214953271,0.4782950476024108
Iran 2025,GOLD,2357,1,0.8878504672897196,0.0125775176871342,0.7476635514018691,0.0636736832911171,0.5327102803738317,0.2183596820683029,0.5046728971962616,0.2453489387719452,0.7850467289719626,0.0462049087256529,0.6822429906542056,0.1009695169883832,0.4299065420560747,0.325006550790462,0.5420560747663551,0.2097126386583981,0.2990654205607476,0.4913092846536815
Iran 2025,GOLD,2358,1,0.8504672897196262,0.0223600314437942,0.7850467289719626,0.0462049087256529,0.3551401869158878,0.415844178530876,0.4672897196261682,0.2837802428159664,0.7757009345794392,0.050310070748537,0.6728971962616822,0.1069962442134684,0.4392523364485981,0.3144379421783562,0.6915887850467289,0.0951174775089527,0.2149532710280373,0.616298366669578
Iran 2025,GOLD,2359,1,0.8598130841121495,0.0196523713861472,0.6542056074766355,0.1195737619006027,0.5046728971962616,0.2453489387719452,0.4485981308411215,0.3040440213119049,0.616822429906542,0.1468250502227269,0.7009345794392523,0.0894401257751768,0.3457943925233644,0.4279849768538738,0.6635514018691588,0.1131976591842082,0.2710280373831775,0.5314001222814221
Iran 2025,GOLD,2360,1,0.9065420560747663,0.0087343872827321,0.8691588785046729,0.0171193990741549,0.3457943925233644,0.4279849768538738,0.6728971962616822,0.1069962442134684,0.7570093457943925,0.0590444580312691,0.7102803738317757,0.0839374617870556,0.2710280373831775,0.5314001222814221,0.822429906542056,0.0315311380906629,0.1682242990654205,0.6918508166652109
Iran 2025,GOLD,2361,1,0.9439252336448598,0.0031443794217835,0.7570093457943925,0.0590444580312691,0.0560747663551401,0.8909948467115032,0.5794392523364486,0.1768713424753254,0.7009345794392523,0.0894401257751768,0.5794392523364486,0.1768713424753254,0.2616822429906542,0.5451131103153113,0.6355140186915887,0.1328500305703555,0.205607476635514,0.6310594811773954
Iran 2025,GOLD,2362,1,0.9532710280373832,0.002183596820683,0.6448598130841121,0.1261245523626518,0.0654205607476635,0.8734387282732117,0.5887850467289719,0.1690977377936938,0.6635514018691588,0.1131976591842082,0.4299065420560747,0.325006550790462,0.2336448598130841,0.5873002008909075,0.616822429906542,0.1468250502227269,0.3271028037383177,0.452790636736833
Iran 2025,GOLD,2363,1,0.6915887850467289,0.0951174775089527,0.7102803738317757,0.0839374617870556,0.1308411214953271,0.7554371560835007,0.5514018691588785,0.201240282994148,0.4018691588785046,0.3577605031007075,0.4018691588785046,0.3577605031007075,0.205607476635514,0.6310594811773954,0.4485981308411215,0.3040440213119049,0.2429906542056074,0.5730631496200541
Iran 2025,GOLD,2364,1,0.308411214953271,0.4782950476024108,0.5794392523364486,0.1768713424753254,0.02803738317757,0.9447113285003056,0.2710280373831775,0.5314001222814221,0.3364485981308411,0.4403004629225259,0.4672897196261682,0.2837802428159664,0.1588785046728972,0.7074853699013014,0.3364485981308411,0.4403004629225259,0.3925233644859813,0.3690278626954318
Iran 2025,GOLD,2365,1,0.3925233644859813,0.3690278626954318,0.5700934579439252,0.1848196349026116,0.4299065420560747,0.325006550790462,0.4392523364485981,0.3144379421783562,0.4953271028037383,0.2546947331644685,0.2616822429906542,0.5451131103153113,0.0467289719626168,0.9087256528954494,0.5981308411214953,0.1614988208577168,0.2897196261682243,0.5044982094506072
Iran 2025,GOLD,2366,1,0.3644859813084112,0.4038780679535331,0.5607476635514018,0.1929426150755525,0.2710280373831775,0.5314001222814221,0.4205607476635514,0.3357498471482226,0.4299065420560747,0.325006550790462,0.1495327102803738,0.7232946108830465,0.0373831775700934,0.9266311468250502,0.5327102803738317,0.2183596820683029,0.3177570093457944,0.4654554982967944
Iran 2025,GOLD,2367,1,0.3457943925233644,0.4279849768538738,0.6915887850467289,0.0951174775089527,0.6355140186915887,0.1328500305703555,0.4018691588785046,0.3577605031007075,0.5420560747663551,0.2097126386583981,0.2429906542056074,0.5730631496200541,0.1214953271028037,0.7717704603022097,0.5233644859813084,0.2271814132238624,0.3457943925233644,0.4279849768538738
Iran 2025,GOLD,2368,1,0.3831775700934579,0.3804699100358111,0.719626168224299,0.078609485544589,0.6635514018691588,0.1131976591842082,0.5420560747663551,0.2097126386583981,0.5233644859813084,0.2271814132238624,0.2990654205607476,0.4913092846536815,0.0747663551401869,0.8560572975805747,0.6074766355140186,0.1540745916673945,0.1869158878504672,0.6611057734299939
Iran 2025,GOLD,2369,1,0.5327102803738317,0.2183596820683029,0.6635514018691588,0.1131976591842082,0.3177570093457944,0.4654554982967944,0.6074766355140186,0.1540745916673945,0.5514018691588785,0.201240282994148,0.3831775700934579,0.3804699100358111,0.1962616822429906,0.6459952834308673,0.7476635514018691,0.0636736832911171,0.3644859813084112,0.4038780679535331
Iran 2025,GOLD,2370,1,0.616822429906542,0.1468250502227269,0.616822429906542,0.1468250502227269,0.2897196261682243,0.5044982094506072,0.6542056074766355,0.1195737619006027,0.5794392523364486,0.1768713424753254,0.3551401869158878,0.415844178530876,0.2149532710280373,0.616298366669578,0.4299065420560747,0.325006550790462,0.4018691588785046,0.3577605031007075
Iran 2025,GOLD,2371,1,0.6448598130841121,0.1261245523626518,0.6074766355140186,0.1540745916673945,0.0747663551401869,0.8560572975805747,0.7570093457943925,0.0590444580312691,0.4672897196261682,0.2837802428159664,0.2242990654205607,0.6017119399074154,0.1775700934579439,0.6763909511747751,0.5046728971962616,0.2453489387719452,0.3831775700934579,0.3804699100358111
Iran 2025,GOLD,2372,1,0.5046728971962616,0.2453489387719452,0.7663551401869159,0.0545899205170757,0.0186915887850467,0.9629661979212158,0.3271028037383177,0.452790636736833,0.4766355140186916,0.2739103851864792,0.5233644859813084,0.2271814132238624,0.1495327102803738,0.7232946108830465,0.5607476635514018,0.1929426150755525,0.4205607476635514,0.3357498471482226
Iran 2025,GOLD,2373,1,0.4299065420560747,0.325006550790462,0.6822429906542056,0.1009695169883832,0.0093457943925233,0.9813957550877804,0.7289719626168224,0.0734561970477771,0.4205607476635514,0.3357498471482226,0.514018691588785,0.2361778321250764,0.0841121495327102,0.8388505546335925,0.3831775700934579,0.3804699100358111,0.3551401869158878,0.415844178530876
Iran 2025,GOLD,2374,1,0.5981308411214953,0.1614988208577168,0.7383177570093458,0.0684775962966198,0.0934579439252336,0.8218184994322648,0.6261682242990654,0.1397501965237139,0.6261682242990654,0.1397501965237139,0.4859813084112149,0.2642152153026464,0.1401869158878504,0.7392785396104463,0.4766355140186916,0.2739103851864792,0.2336448598130841,0.5873002008909075
Iran 2025,GOLD,2375,1,0.3364485981308411,0.4403004629225259,0.8317757009345794,0.028299414796052,0.4579439252336448,0.2938247881911084,0.7102803738317757,0.0839374617870556,0.8411214953271028,0.0252423792470958,0.5327102803738317,0.2183596820683029,0.1869158878504672,0.6611057734299939,0.6448598130841121,0.1261245523626518,0.1308411214953271,0.7554371560835007
Iran 2025,GOLD,2376,1,0.3177570093457944,0.4654554982967944,0.9252336448598132,0.0055900078609485,0.7009345794392523,0.0894401257751768,0.205607476635514,0.6310594811773954,0.8598130841121495,0.0196523713861472,0.6355140186915887,0.1328500305703555,0.1308411214953271,0.7554371560835007,0.4392523364485981,0.3144379421783562,0.0934579439252336,0.8218184994322648
Iran 2025,GOLD,2377,1,0.7663551401869159,0.0545899205170757,0.8878504672897196,0.0125775176871342,0.7757009345794392,0.050310070748537,0.4766355140186916,0.2739103851864792,0.6915887850467289,0.0951174775089527,0.5514018691588785,0.201240282994148,0.0654205607476635,0.8734387282732117,0.3925233644859813,0.3690278626954318,0.0186915887850467,0.9629661979212158
Iran 2025,GOLD,2378,1,0.7102803738317757,0.0839374617870556,0.8785046728971962,0.0147611145078172,0.8130841121495327,0.0349375491309284,0.6822429906542056,0.1009695169883832,0.7383177570093458,0.0684775962966198,0.4766355140186916,0.2739103851864792,0.102803738317757,0.8049611319765918,0.4953271028037383,0.2546947331644685,0.0841121495327102,0.8388505546335925
Iran 2025,GOLD,2379,1,0.4205607476635514,0.3357498471482226,0.8411214953271028,0.0252423792470958,0.8598130841121495,0.0196523713861472,0.514018691588785,0.2361778321250764,0.719626168224299,0.078609485544589,0.3457943925233644,0.4279849768538738,0.02803738317757,0.9447113285003056,0.6261682242990654,0.1397501965237139,0.0467289719626168,0.9087256528954494
Iran 2025,GOLD,2380,1,0.3271028037383177,0.452790636736833,0.794392523364486,0.0422744344484234,0.8317757009345794,0.028299414796052,0.3364485981308411,0.4403004629225259,0.5981308411214953,0.1614988208577168,0.2149532710280373,0.616298366669578,0.1682242990654205,0.6918508166652109,0.4205607476635514,0.3357498471482226,0.1775700934579439,0.6763909511747751
Iran 2025,GOLD,2381,0,0.4672897196261682,0.2183596820683029,0.7289719626168224,0.5314001222814219,0.7289719626168224,0.5314001222814219,0.411214953271028,0.1690977377936937,0.3738317757009345,0.1397501965237138,0.411214953271028,0.1690977377936937,0.2242990654205607,0.0503100707485369,0.4859813084112149,0.2361778321250764,0.2523364485981308,0.0636736832911171
Iran 2025,GOLD,2382,0,0.8317757009345794,0.6918508166652109,0.6355140186915887,0.403878067953533,0.3644859813084112,0.1328500305703554,0.7383177570093458,0.5451131103153113,0.3831775700934579,0.1468250502227268,0.2336448598130841,0.0545899205170757,0.2429906542056074,0.0590444580312691,0.7289719626168224,0.5314001222814219,0.2616822429906542,0.0684775962966197
Iran 2025,GOLD,2383,0,0.8785046728971962,0.7717704603022097,0.9626168224299064,0.9266311468250502,0.7476635514018691,0.5590007860948554,0.6355140186915887,0.403878067953533,0.8691588785046729,0.7554371560835007,0.8130841121495327,0.6611057734299939,0.5700934579439252,0.325006550790462,0.9532710280373832,0.9087256528954494,0.1495327102803738,0.0223600314437942
Iran 2025,GOLD,2384,0,0.5887850467289719,0.3466678312516376,0.9345794392523364,0.8734387282732117,0.8691588785046729,0.7554371560835007,0.8785046728971962,0.7717704603022097,0.7476635514018691,0.5590007860948554,0.6915887850467289,0.4782950476024106,0.4579439252336448,0.2097126386583981,0.8691588785046729,0.7554371560835007,0.1401869158878504,0.0196523713861472
Iran 2025,GOLD,2385,0,0.9158878504672896,0.8388505546335925,0.9532710280373832,0.9087256528954494,0.822429906542056,0.6763909511747751,0.8691588785046729,0.7554371560835007,0.822429906542056,0.6763909511747751,0.7383177570093458,0.5451131103153113,0.4672897196261682,0.2183596820683029,0.9065420560747663,0.8218184994322648,0.1121495327102803,0.0125775176871342
Iran 2025,GOLD,2386,0,0.6261682242990654,0.3920866451218446,0.9906542056074766,0.9813957550877804,0.794392523364486,0.6310594811773954,0.7476635514018691,0.5590007860948554,0.9158878504672896,0.8388505546335925,0.7850467289719626,0.616298366669578,0.4485981308411215,0.2012402829941479,0.9252336448598132,0.8560572975805747,0.0654205607476635,0.0042798497685387
Iran 2025,GOLD,2387,0,0.4953271028037383,0.2453489387719451,0.9813084112149532,0.9629661979212158,0.719626168224299,0.5178618219931871,0.7757009345794392,0.6017119399074154,0.9065420560747663,0.8218184994322648,0.7476635514018691,0.5590007860948554,0.4766355140186916,0.2271814132238623,0.9626168224299064,0.9266311468250502,0.0560747663551401,0.0031443794217835
Iran 2025,GOLD,2388,0,0.8130841121495327,0.6611057734299939,0.97196261682243,0.9447113285003056,0.4392523364485981,0.1929426150755524,0.8317757009345794,0.6918508166652109,0.97196261682243,0.9447113285003056,0.794392523364486,0.6310594811773954,0.5514018691588785,0.3040440213119049,0.97196261682243,0.9447113285003056,0.0747663551401869,0.0055900078609485
Iran 2025,GOLD,2389,0,0.7476635514018691,0.5590007860948554,0.9439252336448598,0.8909948467115032,0.616822429906542,0.3804699100358109,0.7663551401869159,0.5873002008909075,0.9532710280373832,0.9087256528954494,0.8317757009345794,0.6918508166652109,0.5607476635514018,0.3144379421783561,0.9439252336448598,0.8909948467115032,0.0373831775700934,0.0013975019652371
Iran 2025,GOLD,2390,0,0.7383177570093458,0.5451131103153113,0.9158878504672896,0.8388505546335925,0.7850467289719626,0.616298366669578,0.7009345794392523,0.4913092846536815,0.9345794392523364,0.8734387282732117,0.719626168224299,0.5178618219931871,0.4953271028037383,0.2453489387719451,0.9158878504672896,0.8388505546335925,0.02803738317757,0.0007860948554458
Iran 2025,GOLD,2391,0,0.4485981308411215,0.2012402829941479,0.9065420560747663,0.8218184994322648,0.8037383177570093,0.6459952834308673,0.8878504672897196,0.7882784522665734,0.8878504672897196,0.7882784522665734,0.6542056074766355,0.4279849768538736,0.3738317757009345,0.1397501965237138,0.8785046728971962,0.7717704603022097,0.1214953271028037,0.0147611145078172
Iran 2025,GOLD,2392,0,0.514018691588785,0.2642152153026464,0.822429906542056,0.6763909511747751,0.7383177570093458,0.5451131103153113,0.719626168224299,0.5178618219931871,0.897196261682243,0.8049611319765918,0.4953271028037383,0.2453489387719451,0.2897196261682243,0.0839374617870556,0.6728971962616822,0.4527906367368328,0.1588785046728972,0.0252423792470958
Iran 2025,GOLD,2393,0,0.794392523364486,0.6310594811773954,0.8598130841121495,0.7392785396104463,0.514018691588785,0.2642152153026464,0.6635514018691588,0.4403004629225259,0.794392523364486,0.6310594811773954,0.616822429906542,0.3804699100358109,0.3925233644859813,0.1540745916673945,0.7570093457943925,0.5730631496200541,0.2242990654205607,0.0503100707485369
Iran 2025,GOLD,2394,0,0.5607476635514018,0.3144379421783561,0.8037383177570093,0.6459952834308673,0.5233644859813084,0.2739103851864791,0.8130841121495327,0.6611057734299939,0.7102803738317757,0.504498209450607,0.6635514018691588,0.4403004629225259,0.5046728971962616,0.2546947331644684,0.897196261682243,0.8049611319765918,0.3738317757009345,0.1397501965237138
Iran 2025,GOLD,2395,0,0.6355140186915887,0.403878067953533,0.7009345794392523,0.4913092846536815,0.5514018691588785,0.3040440213119049,0.5233644859813084,0.2739103851864791,0.6542056074766355,0.4279849768538736,0.6448598130841121,0.415844178530876,0.5420560747663551,0.2938247881911083,0.9345794392523364,0.8734387282732117,0.4392523364485981,0.1929426150755524
Iran 2025,GOLD,2396,0,0.4766355140186916,0.2271814132238623,0.897196261682243,0.8049611319765918,0.6915887850467289,0.4782950476024106,0.4859813084112149,0.2361778321250764,0.7663551401869159,0.5873002008909075,0.7663551401869159,0.5873002008909075,0.4859813084112149,0.2361778321250764,0.7383177570093458,0.5451131103153113,0.1962616822429906,0.0385186479168486
Iran 2025,GOLD,2397,0,0.205607476635514,0.0422744344484234,0.8504672897196262,0.7232946108830465,0.9439252336448598,0.8909948467115032,0.4579439252336448,0.2097126386583981,0.9626168224299064,0.9266311468250502,0.8504672897196262,0.7232946108830465,0.2803738317757009,0.078609485544589,0.719626168224299,0.5178618219931871,0.0093457943925233,8.734387282732115e-05
Iran 2025,GOLD,2398,0,0.0560747663551401,0.0031443794217835,0.5420560747663551,0.2938247881911083,0.9532710280373832,0.9087256528954494,0.4953271028037383,0.2453489387719451,0.9906542056074766,0.9813957550877804,0.8878504672897196,0.7882784522665734,0.5327102803738317,0.2837802428159664,0.7009345794392523,0.4913092846536815,0.102803738317757,0.0105686086121058
Iran 2025,GOLD,2399,0,0.0841121495327102,0.007074853699013,0.5233644859813084,0.2739103851864791,0.9626168224299064,0.9266311468250502,0.2523364485981308,0.0636736832911171,0.9813084112149532,0.9629661979212158,0.8785046728971962,0.7717704603022097,0.616822429906542,0.3804699100358109,0.794392523364486,0.6310594811773954,0.2803738317757009,0.078609485544589
Iran 2025,GOLD,2400,0,0.0186915887850467,0.0003493754913092,0.3925233644859813,0.1540745916673945,0.9813084112149532,0.9629661979212158,0.3738317757009345,0.1397501965237138,0.9439252336448598,0.8909948467115032,0.97196261682243,0.9447113285003056,0.7570093457943925,0.5730631496200541,0.7757009345794392,0.6017119399074154,0.4299065420560747,0.1848196349026115
Iran 2025,GOLD,2401,0,0.0093457943925233,8.734387282732115e-05,0.3364485981308411,0.1131976591842082,0.9906542056074766,0.9813957550877804,0.3551401869158878,0.1261245523626517,0.9252336448598132,0.8560572975805747,0.9813084112149532,0.9629661979212158,0.9345794392523364,0.8734387282732117,0.7850467289719626,0.616298366669578,0.4672897196261682,0.2183596820683029
Iran 2025,GOLD,2402,0,0.02803738317757,0.0007860948554458,0.308411214953271,0.0951174775089527,0.97196261682243,0.9447113285003056,0.3457943925233644,0.1195737619006026,0.8504672897196262,0.7232946108830465,0.9906542056074766,0.9813957550877804,0.9252336448598132,0.8560572975805747,0.7663551401869159,0.5873002008909075,0.5233644859813084,0.2739103851864791
Iran 2025,GOLD,2403,0,0.0467289719626168,0.002183596820683,0.2710280373831775,0.073456197047777,0.9345794392523364,0.8734387282732117,0.2803738317757009,0.078609485544589,0.8785046728971962,0.7717704603022097,0.9532710280373832,0.9087256528954494,0.8504672897196262,0.7232946108830465,0.5514018691588785,0.3040440213119049,0.5794392523364486,0.3357498471482225
Iran 2025,GOLD,2404,0,0.0373831775700934,0.0013975019652371,0.2616822429906542,0.0684775962966197,0.9065420560747663,0.8218184994322648,0.2242990654205607,0.0503100707485369,0.6355140186915887,0.403878067953533,0.9626168224299064,0.9266311468250502,0.7850467289719626,0.616298366669578,0.3271028037383177,0.1069962442134684,0.6822429906542056,0.4654554982967944
Iran 2025,GOLD,2405,0,0.102803738317757,0.0105686086121058,0.2149532710280373,0.0462049087256528,0.897196261682243,0.8049611319765918,0.2429906542056074,0.0590444580312691,0.411214953271028,0.1690977377936937,0.9252336448598132,0.8560572975805747,0.8130841121495327,0.6611057734299939,0.2523364485981308,0.0636736832911171,0.7289719626168224,0.5314001222814219
Iran 2025,GOLD,2406,0,0.0747663551401869,0.0055900078609485,0.205607476635514,0.0422744344484234,0.8504672897196262,0.7232946108830465,0.1775700934579439,0.0315311380906629,0.2897196261682243,0.0839374617870556,0.897196261682243,0.8049611319765918,0.5887850467289719,0.3466678312516376,0.1962616822429906,0.0385186479168486,0.719626168224299,0.5178618219931871
Iran 2025,GOLD,2407,0,0.0654205607476635,0.0042798497685387,0.1869158878504672,0.0349375491309284,0.9252336448598132,0.8560572975805747,0.1682242990654205,0.028299414796052,0.3644859813084112,0.1328500305703554,0.9439252336448598,0.8909948467115032,0.822429906542056,0.6763909511747751,0.205607476635514,0.0422744344484234,0.8411214953271028,0.7074853699013014
Iran 2025,GOLD,2408,0,0.0934579439252336,0.0087343872827321,0.1495327102803738,0.0223600314437942,0.9158878504672896,0.8388505546335925,0.2149532710280373,0.0462049087256528,0.308411214953271,0.0951174775089527,0.9345794392523364,0.8734387282732117,0.8785046728971962,0.7717704603022097,0.1869158878504672,0.0349375491309284,0.8785046728971962,0.7717704603022097
Iran 2025,GOLD,2409,0,0.1121495327102803,0.0125775176871342,0.1121495327102803,0.0125775176871342,0.8878504672897196,0.7882784522665734,0.1495327102803738,0.0223600314437942,0.2803738317757009,0.078609485544589,0.9158878504672896,0.8388505546335925,0.8691588785046729,0.7554371560835007,0.1775700934579439,0.0315311380906629,0.9065420560747663,0.8218184994322648
Iran 2025,GOLD,2410,0,0.1214953271028037,0.0147611145078172,0.0467289719626168,0.002183596820683,0.8785046728971962,0.7717704603022097,0.1869158878504672,0.0349375491309284,0.2429906542056074,0.0590444580312691,0.9065420560747663,0.8218184994322648,0.9439252336448598,0.8909948467115032,0.1682242990654205,0.028299414796052,0.9626168224299064,0.9266311468250502
Iran 2025,GOLD,2411,0,0.1308411214953271,0.0171193990741549,0.0093457943925233,8.734387282732115e-05,0.7570093457943925,0.5730631496200541,0.0654205607476635,0.0042798497685387,0.1401869158878504,0.0196523713861472,0.8691588785046729,0.7554371560835007,0.3364485981308411,0.1131976591842082,0.0654205607476635,0.0042798497685387,0.6635514018691588,0.4403004629225259
Iran 2025,GOLD,2412,0,0.1401869158878504,0.0196523713861472,0.0560747663551401,0.0031443794217835,0.7663551401869159,0.5873002008909075,0.1962616822429906,0.0385186479168486,0.1588785046728972,0.0252423792470958,0.8598130841121495,0.7392785396104463,0.3271028037383177,0.1069962442134684,0.1121495327102803,0.0125775176871342,0.5420560747663551,0.2938247881911083
Iran 2025,GOLD,2413,0,0.1588785046728972,0.0252423792470958,0.0373831775700934,0.0013975019652371,0.7102803738317757,0.504498209450607,0.0373831775700934,0.0013975019652371,0.1495327102803738,0.0223600314437942,0.8411214953271028,0.7074853699013014,0.3177570093457944,0.1009695169883832,0.1214953271028037,0.0147611145078172,0.5514018691588785,0.3040440213119049
Iran 2025,GOLD,2414,0,0.1682242990654205,0.028299414796052,0.0186915887850467,0.0003493754913092,0.6542056074766355,0.4279849768538736,0.102803738317757,0.0105686086121058,0.0841121495327102,0.007074853699013,0.8037383177570093,0.6459952834308673,0.2990654205607476,0.0894401257751768,0.0934579439252336,0.0087343872827321,0.5607476635514018,0.3144379421783561
Iran 2025,GOLD,2415,0,0.1775700934579439,0.0315311380906629,0.02803738317757,0.0007860948554458,0.3364485981308411,0.1131976591842082,0.1401869158878504,0.0196523713861472,0.0747663551401869,0.0055900078609485,0.822429906542056,0.6763909511747751,0.3551401869158878,0.1261245523626517,0.0747663551401869,0.0055900078609485,0.5700934579439252,0.325006550790462
Iran 2025,GOLD,2416,0,0.1962616822429906,0.0385186479168486,0.0654205607476635,0.0042798497685387,0.6074766355140186,0.3690278626954318,0.1121495327102803,0.0125775176871342,0.0093457943925233,8.734387282732115e-05,0.6261682242990654,0.3920866451218446,0.3644859813084112,0.1328500305703554,0.0841121495327102,0.007074853699013,0.5887850467289719,0.3466678312516376
Iran 2025,GOLD,2417,0,0.2149532710280373,0.0462049087256528,0.0747663551401869,0.0055900078609485,0.5887850467289719,0.3466678312516376,0.02803738317757,0.0007860948554458,0.0373831775700934,0.0013975019652371,0.5046728971962616,0.2546947331644684,0.3831775700934579,0.1468250502227268,0.1495327102803738,0.0223600314437942,0.5981308411214953,0.3577605031007074
Iran 2025,GOLD,2418,0,0.2803738317757009,0.078609485544589,0.0841121495327102,0.007074853699013,0.4485981308411215,0.2012402829941479,0.0467289719626168,0.002183596820683,0.0934579439252336,0.0087343872827321,0.3364485981308411,0.1131976591842082,0.411214953271028,0.1690977377936937,0.1308411214953271,0.0171193990741549,0.6355140186915887,0.403878067953533
Iran 2025,GOLD,2419,0,0.2897196261682243,0.0839374617870556,0.102803738317757,0.0105686086121058,0.1962616822429906,0.0385186479168486,0.1588785046728972,0.0252423792470958,0.102803738317757,0.0105686086121058,0.3177570093457944,0.1009695169883832,0.4018691588785046,0.1614988208577168,0.102803738317757,0.0105686086121058,0.6728971962616822,0.4527906367368328
Iran 2025,GOLD,2420,0,0.2523364485981308,0.0636736832911171,0.1214953271028037,0.0147611145078172,0.2149532710280373,0.0462049087256528,0.1214953271028037,0.0147611145078172,0.1121495327102803,0.0125775176871342,0.5420560747663551,0.2938247881911083,0.4205607476635514,0.1768713424753253,0.1588785046728972,0.0252423792470958,0.6542056074766355,0.4279849768538736
Iran 2025,GOLD,2421,0,0.2710280373831775,0.073456197047777,0.1308411214953271,0.0171193990741549,0.2990654205607476,0.0894401257751768,0.0747663551401869,0.0055900078609485,0.1214953271028037,0.0147611145078172,0.1121495327102803,0.0125775176871342,0.308411214953271,0.0951174775089527,0.0560747663551401,0.0031443794217835,0.6915887850467289,0.4782950476024106
Iran 2025,GOLD,2422,0,0.2242990654205607,0.0503100707485369,0.1682242990654205,0.028299414796052,0.4672897196261682,0.2183596820683029,0.0093457943925233,8.734387282732115e-05,0.0654205607476635,0.0042798497685387,0.1214953271028037,0.0147611145078172,0.2523364485981308,0.0636736832911171,0.1401869158878504,0.0196523713861472,0.514018691588785,0.2642152153026464
Iran 2025,GOLD,2423,0,0.2429906542056074,0.0590444580312691,0.1962616822429906,0.0385186479168486,0.4766355140186916,0.2271814132238623,0.0186915887850467,0.0003493754913092,0.1308411214953271,0.0171193990741549,0.0747663551401869,0.0055900078609485,0.1121495327102803,0.0125775176871342,0.0467289719626168,0.002183596820683,0.4579439252336448,0.2097126386583981
Iran 2025,GOLD,2424,0,0.2336448598130841,0.0545899205170757,0.1775700934579439,0.0315311380906629,0.2803738317757009,0.078609485544589,0.0841121495327102,0.007074853699013,0.0467289719626168,0.002183596820683,0.0467289719626168,0.002183596820683,0.0934579439252336,0.0087343872827321,0.0373831775700934,0.0013975019652371,0.4766355140186916,0.2271814132238623
Iran 2025,GOLD,2425,0,0.2616822429906542,0.0684775962966197,0.1588785046728972,0.0252423792470958,0.1869158878504672,0.0349375491309284,0.0560747663551401,0.0031443794217835,0.0186915887850467,0.0003493754913092,0.0841121495327102,0.007074853699013,0.0560747663551401,0.0031443794217835,0.02803738317757,0.0007860948554458,0.4953271028037383,0.2453489387719451
Iran 2025,GOLD,2426,0,0.1869158878504672,0.0349375491309284,0.1401869158878504,0.0196523713861472,0.2336448598130841,0.0545899205170757,0.1308411214953271,0.0171193990741549,0.0560747663551401,0.0031443794217835,0.0654205607476635,0.0042798497685387,0.0186915887850467,0.0003493754913092,0.0093457943925233,8.734387282732115e-05,0.411214953271028,0.1690977377936937
Iran 2025,GOLD,2427,0,0.1495327102803738,0.0223600314437942,0.0934579439252336,0.0087343872827321,0.5981308411214953,0.3577605031007074,0.0934579439252336,0.0087343872827321,0.02803738317757,0.0007860948554458,0.2523364485981308,0.0636736832911171,0.0093457943925233,8.734387282732115e-05,0.0186915887850467,0.0003493754913092,0.3364485981308411,0.1131976591842082
Iran 2025,EURUSD,2408,0,0.2037037037037037,0.0414951989026063,0.6574074074074074,0.432184499314129,0.5092592592592593,0.2593449931412895,0.4907407407407407,0.2408264746227709,0.2592592592592592,0.0672153635116598,0.1296296296296296,0.0168038408779149,0.2592592592592592,0.0672153635116598,0.4351851851851852,0.1893861454046639,0.6574074074074074,0.432184499314129
Iran 2025,EURUSD,2409,0,0.2962962962962963,0.0877914951989026,0.5648148148148148,0.3190157750342935,0.3518518518518518,0.1237997256515775,0.1203703703703703,0.0144890260631001,0.4259259259259259,0.1814128943758573,0.0277777777777777,0.0007716049382716,0.2685185185185185,0.0721021947873799,0.3703703703703703,0.1371742112482853,0.7685185185185185,0.5906207133058985
Iran 2025,EURUSD,2410,0,0.5370370370370371,0.2884087791495199,0.7592592592592593,0.5764746227709191,0.1111111111111111,0.0123456790123456,0.4074074074074074,0.1659807956104252,0.3425925925925926,0.1173696844993141,0.1388888888888889,0.0192901234567901,0.6203703703703703,0.3848593964334705,0.7777777777777778,0.6049382716049383,0.7870370370370371,0.6194272976680385
Iran 2025,EURUSD,2411,0,0.4907407407407407,0.2408264746227709,0.6666666666666666,0.4444444444444444,0.2962962962962963,0.0877914951989026,0.4166666666666667,0.1736111111111111,0.7222222222222222,0.5216049382716049,0.1944444444444444,0.0378086419753086,0.6944444444444444,0.482253086419753,0.7685185185185185,0.5906207133058985,0.8796296296296297,0.7737482853223594
Iran 2025,EURUSD,2412,0,0.5092592592592593,0.2593449931412895,0.3611111111111111,0.1304012345679012,0.5370370370370371,0.2884087791495199,0.6018518518518519,0.3622256515775034,0.4629629629629629,0.2143347050754458,0.0925925925925925,0.0085733882030178,0.75,0.5625,0.6851851851851852,0.4694787379972566,0.9537037037037036,0.909550754458162
Iran 2025,EURUSD,2413,0,0.4537037037037037,0.2058470507544581,0.1574074074074074,0.0247770919067215,0.5925925925925926,0.3511659807956104,0.3703703703703703,0.1371742112482853,0.5185185185185185,0.2688614540466392,0.1111111111111111,0.0123456790123456,0.8981481481481481,0.8066700960219478,0.4722222222222222,0.2229938271604938,0.9722222222222222,0.945216049382716
Iran 2025,EURUSD,2414,0,0.3148148148148148,0.0991083676268861,0.1666666666666666,0.0277777777777777,0.8055555555555556,0.6489197530864198,0.4444444444444444,0.1975308641975308,0.3148148148148148,0.0991083676268861,0.0555555555555555,0.0030864197530864,0.9537037037037036,0.909550754458162,0.3611111111111111,0.1304012345679012,0.9814814814814816,0.9633058984910836
Iran 2025,EURUSD,2415,0,0.4166666666666667,0.1736111111111111,0.0833333333333333,0.0069444444444444,0.7962962962962963,0.6340877914951989,0.2222222222222222,0.0493827160493827,0.1111111111111111,0.0123456790123456,0.1481481481481481,0.0219478737997256,0.9907407407407408,0.9815672153635115,0.3425925925925926,0.1173696844993141,0.9907407407407408,0.9815672153635115
Iran 2025,EURUSD,2416,0,0.2592592592592592,0.0672153635116598,0.4074074074074074,0.1659807956104252,0.3703703703703703,0.1371742112482853,0.4814814814814814,0.2318244170096021,0.2129629629629629,0.0453532235939643,0.2222222222222222,0.0493827160493827,0.4537037037037037,0.2058470507544581,0.4444444444444444,0.1975308641975308,0.7222222222222222,0.5216049382716049
Iran 2025,EURUSD,2417,0,0.2314814814814814,0.0535836762688614,0.324074074074074,0.1050240054869684,0.4907407407407407,0.2408264746227709,0.5185185185185185,0.2688614540466392,0.3703703703703703,0.1371742112482853,0.3055555555555556,0.0933641975308642,0.4259259259259259,0.1814128943758573,0.3055555555555556,0.0933641975308642,0.6851851851851852,0.4694787379972566
Iran 2025,EURUSD,2418,0,0.3703703703703703,0.1371742112482853,0.3703703703703703,0.1371742112482853,0.3425925925925926,0.1173696844993141,0.6759259259259259,0.4568758573388203,0.5,0.25,0.1759259259259259,0.0309499314128943,0.4907407407407407,0.2408264746227709,0.3333333333333333,0.1111111111111111,0.6944444444444444,0.482253086419753
Iran 2025,EURUSD,2419,0,0.5,0.25,0.3981481481481481,0.1585219478737997,0.4074074074074074,0.1659807956104252,0.5740740740740741,0.3295610425240055,0.287037037037037,0.0823902606310013,0.324074074074074,0.1050240054869684,0.5277777777777778,0.2785493827160494,0.4629629629629629,0.2143347050754458,0.7314814814814815,0.535065157750343
Iran 2025,EURUSD,2420,0,0.3333333333333333,0.1111111111111111,0.5092592592592593,0.2593449931412895,0.6018518518518519,0.3622256515775034,0.5648148148148148,0.3190157750342935,0.4351851851851852,0.1893861454046639,0.2962962962962963,0.0877914951989026,0.5370370370370371,0.2884087791495199,0.4814814814814814,0.2318244170096021,0.7407407407407407,0.5486968449931412
Iran 2025,EURUSD,2421,0,0.4259259259259259,0.1814128943758573,0.4444444444444444,0.1975308641975308,0.5277777777777778,0.2785493827160494,0.1851851851851851,0.0342935528120713,0.5462962962962963,0.2984396433470507,0.1666666666666666,0.0277777777777777,0.5462962962962963,0.2984396433470507,0.5277777777777778,0.2785493827160494,0.7592592592592593,0.5764746227709191
Iran 2025,EURUSD,2422,0,0.5185185185185185,0.2688614540466392,0.4166666666666667,0.1736111111111111,0.2222222222222222,0.0493827160493827,0.6481481481481481,0.4200960219478737,0.3796296296296296,0.1441186556927297,0.3981481481481481,0.1585219478737997,0.4074074074074074,0.1659807956104252,0.4259259259259259,0.1814128943758573,0.8055555555555556,0.6489197530864198
Iran 2025,EURUSD,2423,0,0.5555555555555556,0.308641975308642,0.6759259259259259,0.4568758573388203,0.3055555555555556,0.0933641975308642,0.9166666666666666,0.8402777777777777,0.4722222222222222,0.2229938271604938,0.4074074074074074,0.1659807956104252,0.3888888888888889,0.1512345679012345,0.5370370370370371,0.2884087791495199,0.7037037037037037,0.49519890260631
Iran 2025,EURUSD,2424,0,0.6481481481481481,0.4200960219478737,0.5,0.25,0.0462962962962962,0.0021433470507544,0.7037037037037037,0.49519890260631,0.5925925925925926,0.3511659807956104,0.5185185185185185,0.2688614540466392,0.3611111111111111,0.1304012345679012,0.5555555555555556,0.308641975308642,0.6481481481481481,0.4200960219478737
Iran 2025,EURUSD,2425,0,0.5740740740740741,0.3295610425240055,0.3333333333333333,0.1111111111111111,0.7870370370370371,0.6194272976680385,0.7870370370370371,0.6194272976680385,0.3888888888888889,0.1512345679012345,0.5092592592592593,0.2593449931412895,0.3518518518518518,0.1237997256515775,0.5185185185185185,0.2688614540466392,0.6203703703703703,0.3848593964334705
Iran 2025,EURUSD,2426,0,0.4722222222222222,0.2229938271604938,0.3796296296296296,0.1441186556927297,0.3981481481481481,0.1585219478737997,0.4629629629629629,0.2143347050754458,0.7129629629629629,0.5083161865569272,0.5648148148148148,0.3190157750342935,0.3703703703703703,0.1371742112482853,0.8148148148148148,0.6639231824417009,0.5740740740740741,0.3295610425240055
Iran 2025,EURUSD,2427,1,0.3611111111111111,0.4081790123456789,0.1851851851851851,0.6639231824417011,0.7685185185185185,0.0535836762688614,0.1481481481481481,0.7256515775034293,0.2685185185185185,0.5350651577503428,0.287037037037037,0.5083161865569273,0.287037037037037,0.5083161865569273,0.2962962962962963,0.49519890260631,0.7129629629629629,0.0823902606310014
Iran 2025,EURUSD,2428,1,0.0185185185185185,0.9633058984910836,0.5555555555555556,0.1975308641975308,0.6574074074074074,0.1173696844993141,0.037037037037037,0.9272976680384089,0.2222222222222222,0.6049382716049383,0.2129629629629629,0.6194272976680383,0.074074074074074,0.8573388203017833,0.1944444444444444,0.6489197530864198,0.2592592592592592,0.5486968449931412
Iran 2025,EURUSD,2429,1,0.1203703703703703,0.7737482853223594,0.3148148148148148,0.4694787379972564,0.4537037037037037,0.2984396433470507,0.2129629629629629,0.6194272976680383,0.1944444444444444,0.6489197530864198,0.1574074074074074,0.7099622770919066,0.0833333333333333,0.8402777777777777,0.1574074074074074,0.7099622770919066,0.3055555555555556,0.482253086419753
Iran 2025,EURUSD,2430,1,0.2407407407407407,0.5764746227709191,0.2314814814814814,0.5906207133058985,0.1203703703703703,0.7737482853223594,0.2685185185185185,0.5350651577503428,0.3981481481481481,0.3622256515775034,0.4907407407407407,0.2593449931412895,0.1111111111111111,0.7901234567901234,0.2314814814814814,0.5906207133058985,0.3425925925925926,0.432184499314129
Iran 2025,EURUSD,2431,1,0.2129629629629629,0.6194272976680383,0.1759259259259259,0.6790980795610425,0.2777777777777778,0.5216049382716049,0.1944444444444444,0.6489197530864198,0.1018518518518518,0.8066700960219478,0.4259259259259259,0.3295610425240055,0.1574074074074074,0.7099622770919066,0.1018518518518518,0.8066700960219478,0.4259259259259259,0.3295610425240055
Iran 2025,EURUSD,2432,1,0.2777777777777778,0.5216049382716049,0.1203703703703703,0.7737482853223594,0.4722222222222222,0.2785493827160494,0.1388888888888889,0.7415123456790125,0.1203703703703703,0.7737482853223594,0.3888888888888889,0.3734567901234568,0.1851851851851851,0.6639231824417011,0.037037037037037,0.9272976680384089,0.5277777777777778,0.2229938271604938
Iran 2025,EURUSD,2433,1,0.1944444444444444,0.6489197530864198,0.0648148148148148,0.8745713305898491,0.5555555555555556,0.1975308641975308,0.3611111111111111,0.4081790123456789,0.074074074074074,0.8573388203017833,0.4351851851851852,0.3190157750342936,0.1759259259259259,0.6790980795610425,0.1388888888888889,0.7415123456790125,0.5555555555555556,0.1975308641975308
Iran 2025,EURUSD,2434,1,0.1018518518518518,0.8066700960219478,0.0462962962962962,0.909550754458162,0.2314814814814814,0.5906207133058985,0.3333333333333333,0.4444444444444445,0.0555555555555555,0.8919753086419753,0.4537037037037037,0.2984396433470507,0.1944444444444444,0.6489197530864198,0.074074074074074,0.8573388203017833,0.6018518518518519,0.1585219478737997
Iran 2025,EURUSD,2435,1,0.1851851851851851,0.6639231824417011,0.0277777777777777,0.945216049382716,0.2685185185185185,0.5350651577503428,0.0833333333333333,0.8402777777777777,0.037037037037037,0.9272976680384089,0.4166666666666667,0.3402777777777777,0.2037037037037037,0.6340877914951989,0.0555555555555555,0.8919753086419753,0.5925925925925926,0.1659807956104252
Iran 2025,EURUSD,2436,1,0.1759259259259259,0.6790980795610425,0.0185185185185185,0.9633058984910836,0.1296296296296296,0.7575445816186557,0.1296296296296296,0.7575445816186557,0.0092592592592592,0.9815672153635115,0.3148148148148148,0.4694787379972564,0.2129629629629629,0.6194272976680383,0.0462962962962962,0.909550754458162,0.6111111111111112,0.1512345679012345
Iran 2025,EURUSD,2437,1,0.2222222222222222,0.6049382716049383,0.1481481481481481,0.7256515775034293,0.3333333333333333,0.4444444444444445,0.0555555555555555,0.8919753086419753,0.4074074074074074,0.3511659807956104,0.6111111111111112,0.1512345679012345,0.25,0.5625,0.1759259259259259,0.6790980795610425,0.2129629629629629,0.6194272976680383
Iran 2025,EURUSD,2438,1,0.1574074074074074,0.7099622770919066,0.2129629629629629,0.6194272976680383,0.2592592592592592,0.5486968449931412,0.4351851851851852,0.3190157750342936,0.2314814814814814,0.5906207133058985,0.6018518518518519,0.1585219478737997,0.2222222222222222,0.6049382716049383,0.1666666666666666,0.6944444444444445,0.2407407407407407,0.5764746227709191
Iran 2025,EURUSD,2439,1,0.2685185185185185,0.5350651577503428,0.25,0.5625,0.3611111111111111,0.4081790123456789,0.1111111111111111,0.7901234567901234,0.25,0.5625,0.4814814814814814,0.2688614540466393,0.1666666666666666,0.6944444444444445,0.0648148148148148,0.8745713305898491,0.2222222222222222,0.6049382716049383
Iran 2025,EURUSD,2440,1,0.1296296296296296,0.7575445816186557,0.287037037037037,0.5083161865569273,0.4444444444444444,0.308641975308642,0.074074074074074,0.8573388203017833,0.1851851851851851,0.6639231824417011,0.3611111111111111,0.4081790123456789,0.0185185185185185,0.9633058984910836,0.0092592592592592,0.9815672153635115,0.1944444444444444,0.6489197530864198
Iran 2025,EURUSD,2441,1,0.0092592592592592,0.9815672153635115,0.2685185185185185,0.5350651577503428,0.8333333333333334,0.0277777777777777,0.2407407407407407,0.5764746227709191,0.3518518518518518,0.4200960219478737,0.7870370370370371,0.0453532235939643,0.1203703703703703,0.7737482853223594,0.0185185185185185,0.9633058984910836,0.1666666666666666,0.6944444444444445
Iran 2025,EURUSD,2442,1,0.0277777777777777,0.945216049382716,0.2407407407407407,0.5764746227709191,0.7129629629629629,0.0823902606310014,0.3055555555555556,0.482253086419753,0.1759259259259259,0.6790980795610425,0.7962962962962963,0.0414951989026063,0.0462962962962962,0.909550754458162,0.1203703703703703,0.7737482853223594,0.1759259259259259,0.6790980795610425
Iran 2025,EURUSD,2443,1,0.037037037037037,0.9272976680384089,0.1944444444444444,0.6489197530864198,0.4814814814814814,0.2688614540466393,0.0185185185185185,0.9633058984910836,0.1666666666666666,0.6944444444444445,0.6666666666666666,0.1111111111111111,0.0277777777777777,0.945216049382716,0.1481481481481481,0.7256515775034293,0.1851851851851851,0.6639231824417011
Iran 2025,EURUSD,2444,1,0.0648148148148148,0.8745713305898491,0.1388888888888889,0.7415123456790125,0.074074074074074,0.8573388203017833,0.0648148148148148,0.8745713305898491,0.1296296296296296,0.7575445816186557,0.6574074074074074,0.1173696844993141,0.0555555555555555,0.8919753086419753,0.1111111111111111,0.7901234567901234,0.2037037037037037,0.6340877914951989
Iran 2025,EURUSD,2445,1,0.0925925925925925,0.8233882030178327,0.1018518518518518,0.8066700960219478,0.0648148148148148,0.8745713305898491,0.0092592592592592,0.9815672153635115,0.0462962962962962,0.909550754458162,0.5555555555555556,0.1975308641975308,0.037037037037037,0.9272976680384089,0.0925925925925925,0.8233882030178327,0.2685185185185185,0.5350651577503428
Iran 2025,EURUSD,2446,1,0.1111111111111111,0.7901234567901234,0.0925925925925925,0.8233882030178327,0.0555555555555555,0.8919753086419753,0.0462962962962962,0.909550754458162,0.0925925925925925,0.8233882030178327,0.6203703703703703,0.1441186556927297,0.1018518518518518,0.8066700960219478,0.0833333333333333,0.8402777777777777,0.324074074074074,0.4568758573388203
Iran 2025,EURUSD,2447,1,0.0555555555555555,0.8919753086419753,0.0555555555555555,0.8919753086419753,0.037037037037037,0.9272976680384089,0.1759259259259259,0.6790980795610425,0.0277777777777777,0.945216049382716,0.6481481481481481,0.1237997256515775,0.1296296296296296,0.7575445816186557,0.1296296296296296,0.7575445816186557,0.3611111111111111,0.4081790123456789
Iran 2025,EURUSD,2448,1,0.074074074074074,0.8573388203017833,0.0092592592592592,0.9815672153635115,0.0833333333333333,0.8402777777777777,0.25,0.5625,0.0185185185185185,0.9633058984910836,0.5462962962962963,0.2058470507544581,0.1388888888888889,0.7415123456790125,0.0277777777777777,0.945216049382716,0.4444444444444444,0.308641975308642
Iran 2025,EURUSD,2449,1,0.0462962962962962,0.909550754458162,0.074074074074074,0.8573388203017833,0.1666666666666666,0.6944444444444445,0.287037037037037,0.5083161865569273,0.1481481481481481,0.7256515775034293,0.9351851851851852,0.0042009602194787,0.2777777777777778,0.5216049382716049,0.2129629629629629,0.6194272976680383,0.2314814814814814,0.5906207133058985
Iran 2025,EURUSD,2450,1,0.1666666666666666,0.6944444444444445,0.037037037037037,0.9272976680384089,0.0925925925925925,0.8233882030178327,0.3425925925925926,0.432184499314129,0.1388888888888889,0.7415123456790125,0.9074074074074074,0.0085733882030178,0.2314814814814814,0.5906207133058985,0.1851851851851851,0.6639231824417011,0.287037037037037,0.5083161865569273
Iran 2025,EURUSD,2451,1,0.1481481481481481,0.7256515775034293,0.2037037037037037,0.6340877914951989,0.1388888888888889,0.7415123456790125,0.2314814814814814,0.5906207133058985,0.5648148148148148,0.1893861454046639,0.8981481481481481,0.0103737997256515,0.3333333333333333,0.4444444444444445,0.4074074074074074,0.3511659807956104,0.25,0.5625
Iran 2025,EURUSD,2452,1,0.0833333333333333,0.8402777777777777,0.2777777777777778,0.5216049382716049,0.2037037037037037,0.6340877914951989,0.1018518518518518,0.8066700960219478,0.5092592592592593,0.2408264746227708,0.8703703703703703,0.0168038408779149,0.3425925925925926,0.432184499314129,0.4537037037037037,0.2984396433470507,0.2962962962962963,0.49519890260631
Iran 2025,EURUSD,2453,1,0.1388888888888889,0.7415123456790125,0.4629629629629629,0.2884087791495198,0.6481481481481481,0.1237997256515775,0.0277777777777777,0.945216049382716,0.6388888888888888,0.1304012345679012,0.8518518518518519,0.0219478737997256,0.4722222222222222,0.2785493827160494,0.6759259259259259,0.1050240054869684,0.2777777777777778,0.5216049382716049
Iran 2025,EURUSD,2454,1,0.25,0.5625,0.4814814814814814,0.2688614540466393,0.4629629629629629,0.2884087791495198,0.1574074074074074,0.7099622770919066,0.4537037037037037,0.2984396433470507,0.8148148148148148,0.0342935528120713,0.4444444444444444,0.308641975308642,0.6666666666666666,0.1111111111111111,0.3333333333333333,0.4444444444444445
Iran 2025,EURUSD,2455,1,0.287037037037037,0.5083161865569273,0.5462962962962963,0.2058470507544581,0.8611111111111112,0.0192901234567901,0.0925925925925925,0.8233882030178327,0.3333333333333333,0.4444444444444445,0.6388888888888888,0.1304012345679012,0.4351851851851852,0.3190157750342936,0.5925925925925926,0.1659807956104252,0.4074074074074074,0.3511659807956104
Iran 2025,EURUSD,2456,1,0.3888888888888889,0.3734567901234568,0.6111111111111112,0.1512345679012345,0.9629629629629628,0.0013717421124828,0.2962962962962963,0.49519890260631,0.3055555555555556,0.482253086419753,0.5925925925925926,0.1659807956104252,0.4814814814814814,0.2688614540466393,0.5648148148148148,0.1893861454046639,0.4537037037037037,0.2984396433470507
Iran 2025,EURUSD,2457,1,0.324074074074074,0.4568758573388203,0.7314814814814815,0.0721021947873799,0.9166666666666666,0.0069444444444444,0.2037037037037037,0.6340877914951989,0.6759259259259259,0.1050240054869684,0.6759259259259259,0.1050240054869684,0.5185185185185185,0.2318244170096022,0.6018518518518519,0.1585219478737997,0.4629629629629629,0.2884087791495198
Iran 2025,EURUSD,2458,1,0.4629629629629629,0.2884087791495198,0.8148148148148148,0.0342935528120713,0.8703703703703703,0.0168038408779149,0.3148148148148148,0.4694787379972564,0.5833333333333334,0.173611111111111,0.7592592592592593,0.0579561042524005,0.7222222222222222,0.0771604938271605,0.8611111111111112,0.0192901234567901,0.3518518518518518,0.4200960219478737
Iran 2025,EURUSD,2459,1,0.5277777777777778,0.2229938271604938,0.8240740740740741,0.0309499314128943,0.7777777777777778,0.0493827160493827,0.1666666666666666,0.6944444444444445,0.6481481481481481,0.1237997256515775,0.7314814814814815,0.0721021947873799,0.6759259259259259,0.1050240054869684,0.9537037037037036,0.0021433470507544,0.3888888888888889,0.3734567901234568
Iran 2025,EURUSD,2460,1,0.7870370370370371,0.0453532235939643,0.9166666666666666,0.0069444444444444,0.0277777777777777,0.945216049382716,0.5555555555555556,0.1975308641975308,0.7962962962962963,0.0414951989026063,0.7685185185185185,0.0535836762688614,0.8518518518518519,0.0219478737997256,0.9629629629629628,0.0013717421124828,0.3703703703703703,0.3964334705075446
Iran 2025,EURUSD,2461,1,0.9722222222222222,0.0007716049382716,0.9814814814814816,0.0003429355281207,0.25,0.5625,0.7777777777777778,0.0493827160493827,0.7777777777777778,0.0493827160493827,0.7222222222222222,0.0771604938271605,0.9166666666666666,0.0069444444444444,0.9814814814814816,0.0003429355281207,0.3796296296296296,0.3848593964334705
Iran 2025,EURUSD,2462,1,0.8333333333333334,0.0277777777777777,0.8703703703703703,0.0168038408779149,0.7407407407407407,0.0672153635116598,0.7962962962962963,0.0414951989026063,0.8055555555555556,0.0378086419753086,0.8055555555555556,0.0378086419753086,0.7685185185185185,0.0535836762688614,0.9444444444444444,0.0030864197530864,0.4166666666666667,0.3402777777777777
Iran 2025,EURUSD,2463,1,0.8611111111111112,0.0192901234567901,0.8518518518518519,0.0219478737997256,0.6944444444444444,0.0933641975308642,0.4722222222222222,0.2785493827160494,0.8333333333333334,0.0277777777777777,0.7407407407407407,0.0672153635116598,0.8240740740740741,0.0309499314128943,0.9351851851851852,0.0042009602194787,0.3981481481481481,0.3622256515775034
Iran 2025,EURUSD,2464,1,0.9074074074074074,0.0085733882030178,0.7685185185185185,0.0535836762688614,0.0185185185185185,0.9633058984910836,0.4259259259259259,0.3295610425240055,0.8148148148148148,0.0342935528120713,0.7777777777777778,0.0493827160493827,0.8055555555555556,0.0378086419753086,0.8796296296296297,0.0144890260631001,0.4351851851851852,0.3190157750342936
Iran 2025,EURUSD,2465,1,0.7962962962962963,0.0414951989026063,0.7407407407407407,0.0672153635116598,0.1574074074074074,0.7099622770919066,0.6944444444444444,0.0933641975308642,0.8240740740740741,0.0309499314128943,0.7129629629629629,0.0823902606310014,0.7962962962962963,0.0414951989026063,0.8055555555555556,0.0378086419753086,0.4722222222222222,0.2785493827160494
Iran 2025,EURUSD,2466,1,0.6759259259259259,0.1050240054869684,0.6851851851851852,0.0991083676268861,0.2129629629629629,0.6194272976680383,0.2777777777777778,0.5216049382716049,0.6666666666666666,0.1111111111111111,0.75,0.0625,0.7407407407407407,0.0672153635116598,0.6388888888888888,0.1304012345679012,0.4814814814814814,0.2688614540466393
Iran 2025,EURUSD,2467,1,0.8981481481481481,0.0103737997256515,0.6018518518518519,0.1585219478737997,0.1018518518518518,0.8066700960219478,0.6574074074074074,0.1173696844993141,0.7314814814814815,0.0721021947873799,0.7037037037037037,0.0877914951989026,0.7129629629629629,0.0823902606310014,0.6111111111111112,0.1512345679012345,0.5,0.25
Iran 2025,EURUSD,2468,0,0.6388888888888888,0.4081790123456789,0.5925925925925926,0.3511659807956104,0.3796296296296296,0.1441186556927297,0.6851851851851852,0.4694787379972566,0.6203703703703703,0.3848593964334705,0.5740740740740741,0.3295610425240055,0.6574074074074074,0.432184499314129,0.5462962962962963,0.2984396433470507,0.4907407407407407,0.2408264746227709
Iran 2025,EURUSD,2469,0,0.7037037037037037,0.49519890260631,0.5833333333333334,0.3402777777777778,0.324074074074074,0.1050240054869684,0.5277777777777778,0.2785493827160494,0.7685185185185185,0.5906207133058985,0.5833333333333334,0.3402777777777778,0.6666666666666666,0.4444444444444444,0.5,0.25,0.5092592592592593,0.2593449931412895
Iran 2025,EURUSD,2470,0,0.7777777777777778,0.6049382716049383,0.4722222222222222,0.2229938271604938,0.0092592592592592,8.573388203017832e-05,0.3518518518518518,0.1237997256515775,0.2777777777777778,0.0771604938271605,0.4629629629629629,0.2143347050754458,0.6388888888888888,0.4081790123456789,0.3981481481481481,0.1585219478737997,0.5370370370370371,0.2884087791495199
Iran 2025,EURUSD,2471,0,0.6203703703703703,0.3848593964334705,0.4351851851851852,0.1893861454046639,0.1759259259259259,0.0309499314128943,0.6296296296296297,0.3964334705075446,0.4444444444444444,0.1975308641975308,0.5,0.25,0.6111111111111112,0.3734567901234568,0.4907407407407407,0.2408264746227709,0.5833333333333334,0.3402777777777778
Iran 2025,EURUSD,2472,0,0.7222222222222222,0.5216049382716049,0.5185185185185185,0.2688614540466392,0.2407407407407407,0.0579561042524005,0.324074074074074,0.1050240054869684,0.5555555555555556,0.308641975308642,0.2777777777777778,0.0771604938271605,0.5648148148148148,0.3190157750342935,0.6574074074074074,0.432184499314129,0.6296296296296297,0.3964334705075446
Iran 2025,EURUSD,2473,0,0.8518518518518519,0.7256515775034293,0.5740740740740741,0.3295610425240055,0.3148148148148148,0.0991083676268861,0.5,0.25,0.2962962962962963,0.0877914951989026,0.1851851851851851,0.0342935528120713,0.5925925925925926,0.3511659807956104,0.5740740740740741,0.3295610425240055,0.6759259259259259,0.4568758573388203
Iran 2025,EURUSD,2474,0,0.9629629629629628,0.9272976680384086,0.7777777777777778,0.6049382716049383,0.9444444444444444,0.8919753086419753,0.6666666666666666,0.4444444444444444,0.7870370370370371,0.6194272976680385,0.3703703703703703,0.1371742112482853,0.8148148148148148,0.6639231824417009,0.8703703703703703,0.7575445816186557,0.5462962962962963,0.2984396433470507
Iran 2025,EURUSD,2475,0,0.8796296296296297,0.7737482853223594,0.75,0.5625,0.5833333333333334,0.3402777777777778,0.925925925925926,0.8573388203017833,0.6574074074074074,0.432184499314129,0.3425925925925926,0.1173696844993141,0.7592592592592593,0.5764746227709191,0.8518518518518519,0.7256515775034293,0.6388888888888888,0.4081790123456789
Iran 2025,EURUSD,2476,0,0.8888888888888888,0.7901234567901234,0.6481481481481481,0.4200960219478737,0.6111111111111112,0.3734567901234568,0.3981481481481481,0.1585219478737997,0.6111111111111112,0.3734567901234568,0.3333333333333333,0.1111111111111111,0.7777777777777778,0.6049382716049383,0.8888888888888888,0.7901234567901234,0.6666666666666666,0.4444444444444444
Iran 2025,EURUSD,2477,0,0.9166666666666666,0.8402777777777777,0.6203703703703703,0.3848593964334705,0.8518518518518519,0.7256515775034293,0.9907407407407408,0.9815672153635115,0.6851851851851852,0.4694787379972566,0.2685185185185185,0.0721021947873799,0.8425925925925926,0.7099622770919066,0.8333333333333334,0.6944444444444445,0.75,0.5625
Iran 2025,EURUSD,2478,0,0.925925925925926,0.8573388203017833,0.5277777777777778,0.2785493827160494,0.8148148148148148,0.6639231824417009,0.9444444444444444,0.8919753086419753,0.7037037037037037,0.49519890260631,0.2407407407407407,0.0579561042524005,0.8888888888888888,0.7901234567901234,0.8425925925925926,0.7099622770919066,0.8240740740740741,0.6790980795610425
Iran 2025,EURUSD,2479,0,0.6666666666666666,0.4444444444444444,0.5370370370370371,0.2884087791495199,0.4259259259259259,0.1814128943758573,0.75,0.5625,0.6018518518518519,0.3622256515775034,0.3796296296296296,0.1441186556927297,0.8796296296296297,0.7737482853223594,0.8240740740740741,0.6790980795610425,0.8518518518518519,0.7256515775034293
Iran 2025,EURUSD,2480,0,0.5833333333333334,0.3402777777777778,0.6296296296296297,0.3964334705075446,0.4166666666666667,0.1736111111111111,0.8240740740740741,0.6790980795610425,0.4166666666666667,0.1736111111111111,0.3518518518518518,0.1237997256515775,0.9351851851851852,0.8745713305898491,0.7129629629629629,0.5083161865569272,0.8981481481481481,0.8066700960219478
Iran 2025,EURUSD,2481,0,0.75,0.5625,0.7222222222222222,0.5216049382716049,0.1944444444444444,0.0378086419753086,0.8148148148148148,0.6639231824417009,0.7407407407407407,0.5486968449931412,0.5277777777777778,0.2785493827160494,0.9722222222222222,0.945216049382716,0.6203703703703703,0.3848593964334705,0.9166666666666666,0.8402777777777777
Iran 2025,EURUSD,2482,0,0.8055555555555556,0.6489197530864198,0.6388888888888888,0.4081790123456789,0.5,0.25,0.7314814814814815,0.535065157750343,0.7592592592592593,0.5764746227709191,0.4722222222222222,0.2229938271604938,0.9814814814814816,0.9633058984910836,0.7870370370370371,0.6194272976680385,0.9074074074074074,0.8233882030178327
Iran 2025,EURUSD,2483,0,0.8703703703703703,0.7575445816186557,0.7129629629629629,0.5083161865569272,0.4351851851851852,0.1893861454046639,0.9074074074074074,0.8233882030178327,0.6296296296296297,0.3964334705075446,0.4444444444444444,0.1975308641975308,0.9444444444444444,0.8919753086419753,0.7314814814814815,0.535065157750343,0.8888888888888888,0.7901234567901234
Iran 2025,EURUSD,2484,0,0.9537037037037036,0.909550754458162,0.6944444444444444,0.482253086419753,0.6296296296296297,0.3964334705075446,0.9814814814814816,0.9633058984910836,0.5370370370370371,0.2884087791495199,0.2037037037037037,0.0414951989026063,0.9074074074074074,0.8233882030178327,0.6944444444444444,0.482253086419753,0.8703703703703703,0.7575445816186557
Iran 2025,EURUSD,2485,0,0.9351851851851852,0.8745713305898491,0.4537037037037037,0.2058470507544581,0.7592592592592593,0.5764746227709191,0.5925925925925926,0.3511659807956104,0.5277777777777778,0.2785493827160494,0.25,0.0625,0.7870370370370371,0.6194272976680385,0.7037037037037037,0.49519890260631,0.8148148148148148,0.6639231824417009
Iran 2025,EURUSD,2486,0,0.7314814814814815,0.535065157750343,0.4259259259259259,0.1814128943758573,0.5462962962962963,0.2984396433470507,0.2592592592592592,0.0672153635116598,0.4814814814814814,0.2318244170096021,0.2592592592592592,0.0672153635116598,0.8333333333333334,0.6944444444444445,0.7222222222222222,0.5216049382716049,0.7962962962962963,0.6340877914951989
Iran 2025,EURUSD,2487,0,0.7592592592592593,0.5764746227709191,0.4907407407407407,0.2408264746227709,0.1851851851851851,0.0342935528120713,0.5092592592592593,0.2593449931412895,0.6944444444444444,0.482253086419753,0.037037037037037,0.0013717421124828,0.8611111111111112,0.7415123456790125,0.6481481481481481,0.4200960219478737,0.8333333333333334,0.6944444444444445
Iran 2025,EURUSD,2488,0,0.8240740740740741,0.6790980795610425,0.3518518518518518,0.1237997256515775,0.7222222222222222,0.5216049382716049,0.7222222222222222,0.5216049382716049,0.4907407407407407,0.2408264746227709,0.074074074074074,0.0054869684499314,0.925925925925926,0.8573388203017833,0.4166666666666667,0.1736111111111111,0.9351851851851852,0.8745713305898491
Iran 2025,EURUSD,2489,0,0.9907407407407408,0.9815672153635115,0.3425925925925926,0.1173696844993141,0.1481481481481481,0.0219478737997256,0.8611111111111112,0.7415123456790125,0.75,0.5625,0.1018518518518518,0.0103737997256515,0.6018518518518519,0.3622256515775034,0.5092592592592593,0.2593449931412895,0.7777777777777778,0.6049382716049383
Iran 2025,EURUSD,2490,0,0.6018518518518519,0.3622256515775034,0.2962962962962963,0.0877914951989026,0.5648148148148148,0.3190157750342935,0.6203703703703703,0.3848593964334705,0.2037037037037037,0.0414951989026063,0.0648148148148148,0.0042009602194787,0.6481481481481481,0.4200960219478737,0.324074074074074,0.1050240054869684,0.9444444444444444,0.8919753086419753
Iran 2025,EURUSD,2491,0,0.4444444444444444,0.1975308641975308,0.1111111111111111,0.0123456790123456,0.6388888888888888,0.4081790123456789,0.5370370370370371,0.2884087791495199,0.2407407407407407,0.0579561042524005,0.0833333333333333,0.0069444444444444,0.5833333333333334,0.3402777777777778,0.2222222222222222,0.0493827160493827,0.9629629629629628,0.9272976680384086
Iran 2025,EURUSD,2492,0,0.5462962962962963,0.2984396433470507,0.1296296296296296,0.0168038408779149,0.7314814814814815,0.535065157750343,0.3796296296296296,0.1441186556927297,0.0833333333333333,0.0069444444444444,0.2314814814814814,0.0535836762688614,0.5,0.25,0.2407407407407407,0.0579561042524005,0.925925925925926,0.8573388203017833
Iran 2025,EURUSD,2493,0,0.3055555555555556,0.0933641975308642,0.2222222222222222,0.0493827160493827,0.5740740740740741,0.3295610425240055,0.7129629629629629,0.5083161865569272,0.0648148148148148,0.0042009602194787,0.0462962962962962,0.0021433470507544,0.324074074074074,0.1050240054869684,0.2037037037037037,0.0414951989026063,0.8425925925925926,0.7099622770919066
Iran 2025,EURUSD,2494,0,0.3981481481481481,0.1585219478737997,0.2592592592592592,0.0672153635116598,0.5185185185185185,0.2688614540466392,0.3888888888888889,0.1512345679012345,0.1574074074074074,0.0247770919067215,0.0185185185185185,0.0003429355281207,0.2962962962962963,0.0877914951989026,0.25,0.0625,0.8611111111111112,0.7415123456790125
Iran 2025,EURUSD,2495,0,0.9814814814814816,0.9633058984910836,0.7037037037037037,0.49519890260631,0.6851851851851852,0.4694787379972566,0.9629629629629628,0.9272976680384086,0.5740740740740741,0.3295610425240055,0.5370370370370371,0.2884087791495199,0.4629629629629629,0.2143347050754458,0.5833333333333334,0.3402777777777778,0.3148148148148148,0.0991083676268861
Iran 2025,EURUSD,2496,0,0.6296296296296297,0.3964334705075446,0.9537037037037036,0.909550754458162,0.9907407407407408,0.9815672153635115,0.8796296296296297,0.7737482853223594,0.8981481481481481,0.8066700960219478,0.8796296296296297,0.7737482853223594,0.0648148148148148,0.0042009602194787,0.287037037037037,0.0823902606310013,0.0092592592592592,8.573388203017832e-05
Iran 2025,EURUSD,2497,0,0.4814814814814814,0.2318244170096021,0.8888888888888888,0.7901234567901234,0.9814814814814816,0.9633058984910836,0.6388888888888888,0.4081790123456789,0.8425925925925926,0.7099622770919066,0.6296296296296297,0.3964334705075446,0.0092592592592592,8.573388203017832e-05,0.2777777777777778,0.0771604938271605,0.037037037037037,0.0013717421124828
Iran 2025,EURUSD,2498,0,0.3518518518518518,0.1237997256515775,0.7870370370370371,0.6194272976680385,0.9722222222222222,0.945216049382716,0.8333333333333334,0.6944444444444445,0.9907407407407408,0.9815672153635115,0.9814814814814816,0.9633058984910836,0.6296296296296297,0.3964334705075446,0.3148148148148148,0.0991083676268861,0.0185185185185185,0.0003429355281207
Iran 2025,EURUSD,2499,0,0.5648148148148148,0.3190157750342935,0.8425925925925926,0.7099622770919066,0.925925925925926,0.8573388203017833,0.8055555555555556,0.6489197530864198,0.9814814814814816,0.9633058984910836,0.9907407407407408,0.9815672153635115,0.5555555555555556,0.308641975308642,0.6296296296296297,0.3964334705075446,0.0277777777777777,0.0007716049382716
Iran 2025,EURUSD,2500,0,0.6851851851851852,0.4694787379972566,0.8055555555555556,0.6489197530864198,0.8240740740740741,0.6790980795610425,0.9351851851851852,0.8745713305898491,0.9074074074074074,0.8233882030178327,0.9629629629629628,0.9272976680384086,0.5092592592592593,0.2593449931412895,0.3796296296296296,0.1441186556927297,0.0462962962962962,0.0021433470507544
Iran 2025,EURUSD,2501,0,0.7407407407407407,0.5486968449931412,0.7962962962962963,0.6340877914951989,0.8981481481481481,0.8066700960219478,0.9722222222222222,0.945216049382716,0.8518518518518519,0.7256515775034293,0.9722222222222222,0.945216049382716,0.3981481481481481,0.1585219478737997,0.2685185185185185,0.0721021947873799,0.0555555555555555,0.0030864197530864
Iran 2025,EURUSD,2502,0,0.6574074074074074,0.432184499314129,0.8333333333333334,0.6944444444444445,0.8796296296296297,0.7737482853223594,0.8703703703703703,0.7575445816186557,0.8796296296296297,0.7737482853223594,0.9537037037037036,0.909550754458162,0.3055555555555556,0.0933641975308642,0.2592592592592592,0.0672153635116598,0.0833333333333333,0.0069444444444444
Iran 2025,EURUSD,2503,0,0.7685185185185185,0.5906207133058985,0.8611111111111112,0.7415123456790125,0.9351851851851852,0.8745713305898491,0.5462962962962963,0.2984396433470507,0.9444444444444444,0.8919753086419753,0.9444444444444444,0.8919753086419753,0.6851851851851852,0.4694787379972566,0.7962962962962963,0.6340877914951989,0.074074074074074,0.0054869684499314
Iran 2025,EURUSD,2504,0,0.5925925925925926,0.3511659807956104,0.8796296296296297,0.7737482853223594,0.9537037037037036,0.909550754458162,0.8518518518518519,0.7256515775034293,0.9351851851851852,0.8745713305898491,0.925925925925926,0.8573388203017833,0.8703703703703703,0.7575445816186557,0.925925925925926,0.8573388203017833,0.0925925925925925,0.0085733882030178
Iran 2025,EURUSD,2505,0,0.4351851851851852,0.1893861454046639,0.8981481481481481,0.8066700960219478,0.9074074074074074,0.8233882030178327,0.8425925925925926,0.7099622770919066,0.9629629629629628,0.9272976680384086,0.9166666666666666,0.8402777777777777,0.7314814814814815,0.535065157750343,0.9166666666666666,0.8402777777777777,0.1018518518518518,0.0103737997256515
Iran 2025,EURUSD,2506,0,0.4074074074074074,0.1659807956104252,0.9074074074074074,0.8233882030178327,0.6203703703703703,0.3848593964334705,0.9537037037037036,0.909550754458162,0.9537037037037036,0.909550754458162,0.8888888888888888,0.7901234567901234,0.7037037037037037,0.49519890260631,0.7592592592592593,0.5764746227709191,0.1111111111111111,0.0123456790123456
Iran 2025,EURUSD,2507,0,0.7129629629629629,0.5083161865569272,0.9351851851851852,0.8745713305898491,0.3888888888888889,0.1512345679012345,0.7685185185185185,0.5906207133058985,0.925925925925926,0.8573388203017833,0.8425925925925926,0.7099622770919066,0.5740740740740741,0.3295610425240055,0.75,0.5625,0.1203703703703703,0.0144890260631001
Iran 2025,EURUSD,2508,0,0.9444444444444444,0.8919753086419753,0.9444444444444444,0.8919753086419753,0.75,0.5625,0.7407407407407407,0.5486968449931412,0.8703703703703703,0.7575445816186557,0.8240740740740741,0.6790980795610425,0.4166666666666667,0.1736111111111111,0.9074074074074074,0.8233882030178327,0.1481481481481481,0.0219478737997256
Iran 2025,EURUSD,2509,0,0.8425925925925926,0.7099622770919066,0.925925925925926,0.8573388203017833,0.8425925925925926,0.7099622770919066,0.8888888888888888,0.7901234567901234,0.8611111111111112,0.7415123456790125,0.6851851851851852,0.4694787379972566,0.3148148148148148,0.0991083676268861,0.7407407407407407,0.5486968449931412,0.1574074074074074,0.0247770919067215
Iran 2025,EURUSD,2510,0,0.6111111111111112,0.3734567901234568,0.9629629629629628,0.9272976680384086,0.8888888888888888,0.7901234567901234,0.8981481481481481,0.8066700960219478,0.8888888888888888,0.7901234567901234,0.6944444444444444,0.482253086419753,0.2407407407407407,0.0579561042524005,0.8981481481481481,0.8066700960219478,0.1388888888888889,0.0192901234567901
Iran 2025,EURUSD,2511,0,0.6944444444444444,0.482253086419753,0.9722222222222222,0.945216049382716,0.287037037037037,0.0823902606310013,0.5833333333333334,0.3402777777777778,0.9166666666666666,0.8402777777777777,0.8333333333333334,0.6944444444444445,0.3796296296296296,0.1441186556927297,0.9722222222222222,0.945216049382716,0.1296296296296296,0.0168038408779149
Iran 2025,EURUSD,2512,0,0.8148148148148148,0.6639231824417009,0.9907407407407408,0.9815672153635115,0.6759259259259259,0.4568758573388203,0.7592592592592593,0.5764746227709191,0.9722222222222222,0.945216049382716,0.8611111111111112,0.7415123456790125,0.9629629629629628,0.9272976680384086,0.9907407407407408,0.9815672153635115,0.0648148148148148,0.0042009602194787
Iran 2025,EURUSD,2513,0,0.3425925925925926,0.1173696844993141,0.3055555555555556,0.0933641975308642,0.7037037037037037,0.49519890260631,0.6111111111111112,0.3734567901234568,0.324074074074074,0.1050240054869684,0.0092592592592592,8.573388203017832e-05,0.0925925925925925,0.0085733882030178,0.3518518518518518,0.1237997256515775,0.5648148148148148,0.3190157750342935
Iran 2025,EURUSD,2514,0,0.3796296296296296,0.1441186556927297,0.3888888888888889,0.1512345679012345,0.6666666666666666,0.4444444444444444,0.4537037037037037,0.2058470507544581,0.3611111111111111,0.1304012345679012,0.1203703703703703,0.0144890260631001,0.1481481481481481,0.0219478737997256,0.3888888888888889,0.1512345679012345,0.5185185185185185,0.2688614540466392
COVID-19,USOIL,983,0,0.7619047619047619,0.5804988662131518,0.5306122448979592,0.2815493544356518,0.3401360544217687,0.1156925355176084,0.4489795918367347,0.2015826738858809,0.3265306122448979,0.1066222407330278,0.4013605442176871,0.1610902864547179,0.5850340136054422,0.3422647970752926,0.4761904761904761,0.2267573696145124,0.8707482993197279,0.7582026007681983
COVID-19,USOIL,984,0,0.7551020408163265,0.5701790920449812,0.54421768707483,0.2961728909250776,0.3333333333333333,0.1111111111111111,0.5102040816326531,0.2603082049146189,0.4625850340136054,0.2139849136933685,0.4829931972789115,0.2332824286177055,0.4625850340136054,0.2139849136933685,0.6190476190476191,0.3832199546485261,0.8775510204081632,0.7700957934194085
COVID-19,USOIL,985,0,0.9455782312925172,0.8941181914942848,0.8707482993197279,0.7582026007681983,0.6870748299319728,0.4720718219260493,0.7074829931972789,0.500532185663381,0.7619047619047619,0.5804988662131518,0.9387755102040816,0.8812994585589339,0.9319727891156464,0.8685732796519969,0.8775510204081632,0.7700957934194085,0.3197278911564626,0.1022259243833588
COVID-19,USOIL,986,0,0.8095238095238095,0.655328798185941,0.7551020408163265,0.5701790920449812,0.1020408163265306,0.0104123281965847,0.5578231292517006,0.3111666435281595,0.6054421768707483,0.3665602295339905,0.6190476190476191,0.3832199546485261,0.5034013605442177,0.2534129297977694,0.7074829931972789,0.500532185663381,0.7210884353741497,0.5199685316303393
COVID-19,USOIL,987,0,0.7891156462585034,0.6227035031699755,0.5578231292517006,0.3111666435281595,0.2244897959183673,0.0503956684714702,0.2653061224489796,0.0703873386089129,0.5034013605442177,0.2534129297977694,0.6054421768707483,0.3665602295339905,0.5306122448979592,0.2815493544356518,0.6326530612244898,0.400249895876718,0.9455782312925172,0.8941181914942848
COVID-19,USOIL,988,0,0.7278911564625851,0.5298255356564395,0.5374149659863946,0.2888148456661576,0.2857142857142857,0.0816326530612244,0.5782312925170068,0.3343514276458882,0.4489795918367347,0.2015826738858809,0.673469387755102,0.453561016243232,0.6054421768707483,0.3665602295339905,0.7142857142857143,0.5102040816326531,0.9863945578231292,0.9729742237030866
COVID-19,USOIL,989,0,0.673469387755102,0.453561016243232,0.5510204081632653,0.3036234902124114,0.2925170068027211,0.0855661992688231,0.4557823129251701,0.2077375167754176,0.4081632653061224,0.1665972511453561,0.564625850340136,0.3188023508723216,0.4489795918367347,0.2015826738858809,0.5918367346938775,0.3502707205331112,0.9523809523809524,0.9070294784580498
COVID-19,USOIL,990,0,0.7414965986394558,0.5498172057938823,0.5034013605442177,0.2534129297977694,0.2176870748299319,0.0473876625480123,0.54421768707483,0.2961728909250776,0.3197278911564626,0.1022259243833588,0.5374149659863946,0.2888148456661576,0.4013605442176871,0.1610902864547179,0.5238095238095238,0.2743764172335601,0.891156462585034,0.7941598408070711
COVID-19,USOIL,991,0,0.6394557823129252,0.4089036975334352,0.4081632653061224,0.1665972511453561,0.2993197278911564,0.0895922995048359,0.7687074829931972,0.5909111944097366,0.3877551020408163,0.1503540191586838,0.5238095238095238,0.2743764172335601,0.3605442176870748,0.1299921329075848,0.5714285714285714,0.3265306122448979,0.8503401360544217,0.7230783469850525
COVID-19,USOIL,992,0,0.4149659863945578,0.1721967698644083,0.2448979591836734,0.0599750104123281,0.1292517006802721,0.0167060021287426,0.5170068027210885,0.2672960340598825,0.1428571428571428,0.0204081632653061,0.3877551020408163,0.1503540191586838,0.1972789115646258,0.0389189689481234,0.4353741496598639,0.1895506501920495,0.8095238095238095,0.655328798185941
COVID-19,USOIL,993,0,0.4557823129251701,0.2077375167754176,0.0816326530612244,0.0066638900458142,0.0408163265306122,0.0016659725114535,0.6190476190476191,0.3832199546485261,0.1700680272108843,0.0289231338794021,0.3537414965986394,0.1251330464158452,0.1428571428571428,0.0204081632653061,0.3741496598639456,0.1399879679763062,0.7755102040816326,0.6014160766347355
COVID-19,USOIL,994,0,0.5850340136054422,0.3422647970752926,0.0340136054421768,0.001156925355176,0.3605442176870748,0.1299921329075848,0.4625850340136054,0.2139849136933685,0.0816326530612244,0.0066638900458142,0.1632653061224489,0.0266555601832569,0.0952380952380952,0.0090702947845804,0.3537414965986394,0.1251330464158452,0.7482993197278912,0.5599518719052248
COVID-19,USOIL,995,0,0.6122448979591837,0.3748438150770512,0.0544217687074829,0.0029617289092507,0.3129251700680272,0.0979221620621037,0.238095238095238,0.0566893424036281,0.0680272108843537,0.0046277014207043,0.1972789115646258,0.0389189689481234,0.1156462585034013,0.0133740571058355,0.2857142857142857,0.0816326530612244,0.7142857142857143,0.5102040816326531
COVID-19,USOIL,996,0,0.4421768707482993,0.1955203850247582,0.0884353741496598,0.0078208154009903,0.1564625850340136,0.0244805405155259,0.1768707482993197,0.0312832616039613,0.0544217687074829,0.0029617289092507,0.2585034013605442,0.0668240085149706,0.1564625850340136,0.0244805405155259,0.2789115646258503,0.0777916608820398,0.7074829931972789,0.500532185663381
COVID-19,USOIL,997,0,0.6258503401360545,0.391688648248415,0.1292517006802721,0.0167060021287426,0.2653061224489796,0.0703873386089129,0.1020408163265306,0.0104123281965847,0.0612244897959183,0.0037484381507705,0.4149659863945578,0.1721967698644083,0.2448979591836734,0.0599750104123281,0.2925170068027211,0.0855661992688231,0.6530612244897959,0.4264889629321115
COVID-19,USOIL,998,0,0.4693877551020408,0.2203248646397334,0.272108843537415,0.0740432227312694,0.2312925170068027,0.0534962284233421,0.1632653061224489,0.0266555601832569,0.1768707482993197,0.0312832616039613,0.5034013605442177,0.2534129297977694,0.3469387755102041,0.1203665139525197,0.2244897959183673,0.0503956684714702,0.5918367346938775,0.3502707205331112
COVID-19,USOIL,999,0,0.3333333333333333,0.1111111111111111,0.3945578231292517,0.1556758757924938,0.3061224489795918,0.0937109537692628,0.3061224489795918,0.0937109537692628,0.1224489795918367,0.014993752603082,0.5510204081632653,0.3036234902124114,0.4353741496598639,0.1895506501920495,0.2312925170068027,0.0534962284233421,0.5306122448979592,0.2815493544356518
COVID-19,USOIL,1000,0,0.1972789115646258,0.0389189689481234,0.4897959183673469,0.2399000416493127,0.238095238095238,0.0566893424036281,0.0204081632653061,0.0004164931278633,0.2925170068027211,0.0855661992688231,0.6598639455782312,0.4354204266740709,0.5102040816326531,0.2603082049146189,0.1224489795918367,0.014993752603082,0.4897959183673469,0.2399000416493127
COVID-19,USOIL,1001,0,0.2585034013605442,0.0668240085149706,0.5238095238095238,0.2743764172335601,0.4489795918367347,0.2015826738858809,0.2176870748299319,0.0473876625480123,0.5374149659863946,0.2888148456661576,0.6326530612244898,0.400249895876718,0.5714285714285714,0.3265306122448979,0.1496598639455782,0.0223980748762089,0.4489795918367347,0.2015826738858809
COVID-19,USOIL,1002,0,0.3197278911564626,0.1022259243833588,0.5918367346938775,0.3502707205331112,0.5986394557823129,0.3583691980193438,0.2857142857142857,0.0816326530612244,0.5986394557823129,0.3583691980193438,0.6530612244897959,0.4264889629321115,0.6326530612244898,0.400249895876718,0.0884353741496598,0.0078208154009903,0.4285714285714285,0.183673469387755
COVID-19,USOIL,1003,0,0.2176870748299319,0.0473876625480123,0.6258503401360545,0.391688648248415,0.6122448979591837,0.3748438150770512,0.1428571428571428,0.0204081632653061,0.6462585034013606,0.4176500532185664,0.6870748299319728,0.4720718219260493,0.5918367346938775,0.3502707205331112,0.0680272108843537,0.0046277014207043,0.3945578231292517,0.1556758757924938
COVID-19,USOIL,1004,0,0.2789115646258503,0.0777916608820398,0.6666666666666666,0.4444444444444444,0.673469387755102,0.453561016243232,0.1224489795918367,0.014993752603082,0.673469387755102,0.453561016243232,0.7551020408163265,0.5701790920449812,0.5986394557823129,0.3583691980193438,0.0952380952380952,0.0090702947845804,0.3469387755102041,0.1203665139525197
COVID-19,USOIL,1005,0,0.2448979591836734,0.0599750104123281,0.673469387755102,0.453561016243232,0.7074829931972789,0.500532185663381,0.2108843537414966,0.0444722106529686,0.6802721088435374,0.4627701420704336,0.7210884353741497,0.5199685316303393,0.5782312925170068,0.3343514276458882,0.1700680272108843,0.0289231338794021,0.3061224489795918,0.0937109537692628
COVID-19,USOIL,1006,1,0.1564625850340136,0.7115553704474988,0.7074829931972789,0.0855661992688231,0.7142857142857143,0.0816326530612244,0.0816326530612244,0.8433985839233653,0.7346938775510204,0.0703873386089129,0.8843537414965986,0.0133740571058355,0.5170068027210885,0.2332824286177055,0.1360544217687075,0.7464019621454023,0.2789115646258503,0.5199685316303393
COVID-19,USOIL,1007,1,0.0408163265306122,0.920033319450229,0.6870748299319728,0.0979221620621037,0.6598639455782312,0.1156925355176084,0.2312925170068027,0.5909111944097366,0.7142857142857143,0.0816326530612244,0.7346938775510204,0.0703873386089129,0.4557823129251701,0.2961728909250774,0.0612244897959183,0.8812994585589339,0.272108843537415,0.5298255356564393
COVID-19,USOIL,1008,1,0.1088435374149659,0.7941598408070711,0.6394557823129252,0.1299921329075847,0.4965986394557823,0.2534129297977694,0.2517006802721088,0.5599518719052246,0.6598639455782312,0.1156925355176084,0.8775510204081632,0.014993752603082,0.6666666666666666,0.1111111111111111,0.272108843537415,0.5298255356564393,0.4013605442176871,0.3583691980193438
COVID-19,USOIL,1009,1,0.1360544217687075,0.7464019621454023,0.6802721088435374,0.1022259243833588,0.54421768707483,0.2077375167754176,0.3945578231292517,0.3665602295339905,0.7074829931972789,0.0855661992688231,0.9047619047619048,0.0090702947845804,0.8027210884353742,0.0389189689481234,0.4285714285714285,0.3265306122448979,0.3537414965986394,0.4176500532185664
COVID-19,USOIL,1010,1,0.1904761904761904,0.655328798185941,0.7142857142857143,0.0816326530612244,0.2517006802721088,0.5599518719052246,0.4285714285714285,0.3265306122448979,0.6258503401360545,0.1399879679763061,0.7687074829931972,0.0534962284233421,0.54421768707483,0.2077375167754176,0.6394557823129252,0.1299921329075847,0.3605442176870748,0.4089036975334352
COVID-19,USOIL,1011,1,0.3741496598639456,0.391688648248415,0.5782312925170068,0.1778888426118747,0.1496598639455782,0.7230783469850526,0.3741496598639456,0.391688648248415,0.54421768707483,0.2077375167754176,0.4081632653061224,0.3502707205331112,0.1292517006802721,0.7582026007681983,0.673469387755102,0.1066222407330279,0.4217687074829932,0.3343514276458882
COVID-19,USOIL,1012,1,0.5238095238095238,0.2267573696145124,0.3673469387755102,0.400249895876718,0.0816326530612244,0.8433985839233653,0.4217687074829932,0.3343514276458882,0.1836734693877551,0.6663890045814245,0.0340136054421768,0.9331297144708224,0.2585034013605442,0.549817205793882,0.5102040816326531,0.2399000416493127,0.8163265306122449,0.0337359433569346
COVID-19,USOIL,1013,1,0.6462585034013606,0.1251330464158452,0.4761904761904761,0.2743764172335601,0.1360544217687075,0.7464019621454023,0.4965986394557823,0.2534129297977694,0.2857142857142857,0.5102040816326531,0.0476190476190476,0.9070294784580498,0.3061224489795918,0.4814660558100791,0.5034013605442177,0.246610208709334,0.7959183673469388,0.041649312786339
COVID-19,USOIL,1014,1,0.5510204081632653,0.2015826738858809,0.5170068027210885,0.2332824286177055,0.0544217687074829,0.8941181914942848,0.2244897959183673,0.6014160766347355,0.4353741496598639,0.3188023508723216,0.0748299319727891,0.8559396547734741,0.3537414965986394,0.4176500532185664,0.5374149659863946,0.2139849136933684,0.7551020408163265,0.0599750104123282
COVID-19,USOIL,1015,1,0.6666666666666666,0.1111111111111111,0.564625850340136,0.1895506501920496,0.272108843537415,0.5298255356564393,0.1700680272108843,0.6887870794576334,0.5238095238095238,0.2267573696145124,0.2108843537414966,0.6227035031699755,0.3945578231292517,0.3665602295339905,0.6054421768707483,0.1556758757924938,0.6462585034013606,0.1251330464158452
COVID-19,USOIL,1016,1,0.5306122448979592,0.2203248646397334,0.6122448979591837,0.1503540191586838,0.1836734693877551,0.6663890045814245,0.0340136054421768,0.9331297144708224,0.5578231292517006,0.1955203850247582,0.4353741496598639,0.3188023508723216,0.4965986394557823,0.2534129297977694,0.5782312925170068,0.1778888426118747,0.6122448979591837,0.1503540191586838
COVID-19,USOIL,1017,1,0.5714285714285714,0.1836734693877551,0.2244897959183673,0.6014160766347355,0.3809523809523809,0.3832199546485261,0.3129251700680272,0.4720718219260493,0.1292517006802721,0.7582026007681983,0.2176870748299319,0.6120135128881484,0.7074829931972789,0.0855661992688231,0.3061224489795918,0.4814660558100791,0.9931972789115646,4.627701420704346e-05
COVID-19,USOIL,1018,1,0.2653061224489796,0.5397750937109537,0.7414965986394558,0.0668240085149705,0.4013605442176871,0.3583691980193438,0.3401360544217687,0.4354204266740711,0.5510204081632653,0.2015826738858809,0.4489795918367347,0.3036234902124114,0.0816326530612244,0.8433985839233653,0.3401360544217687,0.4354204266740711,0.2925170068027211,0.500532185663381
COVID-19,USOIL,1019,1,0.3401360544217687,0.4354204266740711,0.7210884353741497,0.0777916608820398,0.7482993197278912,0.0633532324494423,0.3605442176870748,0.4089036975334352,0.7006802721088435,0.0895922995048359,0.9251700680272108,0.0055995187190522,0.4761904761904761,0.2743764172335601,0.5306122448979592,0.2203248646397334,0.2312925170068027,0.5909111944097366
COVID-19,USOIL,1020,1,0.272108843537415,0.5298255356564393,0.7006802721088435,0.0895922995048359,0.782312925170068,0.0473876625480124,0.4149659863945578,0.3422647970752926,0.6938775510204082,0.0937109537692628,0.9183673469387756,0.0066638900458142,0.5374149659863946,0.2139849136933684,0.5986394557823129,0.1610902864547179,0.238095238095238,0.5804988662131518
COVID-19,USOIL,1021,1,0.0476190476190476,0.9070294784580498,0.6462585034013606,0.1251330464158452,0.7278911564625851,0.0740432227312693,0.3809523809523809,0.3832199546485261,0.6190476190476191,0.1451247165532879,0.8571428571428571,0.0204081632653061,0.3673469387755102,0.400249895876718,0.564625850340136,0.1895506501920496,0.2517006802721088,0.5599518719052246
COVID-19,USOIL,1022,1,0.0340136054421768,0.9331297144708224,0.5986394557823129,0.1610902864547179,0.5714285714285714,0.1836734693877551,0.5238095238095238,0.2267573696145124,0.6122448979591837,0.1503540191586838,0.7414965986394558,0.0668240085149705,0.2176870748299319,0.6120135128881484,0.4421768707482993,0.3111666435281595,0.2857142857142857,0.5102040816326531
COVID-19,USOIL,1023,1,0.0068027210884353,0.9864408348373362,0.6190476190476191,0.1451247165532879,0.5102040816326531,0.2399000416493127,0.1496598639455782,0.7230783469850526,0.5306122448979592,0.2203248646397334,0.7755102040816326,0.0503956684714702,0.1904761904761904,0.655328798185941,0.3197278911564626,0.4627701420704336,0.2993197278911564,0.490952843722523
COVID-19,USOIL,1024,1,0.0204081632653061,0.9596001665972512,0.5714285714285714,0.1836734693877551,0.4897959183673469,0.2603082049146189,0.0952380952380952,0.8185941043083901,0.4965986394557823,0.2534129297977694,0.7482993197278912,0.0633532324494423,0.1768707482993197,0.6775417650053219,0.2517006802721088,0.5599518719052246,0.3265306122448979,0.4535610162432321
COVID-19,USOIL,1025,1,0.0136054421768707,0.9729742237030866,0.4285714285714285,0.3265306122448979,0.5918367346938775,0.1665972511453561,0.0884353741496598,0.8309500671016706,0.564625850340136,0.1895506501920496,0.91156462585034,0.0078208154009903,0.3129251700680272,0.4720718219260493,0.2448979591836734,0.5701790920449812,0.3333333333333333,0.4444444444444445
COVID-19,USOIL,1026,1,0.0748299319727891,0.8559396547734741,0.2993197278911564,0.490952843722523,0.6190476190476191,0.1451247165532879,0.0408163265306122,0.920033319450229,0.3809523809523809,0.3832199546485261,0.8231292517006803,0.0312832616039613,0.272108843537415,0.5298255356564393,0.2040816326530612,0.6334860474802165,0.3809523809523809,0.3832199546485261
COVID-19,USOIL,1027,1,0.2040816326530612,0.6334860474802165,0.2108843537414966,0.6227035031699755,0.5578231292517006,0.1955203850247582,0.0612244897959183,0.8812994585589339,0.3469387755102041,0.4264889629321117,0.8027210884353742,0.0389189689481234,0.3197278911564626,0.4627701420704336,0.1632653061224489,0.7001249479383591,0.4081632653061224,0.3502707205331112
COVID-19,USOIL,1028,1,0.238095238095238,0.5804988662131518,0.1088435374149659,0.7941598408070711,0.4829931972789115,0.2672960340598825,0.3673469387755102,0.400249895876718,0.4693877551020408,0.2815493544356517,0.7959183673469388,0.041649312786339,0.3877551020408163,0.3748438150770512,0.1564625850340136,0.7115553704474988,0.4421768707482993,0.3111666435281595
COVID-19,USOIL,1029,1,0.2244897959183673,0.6014160766347355,0.1156462585034013,0.7820815400990327,0.4421768707482993,0.3111666435281595,0.0272108843537414,0.9463186635198296,0.3061224489795918,0.4814660558100791,0.7619047619047619,0.0566893424036281,0.4421768707482993,0.3111666435281595,0.0816326530612244,0.8433985839233653,0.4625850340136054,0.2888148456661575
COVID-19,USOIL,1030,1,0.1428571428571428,0.7346938775510206,0.1768707482993197,0.6775417650053219,0.5034013605442177,0.246610208709334,0.0680272108843537,0.8685732796519969,0.4285714285714285,0.3265306122448979,0.782312925170068,0.0473876625480124,0.4897959183673469,0.2603082049146189,0.1428571428571428,0.7346938775510206,0.4829931972789115,0.2672960340598825
COVID-19,USOIL,1031,1,0.1496598639455782,0.7230783469850526,0.2789115646258503,0.5199685316303393,0.5238095238095238,0.2267573696145124,0.1836734693877551,0.6663890045814245,0.272108843537415,0.5298255356564393,0.8163265306122449,0.0337359433569346,0.6190476190476191,0.1451247165532879,0.238095238095238,0.5804988662131518,0.5102040816326531,0.2399000416493127
COVID-19,USOIL,1032,1,0.0952380952380952,0.8185941043083901,0.3809523809523809,0.3832199546485261,0.5374149659863946,0.2139849136933684,0.3469387755102041,0.4264889629321117,0.4149659863945578,0.3422647970752926,0.8503401360544217,0.022398074876209,0.7006802721088435,0.0895922995048359,0.1156462585034013,0.7820815400990327,0.5034013605442177,0.246610208709334
COVID-19,USOIL,1033,1,0.1156462585034013,0.7820815400990327,0.4489795918367347,0.3036234902124114,0.6054421768707483,0.1556758757924938,0.1156462585034013,0.7820815400990327,0.4829931972789115,0.2672960340598825,0.7891156462585034,0.0444722106529686,0.7959183673469388,0.041649312786339,0.1020408163265306,0.8063306955435235,0.4693877551020408,0.2815493544356517
COVID-19,USOIL,1034,1,0.0680272108843537,0.8685732796519969,0.5102040816326531,0.2399000416493127,0.6530612244897959,0.1203665139525198,0.272108843537415,0.5298255356564393,0.5918367346938775,0.1665972511453561,0.8979591836734694,0.0104123281965847,0.8299319727891157,0.028923133879402,0.1768707482993197,0.6775417650053219,0.4557823129251701,0.2961728909250774
COVID-19,USOIL,1035,1,0.1632653061224489,0.7001249479383591,0.5850340136054422,0.1721967698644083,0.6802721088435374,0.1022259243833588,0.2789115646258503,0.5199685316303393,0.6394557823129252,0.1299921329075847,0.8299319727891157,0.028923133879402,0.8503401360544217,0.022398074876209,0.1088435374149659,0.7941598408070711,0.4353741496598639,0.3188023508723216
COVID-19,USOIL,1036,1,0.0816326530612244,0.8433985839233653,0.6054421768707483,0.1556758757924938,0.6394557823129252,0.1299921329075847,0.2585034013605442,0.549817205793882,0.6530612244897959,0.1203665139525198,0.8435374149659864,0.0244805405155259,0.8435374149659864,0.0244805405155259,0.1972789115646258,0.6443611458188717,0.4149659863945578,0.3422647970752926
COVID-19,USOIL,1037,1,0.1020408163265306,0.8063306955435235,0.6326530612244898,0.1349437734277384,0.6462585034013606,0.1251330464158452,0.3265306122448979,0.4535610162432321,0.6870748299319728,0.0979221620621037,0.8639455782312925,0.0185108056828173,0.8367346938775511,0.0266555601832569,0.1904761904761904,0.655328798185941,0.3877551020408163,0.3748438150770512
COVID-19,USOIL,1038,1,0.1292517006802721,0.7582026007681983,0.6598639455782312,0.1156925355176084,0.7006802721088435,0.0895922995048359,0.1904761904761904,0.655328798185941,0.7278911564625851,0.0740432227312693,0.9455782312925172,0.0029617289092507,0.8571428571428571,0.0204081632653061,0.2585034013605442,0.549817205793882,0.3741496598639456,0.391688648248415
COVID-19,USOIL,1039,1,0.0612244897959183,0.8812994585589339,0.6938775510204082,0.0937109537692628,0.6938775510204082,0.0937109537692628,0.3877551020408163,0.3748438150770512,0.7482993197278912,0.0633532324494423,0.9319727891156464,0.0046277014207043,0.8979591836734694,0.0104123281965847,0.3809523809523809,0.3832199546485261,0.3673469387755102,0.400249895876718
COVID-19,USOIL,1040,1,0.0884353741496598,0.8309500671016706,0.7278911564625851,0.0740432227312693,0.7210884353741497,0.0777916608820398,0.2925170068027211,0.500532185663381,0.7755102040816326,0.0503956684714702,0.979591836734694,0.0004164931278633,0.9387755102040816,0.0037484381507705,0.5170068027210885,0.2332824286177055,0.3401360544217687,0.4354204266740711
COVID-19,USOIL,1041,1,0.2925170068027211,0.500532185663381,0.7619047619047619,0.0566893424036281,0.8299319727891157,0.028923133879402,0.4829931972789115,0.2672960340598825,0.8503401360544217,0.022398074876209,0.9659863945578232,0.001156925355176,0.9523809523809524,0.0022675736961451,0.7006802721088435,0.0895922995048359,0.3129251700680272,0.4720718219260493
COVID-19,USOIL,1042,1,0.4013605442176871,0.3583691980193438,0.782312925170068,0.0473876625480124,0.8231292517006803,0.0312832616039613,0.7142857142857143,0.0816326530612244,0.8639455782312925,0.0185108056828173,0.9727891156462584,0.0007404322273126,0.9659863945578232,0.001156925355176,0.6802721088435374,0.1022259243833588,0.2585034013605442,0.549817205793882
COVID-19,USOIL,1043,1,0.3673469387755102,0.400249895876718,0.8095238095238095,0.0362811791383219,0.8095238095238095,0.0362811791383219,0.6258503401360545,0.1399879679763061,0.8979591836734694,0.0104123281965847,0.9591836734693876,0.0016659725114535,0.979591836734694,0.0004164931278633,0.6530612244897959,0.1203665139525198,0.2448979591836734,0.5701790920449812
COVID-19,USOIL,1044,1,0.5782312925170068,0.1778888426118747,0.8163265306122449,0.0337359433569346,0.8027210884353742,0.0389189689481234,0.8299319727891157,0.028923133879402,0.9319727891156464,0.0046277014207043,0.9523809523809524,0.0022675736961451,0.9863945578231292,0.0001851080568281,0.7619047619047619,0.0566893424036281,0.2244897959183673,0.6014160766347355
COVID-19,USOIL,1045,1,0.5918367346938775,0.1665972511453561,0.8367346938775511,0.0266555601832569,0.7755102040816326,0.0503956684714702,0.8367346938775511,0.0266555601832569,0.9931972789115646,4.627701420704346e-05,0.9931972789115646,4.627701420704346e-05,0.9931972789115646,4.627701420704346e-05,0.7482993197278912,0.0633532324494423,0.2176870748299319,0.6120135128881484
COVID-19,USOIL,1046,1,0.7006802721088435,0.0895922995048359,0.8027210884353742,0.0389189689481234,0.7414965986394558,0.0668240085149705,0.8843537414965986,0.0133740571058355,0.9863945578231292,0.0001851080568281,0.8367346938775511,0.0266555601832569,0.9591836734693876,0.0016659725114535,0.7278911564625851,0.0740432227312693,0.1904761904761904,0.655328798185941
COVID-19,USOIL,1047,1,0.4965986394557823,0.2534129297977694,0.4625850340136054,0.2888148456661575,0.6258503401360545,0.1399879679763061,0.564625850340136,0.1895506501920496,0.0748299319727891,0.8559396547734741,0.0068027210884353,0.9864408348373362,0.0204081632653061,0.9596001665972512,0.2108843537414966,0.6227035031699755,0.5782312925170068,0.1778888426118747
COVID-19,USOIL,1048,1,0.4829931972789115,0.2672960340598825,0.6530612244897959,0.1203665139525198,0.5782312925170068,0.1778888426118747,0.5986394557823129,0.1610902864547179,0.2448979591836734,0.5701790920449812,0.0136054421768707,0.9729742237030866,0.0068027210884353,0.9864408348373362,0.3605442176870748,0.4089036975334352,0.2653061224489796,0.5397750937109537
COVID-19,USOIL,1049,1,0.3469387755102041,0.4264889629321117,0.8639455782312925,0.0185108056828173,0.9727891156462584,0.0007404322273126,0.8163265306122449,0.0337359433569346,0.8163265306122449,0.0337359433569346,0.8095238095238095,0.0362811791383219,0.1360544217687075,0.7464019621454023,0.4557823129251701,0.2961728909250774,0.1156462585034013,0.7820815400990327
COVID-19,USOIL,1050,1,0.4761904761904761,0.2743764172335601,0.8843537414965986,0.0133740571058355,0.979591836734694,0.0004164931278633,0.7346938775510204,0.0703873386089129,0.7210884353741497,0.0777916608820398,0.7006802721088435,0.0895922995048359,0.0544217687074829,0.8941181914942848,0.4081632653061224,0.3502707205331112,0.1292517006802721,0.7582026007681983
COVID-19,USOIL,1051,1,0.7074829931972789,0.0855661992688231,0.8435374149659864,0.0244805405155259,0.9863945578231292,0.0001851080568281,0.673469387755102,0.1066222407330279,0.782312925170068,0.0473876625480124,0.7278911564625851,0.0740432227312693,0.1020408163265306,0.8063306955435235,0.3673469387755102,0.400249895876718,0.1020408163265306,0.8063306955435235
COVID-19,USOIL,1052,1,0.6870748299319728,0.0979221620621037,0.8503401360544217,0.022398074876209,0.9659863945578232,0.001156925355176,0.8979591836734694,0.0104123281965847,0.8231292517006803,0.0312832616039613,0.7074829931972789,0.0855661992688231,0.2312925170068027,0.5909111944097366,0.5510204081632653,0.2015826738858809,0.0952380952380952,0.8185941043083901
COVID-19,USOIL,1053,1,0.4353741496598639,0.3188023508723216,0.8299319727891157,0.028923133879402,0.9931972789115646,4.627701420704346e-05,0.8571428571428571,0.0204081632653061,0.7414965986394558,0.0668240085149705,0.8707482993197279,0.0167060021287426,0.0340136054421768,0.9331297144708224,0.4965986394557823,0.2534129297977694,0.1088435374149659,0.7941598408070711
COVID-19,USOIL,1054,1,0.3129251700680272,0.4720718219260493,0.891156462585034,0.0118469156370031,0.8775510204081632,0.014993752603082,0.6802721088435374,0.1022259243833588,0.979591836734694,0.0004164931278633,0.6938775510204082,0.0937109537692628,0.8775510204081632,0.014993752603082,0.7891156462585034,0.0444722106529686,0.0816326530612244,0.8433985839233653
COVID-19,USOIL,1055,1,0.7755102040816326,0.0503956684714702,0.9047619047619048,0.0090702947845804,0.9183673469387756,0.0066638900458142,0.7482993197278912,0.0633532324494423,0.9591836734693876,0.0016659725114535,0.9863945578231292,0.0001851080568281,0.8707482993197279,0.0167060021287426,0.8503401360544217,0.022398074876209,0.0612244897959183,0.8812994585589339
COVID-19,USOIL,1056,1,0.7346938775510204,0.0703873386089129,0.8979591836734694,0.0104123281965847,0.9591836734693876,0.0016659725114535,0.8027210884353742,0.0389189689481234,0.9455782312925172,0.0029617289092507,0.6462585034013606,0.1251330464158452,0.7891156462585034,0.0444722106529686,0.6938775510204082,0.0937109537692628,0.0476190476190476,0.9070294784580498
COVID-19,USOIL,1057,1,0.5986394557823129,0.1610902864547179,0.9183673469387756,0.0066638900458142,0.9523809523809524,0.0022675736961451,0.7959183673469388,0.041649312786339,0.9523809523809524,0.0022675736961451,0.3673469387755102,0.400249895876718,0.7619047619047619,0.0566893424036281,0.782312925170068,0.0473876625480124,0.0272108843537414,0.9463186635198296
COVID-19,USOIL,1058,1,0.3605442176870748,0.4089036975334352,0.9251700680272108,0.0055995187190522,0.9387755102040816,0.0037484381507705,0.7210884353741497,0.0777916608820398,0.8843537414965986,0.0133740571058355,0.5782312925170068,0.1778888426118747,0.7755102040816326,0.0503956684714702,0.7210884353741497,0.0777916608820398,0.0136054421768707,0.9729742237030866
COVID-19,USOIL,1059,1,0.564625850340136,0.1895506501920496,0.9319727891156464,0.0046277014207043,0.9251700680272108,0.0055995187190522,0.9387755102040816,0.0037484381507705,0.891156462585034,0.0118469156370031,0.5306122448979592,0.2203248646397334,0.8843537414965986,0.0133740571058355,0.7755102040816326,0.0503956684714702,0.0068027210884353,0.9864408348373362
COVID-19,USOIL,1060,1,0.6530612244897959,0.1203665139525198,0.9387755102040816,0.0037484381507705,0.8843537414965986,0.0133740571058355,0.9727891156462584,0.0007404322273126,0.9251700680272108,0.0055995187190522,0.6122448979591837,0.1503540191586838,0.91156462585034,0.0078208154009903,0.8027210884353742,0.0389189689481234,0.0204081632653061,0.9596001665972512
COVID-19,USOIL,1061,1,0.1700680272108843,0.6887870794576334,0.9455782312925172,0.0029617289092507,0.8435374149659864,0.0244805405155259,0.91156462585034,0.0078208154009903,0.9727891156462584,0.0007404322273126,0.6394557823129252,0.1299921329075847,0.9251700680272108,0.0055995187190522,0.7687074829931972,0.0534962284233421,0.0408163265306122,0.920033319450229
COVID-19,USOIL,1062,1,0.3537414965986394,0.4176500532185664,0.9523809523809524,0.0022675736961451,0.91156462585034,0.0078208154009903,0.9047619047619048,0.0090702947845804,0.9387755102040816,0.0037484381507705,0.4965986394557823,0.2534129297977694,0.9047619047619048,0.0090702947845804,0.6598639455782312,0.1156925355176084,0.0340136054421768,0.9331297144708224
COVID-19,USOIL,1063,1,0.54421768707483,0.2077375167754176,0.9659863945578232,0.001156925355176,0.8707482993197279,0.0167060021287426,0.8231292517006803,0.0312832616039613,0.9183673469387756,0.0066638900458142,0.3809523809523809,0.3832199546485261,0.9183673469387756,0.0066638900458142,0.6870748299319728,0.0979221620621037,0.0544217687074829,0.8941181914942848
COVID-19,USOIL,1064,1,0.4897959183673469,0.2603082049146189,0.9931972789115646,4.627701420704346e-05,0.8367346938775511,0.0266555601832569,0.782312925170068,0.0473876625480124,0.9047619047619048,0.0090702947845804,0.6802721088435374,0.1022259243833588,0.9455782312925172,0.0029617289092507,0.4693877551020408,0.2815493544356517,0.0680272108843537,0.8685732796519969
COVID-19,USOIL,1065,1,0.5578231292517006,0.1955203850247582,0.9863945578231292,0.0001851080568281,0.7551020408163265,0.0599750104123282,0.9251700680272108,0.0055995187190522,0.9659863945578232,0.001156925355176,0.7142857142857143,0.0816326530612244,0.9727891156462584,0.0007404322273126,0.6122448979591837,0.1503540191586838,0.0748299319727891,0.8559396547734741
COVID-19,USOIL,1066,1,0.2517006802721088,0.5599518719052246,0.979591836734694,0.0004164931278633,0.7891156462585034,0.0444722106529686,0.6054421768707483,0.1556758757924938,0.91156462585034,0.0078208154009903,0.891156462585034,0.0118469156370031,0.891156462585034,0.0118469156370031,0.6462585034013606,0.1251330464158452,0.0884353741496598,0.8309500671016706
COVID-19,USOIL,1067,1,0.5034013605442177,0.246610208709334,0.9727891156462584,0.0007404322273126,0.7619047619047619,0.0566893424036281,0.6394557823129252,0.1299921329075847,0.8299319727891157,0.028923133879402,0.1292517006802721,0.7582026007681983,0.1224489795918367,0.7700957934194085,0.3945578231292517,0.3665602295339905,0.1224489795918367,0.7700957934194085
COVID-19,USOIL,1068,1,0.6190476190476191,0.1451247165532879,0.9591836734693876,0.0016659725114535,0.7687074829931972,0.0534962284233421,0.5850340136054422,0.1721967698644083,0.8095238095238095,0.0362811791383219,0.2244897959183673,0.6014160766347355,0.0680272108843537,0.8685732796519969,0.4489795918367347,0.3036234902124114,0.1360544217687075,0.7464019621454023
COVID-19,USOIL,1069,1,0.3945578231292517,0.3665602295339905,0.91156462585034,0.0078208154009903,0.7959183673469388,0.041649312786339,0.3333333333333333,0.4444444444444445,0.7687074829931972,0.0534962284233421,0.0204081632653061,0.9596001665972512,0.0136054421768707,0.9729742237030866,0.3877551020408163,0.3748438150770512,0.1428571428571428,0.7346938775510206
COVID-19,USOIL,1070,1,0.4489795918367347,0.3036234902124114,0.8775510204081632,0.014993752603082,0.8163265306122449,0.0337359433569346,0.4081632653061224,0.3502707205331112,0.7551020408163265,0.0599750104123282,0.0612244897959183,0.8812994585589339,0.0272108843537414,0.9463186635198296,0.4149659863945578,0.3422647970752926,0.1632653061224489,0.7001249479383591
COVID-19,USOIL,1071,1,0.4081632653061224,0.3502707205331112,0.8571428571428571,0.0204081632653061,0.8503401360544217,0.022398074876209,0.6462585034013606,0.1251330464158452,0.8027210884353742,0.0389189689481234,0.0272108843537414,0.9463186635198296,0.0476190476190476,0.9070294784580498,0.4625850340136054,0.2888148456661575,0.1564625850340136,0.7115553704474988
COVID-19,USOIL,1072,1,0.782312925170068,0.0473876625480124,0.8231292517006803,0.0312832616039613,0.891156462585034,0.0118469156370031,0.6122448979591837,0.1503540191586838,0.7891156462585034,0.0444722106529686,0.0816326530612244,0.8433985839233653,0.0408163265306122,0.920033319450229,0.4897959183673469,0.2603082049146189,0.1836734693877551,0.6663890045814245
COVID-19,USOIL,1073,1,0.5102040816326531,0.2399000416493127,0.7959183673469388,0.041649312786339,0.9455782312925172,0.0029617289092507,0.4897959183673469,0.2603082049146189,0.7959183673469388,0.041649312786339,0.1020408163265306,0.8063306955435235,0.0612244897959183,0.8812994585589339,0.4217687074829932,0.3343514276458882,0.1700680272108843,0.6887870794576334
COVID-19,USOIL,1074,1,0.4625850340136054,0.2888148456661575,0.7891156462585034,0.0444722106529686,0.9319727891156464,0.0046277014207043,0.5918367346938775,0.1665972511453561,0.8775510204081632,0.014993752603082,0.54421768707483,0.2077375167754176,0.0884353741496598,0.8309500671016706,0.54421768707483,0.2077375167754176,0.1496598639455782,0.7230783469850526
COVID-19,USOIL,1075,1,0.4285714285714285,0.3265306122448979,0.7755102040816326,0.0503956684714702,0.8979591836734694,0.0104123281965847,0.5714285714285714,0.1836734693877551,0.8367346938775511,0.0266555601832569,0.2517006802721088,0.5599518719052246,0.0748299319727891,0.8559396547734741,0.4829931972789115,0.2672960340598825,0.1972789115646258,0.6443611458188717
COVID-19,USOIL,1076,1,0.5374149659863946,0.2139849136933684,0.7687074829931972,0.0534962284233421,0.9047619047619048,0.0090702947845804,0.4353741496598639,0.3188023508723216,0.8707482993197279,0.0167060021287426,0.2448979591836734,0.5701790920449812,0.1496598639455782,0.7230783469850526,0.3333333333333333,0.4444444444444445,0.1768707482993197,0.6775417650053219
COVID-19,USOIL,1077,1,0.3877551020408163,0.3748438150770512,0.7482993197278912,0.0633532324494423,0.8571428571428571,0.0204081632653061,0.4013605442176871,0.3583691980193438,0.8435374149659864,0.0244805405155259,0.2925170068027211,0.500532185663381,0.1088435374149659,0.7941598408070711,0.1836734693877551,0.6663890045814245,0.2108843537414966,0.6227035031699755
COVID-19,USOIL,1078,1,0.6054421768707483,0.1556758757924938,0.7346938775510204,0.0703873386089129,0.8639455782312925,0.0185108056828173,0.3197278911564626,0.4627701420704336,0.8571428571428571,0.0204081632653061,0.6258503401360545,0.1399879679763061,0.1700680272108843,0.6887870794576334,0.2176870748299319,0.6120135128881484,0.2040816326530612,0.6334860474802165
COVID-19,USOIL,1079,0,0.0272108843537414,0.0007404322273126,0.0476190476190476,0.0022675736961451,0.2585034013605442,0.0668240085149706,0.0544217687074829,0.0029617289092507,0.0340136054421768,0.001156925355176,0.3401360544217687,0.1156925355176084,0.2857142857142857,0.0816326530612244,0.0340136054421768,0.001156925355176,0.6054421768707483,0.3665602295339905
COVID-19,USOIL,1080,0,0.0544217687074829,0.0029617289092507,0.0136054421768707,0.0001851080568281,0.0748299319727891,0.0055995187190522,0.1564625850340136,0.0244805405155259,0.0136054421768707,0.0001851080568281,0.1428571428571428,0.0204081632653061,0.1836734693877551,0.0337359433569346,0.0204081632653061,0.0004164931278633,0.7278911564625851,0.5298255356564395
COVID-19,USOIL,1081,0,0.1224489795918367,0.014993752603082,0.0068027210884353,4.627701420704336e-05,0.1428571428571428,0.0204081632653061,0.0476190476190476,0.0022675736961451,0.0068027210884353,4.627701420704336e-05,0.0680272108843537,0.0046277014207043,0.1632653061224489,0.0266555601832569,0.0068027210884353,4.627701420704336e-05,0.7619047619047619,0.5804988662131518
COVID-19,USOIL,1082,0,0.1768707482993197,0.0312832616039613,0.0204081632653061,0.0004164931278633,0.3741496598639456,0.1399879679763062,0.0136054421768707,0.0001851080568281,0.0272108843537414,0.0007404322273126,0.1496598639455782,0.0223980748762089,0.2108843537414966,0.0444722106529686,0.0136054421768707,0.0001851080568281,0.7346938775510204,0.5397750937109538
COVID-19,USOIL,1083,0,0.3061224489795918,0.0937109537692628,0.0748299319727891,0.0055995187190522,0.4285714285714285,0.183673469387755,0.0068027210884353,4.627701420704336e-05,0.0204081632653061,0.0004164931278633,0.1360544217687075,0.0185108056828173,0.2517006802721088,0.0633532324494423,0.0272108843537414,0.0007404322273126,0.6598639455782312,0.4354204266740709
COVID-19,USOIL,1084,0,0.2312925170068027,0.0534962284233421,0.0408163265306122,0.0016659725114535,0.6326530612244898,0.400249895876718,0.1088435374149659,0.011846915637003,0.1020408163265306,0.0104123281965847,0.1700680272108843,0.0289231338794021,0.2244897959183673,0.0503956684714702,0.0408163265306122,0.0016659725114535,0.6802721088435374,0.4627701420704336
COVID-19,USOIL,1085,0,0.1836734693877551,0.0337359433569346,0.0272108843537414,0.0007404322273126,0.564625850340136,0.3188023508723216,0.1360544217687075,0.0185108056828173,0.0408163265306122,0.0016659725114535,0.1768707482993197,0.0312832616039613,0.2040816326530612,0.041649312786339,0.0476190476190476,0.0022675736961451,0.6870748299319728,0.4720718219260493
COVID-19,USOIL,1086,0,0.2108843537414966,0.0444722106529686,0.0680272108843537,0.0046277014207043,0.2448979591836734,0.0599750104123281,0.1972789115646258,0.0389189689481234,0.0476190476190476,0.0022675736961451,0.2857142857142857,0.0816326530612244,0.238095238095238,0.0566893424036281,0.0544217687074829,0.0029617289092507,0.5986394557823129,0.3583691980193438
COVID-19,USOIL,1087,0,0.2993197278911564,0.0895922995048359,0.1020408163265306,0.0104123281965847,0.1768707482993197,0.0312832616039613,0.2448979591836734,0.0599750104123281,0.0884353741496598,0.0078208154009903,0.272108843537415,0.0740432227312694,0.2653061224489796,0.0703873386089129,0.0748299319727891,0.0055995187190522,0.5714285714285714,0.3265306122448979
COVID-19,USOIL,1088,0,0.2857142857142857,0.0816326530612244,0.0952380952380952,0.0090702947845804,0.1972789115646258,0.0389189689481234,0.1292517006802721,0.0167060021287426,0.1496598639455782,0.0223980748762089,0.3605442176870748,0.1299921329075848,0.2789115646258503,0.0777916608820398,0.1292517006802721,0.0167060021287426,0.5578231292517006,0.3111666435281595
COVID-19,USOIL,1089,0,0.3265306122448979,0.1066222407330278,0.4217687074829932,0.1778888426118747,0.1224489795918367,0.014993752603082,0.0748299319727891,0.0055995187190522,0.1564625850340136,0.0244805405155259,0.5102040816326531,0.2603082049146189,0.4149659863945578,0.1721967698644083,0.3265306122448979,0.1066222407330278,0.4965986394557823,0.246610208709334
COVID-19,USOIL,1090,0,0.5170068027210885,0.2672960340598825,0.4693877551020408,0.2203248646397334,0.2108843537414966,0.0444722106529686,0.2993197278911564,0.0895922995048359,0.1904761904761904,0.0362811791383219,0.5714285714285714,0.3265306122448979,0.4217687074829932,0.1778888426118747,0.3129251700680272,0.0979221620621037,0.4761904761904761,0.2267573696145124
COVID-19,USOIL,1091,0,0.3809523809523809,0.1451247165532879,0.1224489795918367,0.014993752603082,0.3945578231292517,0.1556758757924938,0.3537414965986394,0.1251330464158452,0.1360544217687075,0.0185108056828173,0.2040816326530612,0.041649312786339,0.2993197278911564,0.0895922995048359,0.2653061224489796,0.0703873386089129,0.5850340136054422,0.3422647970752926
COVID-19,USOIL,1092,0,0.4217687074829932,0.1778888426118747,0.3401360544217687,0.1156925355176084,0.4353741496598639,0.1895506501920495,0.2040816326530612,0.041649312786339,0.2312925170068027,0.0534962284233421,0.4217687074829932,0.1778888426118747,0.3809523809523809,0.1451247165532879,0.2993197278911564,0.0895922995048359,0.5374149659863946,0.2888148456661576
COVID-19,USOIL,1093,0,0.6598639455782312,0.4354204266740709,0.3469387755102041,0.1203665139525197,0.5510204081632653,0.3036234902124114,0.4761904761904761,0.2267573696145124,0.3333333333333333,0.1111111111111111,0.3333333333333333,0.1111111111111111,0.3401360544217687,0.1156925355176084,0.3469387755102041,0.1203665139525197,0.5238095238095238,0.2743764172335601
COVID-19,USOIL,1094,0,0.7687074829931972,0.5909111944097366,0.4013605442176871,0.1610902864547179,0.4693877551020408,0.2203248646397334,0.5510204081632653,0.3036234902124114,0.3741496598639456,0.1399879679763062,0.3945578231292517,0.1556758757924938,0.3265306122448979,0.1066222407330278,0.4013605442176871,0.1610902864547179,0.5510204081632653,0.3036234902124114
COVID-19,USOIL,1095,0,0.6802721088435374,0.4627701420704336,0.4557823129251701,0.2077375167754176,0.5850340136054422,0.3422647970752926,0.4421768707482993,0.1955203850247582,0.4421768707482993,0.1955203850247582,0.238095238095238,0.0566893424036281,0.2925170068027211,0.0855661992688231,0.5850340136054422,0.3422647970752926,0.5170068027210885,0.2672960340598825
COVID-19,USOIL,1096,0,0.6938775510204082,0.4814660558100791,0.3537414965986394,0.1251330464158452,0.6666666666666666,0.4444444444444444,0.4693877551020408,0.2203248646397334,0.4557823129251701,0.2077375167754176,0.3129251700680272,0.0979221620621037,0.3333333333333333,0.1111111111111111,0.5578231292517006,0.3111666435281595,0.6326530612244898,0.400249895876718
COVID-19,USOIL,1097,0,0.6326530612244898,0.400249895876718,0.1428571428571428,0.0204081632653061,0.3469387755102041,0.1203665139525197,0.5034013605442177,0.2534129297977694,0.2040816326530612,0.041649312786339,0.2653061224489796,0.0703873386089129,0.3741496598639456,0.1399879679763062,0.6258503401360545,0.391688648248415,0.7414965986394558,0.5498172057938823
COVID-19,USOIL,1098,0,0.7482993197278912,0.5599518719052248,0.1700680272108843,0.0289231338794021,0.0068027210884353,4.627701420704336e-05,0.8435374149659864,0.7115553704474988,0.2244897959183673,0.0503956684714702,0.4285714285714285,0.183673469387755,0.6258503401360545,0.391688648248415,0.7959183673469388,0.6334860474802165,0.673469387755102,0.453561016243232
COVID-19,USOIL,1099,0,0.7959183673469388,0.6334860474802165,0.2925170068027211,0.0855661992688231,0.3877551020408163,0.1503540191586838,0.7551020408163265,0.5701790920449812,0.2789115646258503,0.0777916608820398,0.4625850340136054,0.2139849136933685,0.6938775510204082,0.4814660558100791,0.8571428571428571,0.7346938775510203,0.7006802721088435,0.490952843722523
COVID-19,USOIL,1100,0,0.9047619047619048,0.8185941043083901,0.4353741496598639,0.1895506501920495,0.0136054421768707,0.0001851080568281,0.6326530612244898,0.400249895876718,0.4761904761904761,0.2267573696145124,0.5918367346938775,0.3502707205331112,0.8231292517006803,0.6775417650053219,0.9319727891156464,0.8685732796519969,0.6258503401360545,0.391688648248415
COVID-19,USOIL,1101,0,0.8367346938775511,0.7001249479383591,0.4829931972789115,0.2332824286177055,0.4625850340136054,0.2139849136933685,0.8503401360544217,0.7230783469850525,0.5714285714285714,0.3265306122448979,0.5578231292517006,0.3111666435281595,0.8639455782312925,0.7464019621454023,0.9727891156462584,0.9463186635198296,0.564625850340136,0.3188023508723216
COVID-19,USOIL,1102,0,0.8775510204081632,0.7700957934194085,0.3333333333333333,0.1111111111111111,0.1632653061224489,0.0266555601832569,0.6938775510204082,0.4814660558100791,0.5102040816326531,0.2603082049146189,0.4761904761904761,0.2267573696145124,0.8163265306122449,0.6663890045814245,0.8435374149659864,0.7115553704474988,0.6666666666666666,0.4444444444444444
COVID-19,USOIL,1103,0,0.9727891156462584,0.9463186635198296,0.3605442176870748,0.1299921329075848,0.4761904761904761,0.2267573696145124,0.7278911564625851,0.5298255356564395,0.6326530612244898,0.400249895876718,0.4693877551020408,0.2203248646397334,0.7482993197278912,0.5599518719052248,0.9183673469387756,0.8433985839233653,0.6394557823129252,0.4089036975334352
COVID-19,USOIL,1104,0,0.979591836734694,0.9596001665972512,0.4421768707482993,0.1955203850247582,0.4081632653061224,0.1665972511453561,0.7414965986394558,0.5498172057938823,0.6666666666666666,0.4444444444444444,0.6666666666666666,0.4444444444444444,0.782312925170068,0.6120135128881484,0.9591836734693876,0.920033319450229,0.54421768707483,0.2961728909250776
COVID-19,USOIL,1105,0,0.9863945578231292,0.9729742237030866,0.3877551020408163,0.1503540191586838,0.5170068027210885,0.2672960340598825,0.7619047619047619,0.5804988662131518,0.5850340136054422,0.3422647970752926,0.5850340136054422,0.3422647970752926,0.7687074829931972,0.5909111944097366,0.9387755102040816,0.8812994585589339,0.6190476190476191,0.3832199546485261
COVID-19,USOIL,1106,0,0.9931972789115646,0.9864408348373362,0.4149659863945578,0.1721967698644083,0.0952380952380952,0.0090702947845804,0.9931972789115646,0.9864408348373362,0.5782312925170068,0.3343514276458882,0.5986394557823129,0.3583691980193438,0.8095238095238095,0.655328798185941,0.9931972789115646,0.9864408348373362,0.6938775510204082,0.4814660558100791
COVID-19,USOIL,1107,0,0.9183673469387756,0.8433985839233653,0.1360544217687075,0.0185108056828173,0.0272108843537414,0.0007404322273126,0.8707482993197279,0.7582026007681983,0.3401360544217687,0.1156925355176084,0.2993197278911564,0.0895922995048359,0.6122448979591837,0.3748438150770512,0.9523809523809524,0.9070294784580498,0.8231292517006803,0.6775417650053219
COVID-19,USOIL,1108,0,0.8979591836734694,0.8063306955435235,0.2517006802721088,0.0633532324494423,0.1904761904761904,0.0362811791383219,0.891156462585034,0.7941598408070711,0.4013605442176871,0.1610902864547179,0.4557823129251701,0.2077375167754176,0.673469387755102,0.453561016243232,0.9659863945578232,0.9331297144708224,0.782312925170068,0.6120135128881484
COVID-19,USOIL,1109,0,0.891156462585034,0.7941598408070711,0.2176870748299319,0.0473876625480123,0.0204081632653061,0.0004164931278633,0.979591836734694,0.9596001665972512,0.3673469387755102,0.1349437734277384,0.4897959183673469,0.2399000416493127,0.6530612244897959,0.4264889629321115,0.9863945578231292,0.9729742237030866,0.8027210884353742,0.6443611458188717
COVID-19,USOIL,1110,0,0.9659863945578232,0.9331297144708224,0.3129251700680272,0.0979221620621037,0.3537414965986394,0.1251330464158452,0.9863945578231292,0.9729742237030866,0.5170068027210885,0.2672960340598825,0.5170068027210885,0.2672960340598825,0.6462585034013606,0.4176500532185664,0.979591836734694,0.9596001665972512,0.7687074829931972,0.5909111944097366
COVID-19,USOIL,1111,0,0.7210884353741497,0.5199685316303393,0.1972789115646258,0.0389189689481234,0.4217687074829932,0.1778888426118747,0.8775510204081632,0.7700957934194085,0.1632653061224489,0.0266555601832569,0.0952380952380952,0.0090702947845804,0.5510204081632653,0.3036234902124114,0.8299319727891157,0.6887870794576334,0.9727891156462584,0.9463186635198296
COVID-19,USOIL,1112,0,0.8027210884353742,0.6443611458188717,0.238095238095238,0.0566893424036281,0.3673469387755102,0.1349437734277384,0.6666666666666666,0.4444444444444444,0.0952380952380952,0.0090702947845804,0.0884353741496598,0.0078208154009903,0.5578231292517006,0.3111666435281595,0.8095238095238095,0.655328798185941,0.9319727891156464,0.8685732796519969
COVID-19,USOIL,1113,0,0.8231292517006803,0.6775417650053219,0.1836734693877551,0.0337359433569346,0.3265306122448979,0.1066222407330278,0.7891156462585034,0.6227035031699755,0.3945578231292517,0.1556758757924938,0.1156462585034013,0.0133740571058355,0.5238095238095238,0.2743764172335601,0.8163265306122449,0.6663890045814245,0.91156462585034,0.8309500671016706
COVID-19,USOIL,1114,0,0.9591836734693876,0.920033319450229,0.1496598639455782,0.0223980748762089,0.2789115646258503,0.0777916608820398,0.5374149659863946,0.2888148456661576,0.2108843537414966,0.0444722106529686,0.1224489795918367,0.014993752603082,0.4693877551020408,0.2203248646397334,0.7551020408163265,0.5701790920449812,0.8843537414965986,0.7820815400990327
COVID-19,USOIL,1115,0,0.8843537414965986,0.7820815400990327,0.2040816326530612,0.041649312786339,0.2040816326530612,0.041649312786339,0.7006802721088435,0.490952843722523,0.1088435374149659,0.011846915637003,0.1904761904761904,0.0362811791383219,0.4285714285714285,0.183673469387755,0.7414965986394558,0.5498172057938823,0.8299319727891157,0.6887870794576334
COVID-19,USOIL,1116,0,0.8163265306122449,0.6663890045814245,0.2312925170068027,0.0534962284233421,0.7346938775510204,0.5397750937109538,0.6870748299319728,0.4720718219260493,0.1156462585034013,0.0133740571058355,0.1836734693877551,0.0337359433569346,0.4081632653061224,0.1665972511453561,0.6666666666666666,0.4444444444444444,0.8435374149659864,0.7115553704474988
COVID-19,USOIL,1117,0,0.8299319727891157,0.6887870794576334,0.0612244897959183,0.0037484381507705,0.1088435374149659,0.011846915637003,0.5306122448979592,0.2815493544356518,0.2585034013605442,0.0668240085149706,0.0408163265306122,0.0016659725114535,0.4829931972789115,0.2332824286177055,0.7346938775510204,0.5397750937109538,0.8639455782312925,0.7464019621454023
COVID-19,USOIL,1118,0,0.9523809523809524,0.9070294784580498,0.3741496598639456,0.1399879679763062,0.0340136054421768,0.001156925355176,0.9523809523809524,0.9070294784580498,0.2993197278911564,0.0895922995048359,0.4421768707482993,0.1955203850247582,0.6598639455782312,0.4354204266740709,0.9251700680272108,0.8559396547734741,0.8571428571428571,0.7346938775510203
COVID-19,USOIL,1119,0,0.7142857142857143,0.5102040816326531,0.3265306122448979,0.1066222407330278,0.0680272108843537,0.0046277014207043,0.9591836734693876,0.920033319450229,0.2653061224489796,0.0703873386089129,0.2312925170068027,0.0534962284233421,0.6870748299319728,0.4720718219260493,0.891156462585034,0.7941598408070711,0.9047619047619048,0.8185941043083901
COVID-19,USOIL,1120,0,0.8435374149659864,0.7115553704474988,0.2585034013605442,0.0668240085149706,0.4557823129251701,0.2077375167754176,0.9659863945578232,0.9331297144708224,0.3129251700680272,0.0979221620621037,0.3197278911564626,0.1022259243833588,0.6802721088435374,0.4627701420704336,0.9047619047619048,0.8185941043083901,0.9659863945578232,0.9331297144708224
COVID-19,USOIL,1121,0,0.8503401360544217,0.7230783469850525,0.2857142857142857,0.0816326530612244,0.0476190476190476,0.0022675736961451,0.9319727891156464,0.8685732796519969,0.3537414965986394,0.1251330464158452,0.3741496598639456,0.1399879679763062,0.7210884353741497,0.5199685316303393,0.9455782312925172,0.8941181914942848,0.9591836734693876,0.920033319450229
COVID-19,USOIL,1122,0,0.9251700680272108,0.8559396547734741,0.1632653061224489,0.0266555601832569,0.0884353741496598,0.0078208154009903,0.7755102040816326,0.6014160766347355,0.2176870748299319,0.0473876625480123,0.1564625850340136,0.0244805405155259,0.7346938775510204,0.5397750937109538,0.8979591836734694,0.8063306955435235,0.979591836734694,0.9596001665972512
COVID-19,USOIL,1123,0,0.9319727891156464,0.8685732796519969,0.1564625850340136,0.0244805405155259,0.1156462585034013,0.0133740571058355,0.9455782312925172,0.8941181914942848,0.4897959183673469,0.2399000416493127,0.3061224489795918,0.0937109537692628,0.7278911564625851,0.5298255356564395,0.8707482993197279,0.7582026007681983,0.9387755102040816,0.8812994585589339
COVID-19,USOIL,1124,0,0.8639455782312925,0.7464019621454023,0.3061224489795918,0.0937109537692628,0.3197278911564626,0.1022259243833588,0.6530612244897959,0.4264889629321115,0.2517006802721088,0.0633532324494423,0.3469387755102041,0.1203665139525197,0.7142857142857143,0.5102040816326531,0.8231292517006803,0.6775417650053219,0.9183673469387756,0.8433985839233653
COVID-19,USOIL,1125,0,0.8707482993197279,0.7582026007681983,0.1904761904761904,0.0362811791383219,0.1700680272108843,0.0289231338794021,0.9183673469387756,0.8433985839233653,0.4217687074829932,0.1778888426118747,0.3265306122448979,0.1066222407330278,0.7551020408163265,0.5701790920449812,0.91156462585034,0.8309500671016706,0.8979591836734694,0.8063306955435235
COVID-19,USOIL,1126,0,0.9387755102040816,0.8812994585589339,0.2653061224489796,0.0703873386089129,0.5306122448979592,0.2815493544356518,0.8095238095238095,0.655328798185941,0.1972789115646258,0.0389189689481234,0.2789115646258503,0.0777916608820398,0.7414965986394558,0.5498172057938823,0.8367346938775511,0.7001249479383591,0.9251700680272108,0.8559396547734741
COVID-19,USOIL,1127,0,0.8571428571428571,0.7346938775510203,0.4965986394557823,0.246610208709334,0.4149659863945578,0.1721967698644083,0.8639455782312925,0.7464019621454023,0.3605442176870748,0.1299921329075848,0.1088435374149659,0.011846915637003,0.6394557823129252,0.4089036975334352,0.8843537414965986,0.7820815400990327,0.7891156462585034,0.6227035031699755
COVID-19,USOIL,1128,0,0.91156462585034,0.8309500671016706,0.3197278911564626,0.1022259243833588,0.0612244897959183,0.0037484381507705,0.6598639455782312,0.4354204266740709,0.238095238095238,0.0566893424036281,0.0544217687074829,0.0029617289092507,0.564625850340136,0.3188023508723216,0.8639455782312925,0.7464019621454023,0.8367346938775511,0.7001249479383591
COVID-19,GOLD,982,0,0.1836734693877551,0.0337359433569346,0.4829931972789115,0.2332824286177055,0.8367346938775511,0.7001249479383591,0.1836734693877551,0.0337359433569346,0.5918367346938775,0.3502707205331112,0.9659863945578232,0.9331297144708224,0.564625850340136,0.3188023508723216,0.1564625850340136,0.0244805405155259,0.2176870748299319,0.0473876625480123
COVID-19,GOLD,983,0,0.2176870748299319,0.0473876625480123,0.3333333333333333,0.1111111111111111,0.8231292517006803,0.6775417650053219,0.0612244897959183,0.0037484381507705,0.3605442176870748,0.1299921329075848,0.8027210884353742,0.6443611458188717,0.5306122448979592,0.2815493544356518,0.2244897959183673,0.0503956684714702,0.238095238095238,0.0566893424036281
COVID-19,GOLD,984,0,0.1564625850340136,0.0244805405155259,0.1156462585034013,0.0133740571058355,0.8163265306122449,0.6663890045814245,0.1496598639455782,0.0223980748762089,0.3877551020408163,0.1503540191586838,0.7551020408163265,0.5701790920449812,0.5102040816326531,0.2603082049146189,0.1904761904761904,0.0362811791383219,0.2653061224489796,0.0703873386089129
COVID-19,GOLD,985,0,0.1020408163265306,0.0104123281965847,0.0952380952380952,0.0090702947845804,0.7959183673469388,0.6334860474802165,0.1428571428571428,0.0204081632653061,0.2585034013605442,0.0668240085149706,0.7142857142857143,0.5102040816326531,0.5374149659863946,0.2888148456661576,0.1768707482993197,0.0312832616039613,0.2857142857142857,0.0816326530612244
COVID-19,GOLD,986,0,0.1632653061224489,0.0266555601832569,0.0816326530612244,0.0066638900458142,0.7278911564625851,0.5298255356564395,0.1088435374149659,0.011846915637003,0.1292517006802721,0.0167060021287426,0.673469387755102,0.453561016243232,0.5782312925170068,0.3343514276458882,0.1428571428571428,0.0204081632653061,0.3129251700680272,0.0979221620621037
COVID-19,GOLD,987,0,0.1292517006802721,0.0167060021287426,0.1224489795918367,0.014993752603082,0.7346938775510204,0.5397750937109538,0.0068027210884353,4.627701420704336e-05,0.238095238095238,0.0566893424036281,0.6938775510204082,0.4814660558100791,0.6462585034013606,0.4176500532185664,0.2312925170068027,0.0534962284233421,0.3333333333333333,0.1111111111111111
COVID-19,GOLD,988,0,0.1156462585034013,0.0133740571058355,0.0884353741496598,0.0078208154009903,0.6054421768707483,0.3665602295339905,0.0136054421768707,0.0001851080568281,0.2312925170068027,0.0534962284233421,0.5918367346938775,0.3502707205331112,0.4081632653061224,0.1665972511453561,0.238095238095238,0.0566893424036281,0.3537414965986394,0.1251330464158452
COVID-19,GOLD,989,0,0.1428571428571428,0.0204081632653061,0.1496598639455782,0.0223980748762089,0.4285714285714285,0.183673469387755,0.1632653061224489,0.0266555601832569,0.2040816326530612,0.041649312786339,0.5238095238095238,0.2743764172335601,0.3605442176870748,0.1299921329075848,0.2925170068027211,0.0855661992688231,0.3197278911564626,0.1022259243833588
COVID-19,GOLD,990,0,0.1904761904761904,0.0362811791383219,0.1700680272108843,0.0289231338794021,0.1564625850340136,0.0244805405155259,0.0680272108843537,0.0046277014207043,0.1428571428571428,0.0204081632653061,0.564625850340136,0.3188023508723216,0.2993197278911564,0.0895922995048359,0.2653061224489796,0.0703873386089129,0.3265306122448979,0.1066222407330278
COVID-19,GOLD,991,0,0.1972789115646258,0.0389189689481234,0.1292517006802721,0.0167060021287426,0.2312925170068027,0.0534962284233421,0.2312925170068027,0.0534962284233421,0.0816326530612244,0.0066638900458142,0.2312925170068027,0.0534962284233421,0.2448979591836734,0.0599750104123281,0.2040816326530612,0.041649312786339,0.3945578231292517,0.1556758757924938
COVID-19,GOLD,992,0,0.2108843537414966,0.0444722106529686,0.2176870748299319,0.0473876625480123,0.6394557823129252,0.4089036975334352,0.3537414965986394,0.1251330464158452,0.1088435374149659,0.011846915637003,0.2585034013605442,0.0668240085149706,0.2789115646258503,0.0777916608820398,0.2448979591836734,0.0599750104123281,0.3809523809523809,0.1451247165532879
COVID-19,GOLD,993,0,0.2925170068027211,0.0855661992688231,0.238095238095238,0.0566893424036281,0.7006802721088435,0.490952843722523,0.3061224489795918,0.0937109537692628,0.2653061224489796,0.0703873386089129,0.3673469387755102,0.1349437734277384,0.3061224489795918,0.0937109537692628,0.2993197278911564,0.0895922995048359,0.3673469387755102,0.1349437734277384
COVID-19,GOLD,994,0,0.3197278911564626,0.1022259243833588,0.2925170068027211,0.0855661992688231,0.6462585034013606,0.4176500532185664,0.1768707482993197,0.0312832616039613,0.2789115646258503,0.0777916608820398,0.1768707482993197,0.0312832616039613,0.2585034013605442,0.0668240085149706,0.3401360544217687,0.1156925355176084,0.4081632653061224,0.1665972511453561
COVID-19,GOLD,995,0,0.2789115646258503,0.0777916608820398,0.2857142857142857,0.0816326530612244,0.5102040816326531,0.2603082049146189,0.3265306122448979,0.1066222407330278,0.1156462585034013,0.0133740571058355,0.1360544217687075,0.0185108056828173,0.2244897959183673,0.0503956684714702,0.3197278911564626,0.1022259243833588,0.4353741496598639,0.1895506501920495
COVID-19,GOLD,996,0,0.3061224489795918,0.0937109537692628,0.3197278911564626,0.1022259243833588,0.6530612244897959,0.4264889629321115,0.3333333333333333,0.1111111111111111,0.1224489795918367,0.014993752603082,0.0476190476190476,0.0022675736961451,0.1632653061224489,0.0266555601832569,0.3741496598639456,0.1399879679763062,0.4217687074829932,0.1778888426118747
COVID-19,GOLD,997,0,0.272108843537415,0.0740432227312694,0.3265306122448979,0.1066222407330278,0.5850340136054422,0.3422647970752926,0.4149659863945578,0.1721967698644083,0.3061224489795918,0.0937109537692628,0.0544217687074829,0.0029617289092507,0.1700680272108843,0.0289231338794021,0.3605442176870748,0.1299921329075848,0.4693877551020408,0.2203248646397334
COVID-19,GOLD,998,0,0.3401360544217687,0.1156925355176084,0.2108843537414966,0.0444722106529686,0.3333333333333333,0.1111111111111111,0.6054421768707483,0.3665602295339905,0.1496598639455782,0.0223980748762089,0.0952380952380952,0.0090702947845804,0.2517006802721088,0.0633532324494423,0.4285714285714285,0.183673469387755,0.6802721088435374,0.4627701420704336
COVID-19,GOLD,999,0,0.5170068027210885,0.2672960340598825,0.1972789115646258,0.0389189689481234,0.0272108843537414,0.0007404322273126,0.3877551020408163,0.1503540191586838,0.2176870748299319,0.0473876625480123,0.1496598639455782,0.0223980748762089,0.3809523809523809,0.1451247165532879,0.5034013605442177,0.2534129297977694,0.782312925170068,0.6120135128881484
COVID-19,GOLD,1000,0,0.5306122448979592,0.2815493544356518,0.2448979591836734,0.0599750104123281,0.0136054421768707,0.0001851080568281,0.564625850340136,0.3188023508723216,0.2517006802721088,0.0633532324494423,0.1428571428571428,0.0204081632653061,0.5034013605442177,0.2534129297977694,0.6190476190476191,0.3832199546485261,0.8299319727891157,0.6887870794576334
COVID-19,GOLD,1001,0,0.5782312925170068,0.3343514276458882,0.3061224489795918,0.0937109537692628,0.3197278911564626,0.1022259243833588,0.6394557823129252,0.4089036975334352,0.2244897959183673,0.0503956684714702,0.238095238095238,0.0566893424036281,0.3877551020408163,0.1503540191586838,0.5714285714285714,0.3265306122448979,0.8503401360544217,0.7230783469850525
COVID-19,GOLD,1002,0,0.6122448979591837,0.3748438150770512,0.3877551020408163,0.1503540191586838,0.3129251700680272,0.0979221620621037,0.5714285714285714,0.3265306122448979,0.3401360544217687,0.1156925355176084,0.2857142857142857,0.0816326530612244,0.54421768707483,0.2961728909250776,0.6394557823129252,0.4089036975334352,0.8639455782312925,0.7464019621454023
COVID-19,GOLD,1003,0,0.3605442176870748,0.1299921329075848,0.2653061224489796,0.0703873386089129,0.2585034013605442,0.0668240085149706,0.4761904761904761,0.2267573696145124,0.0952380952380952,0.0090702947845804,0.0136054421768707,0.0001851080568281,0.3945578231292517,0.1556758757924938,0.3537414965986394,0.1251330464158452,0.9931972789115646,0.9864408348373362
COVID-19,GOLD,1004,0,0.564625850340136,0.3188023508723216,0.8027210884353742,0.6443611458188717,0.9523809523809524,0.9070294784580498,0.3741496598639456,0.1399879679763062,0.8163265306122449,0.6663890045814245,0.5578231292517006,0.3111666435281595,0.0544217687074829,0.0029617289092507,0.4829931972789115,0.2332824286177055,0.0816326530612244,0.0066638900458142
COVID-19,GOLD,1005,1,0.2244897959183673,0.6014160766347355,0.8639455782312925,0.0185108056828173,0.91156462585034,0.0078208154009903,0.4013605442176871,0.3583691980193438,0.891156462585034,0.0118469156370031,0.4625850340136054,0.2888148456661575,0.0068027210884353,0.9864408348373362,0.3877551020408163,0.3748438150770512,0.0408163265306122,0.920033319450229
COVID-19,GOLD,1006,1,0.1496598639455782,0.7230783469850526,0.8571428571428571,0.0204081632653061,0.9727891156462584,0.0007404322273126,0.1972789115646258,0.6443611458188717,0.9659863945578232,0.001156925355176,0.7006802721088435,0.0895922995048359,0.2040816326530612,0.6334860474802165,0.2585034013605442,0.549817205793882,0.0136054421768707,0.9729742237030866
COVID-19,GOLD,1007,1,0.0612244897959183,0.8812994585589339,0.9183673469387756,0.0066638900458142,0.9931972789115646,4.627701420704346e-05,0.272108843537415,0.5298255356564393,0.9931972789115646,4.627701420704346e-05,0.9047619047619048,0.0090702947845804,0.8163265306122449,0.0337359433569346,0.3265306122448979,0.4535610162432321,0.0068027210884353,0.9864408348373362
COVID-19,GOLD,1008,1,0.0816326530612244,0.8433985839233653,0.91156462585034,0.0078208154009903,0.9863945578231292,0.0001851080568281,0.3129251700680272,0.4720718219260493,0.979591836734694,0.0004164931278633,0.7891156462585034,0.0444722106529686,0.6530612244897959,0.1203665139525198,0.3061224489795918,0.4814660558100791,0.0204081632653061,0.9596001665972512
COVID-19,GOLD,1009,1,0.0680272108843537,0.8685732796519969,0.8775510204081632,0.014993752603082,0.979591836734694,0.0004164931278633,0.1020408163265306,0.8063306955435235,0.9591836734693876,0.0016659725114535,0.9319727891156464,0.0046277014207043,0.4557823129251701,0.2961728909250774,0.2857142857142857,0.5102040816326531,0.0272108843537414,0.9463186635198296
COVID-19,GOLD,1010,1,0.1224489795918367,0.7700957934194085,0.8503401360544217,0.022398074876209,0.9659863945578232,0.001156925355176,0.2517006802721088,0.5599518719052246,0.9251700680272108,0.0055995187190522,0.9251700680272108,0.0055995187190522,0.4013605442176871,0.3583691980193438,0.2176870748299319,0.6120135128881484,0.0544217687074829,0.8941181914942848
COVID-19,GOLD,1011,1,0.6530612244897959,0.1203665139525198,0.8707482993197279,0.0167060021287426,0.9251700680272108,0.0055995187190522,0.6462585034013606,0.1251330464158452,0.9387755102040816,0.0037484381507705,0.891156462585034,0.0118469156370031,0.9251700680272108,0.0055995187190522,0.5238095238095238,0.2267573696145124,0.0612244897959183,0.8812994585589339
COVID-19,GOLD,1012,1,0.8843537414965986,0.0133740571058355,0.979591836734694,0.0004164931278633,0.9319727891156464,0.0046277014207043,0.5306122448979592,0.2203248646397334,0.9863945578231292,0.0001851080568281,0.9863945578231292,0.0001851080568281,0.9931972789115646,4.627701420704346e-05,0.6054421768707483,0.1556758757924938,0.0340136054421768,0.9331297144708224
COVID-19,GOLD,1013,1,0.7687074829931972,0.0534962284233421,0.9727891156462584,0.0007404322273126,0.8707482993197279,0.0167060021287426,0.5170068027210885,0.2332824286177055,0.9727891156462584,0.0007404322273126,0.9931972789115646,4.627701420704346e-05,0.9863945578231292,0.0001851080568281,0.7210884353741497,0.0777916608820398,0.0748299319727891,0.8559396547734741
COVID-19,GOLD,1014,1,0.7278911564625851,0.0740432227312693,0.9591836734693876,0.0016659725114535,0.9455782312925172,0.0029617289092507,0.5510204081632653,0.2015826738858809,0.9523809523809524,0.0022675736961451,0.9727891156462584,0.0007404322273126,0.979591836734694,0.0004164931278633,0.6462585034013606,0.1251330464158452,0.1020408163265306,0.8063306955435235
COVID-19,GOLD,1015,1,0.6190476190476191,0.1451247165532879,0.8231292517006803,0.0312832616039613,0.7142857142857143,0.0816326530612244,0.7891156462585034,0.0444722106529686,0.9455782312925172,0.0029617289092507,0.979591836734694,0.0004164931278633,0.9727891156462584,0.0007404322273126,0.7482993197278912,0.0633532324494423,0.1496598639455782,0.7230783469850526
COVID-19,GOLD,1016,1,0.6326530612244898,0.1349437734277384,0.7346938775510204,0.0703873386089129,0.7482993197278912,0.0633532324494423,0.8299319727891157,0.028923133879402,0.9319727891156464,0.0046277014207043,0.9523809523809524,0.0022675736961451,0.9591836734693876,0.0016659725114535,0.7006802721088435,0.0895922995048359,0.1700680272108843,0.6887870794576334
COVID-19,GOLD,1017,1,0.6666666666666666,0.1111111111111111,0.6530612244897959,0.1203665139525198,0.6326530612244898,0.1349437734277384,0.6530612244897959,0.1203665139525198,0.8435374149659864,0.0244805405155259,0.9455782312925172,0.0029617289092507,0.9523809523809524,0.0022675736961451,0.7142857142857143,0.0816326530612244,0.1972789115646258,0.6443611458188717
COVID-19,GOLD,1018,1,0.6258503401360545,0.1399879679763061,0.5918367346938775,0.1665972511453561,0.6870748299319728,0.0979221620621037,0.7482993197278912,0.0633532324494423,0.6802721088435374,0.1022259243833588,0.91156462585034,0.0078208154009903,0.9455782312925172,0.0029617289092507,0.673469387755102,0.1066222407330279,0.2108843537414966,0.6227035031699755
COVID-19,GOLD,1019,1,0.7210884353741497,0.0777916608820398,0.4489795918367347,0.3036234902124114,0.5714285714285714,0.1836734693877551,0.7755102040816326,0.0503956684714702,0.5578231292517006,0.1955203850247582,0.8775510204081632,0.014993752603082,0.9319727891156464,0.0046277014207043,0.7619047619047619,0.0566893424036281,0.2244897959183673,0.6014160766347355
COVID-19,GOLD,1020,1,0.7619047619047619,0.0566893424036281,0.5034013605442177,0.246610208709334,0.5238095238095238,0.2267573696145124,0.6666666666666666,0.1111111111111111,0.8027210884353742,0.0389189689481234,0.8979591836734694,0.0104123281965847,0.9659863945578232,0.001156925355176,0.891156462585034,0.0118469156370031,0.2312925170068027,0.5909111944097366
COVID-19,GOLD,1021,1,0.7482993197278912,0.0633532324494423,0.3469387755102041,0.4264889629321117,0.0340136054421768,0.9331297144708224,0.7210884353741497,0.0777916608820398,0.4353741496598639,0.3188023508723216,0.4421768707482993,0.3111666435281595,0.3333333333333333,0.4444444444444445,0.7755102040816326,0.0503956684714702,0.5578231292517006,0.1955203850247582
COVID-19,GOLD,1022,1,0.6394557823129252,0.1299921329075847,0.4081632653061224,0.3502707205331112,0.4829931972789115,0.2672960340598825,0.6938775510204082,0.0937109537692628,0.3129251700680272,0.4720718219260493,0.5102040816326531,0.2399000416493127,0.5510204081632653,0.2015826738858809,0.6666666666666666,0.1111111111111111,0.8027210884353742,0.0389189689481234
COVID-19,GOLD,1023,1,0.6938775510204082,0.0937109537692628,0.54421768707483,0.2077375167754176,0.1700680272108843,0.6887870794576334,0.5850340136054422,0.1721967698644083,0.4693877551020408,0.2815493544356517,0.5714285714285714,0.1836734693877551,0.6326530612244898,0.1349437734277384,0.6598639455782312,0.1156925355176084,0.7346938775510204,0.0703873386089129
COVID-19,GOLD,1024,1,0.7074829931972789,0.0855661992688231,0.7006802721088435,0.0895922995048359,0.4965986394557823,0.2534129297977694,0.7142857142857143,0.0816326530612244,0.6530612244897959,0.1203665139525198,0.6190476190476191,0.1451247165532879,0.7414965986394558,0.0668240085149705,0.6326530612244898,0.1349437734277384,0.7142857142857143,0.0816326530612244
COVID-19,GOLD,1025,1,0.6462585034013606,0.1251330464158452,0.8163265306122449,0.0337359433569346,0.564625850340136,0.1895506501920496,0.6190476190476191,0.1451247165532879,0.6190476190476191,0.1451247165532879,0.7278911564625851,0.0740432227312693,0.7959183673469388,0.041649312786339,0.7074829931972789,0.0855661992688231,0.6190476190476191,0.1451247165532879
COVID-19,GOLD,1026,1,0.7006802721088435,0.0895922995048359,0.9251700680272108,0.0055995187190522,0.4557823129251701,0.2961728909250774,0.7006802721088435,0.0895922995048359,0.782312925170068,0.0473876625480124,0.7619047619047619,0.0566893424036281,0.8367346938775511,0.0266555601832569,0.6530612244897959,0.1203665139525198,0.5102040816326531,0.2399000416493127
COVID-19,GOLD,1027,1,0.7346938775510204,0.0703873386089129,0.9319727891156464,0.0046277014207043,0.9387755102040816,0.0037484381507705,0.4081632653061224,0.3502707205331112,0.7619047619047619,0.0566893424036281,0.7482993197278912,0.0633532324494423,0.8299319727891157,0.028923133879402,0.7278911564625851,0.0740432227312693,0.5170068027210885,0.2332824286177055
COVID-19,GOLD,1028,1,0.8979591836734694,0.0104123281965847,0.9387755102040816,0.0037484381507705,0.8979591836734694,0.0104123281965847,0.7687074829931972,0.0534962284233421,0.7959183673469388,0.041649312786339,0.8163265306122449,0.0337359433569346,0.9047619047619048,0.0090702947845804,0.8979591836734694,0.0104123281965847,0.4489795918367347,0.3036234902124114
COVID-19,GOLD,1029,1,0.9183673469387756,0.0066638900458142,0.9047619047619048,0.0090702947845804,0.9591836734693876,0.0016659725114535,0.7619047619047619,0.0566893424036281,0.8775510204081632,0.014993752603082,0.8299319727891157,0.028923133879402,0.891156462585034,0.0118469156370031,0.9183673469387756,0.0066638900458142,0.4285714285714285,0.3265306122448979
COVID-19,GOLD,1030,1,0.9727891156462584,0.0007404322273126,0.9523809523809524,0.0022675736961451,0.7210884353741497,0.0777916608820398,0.9591836734693876,0.0016659725114535,0.8707482993197279,0.0167060021287426,0.8435374149659864,0.0244805405155259,0.8979591836734694,0.0104123281965847,0.9251700680272108,0.0055995187190522,0.3741496598639456,0.391688648248415
COVID-19,GOLD,1031,1,0.9863945578231292,0.0001851080568281,0.9455782312925172,0.0029617289092507,0.2040816326530612,0.6334860474802165,0.9319727891156464,0.0046277014207043,0.8979591836734694,0.0104123281965847,0.8707482993197279,0.0167060021287426,0.8843537414965986,0.0133740571058355,0.9455782312925172,0.0029617289092507,0.3469387755102041,0.4264889629321117
COVID-19,GOLD,1032,1,0.9455782312925172,0.0029617289092507,0.8979591836734694,0.0104123281965847,0.1020408163265306,0.8063306955435235,0.8707482993197279,0.0167060021287426,0.91156462585034,0.0078208154009903,0.8503401360544217,0.022398074876209,0.8707482993197279,0.0167060021287426,0.9387755102040816,0.0037484381507705,0.3061224489795918,0.4814660558100791
COVID-19,GOLD,1033,1,0.9387755102040816,0.0037484381507705,0.891156462585034,0.0118469156370031,0.2925170068027211,0.500532185663381,0.8435374149659864,0.0244805405155259,0.8095238095238095,0.0362811791383219,0.8095238095238095,0.0362811791383219,0.8775510204081632,0.014993752603082,0.9863945578231292,0.0001851080568281,0.2925170068027211,0.500532185663381
COVID-19,GOLD,1034,1,0.9659863945578232,0.001156925355176,0.8435374149659864,0.0244805405155259,0.4693877551020408,0.2815493544356517,0.9659863945578232,0.001156925355176,0.8231292517006803,0.0312832616039613,0.7755102040816326,0.0503956684714702,0.8639455782312925,0.0185108056828173,0.979591836734694,0.0004164931278633,0.2993197278911564,0.490952843722523
COVID-19,GOLD,1035,1,0.9931972789115646,4.627701420704346e-05,0.8367346938775511,0.0266555601832569,0.272108843537415,0.5298255356564393,0.9387755102040816,0.0037484381507705,0.9183673469387756,0.0066638900458142,0.7687074829931972,0.0534962284233421,0.8503401360544217,0.022398074876209,0.9659863945578232,0.001156925355176,0.2789115646258503,0.5199685316303393
COVID-19,GOLD,1036,1,0.979591836734694,0.0004164931278633,0.8843537414965986,0.0133740571058355,0.5578231292517006,0.1955203850247582,0.6870748299319728,0.0979221620621037,0.8571428571428571,0.0204081632653061,0.782312925170068,0.0473876625480124,0.8435374149659864,0.0244805405155259,0.9591836734693876,0.0016659725114535,0.272108843537415,0.5298255356564393
COVID-19,GOLD,1037,1,0.9591836734693876,0.0016659725114535,0.9659863945578232,0.001156925355176,0.1156462585034013,0.7820815400990327,0.9727891156462584,0.0007404322273126,0.8843537414965986,0.0133740571058355,0.8231292517006803,0.0312832616039613,0.91156462585034,0.0078208154009903,0.9931972789115646,4.627701420704346e-05,0.2585034013605442,0.549817205793882
COVID-19,GOLD,1038,1,0.9523809523809524,0.0022675736961451,0.9863945578231292,0.0001851080568281,0.1836734693877551,0.6663890045814245,0.8775510204081632,0.014993752603082,0.9047619047619048,0.0090702947845804,0.8843537414965986,0.0133740571058355,0.9387755102040816,0.0037484381507705,0.9727891156462584,0.0007404322273126,0.2448979591836734,0.5701790920449812
COVID-19,GOLD,1039,1,0.9251700680272108,0.0055995187190522,0.9931972789115646,4.627701420704346e-05,0.4625850340136054,0.2888148456661575,0.9931972789115646,4.627701420704346e-05,0.8639455782312925,0.0185108056828173,0.8639455782312925,0.0185108056828173,0.9183673469387756,0.0066638900458142,0.9523809523809524,0.0022675736961451,0.2517006802721088,0.5599518719052246
COVID-19,GOLD,1040,1,0.3945578231292517,0.3665602295339905,0.7687074829931972,0.0534962284233421,0.8027210884353742,0.0389189689481234,0.4897959183673469,0.2603082049146189,0.5986394557823129,0.1610902864547179,0.7074829931972789,0.0855661992688231,0.8571428571428571,0.0204081632653061,0.5918367346938775,0.1665972511453561,0.9523809523809524,0.0022675736961451
COVID-19,GOLD,1041,1,0.3741496598639456,0.391688648248415,0.7755102040816326,0.0503956684714702,0.9183673469387756,0.0066638900458142,0.3809523809523809,0.3832199546485261,0.5102040816326531,0.2399000416493127,0.6530612244897959,0.1203665139525198,0.8231292517006803,0.0312832616039613,0.6258503401360545,0.1399879679763061,0.8367346938775511,0.0266555601832569
COVID-19,GOLD,1042,1,0.3469387755102041,0.4264889629321117,0.7891156462585034,0.0444722106529686,0.7074829931972789,0.0855661992688231,0.4217687074829932,0.3343514276458882,0.5034013605442177,0.246610208709334,0.7414965986394558,0.0668240085149705,0.7551020408163265,0.0599750104123282,0.564625850340136,0.1895506501920496,0.7278911564625851,0.0740432227312693
COVID-19,GOLD,1043,1,0.3537414965986394,0.4176500532185664,0.7074829931972789,0.0855661992688231,0.5306122448979592,0.2203248646397334,0.4965986394557823,0.2534129297977694,0.6326530612244898,0.1349437734277384,0.6666666666666666,0.1111111111111111,0.782312925170068,0.0473876625480124,0.54421768707483,0.2077375167754176,0.7755102040816326,0.0503956684714702
COVID-19,GOLD,1044,1,0.3809523809523809,0.3832199546485261,0.6462585034013606,0.1251330464158452,0.4217687074829932,0.3343514276458882,0.2857142857142857,0.5102040816326531,0.5238095238095238,0.2267573696145124,0.6598639455782312,0.1156925355176084,0.7755102040816326,0.0503956684714702,0.4965986394557823,0.2534129297977694,0.7959183673469388,0.041649312786339
COVID-19,GOLD,1045,1,0.4217687074829932,0.3343514276458882,0.4693877551020408,0.2815493544356517,0.3605442176870748,0.4089036975334352,0.673469387755102,0.1066222407330279,0.4421768707482993,0.3111666435281595,0.6122448979591837,0.1503540191586838,0.7619047619047619,0.0566893424036281,0.5306122448979592,0.2203248646397334,0.7891156462585034,0.0444722106529686
COVID-19,GOLD,1046,1,0.4081632653061224,0.3502707205331112,0.3809523809523809,0.3832199546485261,0.3061224489795918,0.4814660558100791,0.5918367346938775,0.1665972511453561,0.4625850340136054,0.2888148456661575,0.6054421768707483,0.1556758757924938,0.7346938775510204,0.0703873386089129,0.6122448979591837,0.1503540191586838,0.7687074829931972,0.0534962284233421
COVID-19,GOLD,1047,1,0.4353741496598639,0.3188023508723216,0.3129251700680272,0.4720718219260493,0.0476190476190476,0.9070294784580498,0.4557823129251701,0.2961728909250774,0.5170068027210885,0.2332824286177055,0.5510204081632653,0.2015826738858809,0.7210884353741497,0.0777916608820398,0.5510204081632653,0.2015826738858809,0.7619047619047619,0.0566893424036281
COVID-19,GOLD,1048,1,0.4625850340136054,0.2888148456661575,0.272108843537415,0.5298255356564393,0.0068027210884353,0.9864408348373362,0.4829931972789115,0.2672960340598825,0.3265306122448979,0.4535610162432321,0.5306122448979592,0.2203248646397334,0.6190476190476191,0.1451247165532879,0.4217687074829932,0.3343514276458882,0.7210884353741497,0.0777916608820398
COVID-19,GOLD,1049,1,0.4693877551020408,0.2815493544356517,0.2312925170068027,0.5909111944097366,0.0612244897959183,0.8812994585589339,0.5986394557823129,0.1610902864547179,0.4013605442176871,0.3583691980193438,0.4013605442176871,0.3583691980193438,0.5578231292517006,0.1955203850247582,0.5170068027210885,0.2332824286177055,0.6666666666666666,0.1111111111111111
COVID-19,GOLD,1050,1,0.5374149659863946,0.2139849136933684,0.1904761904761904,0.655328798185941,0.3265306122448979,0.4535610162432321,0.3673469387755102,0.400249895876718,0.1700680272108843,0.6887870794576334,0.3265306122448979,0.4535610162432321,0.4421768707482993,0.3111666435281595,0.4421768707482993,0.3111666435281595,0.5986394557823129,0.1610902864547179
COVID-19,GOLD,1051,1,0.4149659863945578,0.3422647970752926,0.1768707482993197,0.6775417650053219,0.1768707482993197,0.6775417650053219,0.5578231292517006,0.1955203850247582,0.1972789115646258,0.6443611458188717,0.2993197278911564,0.490952843722523,0.3537414965986394,0.4176500532185664,0.3809523809523809,0.3832199546485261,0.5306122448979592,0.2203248646397334
COVID-19,GOLD,1052,1,0.4013605442176871,0.3583691980193438,0.1836734693877551,0.6663890045814245,0.6938775510204082,0.0937109537692628,0.5782312925170068,0.1778888426118747,0.1768707482993197,0.6775417650053219,0.2789115646258503,0.5199685316303393,0.2925170068027211,0.500532185663381,0.3673469387755102,0.400249895876718,0.4761904761904761,0.2743764172335601
COVID-19,GOLD,1053,1,0.4489795918367347,0.3036234902124114,0.1428571428571428,0.7346938775510206,0.1972789115646258,0.6443611458188717,0.4489795918367347,0.3036234902124114,0.3197278911564626,0.4627701420704336,0.1904761904761904,0.655328798185941,0.238095238095238,0.5804988662131518,0.4013605442176871,0.3583691980193438,0.4965986394557823,0.2534129297977694
COVID-19,GOLD,1054,1,0.4557823129251701,0.2961728909250774,0.1632653061224489,0.7001249479383591,0.4897959183673469,0.2603082049146189,0.2993197278911564,0.490952843722523,0.1564625850340136,0.7115553704474988,0.1632653061224489,0.7001249479383591,0.2108843537414966,0.6227035031699755,0.4353741496598639,0.3188023508723216,0.5782312925170068,0.1778888426118747
COVID-19,GOLD,1055,1,0.5578231292517006,0.1955203850247582,0.2244897959183673,0.6014160766347355,0.0680272108843537,0.8685732796519969,0.3197278911564626,0.4627701420704336,0.2108843537414966,0.6227035031699755,0.1088435374149659,0.7941598408070711,0.1496598639455782,0.7230783469850526,0.4489795918367347,0.3036234902124114,0.5510204081632653,0.2015826738858809
COVID-19,GOLD,1056,1,0.3877551020408163,0.3748438150770512,0.2517006802721088,0.5599518719052246,0.3469387755102041,0.4264889629321117,0.2176870748299319,0.6120135128881484,0.1904761904761904,0.655328798185941,0.2176870748299319,0.6120135128881484,0.1156462585034013,0.7820815400990327,0.4081632653061224,0.3502707205331112,0.5850340136054422,0.1721967698644083
COVID-19,GOLD,1057,1,0.3265306122448979,0.4535610162432321,0.3537414965986394,0.4176500532185664,0.673469387755102,0.1066222407330279,0.4693877551020408,0.2815493544356517,0.2448979591836734,0.5701790920449812,0.2108843537414966,0.6227035031699755,0.1020408163265306,0.8063306955435235,0.4149659863945578,0.3422647970752926,0.6394557823129252,0.1299921329075847
COVID-19,GOLD,1058,1,0.5034013605442177,0.246610208709334,0.1564625850340136,0.7115553704474988,0.238095238095238,0.5804988662131518,0.5238095238095238,0.2267573696145124,0.272108843537415,0.5298255356564393,0.0748299319727891,0.8559396547734741,0.3469387755102041,0.4264889629321117,0.4693877551020408,0.2815493544356517,0.8775510204081632,0.014993752603082
COVID-19,GOLD,1059,1,0.5238095238095238,0.2267573696145124,0.2040816326530612,0.6334860474802165,0.0748299319727891,0.8559396547734741,0.4421768707482993,0.3111666435281595,0.3537414965986394,0.4176500532185664,0.1224489795918367,0.7700957934194085,0.4625850340136054,0.2888148456661575,0.5102040816326531,0.2399000416493127,0.8979591836734694,0.0104123281965847
COVID-19,GOLD,1060,1,0.5102040816326531,0.2399000416493127,0.2993197278911564,0.490952843722523,0.3809523809523809,0.3832199546485261,0.5034013605442177,0.246610208709334,0.4081632653061224,0.3502707205331112,0.1972789115646258,0.6443611458188717,0.4149659863945578,0.3422647970752926,0.4625850340136054,0.2888148456661575,0.891156462585034,0.0118469156370031
COVID-19,GOLD,1061,1,0.5510204081632653,0.2015826738858809,0.4353741496598639,0.3188023508723216,0.0544217687074829,0.8941181914942848,0.54421768707483,0.2077375167754176,0.564625850340136,0.1895506501920496,0.1156462585034013,0.7820815400990327,0.4217687074829932,0.3343514276458882,0.4897959183673469,0.2603082049146189,0.9183673469387756,0.0066638900458142
COVID-19,GOLD,1062,1,0.6054421768707483,0.1556758757924938,0.4897959183673469,0.2603082049146189,0.4149659863945578,0.3422647970752926,0.5374149659863946,0.2139849136933684,0.3809523809523809,0.3832199546485261,0.1292517006802721,0.7582026007681983,0.3673469387755102,0.400249895876718,0.4761904761904761,0.2743764172335601,0.9047619047619048,0.0090702947845804
COVID-19,GOLD,1063,1,0.5850340136054422,0.1721967698644083,0.4557823129251701,0.2961728909250774,0.0204081632653061,0.9596001665972512,0.6326530612244898,0.1349437734277384,0.3333333333333333,0.4444444444444445,0.0884353741496598,0.8309500671016706,0.3265306122448979,0.4535610162432321,0.4557823129251701,0.2961728909250774,0.91156462585034,0.0078208154009903
COVID-19,GOLD,1064,1,0.5918367346938775,0.1665972511453561,0.5374149659863946,0.2139849136933684,0.1904761904761904,0.655328798185941,0.3605442176870748,0.4089036975334352,0.4217687074829932,0.3343514276458882,0.1700680272108843,0.6887870794576334,0.2857142857142857,0.5102040816326531,0.5578231292517006,0.1955203850247582,0.8435374149659864,0.0244805405155259
COVID-19,GOLD,1065,1,0.4829931972789115,0.2672960340598825,0.6326530612244898,0.1349437734277384,0.0884353741496598,0.8309500671016706,0.6258503401360545,0.1399879679763061,0.3673469387755102,0.400249895876718,0.4149659863945578,0.3422647970752926,0.3401360544217687,0.4354204266740711,0.5850340136054422,0.1721967698644083,0.8095238095238095,0.0362811791383219
COVID-19,GOLD,1066,1,0.6598639455782312,0.1156925355176084,0.5510204081632653,0.2015826738858809,0.3673469387755102,0.400249895876718,0.7346938775510204,0.0703873386089129,0.4897959183673469,0.2603082049146189,0.1836734693877551,0.6663890045814245,0.8027210884353742,0.0389189689481234,0.6870748299319728,0.0979221620621037,0.9727891156462584,0.0007404322273126
COVID-19,GOLD,1067,1,0.6802721088435374,0.1022259243833588,0.5238095238095238,0.2267573696145124,0.4761904761904761,0.2743764172335601,0.8027210884353742,0.0389189689481234,0.5374149659863946,0.2139849136933684,0.2448979591836734,0.5701790920449812,0.7891156462585034,0.0444722106529686,0.7414965986394558,0.0668240085149705,0.979591836734694,0.0004164931278633
COVID-19,GOLD,1068,1,0.9319727891156464,0.0046277014207043,0.7551020408163265,0.0599750104123282,0.1224489795918367,0.7700957934194085,0.9047619047619048,0.0090702947845804,0.7482993197278912,0.0633532324494423,0.5850340136054422,0.1721967698644083,0.8095238095238095,0.0362811791383219,0.9319727891156464,0.0046277014207043,0.6326530612244898,0.1349437734277384
COVID-19,GOLD,1069,1,0.891156462585034,0.0118469156370031,0.7278911564625851,0.0740432227312693,0.1360544217687075,0.7464019621454023,0.8979591836734694,0.0104123281965847,0.6598639455782312,0.1156925355176084,0.54421768707483,0.2077375167754176,0.7687074829931972,0.0534962284233421,0.91156462585034,0.0078208154009903,0.7482993197278912,0.0633532324494423
COVID-19,GOLD,1070,1,0.782312925170068,0.0473876625480124,0.6394557823129252,0.1299921329075847,0.4421768707482993,0.3111666435281595,0.7278911564625851,0.0740432227312693,0.6394557823129252,0.1299921329075847,0.4897959183673469,0.2603082049146189,0.6870748299319728,0.0979221620621037,0.8707482993197279,0.0167060021287426,0.8231292517006803,0.0312832616039613
COVID-19,GOLD,1071,1,0.7414965986394558,0.0668240085149705,0.8095238095238095,0.0362811791383219,0.6802721088435374,0.1022259243833588,0.979591836734694,0.0004164931278633,0.7346938775510204,0.0703873386089129,0.7210884353741497,0.0777916608820398,0.7006802721088435,0.0895922995048359,0.8843537414965986,0.0133740571058355,0.4829931972789115,0.2672960340598825
COVID-19,GOLD,1072,1,0.8163265306122449,0.0337359433569346,0.7959183673469388,0.041649312786339,0.1292517006802721,0.7582026007681983,0.8571428571428571,0.0204081632653061,0.7687074829931972,0.0534962284233421,0.6802721088435374,0.1022259243833588,0.6666666666666666,0.1111111111111111,0.8503401360544217,0.022398074876209,0.4013605442176871,0.3583691980193438
COVID-19,GOLD,1073,1,0.8503401360544217,0.022398074876209,0.8299319727891157,0.028923133879402,0.3877551020408163,0.3748438150770512,0.7414965986394558,0.0668240085149705,0.7142857142857143,0.0816326530612244,0.6258503401360545,0.1399879679763061,0.4897959183673469,0.2603082049146189,0.8299319727891157,0.028923133879402,0.3401360544217687,0.4354204266740711
COVID-19,GOLD,1074,1,0.7959183673469388,0.041649312786339,0.782312925170068,0.0473876625480124,0.0408163265306122,0.920033319450229,0.9251700680272108,0.0055995187190522,0.7551020408163265,0.0599750104123282,0.5986394557823129,0.1610902864547179,0.5714285714285714,0.1836734693877551,0.8775510204081632,0.014993752603082,0.4897959183673469,0.2603082049146189
COVID-19,GOLD,1075,1,0.8775510204081632,0.014993752603082,0.7619047619047619,0.0566893424036281,0.1428571428571428,0.7346938775510206,0.8503401360544217,0.022398074876209,0.7074829931972789,0.0855661992688231,0.5034013605442177,0.246610208709334,0.5238095238095238,0.2267573696145124,0.8639455782312925,0.0185108056828173,0.5034013605442177,0.246610208709334
COVID-19,GOLD,1076,1,0.8639455782312925,0.0185108056828173,0.6802721088435374,0.1022259243833588,0.0816326530612244,0.8433985839233653,0.7074829931972789,0.0855661992688231,0.6122448979591837,0.1503540191586838,0.4557823129251701,0.2961728909250774,0.5170068027210885,0.2332824286177055,0.7891156462585034,0.0444722106529686,0.5374149659863946,0.2139849136933684
COVID-19,GOLD,1077,1,0.8435374149659864,0.0244805405155259,0.6598639455782312,0.1156925355176084,0.2176870748299319,0.6120135128881484,0.8843537414965986,0.0133740571058355,0.673469387755102,0.1066222407330279,0.4965986394557823,0.2534129297977694,0.5918367346938775,0.1665972511453561,0.8231292517006803,0.0312832616039613,0.5714285714285714,0.1836734693877551
COVID-19,GOLD,1078,0,0.91156462585034,0.8309500671016706,0.6258503401360545,0.391688648248415,0.1496598639455782,0.0223980748762089,0.9523809523809524,0.9070294784580498,0.5782312925170068,0.3343514276458882,0.4693877551020408,0.2203248646397334,0.6598639455782312,0.4354204266740709,0.9047619047619048,0.8185941043083901,0.673469387755102,0.453561016243232
COVID-19,GOLD,1079,0,0.7755102040816326,0.6014160766347355,0.5850340136054422,0.3422647970752926,0.0952380952380952,0.0090702947845804,0.8231292517006803,0.6775417650053219,0.6870748299319728,0.4720718219260493,0.5170068027210885,0.2672960340598825,0.6054421768707483,0.3665602295339905,0.8163265306122449,0.6663890045814245,0.7551020408163265,0.5701790920449812
COVID-19,GOLD,1080,0,0.8027210884353742,0.6443611458188717,0.7142857142857143,0.5102040816326531,0.2653061224489796,0.0703873386089129,0.8095238095238095,0.655328798185941,0.7006802721088435,0.490952843722523,0.5374149659863946,0.2888148456661576,0.5986394557823129,0.3583691980193438,0.8571428571428571,0.7346938775510203,0.6462585034013606,0.4176500532185664
COVID-19,GOLD,1081,0,0.8231292517006803,0.6775417650053219,0.7482993197278912,0.5599518719052248,0.2789115646258503,0.0777916608820398,0.8367346938775511,0.7001249479383591,0.7414965986394558,0.5498172057938823,0.4761904761904761,0.2267573696145124,0.4693877551020408,0.2203248646397334,0.8367346938775511,0.7001249479383591,0.54421768707483,0.2961728909250776
COVID-19,GOLD,1082,0,0.6870748299319728,0.4720718219260493,0.7414965986394558,0.5498172057938823,0.54421768707483,0.2961728909250776,0.9183673469387756,0.8433985839233653,0.4965986394557823,0.246610208709334,0.4489795918367347,0.2015826738858809,0.3197278911564626,0.1022259243833588,0.782312925170068,0.6120135128881484,0.4625850340136054,0.2139849136933685
COVID-19,GOLD,1083,0,0.7891156462585034,0.6227035031699755,0.6938775510204082,0.4814660558100791,0.2448979591836734,0.0599750104123281,0.7959183673469388,0.6334860474802165,0.5850340136054422,0.3422647970752926,0.4353741496598639,0.1895506501920495,0.4829931972789115,0.2332824286177055,0.8095238095238095,0.655328798185941,0.6122448979591837,0.3748438150770512
COVID-19,GOLD,1084,0,0.8571428571428571,0.7346938775510203,0.7210884353741497,0.5199685316303393,0.1088435374149659,0.011846915637003,0.91156462585034,0.8309500671016706,0.6054421768707483,0.3665602295339905,0.4081632653061224,0.1665972511453561,0.6394557823129252,0.4089036975334352,0.8027210884353742,0.6443611458188717,0.6870748299319728,0.4720718219260493
COVID-19,GOLD,1085,0,0.8707482993197279,0.7582026007681983,0.6666666666666666,0.4444444444444444,0.2857142857142857,0.0816326530612244,0.7551020408163265,0.5701790920449812,0.7210884353741497,0.5199685316303393,0.3945578231292517,0.1556758757924938,0.6258503401360545,0.391688648248415,0.8435374149659864,0.7115553704474988,0.7414965986394558,0.5498172057938823
COVID-19,GOLD,1086,0,0.9047619047619048,0.8185941043083901,0.6054421768707483,0.3665602295339905,0.2108843537414966,0.0444722106529686,0.9863945578231292,0.9729742237030866,0.3741496598639456,0.1399879679763062,0.3401360544217687,0.1156925355176084,0.673469387755102,0.453561016243232,0.7687074829931972,0.5909111944097366,0.8571428571428571,0.7346938775510203
COVID-19,GOLD,1087,0,0.8367346938775511,0.7001249479383591,0.4965986394557823,0.246610208709334,0.9047619047619048,0.8185941043083901,0.9455782312925172,0.8941181914942848,0.4761904761904761,0.2267573696145124,0.3605442176870748,0.1299921329075848,0.7278911564625851,0.5298255356564395,0.7959183673469388,0.6334860474802165,0.9455782312925172,0.8941181914942848
COVID-19,GOLD,1088,0,0.8095238095238095,0.655328798185941,0.6122448979591837,0.3748438150770512,0.1632653061224489,0.0266555601832569,0.8639455782312925,0.7464019621454023,0.5306122448979592,0.2815493544356518,0.3809523809523809,0.1451247165532879,0.7482993197278912,0.5599518719052248,0.6938775510204082,0.4814660558100791,0.9659863945578232,0.9331297144708224
COVID-19,GOLD,1089,0,0.8299319727891157,0.6887870794576334,0.6190476190476191,0.3832199546485261,0.5986394557823129,0.3583691980193438,0.8163265306122449,0.6663890045814245,0.4149659863945578,0.1721967698644083,0.3197278911564626,0.1022259243833588,0.7142857142857143,0.5102040816326531,0.7346938775510204,0.5397750937109538,0.9591836734693876,0.920033319450229
COVID-19,GOLD,1090,0,0.7551020408163265,0.5701790920449812,0.4285714285714285,0.183673469387755,0.2244897959183673,0.0503956684714702,0.891156462585034,0.7941598408070711,0.4285714285714285,0.183673469387755,0.3877551020408163,0.1503540191586838,0.7074829931972789,0.500532185663381,0.7551020408163265,0.5701790920449812,0.9863945578231292,0.9729742237030866
COVID-19,GOLD,1091,0,0.7142857142857143,0.5102040816326531,0.5578231292517006,0.3111666435281595,0.5782312925170068,0.3343514276458882,0.4285714285714285,0.183673469387755,0.5510204081632653,0.3036234902124114,0.2925170068027211,0.0855661992688231,0.272108843537415,0.0740432227312694,0.5986394557823129,0.3583691980193438,0.8163265306122449,0.6663890045814245
COVID-19,GOLD,1092,0,0.673469387755102,0.453561016243232,0.5986394557823129,0.3583691980193438,0.2517006802721088,0.0633532324494423,0.6802721088435374,0.4627701420704336,0.4489795918367347,0.2015826738858809,0.3741496598639456,0.1399879679763062,0.3129251700680272,0.0979221620621037,0.6802721088435374,0.4627701420704336,0.8707482993197279,0.7582026007681983
COVID-19,GOLD,1093,0,0.5986394557823129,0.3583691980193438,0.4625850340136054,0.2139849136933685,0.7551020408163265,0.5701790920449812,0.6598639455782312,0.4354204266740709,0.2925170068027211,0.0855661992688231,0.3469387755102041,0.1203665139525197,0.4285714285714285,0.183673469387755,0.5782312925170068,0.3343514276458882,0.9387755102040816,0.8812994585589339
COVID-19,GOLD,1094,0,0.5714285714285714,0.3265306122448979,0.4421768707482993,0.1955203850247582,0.6258503401360545,0.391688648248415,0.782312925170068,0.6120135128881484,0.2857142857142857,0.0816326530612244,0.4285714285714285,0.183673469387755,0.4489795918367347,0.2015826738858809,0.5374149659863946,0.2888148456661576,0.9319727891156464,0.8685732796519969
COVID-19,GOLD,1095,0,0.54421768707483,0.2961728909250776,0.4149659863945578,0.1721967698644083,0.4013605442176871,0.1610902864547179,0.6122448979591837,0.3748438150770512,0.3469387755102041,0.1203665139525197,0.4217687074829932,0.1778888426118747,0.4353741496598639,0.1895506501920495,0.3945578231292517,0.1556758757924938,0.8843537414965986,0.7820815400990327
COVID-19,GOLD,1096,0,0.3333333333333333,0.1111111111111111,0.564625850340136,0.3188023508723216,0.6122448979591837,0.3748438150770512,0.3401360544217687,0.1156925355176084,0.2993197278911564,0.0895922995048359,0.3333333333333333,0.1111111111111111,0.1428571428571428,0.0204081632653061,0.3333333333333333,0.1111111111111111,0.7006802721088435,0.490952843722523
COVID-19,GOLD,1097,0,0.4965986394557823,0.246610208709334,0.5306122448979592,0.2815493544356518,0.7414965986394558,0.5498172057938823,0.4353741496598639,0.1895506501920495,0.1632653061224489,0.0266555601832569,0.272108843537415,0.0740432227312694,0.1292517006802721,0.0167060021287426,0.3129251700680272,0.0979221620621037,0.6938775510204082,0.4814660558100791
COVID-19,GOLD,1098,0,0.4285714285714285,0.183673469387755,0.2585034013605442,0.0668240085149706,0.4489795918367347,0.2015826738858809,0.4625850340136054,0.2139849136933685,0.1836734693877551,0.0337359433569346,0.2517006802721088,0.0633532324494423,0.1564625850340136,0.0244805405155259,0.3469387755102041,0.1203665139525197,0.7074829931972789,0.500532185663381
COVID-19,GOLD,1099,0,0.4421768707482993,0.1955203850247582,0.1020408163265306,0.0104123281965847,0.4353741496598639,0.1895506501920495,0.1292517006802721,0.0167060021287426,0.0748299319727891,0.0055995187190522,0.2653061224489796,0.0703873386089129,0.1224489795918367,0.014993752603082,0.272108843537415,0.0740432227312694,0.6530612244897959,0.4264889629321115
COVID-19,GOLD,1100,0,0.3129251700680272,0.0979221620621037,0.0748299319727891,0.0055995187190522,0.7687074829931972,0.5909111944097366,0.2108843537414966,0.0444722106529686,0.0680272108843537,0.0046277014207043,0.3129251700680272,0.0979221620621037,0.0476190476190476,0.0022675736961451,0.1700680272108843,0.0289231338794021,0.4421768707482993,0.1955203850247582
COVID-19,GOLD,1101,0,0.238095238095238,0.0566893424036281,0.0680272108843537,0.0046277014207043,0.5510204081632653,0.3036234902124114,0.0952380952380952,0.0090702947845804,0.1020408163265306,0.0104123281965847,0.0340136054421768,0.001156925355176,0.0408163265306122,0.0016659725114535,0.1360544217687075,0.0185108056828173,0.3605442176870748,0.1299921329075848
COVID-19,GOLD,1102,0,0.2517006802721088,0.0633532324494423,0.0408163265306122,0.0016659725114535,0.8095238095238095,0.655328798185941,0.2925170068027211,0.0855661992688231,0.0544217687074829,0.0029617289092507,0.0408163265306122,0.0016659725114535,0.0816326530612244,0.0066638900458142,0.1836734693877551,0.0337359433569346,0.4149659863945578,0.1721967698644083
COVID-19,GOLD,1103,0,0.1768707482993197,0.0312832616039613,0.0136054421768707,0.0001851080568281,0.3401360544217687,0.1156925355176084,0.2040816326530612,0.041649312786339,0.0612244897959183,0.0037484381507705,0.1020408163265306,0.0104123281965847,0.0952380952380952,0.0090702947845804,0.1156462585034013,0.0133740571058355,0.564625850340136,0.3188023508723216
COVID-19,GOLD,1104,0,0.2857142857142857,0.0816326530612244,0.0068027210884353,4.627701420704336e-05,0.2993197278911564,0.0895922995048359,0.1700680272108843,0.0289231338794021,0.0476190476190476,0.0022675736961451,0.0272108843537414,0.0007404322273126,0.1088435374149659,0.011846915637003,0.1972789115646258,0.0389189689481234,0.6258503401360545,0.391688648248415
COVID-19,GOLD,1105,0,0.2653061224489796,0.0703873386089129,0.0204081632653061,0.0004164931278633,0.3741496598639456,0.1399879679763062,0.3469387755102041,0.1203665139525197,0.0408163265306122,0.0016659725114535,0.0612244897959183,0.0037484381507705,0.1360544217687075,0.0185108056828173,0.2108843537414966,0.0444722106529686,0.6598639455782312,0.4354204266740709
COVID-19,GOLD,1106,0,0.2448979591836734,0.0599750104123281,0.0272108843537414,0.0007404322273126,0.5374149659863946,0.2888148456661576,0.5102040816326531,0.2603082049146189,0.0136054421768707,0.0001851080568281,0.0680272108843537,0.0046277014207043,0.1768707482993197,0.0312832616039613,0.1088435374149659,0.011846915637003,0.6054421768707483,0.3665602295339905
COVID-19,GOLD,1107,0,0.2993197278911564,0.0895922995048359,0.0340136054421768,0.001156925355176,0.3945578231292517,0.1556758757924938,0.2244897959183673,0.0503956684714702,0.0340136054421768,0.001156925355176,0.0816326530612244,0.0066638900458142,0.1904761904761904,0.0362811791383219,0.0816326530612244,0.0066638900458142,0.5918367346938775,0.3502707205331112
COVID-19,GOLD,1108,0,0.1700680272108843,0.0289231338794021,0.0544217687074829,0.0029617289092507,0.3537414965986394,0.1251330464158452,0.2448979591836734,0.0599750104123281,0.0272108843537414,0.0007404322273126,0.2244897959183673,0.0503956684714702,0.2176870748299319,0.0473876625480123,0.0068027210884353,4.627701420704336e-05,0.5238095238095238,0.2743764172335601
COVID-19,GOLD,1109,0,0.2040816326530612,0.041649312786339,0.0612244897959183,0.0037484381507705,0.5918367346938775,0.3502707205331112,0.0476190476190476,0.0022675736961451,0.0204081632653061,0.0004164931278633,0.2040816326530612,0.041649312786339,0.2312925170068027,0.0534962284233421,0.0340136054421768,0.001156925355176,0.4557823129251701,0.2077375167754176
COVID-19,GOLD,1110,0,0.0952380952380952,0.0090702947845804,0.0476190476190476,0.0022675736961451,0.8571428571428571,0.7346938775510203,0.238095238095238,0.0566893424036281,0.0068027210884353,4.627701420704336e-05,0.0068027210884353,4.627701420704336e-05,0.1836734693877551,0.0337359433569346,0.0136054421768707,0.0001851080568281,0.9251700680272108,0.8559396547734741
COVID-19,GOLD,1111,0,0.1088435374149659,0.011846915637003,0.1088435374149659,0.011846915637003,0.5170068027210885,0.2672960340598825,0.1904761904761904,0.0362811791383219,0.0884353741496598,0.0078208154009903,0.0204081632653061,0.0004164931278633,0.1972789115646258,0.0389189689481234,0.0476190476190476,0.0022675736961451,0.3877551020408163,0.1503540191586838
COVID-19,GOLD,1112,0,0.0884353741496598,0.0078208154009903,0.3741496598639456,0.1399879679763062,0.782312925170068,0.6120135128881484,0.2789115646258503,0.0777916608820398,0.5714285714285714,0.3265306122448979,0.1564625850340136,0.0244805405155259,0.0884353741496598,0.0078208154009903,0.0952380952380952,0.0090702947845804,0.1224489795918367,0.014993752603082
COVID-19,GOLD,1113,0,0.0340136054421768,0.001156925355176,0.3605442176870748,0.1299921329075848,0.6598639455782312,0.4354204266740709,0.0748299319727891,0.0055995187190522,0.4829931972789115,0.2332824286177055,0.3061224489795918,0.0937109537692628,0.0204081632653061,0.0004164931278633,0.0884353741496598,0.0078208154009903,0.1292517006802721,0.0167060021287426
COVID-19,GOLD,1114,0,0.2312925170068027,0.0534962284233421,0.5714285714285714,0.3265306122448979,0.8775510204081632,0.7700957934194085,0.0884353741496598,0.0078208154009903,0.8503401360544217,0.7230783469850525,0.3537414965986394,0.1251330464158452,0.0340136054421768,0.001156925355176,0.1224489795918367,0.014993752603082,0.0476190476190476,0.0022675736961451
COVID-19,GOLD,1115,0,0.2585034013605442,0.0668240085149706,0.4013605442176871,0.1610902864547179,0.8503401360544217,0.7230783469850525,0.0816326530612244,0.0066638900458142,0.7278911564625851,0.5298255356564395,0.4829931972789115,0.2332824286177055,0.0272108843537414,0.0007404322273126,0.1632653061224489,0.0266555601832569,0.0680272108843537,0.0046277014207043
COVID-19,GOLD,1116,0,0.1360544217687075,0.0185108056828173,0.3673469387755102,0.1349437734277384,0.7755102040816326,0.6014160766347355,0.1156462585034013,0.0133740571058355,0.54421768707483,0.2961728909250776,0.5782312925170068,0.3343514276458882,0.0136054421768707,0.0001851080568281,0.1292517006802721,0.0167060021287426,0.0884353741496598,0.0078208154009903
COVID-19,GOLD,1117,0,0.0408163265306122,0.0016659725114535,0.3401360544217687,0.1156925355176084,0.6666666666666666,0.4444444444444444,0.1224489795918367,0.014993752603082,0.4557823129251701,0.2077375167754176,0.6394557823129252,0.4089036975334352,0.0612244897959183,0.0037484381507705,0.1020408163265306,0.0104123281965847,0.1156462585034013,0.0133740571058355
COVID-19,GOLD,1118,0,0.0272108843537414,0.0007404322273126,0.2789115646258503,0.0777916608820398,0.5034013605442177,0.2534129297977694,0.2585034013605442,0.0668240085149706,0.3945578231292517,0.1556758757924938,0.6326530612244898,0.400249895876718,0.0748299319727891,0.0055995187190522,0.0748299319727891,0.0055995187190522,0.1564625850340136,0.0244805405155259
COVID-19,GOLD,1119,0,0.0068027210884353,4.627701420704336e-05,0.1360544217687075,0.0185108056828173,0.4081632653061224,0.1665972511453561,0.1564625850340136,0.0244805405155259,0.1360544217687075,0.0185108056828173,0.6462585034013606,0.4176500532185664,0.0680272108843537,0.0046277014207043,0.0544217687074829,0.0029617289092507,0.1632653061224489,0.0266555601832569
COVID-19,GOLD,1120,0,0.0204081632653061,0.0004164931278633,0.3945578231292517,0.1556758757924938,0.8435374149659864,0.7115553704474988,0.0204081632653061,0.0004164931278633,0.6938775510204082,0.4814660558100791,0.8367346938775511,0.7001249479383591,0.2653061224489796,0.0703873386089129,0.0204081632653061,0.0004164931278633,0.1428571428571428,0.0204081632653061
COVID-19,GOLD,1121,0,0.0748299319727891,0.0055995187190522,0.673469387755102,0.453561016243232,0.8843537414965986,0.7820815400990327,0.0544217687074829,0.0029617289092507,0.8299319727891157,0.6887870794576334,0.9591836734693876,0.920033319450229,0.4965986394557823,0.246610208709334,0.0408163265306122,0.0016659725114535,0.1088435374149659,0.011846915637003
COVID-19,GOLD,1122,0,0.0476190476190476,0.0022675736961451,0.6870748299319728,0.4720718219260493,0.891156462585034,0.7941598408070711,0.0272108843537414,0.0007404322273126,0.8367346938775511,0.7001249479383591,0.9387755102040816,0.8812994585589339,0.5850340136054422,0.3422647970752926,0.0680272108843537,0.0046277014207043,0.0952380952380952,0.0090702947845804
COVID-19,GOLD,1123,0,0.0544217687074829,0.0029617289092507,0.5782312925170068,0.3343514276458882,0.8299319727891157,0.6887870794576334,0.0408163265306122,0.0016659725114535,0.7755102040816326,0.6014160766347355,0.8571428571428571,0.7346938775510203,0.4761904761904761,0.2267573696145124,0.0612244897959183,0.0037484381507705,0.1360544217687075,0.0185108056828173
COVID-19,GOLD,1124,0,0.0136054421768707,0.0001851080568281,0.4217687074829932,0.1778888426118747,0.8639455782312925,0.7464019621454023,0.0340136054421768,0.001156925355176,0.6258503401360545,0.391688648248415,0.7959183673469388,0.6334860474802165,0.3741496598639456,0.1399879679763062,0.0272108843537414,0.0007404322273126,0.1836734693877551,0.0337359433569346
COVID-19,GOLD,1125,0,0.3673469387755102,0.1349437734277384,0.5170068027210885,0.2672960340598825,0.7891156462585034,0.6227035031699755,0.1360544217687075,0.0185108056828173,0.7891156462585034,0.6227035031699755,0.9183673469387756,0.8433985839233653,0.6802721088435374,0.4627701420704336,0.1496598639455782,0.0223980748762089,0.1768707482993197,0.0312832616039613
COVID-19,GOLD,1126,0,0.4761904761904761,0.2267573696145124,0.5102040816326531,0.2603082049146189,0.7619047619047619,0.5804988662131518,0.3945578231292517,0.1556758757924938,0.6666666666666666,0.4444444444444444,0.7346938775510204,0.5397750937109538,0.6938775510204082,0.4814660558100791,0.2517006802721088,0.0633532324494423,0.1904761904761904,0.0362811791383219
COVID-19,GOLD,1127,0,0.4897959183673469,0.2399000416493127,0.4761904761904761,0.2267573696145124,0.6190476190476191,0.3832199546485261,0.2653061224489796,0.0703873386089129,0.6462585034013606,0.4176500532185664,0.6870748299319728,0.4720718219260493,0.6122448979591837,0.3748438150770512,0.2789115646258503,0.0777916608820398,0.2040816326530612,0.041649312786339
COVID-19,EURUSD,1018,0,0.8431372549019608,0.7108804306036139,0.2287581699346405,0.0523303003118458,0.2156862745098039,0.0465205690119185,0.8235294117647058,0.6782006920415224,0.1045751633986928,0.0109359647998633,0.0522875816993464,0.0027339911999658,0.2287581699346405,0.0523303003118458,0.7647058823529411,0.5847750865051903,0.8954248366013072,0.8017856380024777
COVID-19,EURUSD,1019,0,0.9803921568627452,0.9611687812379852,0.6535947712418301,0.4271861249946602,0.1437908496732026,0.0206758084497415,0.803921568627451,0.6462898885044214,0.7973856209150327,0.6358238284420523,0.6143790849673203,0.3774616600452817,0.8431372549019608,0.7108804306036139,0.9869281045751634,0.9740270836003248,0.3006535947712418,0.09039258404887
COVID-19,EURUSD,1020,0,0.8627450980392157,0.744329104190696,0.7712418300653595,0.5948139604425648,0.392156862745098,0.1537870049980776,0.9215686274509804,0.8492887351018837,0.7908496732026143,0.6254432056046819,0.5359477124183006,0.2872399504464095,0.7516339869281046,0.5649536503054381,0.9281045751633988,0.8613781024392329,0.3594771241830065,0.1292238028108847
COVID-19,EURUSD,1021,0,0.9084967320261438,0.8253663121021829,0.7843137254901961,0.6151480199923106,0.2091503267973856,0.0437438591994532,0.9607843137254902,0.9231064975009612,0.7124183006535948,0.5075398351061557,0.4836601307189542,0.2339271220470759,0.6993464052287581,0.4890853945063864,0.8954248366013072,0.8017856380024777,0.4248366013071895,0.1804861378102439
COVID-19,EURUSD,1022,0,0.9869281045751634,0.9740270836003248,0.8169934640522876,0.6674783203041565,0.0915032679738562,0.0083728480498953,0.8823529411764706,0.7785467128027681,0.6601307189542484,0.4357725661070528,0.5163398692810458,0.2666068606091675,0.6797385620915033,0.4620445127942245,0.8562091503267973,0.7330941091033363,0.4444444444444444,0.1975308641975308
COVID-19,EURUSD,1023,0,0.9934640522875816,0.9869708231876628,0.7908496732026143,0.6254432056046819,0.2026143790849673,0.0410525866119868,0.9477124183006536,0.898158827801273,0.6535947712418301,0.4271861249946602,0.5490196078431373,0.3014225297962323,0.6339869281045751,0.4019394250074757,0.8431372549019608,0.7108804306036139,0.4183006535947712,0.1749754367978128
COVID-19,EURUSD,1024,0,0.9738562091503268,0.948395916100645,0.8562091503267973,0.7330941091033363,0.1633986928104575,0.0266991328121662,0.954248366013072,0.9105899440386176,0.7647058823529411,0.5847750865051903,0.7058823529411765,0.4982698961937717,0.6928104575163399,0.4799863300440001,0.8627450980392157,0.744329104190696,0.3398692810457516,0.1155111281985561
COVID-19,EURUSD,1025,0,0.9281045751633988,0.8613781024392329,0.9869281045751634,0.9740270836003248,0.6405228758169934,0.4102695544448715,0.9934640522875816,0.9869708231876628,0.9215686274509804,0.8492887351018837,0.9803921568627452,0.9611687812379852,0.9869281045751634,0.9740270836003248,0.915032679738562,0.8372848049895338,0.2156862745098039,0.0465205690119185
COVID-19,EURUSD,1026,0,0.915032679738562,0.8372848049895338,0.7189542483660131,0.5168952112435388,0.0718954248366013,0.0051689521124353,0.8431372549019608,0.7108804306036139,0.4967320261437908,0.2467427057969157,0.4640522875816993,0.2153445256098082,0.3071895424836601,0.0943654150113204,0.869281045751634,0.7556495365030544,0.5294117647058824,0.2802768166089965
COVID-19,EURUSD,1027,0,0.9019607843137256,0.8135332564398309,0.2875816993464052,0.0827032337989662,0.6078431372549019,0.3694732795078815,0.4705882352941176,0.2214532871972318,0.1633986928104575,0.0266991328121662,0.1241830065359477,0.0154214191123072,0.2156862745098039,0.0465205690119185,0.6601307189542484,0.4357725661070528,0.9215686274509804,0.8492887351018837
COVID-19,EURUSD,1028,0,0.8562091503267973,0.7330941091033363,0.3137254901960784,0.0984236831987697,0.6143790849673203,0.3774616600452817,0.8627450980392157,0.744329104190696,0.1437908496732026,0.0206758084497415,0.2483660130718954,0.0616856764492289,0.1764705882352941,0.0311418685121107,0.5816993464052288,0.3383741296082703,0.9019607843137256,0.8135332564398309
COVID-19,EURUSD,1029,0,0.8366013071895425,0.6999017471912513,0.3529411764705882,0.1245674740484429,0.2222222222222222,0.0493827160493827,0.6928104575163399,0.4799863300440001,0.2875816993464052,0.0827032337989662,0.326797385620915,0.106796531248665,0.3137254901960784,0.0984236831987697,0.5555555555555556,0.308641975308642,0.8888888888888888,0.7901234567901234
COVID-19,EURUSD,1030,0,0.7973856209150327,0.6358238284420523,0.3660130718954248,0.1339655687983254,0.2745098039215686,0.075355632449058,0.738562091503268,0.5454739630056816,0.5359477124183006,0.2872399504464095,0.3529411764705882,0.1245674740484429,0.4379084967320261,0.1917638515101029,0.6013071895424836,0.3615703361954803,0.8235294117647058,0.6782006920415224
COVID-19,EURUSD,1031,0,0.6601307189542484,0.4357725661070528,0.2549019607843137,0.0649750096116878,0.4117647058823529,0.1695501730103806,0.673202614379085,0.453201760006835,0.4248366013071895,0.1804861378102439,0.4379084967320261,0.1917638515101029,0.4967320261437908,0.2467427057969157,0.6535947712418301,0.4271861249946602,0.6143790849673203,0.3774616600452817
COVID-19,EURUSD,1032,0,0.5947712418300654,0.353752830108078,0.196078431372549,0.0384467512495194,0.5816993464052288,0.3383741296082703,0.6862745098039216,0.4709727028066128,0.4379084967320261,0.1917638515101029,0.3464052287581699,0.119996582511,0.5294117647058824,0.2802768166089965,0.7450980392156863,0.5551710880430604,0.5882352941176471,0.3460207612456747
COVID-19,EURUSD,1033,0,0.7124183006535948,0.5075398351061557,0.2091503267973856,0.0437438591994532,0.6797385620915033,0.4620445127942245,0.7843137254901961,0.6151480199923106,0.5882352941176471,0.3460207612456747,0.4183006535947712,0.1749754367978128,0.5032679738562091,0.253278653509334,0.7516339869281046,0.5649536503054381,0.5163398692810458,0.2666068606091675
COVID-19,EURUSD,1034,0,0.5359477124183006,0.2872399504464095,0.2352941176470588,0.0553633217993079,0.4901960784313725,0.2402921953094963,0.7908496732026143,0.6254432056046819,0.4052287581699346,0.1642103464479473,0.3856209150326797,0.1487034901106412,0.4836601307189542,0.2339271220470759,0.738562091503268,0.5454739630056816,0.477124183006536,0.2276474860096544
COVID-19,EURUSD,1035,0,0.803921568627451,0.6462898885044214,0.1503267973856209,0.0225981460122175,0.3986928104575163,0.158955957110513,0.326797385620915,0.106796531248665,0.3660130718954248,0.1339655687983254,0.2287581699346405,0.0523303003118458,0.3202614379084967,0.1025673886112178,0.5032679738562091,0.253278653509334,0.6274509803921569,0.3936947327950788
COVID-19,EURUSD,1036,0,0.738562091503268,0.5454739630056816,0.130718954248366,0.0170874449997864,0.4379084967320261,0.1917638515101029,0.5751633986928104,0.3308129351958648,0.2222222222222222,0.0493827160493827,0.0980392156862745,0.0096116878123798,0.196078431372549,0.0384467512495194,0.477124183006536,0.2276474860096544,0.8562091503267973,0.7330941091033363
COVID-19,EURUSD,1037,0,0.5228758169934641,0.2733991199965825,0.0784313725490196,0.0061514801999231,0.477124183006536,0.2276474860096544,0.5032679738562091,0.253278653509334,0.0588235294117647,0.0034602076124567,0.0588235294117647,0.0034602076124567,0.1045751633986928,0.0109359647998633,0.3790849673202614,0.1437054124482036,0.915032679738562,0.8372848049895338
COVID-19,EURUSD,1038,0,0.4248366013071895,0.1804861378102439,0.0849673202614379,0.0072194455124097,0.4836601307189542,0.2339271220470759,0.1111111111111111,0.0123456790123456,0.0261437908496732,0.0006834977999914,0.0130718954248366,0.0001708744499978,0.1176470588235294,0.0138408304498269,0.2549019607843137,0.0649750096116878,0.9477124183006536,0.898158827801273
COVID-19,EURUSD,1039,0,0.5490196078431373,0.3014225297962323,0.1111111111111111,0.0123456790123456,0.5098039215686274,0.2599000384467512,0.196078431372549,0.0384467512495194,0.0326797385620915,0.0010679653124866,0.0392156862745098,0.0015378700499807,0.1372549019607843,0.0188389081122645,0.326797385620915,0.106796531248665,0.9281045751633988,0.8613781024392329
COVID-19,EURUSD,1040,0,0.5424836601307189,0.2942885215088213,0.1045751633986928,0.0109359647998633,0.4444444444444444,0.1975308641975308,0.1437908496732026,0.0206758084497415,0.0130718954248366,0.0001708744499978,0.0261437908496732,0.0006834977999914,0.1699346405228758,0.028877782049639,0.2287581699346405,0.0523303003118458,0.9673202614379084,0.9357084881883037
COVID-19,EURUSD,1041,0,0.5686274509803921,0.3233371780084582,0.0130718954248366,0.0001708744499978,0.5163398692810458,0.2666068606091675,0.0261437908496732,0.0006834977999914,0.0065359477124183,4.271861249946602e-05,0.0065359477124183,4.271861249946602e-05,0.1437908496732026,0.0206758084497415,0.1241830065359477,0.0154214191123072,0.9869281045751634,0.9740270836003248
COVID-19,EURUSD,1042,0,0.673202614379085,0.453201760006835,0.0196078431372549,0.0003844675124951,0.261437908496732,0.0683497799991456,0.0326797385620915,0.0010679653124866,0.0392156862745098,0.0015378700499807,0.0326797385620915,0.0010679653124866,0.1111111111111111,0.0123456790123456,0.1633986928104575,0.0266991328121662,0.9411764705882352,0.8858131487889274
COVID-19,EURUSD,1043,0,0.6209150326797386,0.3855354778076808,0.0261437908496732,0.0006834977999914,0.3071895424836601,0.0943654150113204,0.3529411764705882,0.1245674740484429,0.0457516339869281,0.0020932120124738,0.0457516339869281,0.0020932120124738,0.1633986928104575,0.0266991328121662,0.1503267973856209,0.0225981460122175,0.934640522875817,0.8735529070015806
COVID-19,EURUSD,1044,0,0.457516339869281,0.2093212012473834,0.0065359477124183,4.271861249946602e-05,0.3660130718954248,0.1339655687983254,0.1568627450980392,0.0246059207996924,0.0196078431372549,0.0003844675124951,0.0196078431372549,0.0003844675124951,0.0915032679738562,0.0083728480498953,0.0130718954248366,0.0001708744499978,0.954248366013072,0.9105899440386176
COVID-19,EURUSD,1045,1,0.3006535947712418,0.4890853945063864,0.1372549019607843,0.744329104190696,0.0588235294117647,0.8858131487889274,0.2483660130718954,0.5649536503054381,0.0784313725490196,0.849288735101884,0.1764705882352941,0.6782006920415224,0.3790849673202614,0.3855354778076808,0.1045751633986928,0.8017856380024777,0.7254901960784313,0.075355632449058
COVID-19,EURUSD,1046,1,0.4052287581699346,0.353752830108078,0.065359477124183,0.8735529070015806,0.0457516339869281,0.9105899440386176,0.0849673202614379,0.8372848049895338,0.0522875816993464,0.898158827801273,0.1568627450980392,0.7108804306036139,0.326797385620915,0.453201760006835,0.1111111111111111,0.7901234567901234,0.803921568627451,0.0384467512495194
COVID-19,EURUSD,1047,1,0.4117647058823529,0.3460207612456747,0.0522875816993464,0.898158827801273,0.0261437908496732,0.948395916100645,0.0718954248366013,0.8613781024392329,0.0718954248366013,0.8613781024392329,0.2679738562091503,0.5358622751933018,0.3464052287581699,0.4271861249946602,0.0261437908496732,0.948395916100645,0.8366013071895425,0.0266991328121662
COVID-19,EURUSD,1048,1,0.3594771241830065,0.4102695544448715,0.0718954248366013,0.8613781024392329,0.1372549019607843,0.744329104190696,0.1241830065359477,0.7670554060404118,0.1176470588235294,0.7785467128027681,0.1895424836601307,0.6568413857917895,0.3333333333333333,0.4444444444444445,0.065359477124183,0.8735529070015806,0.8169934640522876,0.0334913921995813
COVID-19,EURUSD,1049,1,0.3398692810457516,0.4357725661070528,0.0588235294117647,0.8858131487889274,0.2875816993464052,0.5075398351061557,0.0392156862745098,0.9231064975009612,0.1241830065359477,0.7670554060404118,0.1437908496732026,0.7330941091033364,0.2875816993464052,0.5075398351061557,0.0326797385620915,0.9357084881883037,0.7908496732026143,0.0437438591994532
COVID-19,EURUSD,1050,1,0.3790849673202614,0.3855354778076808,0.0457516339869281,0.9105899440386176,0.2941176470588235,0.4982698961937715,0.0522875816993464,0.898158827801273,0.1111111111111111,0.7901234567901234,0.1111111111111111,0.7901234567901234,0.2352941176470588,0.5847750865051903,0.130718954248366,0.7556495365030544,0.7843137254901961,0.0465205690119185
COVID-19,EURUSD,1051,1,0.3660130718954248,0.4019394250074757,0.0915032679738562,0.8253663121021829,0.3202614379084967,0.4620445127942245,0.2549019607843137,0.5551710880430604,0.0849673202614379,0.8372848049895338,0.0849673202614379,0.8372848049895338,0.2418300653594771,0.5748216497928147,0.2941176470588235,0.4982698961937715,0.8431372549019608,0.0246059207996924
COVID-19,EURUSD,1052,1,0.3856209150326797,0.3774616600452817,0.1241830065359477,0.7670554060404118,0.2483660130718954,0.5649536503054381,0.2941176470588235,0.4982698961937715,0.0915032679738562,0.8253663121021829,0.1830065359477124,0.6674783203041565,0.3398692810457516,0.4357725661070528,0.4248366013071895,0.3308129351958648,0.8758169934640523,0.0154214191123072
COVID-19,EURUSD,1053,1,0.5882352941176471,0.1695501730103806,0.2745098039215686,0.5263360246059208,0.2810457516339869,0.5168952112435388,0.5163398692810458,0.2339271220470758,0.3333333333333333,0.4444444444444445,0.3594771241830065,0.4102695544448715,0.4705882352941176,0.2802768166089965,0.5424836601307189,0.2093212012473835,0.8823529411764706,0.0138408304498269
COVID-19,EURUSD,1054,1,0.5620915032679739,0.1917638515101029,0.4967320261437908,0.253278653509334,0.7124183006535948,0.0827032337989662,0.065359477124183,0.8735529070015806,0.5163398692810458,0.2339271220470758,0.4705882352941176,0.2802768166089965,0.5620915032679739,0.1917638515101029,0.4836601307189542,0.2666068606091673,0.7189542483660131,0.0789867145115126
COVID-19,EURUSD,1055,1,0.6797385620915033,0.1025673886112178,0.6928104575163399,0.0943654150113204,0.6601307189542484,0.1155111281985561,0.4379084967320261,0.3159468580460506,0.5816993464052288,0.1749754367978127,0.5620915032679739,0.1917638515101029,0.6209150326797386,0.1437054124482036,0.457516339869281,0.2942885215088214,0.673202614379085,0.106796531248665
COVID-19,EURUSD,1056,1,0.3725490196078431,0.3936947327950788,0.8104575163398693,0.0359263531120509,0.738562091503268,0.0683497799991456,0.2222222222222222,0.6049382716049383,0.738562091503268,0.0683497799991456,0.7189542483660131,0.0789867145115126,0.5424836601307189,0.2093212012473835,0.3529411764705882,0.4186851211072663,0.4640522875816993,0.2872399504464095
COVID-19,EURUSD,1057,1,0.1437908496732026,0.7330941091033364,0.9934640522875816,4.271861249946571e-05,0.803921568627451,0.0384467512495194,0.477124183006536,0.2733991199965824,0.915032679738562,0.0072194455124097,0.8235294117647058,0.0311418685121107,0.3725490196078431,0.3936947327950788,0.2418300653594771,0.5748216497928147,0.0392156862745098,0.9231064975009612
COVID-19,EURUSD,1058,1,0.0196078431372549,0.9611687812379852,0.9803921568627452,0.0003844675124951,0.8235294117647058,0.0311418685121107,0.4117647058823529,0.3460207612456747,0.8627450980392157,0.0188389081122645,0.6666666666666666,0.1111111111111111,0.4052287581699346,0.353752830108078,0.3006535947712418,0.4890853945063864,0.0718954248366013,0.8613781024392329
COVID-19,EURUSD,1059,1,0.1633986928104575,0.6999017471912513,0.869281045751634,0.0170874449997864,0.8169934640522876,0.0334913921995813,0.4836601307189542,0.2666068606091673,0.8235294117647058,0.0311418685121107,0.8562091503267973,0.0206758084497415,0.4313725490196078,0.3233371780084582,0.261437908496732,0.5454739630056816,0.1568627450980392,0.7108804306036139
COVID-19,EURUSD,1060,1,0.1764705882352941,0.6782006920415224,0.8300653594771242,0.028877782049639,0.8104575163398693,0.0359263531120509,0.4248366013071895,0.3308129351958648,0.7777777777777778,0.0493827160493827,0.8758169934640523,0.0154214191123072,0.4640522875816993,0.2872399504464095,0.1437908496732026,0.7330941091033364,0.1699346405228758,0.6890085010038873
COVID-19,EURUSD,1061,1,0.1830065359477124,0.6674783203041565,0.7320261437908496,0.0718099876116024,0.7320261437908496,0.0718099876116024,0.3986928104575163,0.3615703361954803,0.6470588235294118,0.1245674740484428,0.8104575163398693,0.0359263531120509,0.4901960784313725,0.2599000384467512,0.2156862745098039,0.6151480199923106,0.1895424836601307,0.6568413857917895
COVID-19,EURUSD,1062,1,0.2549019607843137,0.5551710880430604,0.6339869281045751,0.1339655687983254,0.6993464052287581,0.0903925840488701,0.1699346405228758,0.6890085010038873,0.6143790849673203,0.1487034901106411,0.7908496732026143,0.0437438591994532,0.5555555555555556,0.1975308641975308,0.2679738562091503,0.5358622751933018,0.2222222222222222,0.6049382716049383
COVID-19,EURUSD,1063,1,0.3333333333333333,0.4444444444444445,0.5751633986928104,0.1804861378102439,0.7058823529411765,0.0865051903114186,0.0457516339869281,0.9105899440386176,0.6274509803921569,0.1387927720107651,0.6013071895424836,0.158955957110513,0.5816993464052288,0.1749754367978127,0.3986928104575163,0.3615703361954803,0.261437908496732,0.5454739630056816
COVID-19,EURUSD,1064,1,0.4313725490196078,0.3233371780084582,0.5882352941176471,0.1695501730103806,0.6666666666666666,0.1111111111111111,0.3333333333333333,0.4444444444444445,0.7254901960784313,0.075355632449058,0.6535947712418301,0.119996582511,0.7058823529411765,0.0865051903114186,0.5294117647058824,0.2214532871972318,0.2418300653594771,0.5748216497928147
COVID-19,EURUSD,1065,1,0.3529411764705882,0.4186851211072663,0.6143790849673203,0.1487034901106411,0.6862745098039216,0.0984236831987697,0.2026143790849673,0.6358238284420523,0.7058823529411765,0.0865051903114186,0.6993464052287581,0.0903925840488701,0.8300653594771242,0.028877782049639,0.6143790849673203,0.1487034901106411,0.2287581699346405,0.5948139604425648
COVID-19,EURUSD,1066,1,0.477124183006536,0.2733991199965824,0.3333333333333333,0.4444444444444445,0.3725490196078431,0.3936947327950788,0.5816993464052288,0.1749754367978127,0.326797385620915,0.453201760006835,0.2745098039215686,0.5263360246059208,0.1241830065359477,0.7670554060404118,0.5947712418300654,0.1642103464479473,0.5751633986928104,0.1804861378102439
COVID-19,EURUSD,1067,1,0.5032679738562091,0.2467427057969157,0.3986928104575163,0.3615703361954803,0.2352941176470588,0.5847750865051903,0.6078431372549019,0.1537870049980777,0.5294117647058824,0.2214532871972318,0.477124183006536,0.2733991199965824,0.3986928104575163,0.3615703361954803,0.5490196078431373,0.2033833141099576,0.4967320261437908,0.253278653509334
COVID-19,EURUSD,1068,1,0.392156862745098,0.3694732795078816,0.5032679738562091,0.2467427057969157,0.4313725490196078,0.3233371780084582,0.457516339869281,0.2942885215088214,0.6928104575163399,0.0943654150113204,0.6797385620915033,0.1025673886112178,0.5359477124183006,0.2153445256098082,0.4444444444444444,0.308641975308642,0.4313725490196078,0.3233371780084582
COVID-19,EURUSD,1069,1,0.2483660130718954,0.5649536503054381,0.6078431372549019,0.1537870049980777,0.5032679738562091,0.2467427057969157,0.3464052287581699,0.4271861249946602,0.6209150326797386,0.1437054124482036,0.6339869281045751,0.1339655687983254,0.6601307189542484,0.1155111281985561,0.4379084967320261,0.3159468580460506,0.3986928104575163,0.3615703361954803
COVID-19,EURUSD,1070,1,0.3986928104575163,0.3615703361954803,0.7777777777777778,0.0493827160493827,0.5359477124183006,0.2153445256098082,0.5228758169934641,0.2276474860096543,0.6862745098039216,0.0984236831987697,0.738562091503268,0.0683497799991456,0.6405228758169934,0.1292238028108847,0.3725490196078431,0.3936947327950788,0.3856209150326797,0.3774616600452817
COVID-19,EURUSD,1071,1,0.7189542483660131,0.0789867145115126,0.8366013071895425,0.0266991328121662,0.5424836601307189,0.2093212012473835,0.6143790849673203,0.1487034901106411,0.6339869281045751,0.1339655687983254,0.7581699346405228,0.0584817805117689,0.6143790849673203,0.1487034901106411,0.4640522875816993,0.2872399504464095,0.4509803921568627,0.3014225297962323
COVID-19,EURUSD,1072,1,0.7712418300653595,0.0523303003118458,0.803921568627451,0.0384467512495194,0.5686274509803921,0.186082276047674,0.392156862745098,0.3694732795078816,0.6013071895424836,0.158955957110513,0.6470588235294118,0.1245674740484428,0.6535947712418301,0.119996582511,0.5686274509803921,0.186082276047674,0.5424836601307189,0.2093212012473835
COVID-19,EURUSD,1073,1,0.7058823529411765,0.0865051903114186,0.7973856209150327,0.0410525866119868,0.4509803921568627,0.3014225297962323,0.7516339869281046,0.0616856764492289,0.5228758169934641,0.2276474860096543,0.5555555555555556,0.1975308641975308,0.5882352941176471,0.1695501730103806,0.5359477124183006,0.2153445256098082,0.6013071895424836,0.158955957110513
COVID-19,EURUSD,1074,1,0.7908496732026143,0.0437438591994532,0.7450980392156863,0.0649750096116878,0.4640522875816993,0.2872399504464095,0.5620915032679739,0.1917638515101029,0.5098039215686274,0.2402921953094964,0.5032679738562091,0.2467427057969157,0.5490196078431373,0.2033833141099576,0.4705882352941176,0.2802768166089965,0.6470588235294118,0.1245674740484428
COVID-19,EURUSD,1075,1,0.8496732026143791,0.0225981460122175,0.6797385620915033,0.1025673886112178,0.4967320261437908,0.253278653509334,0.6797385620915033,0.1025673886112178,0.4509803921568627,0.3014225297962323,0.5424836601307189,0.2093212012473835,0.477124183006536,0.2733991199965824,0.5620915032679739,0.1917638515101029,0.6797385620915033,0.1025673886112178
COVID-19,EURUSD,1076,1,0.7516339869281046,0.0616856764492289,0.5555555555555556,0.1975308641975308,0.3398692810457516,0.4357725661070528,0.6209150326797386,0.1437054124482036,0.4901960784313725,0.2599000384467512,0.4967320261437908,0.253278653509334,0.4444444444444444,0.308641975308642,0.673202614379085,0.106796531248665,0.6993464052287581,0.0903925840488701
COVID-19,EURUSD,1077,1,0.4901960784313725,0.2599000384467512,0.4901960784313725,0.2599000384467512,0.3594771241830065,0.4102695544448715,0.7777777777777778,0.0493827160493827,0.4313725490196078,0.3233371780084582,0.457516339869281,0.2942885215088214,0.4117647058823529,0.3460207612456747,0.6928104575163399,0.0943654150113204,0.6862745098039216,0.0984236831987697
COVID-19,EURUSD,1078,1,0.4444444444444444,0.308641975308642,0.3856209150326797,0.3774616600452817,0.1045751633986928,0.8017856380024777,0.2810457516339869,0.5168952112435388,0.2810457516339869,0.5168952112435388,0.4052287581699346,0.353752830108078,0.457516339869281,0.2942885215088214,0.7058823529411765,0.0865051903114186,0.7124183006535948,0.0827032337989662
COVID-19,EURUSD,1079,1,0.4967320261437908,0.253278653509334,0.3202614379084967,0.4620445127942245,0.0784313725490196,0.849288735101884,0.5424836601307189,0.2093212012473835,0.2745098039215686,0.5263360246059208,0.3790849673202614,0.3855354778076808,0.4183006535947712,0.3383741296082702,0.6666666666666666,0.1111111111111111,0.7450980392156863,0.0649750096116878
COVID-19,EURUSD,1080,1,0.6013071895424836,0.158955957110513,0.2810457516339869,0.5168952112435388,0.0980392156862745,0.8135332564398309,0.5490196078431373,0.2033833141099576,0.2483660130718954,0.5649536503054381,0.3333333333333333,0.4444444444444445,0.392156862745098,0.3694732795078816,0.7189542483660131,0.0789867145115126,0.7647058823529411,0.0553633217993079
COVID-19,EURUSD,1081,1,0.5098039215686274,0.2402921953094964,0.261437908496732,0.5454739630056816,0.0326797385620915,0.9357084881883037,0.3660130718954248,0.4019394250074757,0.3006535947712418,0.4890853945063864,0.3006535947712418,0.4890853945063864,0.3529411764705882,0.4186851211072663,0.7777777777777778,0.0493827160493827,0.7973856209150327,0.0410525866119868
COVID-19,EURUSD,1082,1,0.5751633986928104,0.1804861378102439,0.1895424836601307,0.6568413857917895,0.0065359477124183,0.9869708231876628,0.4052287581699346,0.353752830108078,0.196078431372549,0.6462898885044214,0.196078431372549,0.6462898885044214,0.2679738562091503,0.5358622751933018,0.7254901960784313,0.075355632449058,0.8496732026143791,0.0225981460122175
COVID-19,EURUSD,1083,1,0.6862745098039216,0.0984236831987697,0.1830065359477124,0.6674783203041565,0.0130718954248366,0.9740270836003248,0.6535947712418301,0.119996582511,0.2352941176470588,0.5847750865051903,0.2222222222222222,0.6049382716049383,0.1895424836601307,0.6568413857917895,0.7320261437908496,0.0718099876116024,0.7777777777777778,0.0493827160493827
COVID-19,EURUSD,1084,1,0.4836601307189542,0.2666068606091673,0.2156862745098039,0.6151480199923106,0.065359477124183,0.8735529070015806,0.3398692810457516,0.4357725661070528,0.2026143790849673,0.6358238284420523,0.3202614379084967,0.4620445127942245,0.0980392156862745,0.8135332564398309,0.6797385620915033,0.1025673886112178,0.6928104575163399,0.0943654150113204
COVID-19,EURUSD,1085,1,0.3137254901960784,0.4709727028066128,0.2679738562091503,0.5358622751933018,0.1503267973856209,0.7219445512409757,0.7320261437908496,0.0718099876116024,0.1568627450980392,0.7108804306036139,0.1633986928104575,0.6999017471912513,0.0457516339869281,0.9105899440386176,0.6209150326797386,0.1437054124482036,0.6078431372549019,0.1537870049980777
COVID-19,EURUSD,1086,1,0.2745098039215686,0.5263360246059208,0.3006535947712418,0.4890853945063864,0.1241830065359477,0.7670554060404118,0.4509803921568627,0.3014225297962323,0.3071895424836601,0.4799863300440001,0.2941176470588235,0.4982698961937715,0.0130718954248366,0.9740270836003248,0.4967320261437908,0.253278653509334,0.4836601307189542,0.2666068606091673
COVID-19,EURUSD,1087,1,0.3071895424836601,0.4799863300440001,0.4183006535947712,0.3383741296082702,0.1699346405228758,0.6890085010038873,0.6666666666666666,0.1111111111111111,0.392156862745098,0.3694732795078816,0.2875816993464052,0.5075398351061557,0.0196078431372549,0.9611687812379852,0.5228758169934641,0.2276474860096543,0.3725490196078431,0.3936947327950788
COVID-19,EURUSD,1088,1,0.2941176470588235,0.4982698961937715,0.6013071895424836,0.158955957110513,0.3790849673202614,0.3855354778076808,0.5098039215686274,0.2402921953094964,0.3594771241830065,0.4102695544448715,0.3660130718954248,0.4019394250074757,0.0261437908496732,0.948395916100645,0.4901960784313725,0.2599000384467512,0.2875816993464052,0.5075398351061557
COVID-19,EURUSD,1089,1,0.2810457516339869,0.5168952112435388,0.7516339869281046,0.0616856764492289,0.5882352941176471,0.1695501730103806,0.4901960784313725,0.2599000384467512,0.5424836601307189,0.2093212012473835,0.3398692810457516,0.4357725661070528,0.0522875816993464,0.898158827801273,0.5163398692810458,0.2339271220470758,0.2549019607843137,0.5551710880430604
COVID-19,EURUSD,1090,1,0.5294117647058824,0.2214532871972318,0.8235294117647058,0.0311418685121107,0.6013071895424836,0.158955957110513,0.4967320261437908,0.253278653509334,0.5555555555555556,0.1975308641975308,0.392156862745098,0.3694732795078816,0.0784313725490196,0.849288735101884,0.6993464052287581,0.0903925840488701,0.3202614379084967,0.4620445127942245
COVID-19,EURUSD,1091,1,0.6535947712418301,0.119996582511,0.6666666666666666,0.1111111111111111,0.5751633986928104,0.1804861378102439,0.8300653594771242,0.028877782049639,0.3398692810457516,0.4357725661070528,0.3725490196078431,0.3936947327950788,0.1568627450980392,0.7108804306036139,0.7124183006535948,0.0827032337989662,0.4052287581699346,0.353752830108078
COVID-19,EURUSD,1092,1,0.7843137254901961,0.0465205690119185,0.5163398692810458,0.2339271220470758,0.4248366013071895,0.3308129351958648,0.7647058823529411,0.0553633217993079,0.477124183006536,0.2733991199965824,0.261437908496732,0.5454739630056816,0.1830065359477124,0.6674783203041565,0.8823529411764706,0.0138408304498269,0.5947712418300654,0.1642103464479473
COVID-19,EURUSD,1093,1,0.7581699346405228,0.0584817805117689,0.4640522875816993,0.2872399504464095,0.3464052287581699,0.4271861249946602,0.8169934640522876,0.0334913921995813,0.4705882352941176,0.2802768166089965,0.2418300653594771,0.5748216497928147,0.2549019607843137,0.5551710880430604,0.8300653594771242,0.028877782049639,0.6209150326797386,0.1437054124482036
COVID-19,EURUSD,1094,1,0.8823529411764706,0.0138408304498269,0.4705882352941176,0.2802768166089965,0.1764705882352941,0.6782006920415224,0.8758169934640523,0.0154214191123072,0.5751633986928104,0.1804861378102439,0.2091503267973856,0.6254432056046819,0.2222222222222222,0.6049382716049383,0.8366013071895425,0.0266991328121662,0.5686274509803921,0.186082276047674
COVID-19,EURUSD,1095,1,0.869281045751634,0.0170874449997864,0.4379084967320261,0.3159468580460506,0.130718954248366,0.7556495365030544,0.5686274509803921,0.186082276047674,0.3529411764705882,0.4186851211072663,0.1503267973856209,0.7219445512409757,0.2810457516339869,0.5168952112435388,0.8235294117647058,0.0311418685121107,0.7581699346405228,0.0584817805117689
COVID-19,EURUSD,1096,1,0.7777777777777778,0.0493827160493827,0.4248366013071895,0.3308129351958648,0.5228758169934641,0.2276474860096543,0.5882352941176471,0.1695501730103806,0.3986928104575163,0.3615703361954803,0.0915032679738562,0.8253663121021829,0.2026143790849673,0.6358238284420523,0.8104575163398693,0.0359263531120509,0.6666666666666666,0.1111111111111111
COVID-19,EURUSD,1097,1,0.6143790849673203,0.1487034901106411,0.392156862745098,0.3694732795078816,0.2679738562091503,0.5358622751933018,0.6601307189542484,0.1155111281985561,0.2679738562091503,0.5358622751933018,0.065359477124183,0.8735529070015806,0.0849673202614379,0.8372848049895338,0.7581699346405228,0.0584817805117689,0.6535947712418301,0.119996582511
COVID-19,EURUSD,1098,1,0.6993464052287581,0.0903925840488701,0.6405228758169934,0.1292238028108847,0.2549019607843137,0.5551710880430604,0.7254901960784313,0.075355632449058,0.3202614379084967,0.4620445127942245,0.1176470588235294,0.7785467128027681,0.0065359477124183,0.9869708231876628,0.7973856209150327,0.0410525866119868,0.3529411764705882,0.4186851211072663
COVID-19,EURUSD,1099,1,0.8235294117647058,0.0311418685121107,0.9477124183006536,0.0027339911999658,0.6535947712418301,0.119996582511,0.7450980392156863,0.0649750096116878,0.8888888888888888,0.0123456790123456,0.5751633986928104,0.1804861378102439,0.8496732026143791,0.0225981460122175,0.8758169934640523,0.0154214191123072,0.0784313725490196,0.849288735101884
COVID-19,EURUSD,1100,1,0.8758169934640523,0.0154214191123072,0.9411764705882352,0.0034602076124567,0.7973856209150327,0.0410525866119868,0.7712418300653595,0.0523303003118458,0.9738562091503268,0.0006834977999914,0.7254901960784313,0.075355632449058,0.9673202614379084,0.0010679653124866,0.8888888888888888,0.0123456790123456,0.0326797385620915,0.9357084881883037
COVID-19,EURUSD,1101,1,0.5163398692810458,0.2339271220470758,0.8823529411764706,0.0138408304498269,0.7647058823529411,0.0553633217993079,0.7189542483660131,0.0789867145115126,0.954248366013072,0.0020932120124738,0.4901960784313725,0.2599000384467512,0.8888888888888888,0.0123456790123456,0.7843137254901961,0.0465205690119185,0.0457516339869281,0.9105899440386176
COVID-19,EURUSD,1102,1,0.0784313725490196,0.849288735101884,0.8431372549019608,0.0246059207996924,0.8431372549019608,0.0246059207996924,0.7973856209150327,0.0410525866119868,0.9607843137254902,0.0015378700499807,0.6274509803921569,0.1387927720107651,0.9215686274509804,0.0061514801999231,0.5882352941176471,0.1695501730103806,0.0261437908496732,0.948395916100645
COVID-19,EURUSD,1103,1,0.2156862745098039,0.6151480199923106,0.9084967320261438,0.0083728480498953,0.9019607843137256,0.0096116878123798,0.6339869281045751,0.1339655687983254,0.9934640522875816,4.271861249946571e-05,0.6405228758169934,0.1292238028108847,0.9934640522875816,4.271861249946571e-05,0.7712418300653595,0.0523303003118458,0.0065359477124183,0.9869708231876628
COVID-19,EURUSD,1104,1,0.6928104575163399,0.0943654150113204,0.954248366013072,0.0020932120124738,0.6209150326797386,0.1437054124482036,0.8366013071895425,0.0266991328121662,0.9019607843137256,0.0096116878123798,0.7516339869281046,0.0616856764492289,0.869281045751634,0.0170874449997864,0.954248366013072,0.0020932120124738,0.196078431372549,0.6462898885044214
COVID-19,EURUSD,1105,1,0.6339869281045751,0.1339655687983254,0.9738562091503268,0.0006834977999914,0.6339869281045751,0.1339655687983254,0.9281045751633988,0.0051689521124353,0.869281045751634,0.0170874449997864,0.7712418300653595,0.0523303003118458,0.954248366013072,0.0020932120124738,0.9084967320261438,0.0083728480498953,0.1830065359477124,0.6674783203041565
COVID-19,EURUSD,1106,1,0.9477124183006536,0.0027339911999658,0.9673202614379084,0.0010679653124866,0.5555555555555556,0.1975308641975308,0.9411764705882352,0.0034602076124567,0.8496732026143791,0.0225981460122175,0.6078431372549019,0.1537870049980777,0.9084967320261438,0.0083728480498953,0.9607843137254902,0.0015378700499807,0.2941176470588235,0.4982698961937715
COVID-19,EURUSD,1107,1,0.8954248366013072,0.0109359647998632,0.9607843137254902,0.0015378700499807,0.457516339869281,0.2942885215088214,0.8562091503267973,0.0206758084497415,0.8562091503267973,0.0206758084497415,0.6209150326797386,0.1437054124482036,0.7973856209150327,0.0410525866119868,0.934640522875817,0.0042718612499466,0.2352941176470588,0.5847750865051903
COVID-19,EURUSD,1108,1,0.9215686274509804,0.0061514801999231,0.9281045751633988,0.0051689521124353,0.2418300653594771,0.5748216497928147,0.9803921568627452,0.0003844675124951,0.8104575163398693,0.0359263531120509,0.7450980392156863,0.0649750096116878,0.7712418300653595,0.0523303003118458,0.9215686274509804,0.0061514801999231,0.2745098039215686,0.5263360246059208
COVID-19,EURUSD,1109,1,0.8300653594771242,0.028877782049639,0.9215686274509804,0.0061514801999231,0.0196078431372549,0.9611687812379852,0.9019607843137256,0.0096116878123798,0.7450980392156863,0.0649750096116878,0.5882352941176471,0.1695501730103806,0.7320261437908496,0.0718099876116024,0.9411764705882352,0.0034602076124567,0.3464052287581699,0.4271861249946602
COVID-19,EURUSD,1110,1,0.7450980392156863,0.0649750096116878,0.8758169934640523,0.0154214191123072,0.5947712418300654,0.1642103464479473,0.9673202614379084,0.0010679653124866,0.7320261437908496,0.0718099876116024,0.5947712418300654,0.1642103464479473,0.7124183006535948,0.0827032337989662,0.9738562091503268,0.0006834977999914,0.457516339869281,0.2942885215088214
COVID-19,EURUSD,1111,1,0.8169934640522876,0.0334913921995813,0.9019607843137256,0.0096116878123798,0.3137254901960784,0.4709727028066128,0.8888888888888888,0.0123456790123456,0.7189542483660131,0.0789867145115126,0.6862745098039216,0.0984236831987697,0.7647058823529411,0.0553633217993079,0.9477124183006536,0.0027339911999658,0.5098039215686274,0.2402921953094964
COVID-19,EURUSD,1112,1,0.934640522875817,0.0042718612499466,0.915032679738562,0.0072194455124097,0.1568627450980392,0.7108804306036139,0.8954248366013072,0.0109359647998632,0.7516339869281046,0.0616856764492289,0.7124183006535948,0.0827032337989662,0.7777777777777778,0.0493827160493827,0.9934640522875816,4.271861249946571e-05,0.5555555555555556,0.1975308641975308
COVID-19,EURUSD,1113,1,0.8888888888888888,0.0123456790123456,0.8888888888888888,0.0123456790123456,0.0522875816993464,0.898158827801273,0.934640522875817,0.0042718612499466,0.6993464052287581,0.0903925840488701,0.7647058823529411,0.0553633217993079,0.7581699346405228,0.0584817805117689,0.9803921568627452,0.0003844675124951,0.5359477124183006,0.2153445256098082
COVID-19,EURUSD,1114,1,0.9411764705882352,0.0034602076124567,0.934640522875817,0.0042718612499466,0.2287581699346405,0.5948139604425648,0.9869281045751634,0.0001708744499978,0.7843137254901961,0.0465205690119185,0.7320261437908496,0.0718099876116024,0.7908496732026143,0.0437438591994532,0.9673202614379084,0.0010679653124866,0.4901960784313725,0.2599000384467512
COVID-19,EURUSD,1115,1,0.6078431372549019,0.1537870049980777,0.8627450980392157,0.0188389081122645,0.7189542483660131,0.0789867145115126,0.915032679738562,0.0072194455124097,0.6797385620915033,0.1025673886112178,0.6928104575163399,0.0943654150113204,0.7254901960784313,0.075355632449058,0.9019607843137256,0.0096116878123798,0.326797385620915,0.453201760006835
COVID-19,EURUSD,1116,1,0.2875816993464052,0.5075398351061557,0.7254901960784313,0.075355632449058,0.7450980392156863,0.0649750096116878,0.869281045751634,0.0170874449997864,0.8758169934640523,0.0154214191123072,0.7777777777777778,0.0493827160493827,0.5163398692810458,0.2339271220470758,0.5751633986928104,0.1804861378102439,0.1176470588235294,0.7785467128027681
COVID-19,EURUSD,1117,1,0.1895424836601307,0.6568413857917895,0.7058823529411765,0.0865051903114186,0.8366013071895425,0.0266991328121662,0.6470588235294118,0.1245674740484428,0.934640522875817,0.0042718612499466,0.5816993464052288,0.1749754367978127,0.6470588235294118,0.1245674740484428,0.6274509803921569,0.1387927720107651,0.0522875816993464,0.898158827801273
COVID-19,EURUSD,1118,1,0.130718954248366,0.7556495365030544,0.7647058823529411,0.0553633217993079,0.7581699346405228,0.0584817805117689,0.6274509803921569,0.1387927720107651,0.8954248366013072,0.0109359647998632,0.8431372549019608,0.0246059207996924,0.673202614379085,0.106796531248665,0.5098039215686274,0.2402921953094964,0.1045751633986928,0.8017856380024777
COVID-19,EURUSD,1119,0,0.0130718954248366,0.0001708744499978,0.7581699346405228,0.5748216497928147,0.8758169934640523,0.7670554060404118,0.2287581699346405,0.0523303003118458,0.9673202614379084,0.9357084881883037,0.8627450980392157,0.744329104190696,0.8562091503267973,0.7330941091033363,0.3594771241830065,0.1292238028108847,0.0588235294117647,0.0034602076124567
COVID-19,EURUSD,1120,0,0.0915032679738562,0.0083728480498953,0.673202614379085,0.453201760006835,0.934640522875817,0.8735529070015806,0.261437908496732,0.0683497799991456,0.9281045751633988,0.8613781024392329,0.7843137254901961,0.6151480199923106,0.915032679738562,0.8372848049895338,0.3202614379084967,0.1025673886112178,0.065359477124183,0.0042718612499466
COVID-19,EURUSD,1121,0,0.0980392156862745,0.0096116878123798,0.6862745098039216,0.4709727028066128,0.9869281045751634,0.9740270836003248,0.2875816993464052,0.0827032337989662,0.9869281045751634,0.9740270836003248,0.934640522875817,0.8735529070015806,0.9803921568627452,0.9611687812379852,0.3398692810457516,0.1155111281985561,0.0196078431372549,0.0003844675124951
COVID-19,EURUSD,1122,0,0.1568627450980392,0.0246059207996924,0.6274509803921569,0.3936947327950788,0.9673202614379084,0.9357084881883037,0.1764705882352941,0.0311418685121107,0.9411764705882352,0.8858131487889274,0.8823529411764706,0.7785467128027681,0.9411764705882352,0.8858131487889274,0.3660130718954248,0.1339655687983254,0.0849673202614379,0.0072194455124097
COVID-19,EURUSD,1123,0,0.1241830065359477,0.0154214191123072,0.7124183006535948,0.5075398351061557,0.9934640522875816,0.9869708231876628,0.1830065359477124,0.0334913921995813,0.9803921568627452,0.9611687812379852,0.9934640522875816,0.9869708231876628,0.9738562091503268,0.948395916100645,0.3333333333333333,0.1111111111111111,0.1503267973856209,0.0225981460122175
COVID-19,EURUSD,1124,0,0.0261437908496732,0.0006834977999914,0.6470588235294118,0.4186851211072664,0.9738562091503268,0.948395916100645,0.2091503267973856,0.0437438591994532,0.8823529411764706,0.7785467128027681,0.9411764705882352,0.8858131487889274,0.9607843137254902,0.9231064975009612,0.2745098039215686,0.075355632449058,0.1764705882352941,0.0311418685121107
COVID-19,EURUSD,1125,0,0.065359477124183,0.0042718612499466,0.5620915032679739,0.3159468580460506,0.9607843137254902,0.9231064975009612,0.1895424836601307,0.0359263531120509,0.7581699346405228,0.5748216497928147,0.9477124183006536,0.898158827801273,0.9477124183006536,0.898158827801273,0.2091503267973856,0.0437438591994532,0.2026143790849673,0.0410525866119868
COVID-19,EURUSD,1126,0,0.1176470588235294,0.0138408304498269,0.5228758169934641,0.2733991199965825,0.9215686274509804,0.8492887351018837,0.0980392156862745,0.0096116878123798,0.5947712418300654,0.353752830108078,0.9607843137254902,0.9231064975009612,0.8823529411764706,0.7785467128027681,0.1699346405228758,0.028877782049639,0.2679738562091503,0.0718099876116023
COVID-19,EURUSD,1127,0,0.1503267973856209,0.0225981460122175,0.477124183006536,0.2276474860096544,0.8823529411764706,0.7785467128027681,0.3594771241830065,0.1292238028108847,0.4836601307189542,0.2339271220470759,0.9281045751633988,0.8613781024392329,0.8104575163398693,0.6568413857917895,0.0915032679738562,0.0083728480498953,0.3071895424836601,0.0943654150113204
COVID-19,EURUSD,1128,0,0.196078431372549,0.0384467512495194,0.4117647058823529,0.1695501730103806,0.8888888888888888,0.7901234567901234,0.6993464052287581,0.4890853945063864,0.3725490196078431,0.1387927720107651,0.9738562091503268,0.948395916100645,0.8627450980392157,0.744329104190696,0.0849673202614379,0.0072194455124097,0.3660130718954248,0.1339655687983254
COVID-19,EURUSD,1129,0,0.2418300653594771,0.0584817805117689,0.3594771241830065,0.1292238028108847,0.8496732026143791,0.7219445512409757,0.4444444444444444,0.1975308641975308,0.3790849673202614,0.1437054124482036,0.9673202614379084,0.9357084881883037,0.8169934640522876,0.6674783203041565,0.0392156862745098,0.0015378700499807,0.4379084967320261,0.1917638515101029
COVID-19,EURUSD,1130,0,0.2352941176470588,0.0553633217993079,0.3071895424836601,0.0943654150113204,0.7908496732026143,0.6254432056046819,0.3725490196078431,0.1387927720107651,0.3137254901960784,0.0984236831987697,0.9019607843137256,0.8135332564398309,0.7450980392156863,0.5551710880430604,0.1568627450980392,0.0246059207996924,0.5032679738562091,0.253278653509334
COVID-19,EURUSD,1131,0,0.261437908496732,0.0683497799991456,0.2418300653594771,0.0584817805117689,0.7254901960784313,0.5263360246059208,0.130718954248366,0.0170874449997864,0.2287581699346405,0.0523303003118458,0.8169934640522876,0.6674783203041565,0.6666666666666666,0.4444444444444444,0.2222222222222222,0.0493827160493827,0.5490196078431373,0.3014225297962323
COVID-19,EURUSD,1132,0,0.2679738562091503,0.0718099876116023,0.1764705882352941,0.0311418685121107,0.6470588235294118,0.4186851211072664,0.1633986928104575,0.0266991328121662,0.1830065359477124,0.0334913921995813,0.673202614379085,0.453201760006835,0.6013071895424836,0.3615703361954803,0.2483660130718954,0.0616856764492289,0.5816993464052288,0.3383741296082703
COVID-19,EURUSD,1133,0,0.3464052287581699,0.119996582511,0.1568627450980392,0.0246059207996924,0.5490196078431373,0.3014225297962323,0.3790849673202614,0.1437054124482036,0.261437908496732,0.0683497799991456,0.6601307189542484,0.4357725661070528,0.5751633986928104,0.3308129351958648,0.196078431372549,0.0384467512495194,0.6339869281045751,0.4019394250074757
COVID-19,EURUSD,1134,0,0.4183006535947712,0.1749754367978128,0.1437908496732026,0.0206758084497415,0.673202614379085,0.453201760006835,0.2418300653594771,0.0584817805117689,0.1372549019607843,0.0188389081122645,0.5686274509803921,0.3233371780084582,0.5686274509803921,0.3233371780084582,0.2875816993464052,0.0827032337989662,0.6405228758169934,0.4102695544448715
COVID-19,EURUSD,1135,0,0.4509803921568627,0.2033833141099577,0.1176470588235294,0.0138408304498269,0.5620915032679739,0.3159468580460506,0.2679738562091503,0.0718099876116023,0.2156862745098039,0.0465205690119185,0.4444444444444444,0.1975308641975308,0.5098039215686274,0.2599000384467512,0.2026143790849673,0.0410525866119868,0.6601307189542484,0.4357725661070528
COVID-19,EURUSD,1136,0,0.3202614379084967,0.1025673886112178,0.0980392156862745,0.0096116878123798,0.3529411764705882,0.1245674740484429,0.2352941176470588,0.0553633217993079,0.1764705882352941,0.0311418685121107,0.4117647058823529,0.1695501730103806,0.4248366013071895,0.1804861378102439,0.2352941176470588,0.0553633217993079,0.7058823529411765,0.4982698961937717
COVID-19,EURUSD,1137,0,0.326797385620915,0.106796531248665,0.0392156862745098,0.0015378700499807,0.3333333333333333,0.1111111111111111,0.0784313725490196,0.0061514801999231,0.0980392156862745,0.0096116878123798,0.3071895424836601,0.0943654150113204,0.2941176470588235,0.0865051903114186,0.1895424836601307,0.0359263531120509,0.7712418300653595,0.5948139604425648
COVID-19,EURUSD,1138,0,0.4705882352941176,0.2214532871972318,0.0326797385620915,0.0010679653124866,0.1176470588235294,0.0138408304498269,0.4640522875816993,0.2153445256098082,0.065359477124183,0.0042718612499466,0.2810457516339869,0.0789867145115126,0.2091503267973856,0.0437438591994532,0.3137254901960784,0.0984236831987697,0.8104575163398693,0.6568413857917895
COVID-19,EURUSD,1139,0,0.5816993464052288,0.3383741296082703,0.1633986928104575,0.0266991328121662,0.1895424836601307,0.0359263531120509,0.6405228758169934,0.4102695544448715,0.3464052287581699,0.119996582511,0.3137254901960784,0.0984236831987697,0.3660130718954248,0.1339655687983254,0.4117647058823529,0.1695501730103806,0.738562091503268,0.5454739630056816
COVID-19,EURUSD,1140,0,0.4379084967320261,0.1917638515101029,0.1699346405228758,0.028877782049639,0.1111111111111111,0.0123456790123456,0.3856209150326797,0.1487034901106412,0.1503267973856209,0.0225981460122175,0.2549019607843137,0.0649750096116878,0.3006535947712418,0.09039258404887,0.4183006535947712,0.1749754367978128,0.8300653594771242,0.6890085010038874
COVID-19,EURUSD,1141,0,0.4640522875816993,0.2153445256098082,0.2026143790849673,0.0410525866119868,0.4183006535947712,0.1749754367978128,0.3137254901960784,0.0984236831987697,0.1699346405228758,0.028877782049639,0.1699346405228758,0.028877782049639,0.2483660130718954,0.0616856764492289,0.3856209150326797,0.1487034901106412,0.869281045751634,0.7556495365030544
COVID-19,EURUSD,1142,0,0.6274509803921569,0.3936947327950788,0.3398692810457516,0.1155111281985561,0.0849673202614379,0.0072194455124097,0.2156862745098039,0.0465205690119185,0.130718954248366,0.0170874449997864,0.130718954248366,0.0170874449997864,0.130718954248366,0.0170874449997864,0.4052287581699346,0.1642103464479473,0.8627450980392157,0.744329104190696
COVID-19,EURUSD,1143,0,0.7647058823529411,0.5847750865051903,0.4313725490196078,0.186082276047674,0.0392156862745098,0.0015378700499807,0.1372549019607843,0.0188389081122645,0.1895424836601307,0.0359263531120509,0.2352941176470588,0.0553633217993079,0.0718954248366013,0.0051689521124353,0.4509803921568627,0.2033833141099577,0.7516339869281046,0.5649536503054381
COVID-19,EURUSD,1144,0,0.6470588235294118,0.4186851211072664,0.4836601307189542,0.2339271220470759,0.196078431372549,0.0384467512495194,0.5555555555555556,0.308641975308642,0.4183006535947712,0.1749754367978128,0.2026143790849673,0.0410525866119868,0.0588235294117647,0.0034602076124567,0.4313725490196078,0.186082276047674,0.7320261437908496,0.5358622751933017
COVID-19,EURUSD,1145,0,0.7254901960784313,0.5263360246059208,0.4444444444444444,0.1975308641975308,0.3006535947712418,0.09039258404887,0.3006535947712418,0.09039258404887,0.4444444444444444,0.1975308641975308,0.2156862745098039,0.0465205690119185,0.3856209150326797,0.1487034901106412,0.6470588235294118,0.4186851211072664,0.9084967320261438,0.8253663121021829
COVID-19,EURUSD,1146,0,0.9673202614379084,0.9357084881883037,0.3790849673202614,0.1437054124482036,0.5294117647058824,0.2802768166089965,0.8104575163398693,0.6568413857917895,0.4640522875816993,0.2153445256098082,0.1372549019607843,0.0188389081122645,0.5228758169934641,0.2733991199965825,0.6862745098039216,0.4709727028066128,0.9607843137254902,0.9231064975009612
COVID-19,EURUSD,1147,0,0.9607843137254902,0.9231064975009612,0.326797385620915,0.106796531248665,0.3856209150326797,0.1487034901106412,0.7581699346405228,0.5748216497928147,0.2418300653594771,0.0584817805117689,0.0784313725490196,0.0061514801999231,0.6274509803921569,0.3936947327950788,0.7908496732026143,0.6254432056046819,0.9934640522875816,0.9869708231876628
COVID-19,EURUSD,1148,0,0.954248366013072,0.9105899440386176,0.3725490196078431,0.1387927720107651,0.4052287581699346,0.1642103464479473,0.9738562091503268,0.948395916100645,0.5490196078431373,0.3014225297962323,0.1045751633986928,0.0109359647998633,0.6078431372549019,0.3694732795078815,0.8169934640522876,0.6674783203041565,0.9738562091503268,0.948395916100645
COVID-19,EURUSD,1149,0,0.8104575163398693,0.6568413857917895,0.2483660130718954,0.0616856764492289,0.4705882352941176,0.2214532871972318,0.7124183006535948,0.5075398351061557,0.2549019607843137,0.0649750096116878,0.0718954248366013,0.0051689521124353,0.4509803921568627,0.2033833141099577,0.6405228758169934,0.4102695544448715,0.9803921568627452,0.9611687812379852
COVID-19,EURUSD,1150,0,0.6666666666666666,0.4444444444444444,0.8954248366013072,0.8017856380024777,0.1830065359477124,0.0334913921995813,0.8496732026143791,0.7219445512409757,0.5620915032679739,0.3159468580460506,0.5228758169934641,0.2733991199965825,0.3594771241830065,0.1292238028108847,0.8496732026143791,0.7219445512409757,0.392156862745098,0.1537870049980776
COVID-19,EURUSD,1151,0,0.7320261437908496,0.5358622751933017,0.8496732026143791,0.7219445512409757,0.326797385620915,0.106796531248665,0.9084967320261438,0.8253663121021829,0.5686274509803921,0.3233371780084582,0.4313725490196078,0.186082276047674,0.261437908496732,0.0683497799991456,0.803921568627451,0.6462898885044214,0.5620915032679739,0.3159468580460506
COVID-19,EURUSD,1152,0,0.6405228758169934,0.4102695544448715,0.738562091503268,0.5454739630056816,0.6274509803921569,0.3936947327950788,0.5947712418300654,0.353752830108078,0.5032679738562091,0.253278653509334,0.4509803921568627,0.2033833141099577,0.065359477124183,0.0042718612499466,0.6078431372549019,0.3694732795078815,0.4117647058823529,0.1695501730103806
COVID-19,EURUSD,1153,0,0.5555555555555556,0.308641975308642,0.5490196078431373,0.3014225297962323,0.6928104575163399,0.4799863300440001,0.7058823529411765,0.4982698961937717,0.3856209150326797,0.1487034901106412,0.3986928104575163,0.158955957110513,0.0326797385620915,0.0010679653124866,0.6339869281045751,0.4019394250074757,0.3137254901960784,0.0984236831987697
COVID-19,EURUSD,1154,0,0.2287581699346405,0.0523303003118458,0.6993464052287581,0.4890853945063864,0.7712418300653595,0.5948139604425648,0.6013071895424836,0.3615703361954803,0.6405228758169934,0.4102695544448715,0.4248366013071895,0.1804861378102439,0.0392156862745098,0.0015378700499807,0.392156862745098,0.1537870049980776,0.1372549019607843,0.0188389081122645
COVID-19,EURUSD,1155,0,0.0326797385620915,0.0010679653124866,0.5686274509803921,0.3233371780084582,0.7516339869281046,0.5649536503054381,0.5294117647058824,0.2802768166089965,0.673202614379085,0.453201760006835,0.5294117647058824,0.2802768166089965,0.1503267973856209,0.0225981460122175,0.3464052287581699,0.119996582511,0.1111111111111111,0.0123456790123456
COVID-19,EURUSD,1156,0,0.0718954248366013,0.0051689521124353,0.5359477124183006,0.2872399504464095,0.7843137254901961,0.6151480199923106,0.3071895424836601,0.0943654150113204,0.803921568627451,0.6462898885044214,0.5098039215686274,0.2599000384467512,0.2745098039215686,0.075355632449058,0.3071895424836601,0.0943654150113204,0.1241830065359477,0.0154214191123072
COVID-19,EURUSD,1157,0,0.1111111111111111,0.0123456790123456,0.5816993464052288,0.3383741296082703,0.869281045751634,0.7556495365030544,0.1045751633986928,0.0109359647998633,0.8300653594771242,0.6890085010038874,0.8496732026143791,0.7219445512409757,0.5947712418300654,0.353752830108078,0.2810457516339869,0.0789867145115126,0.0980392156862745,0.0096116878123798
COVID-19,EURUSD,1158,0,0.0392156862745098,0.0015378700499807,0.6601307189542484,0.4357725661070528,0.9803921568627452,0.9611687812379852,0.2745098039215686,0.075355632449058,0.9477124183006536,0.898158827801273,0.803921568627451,0.6462898885044214,0.934640522875817,0.8735529070015806,0.1764705882352941,0.0311418685121107,0.0130718954248366,0.0001708744499978
COVID-19,EURUSD,1159,0,0.0065359477124183,4.271861249946602e-05,0.6209150326797386,0.3855354778076808,0.9411764705882352,0.8858131487889274,0.0588235294117647,0.0034602076124567,0.9084967320261438,0.8253663121021829,0.8954248366013072,0.8017856380024777,0.803921568627451,0.6462898885044214,0.1830065359477124,0.0334913921995813,0.0915032679738562,0.0083728480498953
COVID-19,EURUSD,1160,0,0.0457516339869281,0.0020932120124738,0.5947712418300654,0.353752830108078,0.9281045751633988,0.8613781024392329,0.0130718954248366,0.0001708744499978,0.8366013071895425,0.6999017471912513,0.9084967320261438,0.8253663121021829,0.8366013071895425,0.6999017471912513,0.1372549019607843,0.0188389081122645,0.1437908496732026,0.0206758084497415
COVID-19,EURUSD,1161,0,0.1372549019607843,0.0188389081122645,0.5424836601307189,0.2942885215088213,0.9477124183006536,0.898158827801273,0.3202614379084967,0.1025673886112178,0.8431372549019608,0.7108804306036139,0.8366013071895425,0.6999017471912513,0.8758169934640523,0.7670554060404118,0.0718954248366013,0.0051689521124353,0.130718954248366,0.0170874449997864
COVID-19,EURUSD,1162,0,0.0849673202614379,0.0072194455124097,0.5098039215686274,0.2599000384467512,0.915032679738562,0.8372848049895338,0.0196078431372549,0.0003844675124951,0.8169934640522876,0.6674783203041565,0.7973856209150327,0.6358238284420523,0.7843137254901961,0.6151480199923106,0.0980392156862745,0.0096116878123798,0.1633986928104575,0.0266991328121662
COVID-19,EURUSD,1163,0,0.0522875816993464,0.0027339911999658,0.4509803921568627,0.2033833141099577,0.8562091503267973,0.7330941091033363,0.0065359477124183,4.271861249946602e-05,0.6666666666666666,0.4444444444444444,0.8300653594771242,0.6890085010038874,0.7189542483660131,0.5168952112435388,0.0065359477124183,4.271861249946602e-05,0.2091503267973856,0.0437438591994532
COVID-19,EURUSD,1164,0,0.0588235294117647,0.0034602076124567,0.5294117647058824,0.2802768166089965,0.954248366013072,0.9105899440386176,0.0915032679738562,0.0083728480498953,0.7712418300653595,0.5948139604425648,0.9869281045751634,0.9740270836003248,0.9281045751633988,0.8613781024392329,0.0457516339869281,0.0020932120124738,0.2483660130718954,0.0616856764492289
COVID-19,EURUSD,1165,0,0.1045751633986928,0.0109359647998633,0.457516339869281,0.2093212012473834,0.9084967320261438,0.8253663121021829,0.5359477124183006,0.2872399504464095,0.6078431372549019,0.3694732795078815,0.915032679738562,0.8372848049895338,0.9019607843137256,0.8135332564398309,0.0522875816993464,0.0027339911999658,0.2810457516339869,0.0789867145115126
COVID-19,EURUSD,1166,0,0.1699346405228758,0.028877782049639,0.4052287581699346,0.1642103464479473,0.8954248366013072,0.8017856380024777,0.4313725490196078,0.186082276047674,0.4117647058823529,0.1695501730103806,0.954248366013072,0.9105899440386176,0.8954248366013072,0.8017856380024777,0.0784313725490196,0.0061514801999231,0.3333333333333333,0.1111111111111111
COVID-19,EURUSD,1167,0,0.2026143790849673,0.0410525866119868,0.3464052287581699,0.119996582511,0.8627450980392157,0.744329104190696,0.1503267973856209,0.0225981460122175,0.457516339869281,0.2093212012473834,0.9215686274509804,0.8492887351018837,0.8235294117647058,0.6782006920415224,0.0196078431372549,0.0003844675124951,0.3790849673202614,0.1437054124482036
COVID-19,EURUSD,1168,0,0.2091503267973856,0.0437438591994532,0.2941176470588235,0.0865051903114186,0.8300653594771242,0.6890085010038874,0.4183006535947712,0.1749754367978128,0.2941176470588235,0.0865051903114186,0.869281045751634,0.7556495365030544,0.738562091503268,0.5454739630056816,0.0588235294117647,0.0034602076124567,0.4705882352941176,0.2214532871972318
COVID-19,EURUSD,1169,0,0.2222222222222222,0.0493827160493827,0.2222222222222222,0.0493827160493827,0.7777777777777778,0.6049382716049383,0.1176470588235294,0.0138408304498269,0.2091503267973856,0.0437438591994532,0.8888888888888888,0.7901234567901234,0.6862745098039216,0.4709727028066128,0.1176470588235294,0.0138408304498269,0.5228758169934641,0.2733991199965825
Russia--Ukraine,USOIL,1487,0,0.1031746031746031,0.0106449987402368,0.0396825396825396,0.0015747039556563,0.2936507936507936,0.086230788611741,0.2301587301587301,0.0529730410682791,0.2063492063492063,0.0425799949609473,0.1746031746031746,0.0304862685815066,0.0714285714285714,0.0051020408163265,0.1825396825396825,0.033320735701688,0.4444444444444444,0.1975308641975308
Russia--Ukraine,USOIL,1488,0,0.0555555555555555,0.0030864197530864,0.4126984126984127,0.1703199798437893,0.626984126984127,0.3931090954900478,0.2142857142857142,0.0459183673469387,0.2539682539682539,0.0644998740236835,0.2857142857142857,0.0816326530612244,0.0238095238095238,0.0005668934240362,0.1349206349206349,0.0182035777273872,0.3571428571428571,0.1275510204081632
Russia--Ukraine,USOIL,1489,0,0.0317460317460317,0.00100781053162,0.3015873015873015,0.09095490047871,0.6587301587301587,0.4339254220206601,0.0793650793650793,0.0062988158226253,0.238095238095238,0.0566893424036281,0.2777777777777778,0.0771604938271605,0.0079365079365079,6.298815822625346e-05,0.0555555555555555,0.0030864197530864,0.3333333333333333,0.1111111111111111
Russia--Ukraine,USOIL,1490,0,0.1111111111111111,0.0123456790123456,0.492063492063492,0.2421264802217183,0.753968253968254,0.5684681279919375,0.1428571428571428,0.0204081632653061,0.365079365079365,0.1332829428067523,0.5079365079365079,0.2579994960947341,0.0952380952380952,0.0090702947845804,0.0079365079365079,6.298815822625346e-05,0.2301587301587301,0.0529730410682791
Russia--Ukraine,USOIL,1491,0,0.0396825396825396,0.0015747039556563,0.4444444444444444,0.1975308641975308,0.6825396825396826,0.4658604182413706,0.0317460317460317,0.00100781053162,0.3015873015873015,0.09095490047871,0.5238095238095238,0.2743764172335601,0.0396825396825396,0.0015747039556563,0.0396825396825396,0.0015747039556563,0.2936507936507936,0.086230788611741
Russia--Ukraine,USOIL,1492,0,0.0714285714285714,0.0051020408163265,0.3412698412698413,0.1164651045603426,0.6746031746031746,0.4550894431846813,0.0158730158730158,0.000251952632905,0.2619047619047619,0.06859410430839,0.4365079365079365,0.1905391786344167,0.0317460317460317,0.00100781053162,0.1587301587301587,0.0251952632905013,0.365079365079365,0.1332829428067523
Russia--Ukraine,USOIL,1493,0,0.0793650793650793,0.0062988158226253,0.1984126984126984,0.0393675988914084,0.4523809523809524,0.2046485260770975,0.1111111111111111,0.0123456790123456,0.1111111111111111,0.0123456790123456,0.2539682539682539,0.0644998740236835,0.0634920634920634,0.0040312421264802,0.1111111111111111,0.0123456790123456,0.3968253968253968,0.1574703955656336
Russia--Ukraine,USOIL,1494,0,0.0634920634920634,0.0040312421264802,0.1031746031746031,0.0106449987402368,0.3968253968253968,0.1574703955656336,0.0873015873015873,0.0076215671453766,0.0873015873015873,0.0076215671453766,0.2063492063492063,0.0425799949609473,0.0555555555555555,0.0030864197530864,0.0714285714285714,0.0051020408163265,0.4365079365079365,0.1905391786344167
Russia--Ukraine,USOIL,1495,0,0.119047619047619,0.014172335600907,0.0634920634920634,0.0040312421264802,0.373015873015873,0.1391408415217939,0.1666666666666666,0.0277777777777777,0.1269841269841269,0.0161249685059208,0.1111111111111111,0.0123456790123456,0.0793650793650793,0.0062988158226253,0.0793650793650793,0.0062988158226253,0.4682539682539682,0.2192617787855883
Russia--Ukraine,USOIL,1496,0,0.1428571428571428,0.0204081632653061,0.1349206349206349,0.0182035777273872,0.4285714285714285,0.183673469387755,0.1825396825396825,0.033320735701688,0.0317460317460317,0.00100781053162,0.1587301587301587,0.0251952632905013,0.119047619047619,0.014172335600907,0.1031746031746031,0.0106449987402368,0.4841269841269841,0.2343789367598891
Russia--Ukraine,USOIL,1497,0,0.0873015873015873,0.0076215671453766,0.0158730158730158,0.000251952632905,0.2857142857142857,0.0816326530612244,0.1904761904761904,0.0362811791383219,0.0158730158730158,0.000251952632905,0.0476190476190476,0.0022675736961451,0.1031746031746031,0.0106449987402368,0.0317460317460317,0.00100781053162,0.5952380952380952,0.3543083900226757
Russia--Ukraine,USOIL,1498,0,0.1825396825396825,0.033320735701688,0.119047619047619,0.014172335600907,0.5158730158730159,0.2661249685059209,0.0634920634920634,0.0040312421264802,0.0634920634920634,0.0040312421264802,0.0396825396825396,0.0015747039556563,0.1269841269841269,0.0161249685059208,0.0873015873015873,0.0076215671453766,0.6031746031746031,0.36381960191484
Russia--Ukraine,USOIL,1499,0,0.2063492063492063,0.0425799949609473,0.2698412698412698,0.072814310909549,0.6666666666666666,0.4444444444444444,0.0555555555555555,0.0030864197530864,0.0714285714285714,0.0051020408163265,0.0317460317460317,0.00100781053162,0.2142857142857142,0.0459183673469387,0.0634920634920634,0.0040312421264802,0.5476190476190477,0.2998866213151928
Russia--Ukraine,USOIL,1500,0,0.0476190476190476,0.0022675736961451,0.0079365079365079,6.298815822625346e-05,0.492063492063492,0.2421264802217183,0.0476190476190476,0.0022675736961451,0.0079365079365079,6.298815822625346e-05,0.0079365079365079,6.298815822625346e-05,0.0476190476190476,0.0022675736961451,0.0238095238095238,0.0005668934240362,0.8253968253968254,0.6812799193751574
Russia--Ukraine,USOIL,1501,0,0.0158730158730158,0.000251952632905,0.0238095238095238,0.0005668934240362,0.0873015873015873,0.0076215671453766,0.0396825396825396,0.0015747039556563,0.0238095238095238,0.0005668934240362,0.119047619047619,0.014172335600907,0.0873015873015873,0.0076215671453766,0.0158730158730158,0.000251952632905,0.7380952380952381,0.5447845804988662
Russia--Ukraine,USOIL,1502,0,0.0238095238095238,0.0005668934240362,0.0555555555555555,0.0030864197530864,0.1825396825396825,0.033320735701688,0.1269841269841269,0.0161249685059208,0.0952380952380952,0.0090702947845804,0.2619047619047619,0.06859410430839,0.1428571428571428,0.0204081632653061,0.0476190476190476,0.0022675736961451,0.5714285714285714,0.3265306122448979
Russia--Ukraine,USOIL,1503,0,0.0079365079365079,6.298815822625346e-05,0.0793650793650793,0.0062988158226253,0.5079365079365079,0.2579994960947341,0.1031746031746031,0.0106449987402368,0.1349206349206349,0.0182035777273872,0.2698412698412698,0.072814310909549,0.1825396825396825,0.033320735701688,0.0952380952380952,0.0090702947845804,0.5317460317460317,0.2827538422776518
Russia--Ukraine,USOIL,1504,0,0.1269841269841269,0.0161249685059208,0.4206349206349206,0.1769337364575459,0.3492063492063492,0.1219450743260266,0.0952380952380952,0.0090702947845804,0.2301587301587301,0.0529730410682791,0.3095238095238095,0.0958049886621315,0.4285714285714285,0.183673469387755,0.1666666666666666,0.0277777777777777,0.4761904761904761,0.2267573696145124
Russia--Ukraine,USOIL,1505,0,0.0952380952380952,0.0090702947845804,0.1666666666666666,0.0277777777777777,0.3015873015873015,0.09095490047871,0.1507936507936507,0.0227387251196775,0.0793650793650793,0.0062988158226253,0.1507936507936507,0.0227387251196775,0.3253968253968254,0.105883093978332,0.1746031746031746,0.0304862685815066,0.6111111111111112,0.3734567901234568
Russia--Ukraine,USOIL,1506,1,0.1587301587301587,0.7077349458301839,0.1507936507936507,0.7211514235323759,0.238095238095238,0.5804988662131518,0.2698412698412698,0.5331317712270094,0.1031746031746031,0.8042957923910306,0.1269841269841269,0.762156714537667,0.3968253968253968,0.3638196019148401,0.1428571428571428,0.7346938775510206,0.6904761904761905,0.0958049886621315
Russia--Ukraine,USOIL,1507,1,0.1666666666666666,0.6944444444444445,0.3095238095238095,0.4767573696145125,0.1666666666666666,0.6944444444444445,0.0238095238095238,0.9529478458049886,0.2698412698412698,0.5331317712270094,0.246031746031746,0.5684681279919375,0.4444444444444444,0.308641975308642,0.1269841269841269,0.762156714537667,0.7063492063492064,0.0862307886117409
Russia--Ukraine,USOIL,1508,1,0.1746031746031746,0.6812799193751574,0.1904761904761904,0.655328798185941,0.0476190476190476,0.9070294784580498,0.119047619047619,0.7760770975056689,0.119047619047619,0.7760770975056689,0.0555555555555555,0.8919753086419753,0.3571428571428571,0.4132653061224489,0.1507936507936507,0.7211514235323759,0.8174603174603174,0.033320735701688
Russia--Ukraine,USOIL,1509,1,0.1984126984126984,0.6425422020660116,0.2063492063492063,0.6298815822625348,0.1349206349206349,0.7483623078861175,0.1746031746031746,0.6812799193751574,0.1507936507936507,0.7211514235323759,0.0793650793650793,0.8475686570924668,0.3095238095238095,0.4767573696145125,0.119047619047619,0.7760770975056689,0.8015873015873016,0.0393675988914084
Russia--Ukraine,USOIL,1510,1,0.1349206349206349,0.7483623078861175,0.2301587301587301,0.5926555807508189,0.0793650793650793,0.8475686570924668,0.3015873015873015,0.4877802973041067,0.1428571428571428,0.7346938775510206,0.0714285714285714,0.8622448979591837,0.3174603174603174,0.4658604182413706,0.1904761904761904,0.655328798185941,0.8095238095238095,0.0362811791383219
Russia--Ukraine,USOIL,1511,1,0.1507936507936507,0.7211514235323759,0.3968253968253968,0.3638196019148401,0.0952380952380952,0.8185941043083901,0.2619047619047619,0.5447845804988662,0.1587301587301587,0.7077349458301839,0.1428571428571428,0.7346938775510206,0.3412698412698413,0.4339254220206601,0.2063492063492063,0.6298815822625348,0.8492063492063492,0.0227387251196775
Russia--Ukraine,USOIL,1512,1,0.2222222222222222,0.6049382716049383,0.1428571428571428,0.7346938775510206,0.1587301587301587,0.7077349458301839,0.3174603174603174,0.4658604182413706,0.0555555555555555,0.8919753086419753,0.0634920634920634,0.8770471151423532,0.246031746031746,0.5684681279919375,0.2222222222222222,0.6049382716049383,0.8968253968253969,0.0106449987402368
Russia--Ukraine,USOIL,1513,1,0.3333333333333333,0.4444444444444445,0.0952380952380952,0.8185941043083901,0.1984126984126984,0.6425422020660116,0.238095238095238,0.5804988662131518,0.0476190476190476,0.9070294784580498,0.0158730158730158,0.9685059208868734,0.1904761904761904,0.655328798185941,0.2539682539682539,0.5565633660871756,0.9603174603174603,0.0015747039556563
Russia--Ukraine,USOIL,1514,1,0.2619047619047619,0.5447845804988662,0.0317460317460317,0.9375157470395564,0.4444444444444444,0.308641975308642,0.1587301587301587,0.7077349458301839,0.0396825396825396,0.922209624590577,0.0238095238095238,0.9529478458049886,0.1587301587301587,0.7077349458301839,0.2142857142857142,0.6173469387755102,0.992063492063492,6.298815822625302e-05
Russia--Ukraine,USOIL,1515,1,0.2301587301587301,0.5926555807508189,0.0476190476190476,0.9070294784580498,0.5476190476190477,0.2046485260770974,0.3095238095238095,0.4767573696145125,0.246031746031746,0.5684681279919375,0.0873015873015873,0.833018392542202,0.1507936507936507,0.7211514235323759,0.2777777777777778,0.5216049382716049,0.8650793650793651,0.0182035777273872
Russia--Ukraine,USOIL,1516,1,0.3095238095238095,0.4767573696145125,0.238095238095238,0.5804988662131518,0.0317460317460317,0.9375157470395564,0.4047619047619047,0.3543083900226757,0.1984126984126984,0.6425422020660116,0.2142857142857142,0.6173469387755102,0.2698412698412698,0.5331317712270094,0.3968253968253968,0.3638196019148401,0.7777777777777778,0.0493827160493827
Russia--Ukraine,USOIL,1517,1,0.373015873015873,0.3931090954900478,0.5396825396825397,0.2118921642731167,0.992063492063492,6.298815822625302e-05,0.2936507936507936,0.4989292013101536,0.6587301587301587,0.1164651045603426,0.4444444444444444,0.308641975308642,0.0158730158730158,0.9685059208868734,0.2619047619047619,0.5447845804988662,0.0714285714285714,0.8622448979591837
Russia--Ukraine,USOIL,1518,1,0.492063492063492,0.2579994960947341,0.9285714285714286,0.0051020408163265,0.7857142857142857,0.0459183673469387,0.6507936507936508,0.1219450743260266,0.992063492063492,6.298815822625302e-05,0.9761904761904762,0.0005668934240362,0.8333333333333334,0.0277777777777777,0.365079365079365,0.4031242126480221,0.0079365079365079,0.9841899722852104
Russia--Ukraine,USOIL,1519,1,0.4047619047619047,0.3543083900226757,0.7857142857142857,0.0459183673469387,0.7142857142857143,0.0816326530612244,0.4365079365079365,0.3175233056185437,0.8968253968253969,0.0106449987402368,0.9047619047619048,0.0090702947845804,0.8174603174603174,0.033320735701688,0.4126984126984127,0.344923154446964,0.0158730158730158,0.9685059208868734
Russia--Ukraine,USOIL,1520,1,0.2857142857142857,0.5102040816326531,0.8253968253968254,0.0304862685815066,0.8333333333333334,0.0277777777777777,0.6666666666666666,0.1111111111111111,0.984126984126984,0.000251952632905,0.9285714285714286,0.0051020408163265,0.9365079365079364,0.0040312421264802,0.3015873015873015,0.4877802973041067,0.0238095238095238,0.9529478458049886
Russia--Ukraine,USOIL,1521,1,0.2936507936507936,0.4989292013101536,0.8650793650793651,0.0182035777273872,0.8968253968253969,0.0106449987402368,0.4841269841269841,0.2661249685059208,0.9603174603174603,0.0015747039556563,0.984126984126984,0.000251952632905,0.984126984126984,0.000251952632905,0.2857142857142857,0.5102040816326531,0.0317460317460317,0.9375157470395564
Russia--Ukraine,USOIL,1522,1,0.246031746031746,0.5684681279919375,0.8968253968253969,0.0106449987402368,0.9444444444444444,0.0030864197530864,0.5396825396825397,0.2118921642731167,0.9126984126984128,0.0076215671453766,0.992063492063492,6.298815822625302e-05,0.992063492063492,6.298815822625302e-05,0.1984126984126984,0.6425422020660116,0.0396825396825396,0.922209624590577
Russia--Ukraine,USOIL,1523,1,0.3174603174603174,0.4658604182413706,0.8174603174603174,0.033320735701688,0.8095238095238095,0.0362811791383219,0.4523809523809524,0.2998866213151928,0.8650793650793651,0.0182035777273872,0.9682539682539684,0.00100781053162,0.8809523809523809,0.014172335600907,0.246031746031746,0.5684681279919375,0.0555555555555555,0.8919753086419753
Russia--Ukraine,USOIL,1524,1,0.5396825396825397,0.2118921642731167,0.9047619047619048,0.0090702947845804,0.9761904761904762,0.0005668934240362,0.7142857142857143,0.0816326530612244,0.9285714285714286,0.0051020408163265,0.9523809523809524,0.0022675736961451,0.9603174603174603,0.0015747039556563,0.5079365079365079,0.2421264802217183,0.0476190476190476,0.9070294784580498
Russia--Ukraine,USOIL,1525,1,0.6190476190476191,0.1451247165532879,0.9365079365079364,0.0040312421264802,0.8888888888888888,0.0123456790123456,0.7777777777777778,0.0493827160493827,0.9523809523809524,0.0022675736961451,0.9126984126984128,0.0076215671453766,0.9523809523809524,0.0022675736961451,0.5396825396825397,0.2118921642731167,0.0873015873015873,0.833018392542202
Russia--Ukraine,USOIL,1526,1,0.5952380952380952,0.1638321995464852,0.8809523809523809,0.014172335600907,0.8809523809523809,0.014172335600907,0.5317460317460317,0.2192617787855883,0.9206349206349206,0.0062988158226253,0.8412698412698413,0.0251952632905013,0.8968253968253969,0.0106449987402368,0.5634920634920635,0.1905391786344167,0.1111111111111111,0.7901234567901234
Russia--Ukraine,USOIL,1527,1,0.5634920634920635,0.1905391786344167,0.9206349206349206,0.0062988158226253,0.9682539682539684,0.00100781053162,0.3888888888888889,0.3734567901234568,0.8888888888888888,0.0123456790123456,0.8888888888888888,0.0123456790123456,0.8888888888888888,0.0123456790123456,0.6111111111111112,0.1512345679012345,0.1031746031746031,0.8042957923910306
Russia--Ukraine,USOIL,1528,1,0.6825396825396826,0.1007810531620055,0.984126984126984,0.000251952632905,0.8650793650793651,0.0182035777273872,0.5158730158730159,0.234378936759889,0.9682539682539684,0.00100781053162,0.9444444444444444,0.0030864197530864,0.9761904761904762,0.0005668934240362,0.5714285714285714,0.1836734693877551,0.0634920634920634,0.8770471151423532
Russia--Ukraine,USOIL,1529,1,0.753968253968254,0.0605316200554295,0.9761904761904762,0.0005668934240362,0.9365079365079364,0.0040312421264802,0.7222222222222222,0.0771604938271605,0.9444444444444444,0.0030864197530864,0.9603174603174603,0.0015747039556563,0.9444444444444444,0.0030864197530864,0.6031746031746031,0.1574703955656337,0.0793650793650793,0.8475686570924668
Russia--Ukraine,USOIL,1530,1,0.6507936507936508,0.1219450743260266,0.9444444444444444,0.0030864197530864,0.9603174603174603,0.0015747039556563,0.6904761904761905,0.0958049886621315,0.9047619047619048,0.0090702947845804,0.9365079365079364,0.0040312421264802,0.9126984126984128,0.0076215671453766,0.6190476190476191,0.1451247165532879,0.0952380952380952,0.8185941043083901
Russia--Ukraine,USOIL,1531,1,0.8174603174603174,0.033320735701688,0.9523809523809524,0.0022675736961451,0.9126984126984128,0.0076215671453766,0.8968253968253969,0.0106449987402368,0.9761904761904762,0.0005668934240362,0.8809523809523809,0.014172335600907,0.9682539682539684,0.00100781053162,0.8571428571428571,0.0204081632653061,0.119047619047619,0.7760770975056689
Russia--Ukraine,USOIL,1532,1,0.746031746031746,0.0644998740236835,0.8492063492063492,0.0227387251196775,0.8015873015873016,0.0393675988914084,0.8253968253968254,0.0304862685815066,0.9365079365079364,0.0040312421264802,0.9206349206349206,0.0062988158226253,0.9285714285714286,0.0051020408163265,0.8095238095238095,0.0362811791383219,0.1349206349206349,0.7483623078861175
Russia--Ukraine,USOIL,1533,1,0.7301587301587301,0.072814310909549,0.8015873015873016,0.0393675988914084,0.7619047619047619,0.0566893424036281,0.9444444444444444,0.0030864197530864,0.873015873015873,0.0161249685059208,0.8968253968253969,0.0106449987402368,0.9206349206349206,0.0062988158226253,0.6825396825396826,0.1007810531620055,0.1507936507936507,0.7211514235323759
Russia--Ukraine,USOIL,1534,1,0.7142857142857143,0.0816326530612244,0.7698412698412699,0.0529730410682791,0.7222222222222222,0.0771604938271605,0.7857142857142857,0.0459183673469387,0.8492063492063492,0.0227387251196775,0.8492063492063492,0.0227387251196775,0.9047619047619048,0.0090702947845804,0.7222222222222222,0.0771604938271605,0.1587301587301587,0.7077349458301839
Russia--Ukraine,USOIL,1535,1,0.7619047619047619,0.0566893424036281,0.7301587301587301,0.072814310909549,0.9285714285714286,0.0051020408163265,0.5952380952380952,0.1638321995464852,0.7619047619047619,0.0566893424036281,0.8571428571428571,0.0204081632653061,0.8650793650793651,0.0182035777273872,0.7301587301587301,0.072814310909549,0.2063492063492063,0.6298815822625348
Russia--Ukraine,USOIL,1536,1,0.8015873015873016,0.0393675988914084,0.753968253968254,0.0605316200554295,0.5873015873015873,0.1703199798437893,0.6190476190476191,0.1451247165532879,0.7301587301587301,0.072814310909549,0.8253968253968254,0.0304862685815066,0.8412698412698413,0.0251952632905013,0.6428571428571429,0.1275510204081632,0.2222222222222222,0.6049382716049383
Russia--Ukraine,USOIL,1537,1,0.8571428571428571,0.0204081632653061,0.9603174603174603,0.0015747039556563,0.7301587301587301,0.072814310909549,0.7301587301587301,0.072814310909549,0.7698412698412699,0.0529730410682791,0.873015873015873,0.0161249685059208,0.873015873015873,0.0161249685059208,0.8333333333333334,0.0277777777777777,0.2142857142857142,0.6173469387755102
Russia--Ukraine,USOIL,1538,1,0.8492063492063492,0.0227387251196775,0.9126984126984128,0.0076215671453766,0.6190476190476191,0.1451247165532879,0.8650793650793651,0.0182035777273872,0.7777777777777778,0.0493827160493827,0.7619047619047619,0.0566893424036281,0.8571428571428571,0.0204081632653061,0.746031746031746,0.0644998740236835,0.238095238095238,0.5804988662131518
Russia--Ukraine,USOIL,1539,1,0.8968253968253969,0.0106449987402368,0.8571428571428571,0.0204081632653061,0.5952380952380952,0.1638321995464852,0.8412698412698413,0.0251952632905013,0.8571428571428571,0.0204081632653061,0.753968253968254,0.0605316200554295,0.8492063492063492,0.0227387251196775,0.753968253968254,0.0605316200554295,0.246031746031746,0.5684681279919375
Russia--Ukraine,USOIL,1540,1,0.8809523809523809,0.014172335600907,0.7936507936507936,0.0425799949609473,0.8492063492063492,0.0227387251196775,0.8571428571428571,0.0204081632653061,0.8253968253968254,0.0304862685815066,0.7380952380952381,0.06859410430839,0.8253968253968254,0.0304862685815066,0.7619047619047619,0.0566893424036281,0.2539682539682539,0.5565633660871756
Russia--Ukraine,USOIL,1541,1,0.9126984126984128,0.0076215671453766,0.7380952380952381,0.06859410430839,0.4682539682539682,0.2827538422776518,0.5714285714285714,0.1836734693877551,0.7142857142857143,0.0816326530612244,0.8095238095238095,0.0362811791383219,0.8095238095238095,0.0362811791383219,0.5873015873015873,0.1703199798437893,0.2698412698412698,0.5331317712270094
Russia--Ukraine,USOIL,1542,1,0.9285714285714286,0.0051020408163265,0.6904761904761905,0.0958049886621315,0.6507936507936508,0.1219450743260266,0.6349206349206349,0.1332829428067523,0.7380952380952381,0.06859410430839,0.7777777777777778,0.0493827160493827,0.7936507936507936,0.0425799949609473,0.6984126984126984,0.09095490047871,0.3253968253968254,0.4550894431846813
Russia--Ukraine,USOIL,1543,1,0.9523809523809524,0.0022675736961451,0.7063492063492064,0.0862307886117409,0.9523809523809524,0.0022675736961451,0.9047619047619048,0.0090702947845804,0.7936507936507936,0.0425799949609473,0.7936507936507936,0.0425799949609473,0.8015873015873016,0.0393675988914084,0.6587301587301587,0.1164651045603426,0.2619047619047619,0.5447845804988662
Russia--Ukraine,USOIL,1544,1,0.8888888888888888,0.0123456790123456,0.746031746031746,0.0644998740236835,0.4603174603174603,0.2912572436381961,0.746031746031746,0.0644998740236835,0.7063492063492064,0.0862307886117409,0.8174603174603174,0.033320735701688,0.7777777777777778,0.0493827160493827,0.8809523809523809,0.014172335600907,0.2857142857142857,0.5102040816326531
Russia--Ukraine,USOIL,1545,1,0.9365079365079364,0.0040312421264802,0.8095238095238095,0.0362811791383219,0.8571428571428571,0.0204081632653061,0.6825396825396826,0.1007810531620055,0.6904761904761905,0.0958049886621315,0.8650793650793651,0.0182035777273872,0.7698412698412699,0.0529730410682791,0.873015873015873,0.0161249685059208,0.3015873015873015,0.4877802973041067
Russia--Ukraine,USOIL,1546,1,0.9047619047619048,0.0090702947845804,0.7777777777777778,0.0493827160493827,0.7063492063492064,0.0862307886117409,0.9126984126984128,0.0076215671453766,0.6984126984126984,0.09095490047871,0.6587301587301587,0.1164651045603426,0.746031746031746,0.0644998740236835,0.9047619047619048,0.0090702947845804,0.3095238095238095,0.4767573696145125
Russia--Ukraine,USOIL,1547,1,0.9444444444444444,0.0030864197530864,0.9682539682539684,0.00100781053162,0.8412698412698413,0.0251952632905013,0.9603174603174603,0.0015747039556563,0.8412698412698413,0.0251952632905013,0.7142857142857143,0.0816326530612244,0.7857142857142857,0.0459183673469387,0.9206349206349206,0.0062988158226253,0.1746031746031746,0.6812799193751574
Russia--Ukraine,USOIL,1548,1,0.873015873015873,0.0161249685059208,0.8412698412698413,0.0251952632905013,0.9047619047619048,0.0090702947845804,0.8888888888888888,0.0123456790123456,0.8015873015873016,0.0393675988914084,0.6349206349206349,0.1332829428067523,0.7619047619047619,0.0566893424036281,0.8968253968253969,0.0106449987402368,0.1825396825396825,0.668241370622323
Russia--Ukraine,USOIL,1549,1,0.7936507936507936,0.0425799949609473,0.6825396825396826,0.1007810531620055,0.6111111111111112,0.1512345679012345,0.6031746031746031,0.1574703955656337,0.8095238095238095,0.0362811791383219,0.6984126984126984,0.09095490047871,0.7142857142857143,0.0816326530612244,0.7936507936507936,0.0425799949609473,0.1984126984126984,0.6425422020660116
Russia--Ukraine,USOIL,1550,1,0.8095238095238095,0.0362811791383219,0.6666666666666666,0.1111111111111111,0.6904761904761905,0.0958049886621315,0.3968253968253968,0.3638196019148401,0.7857142857142857,0.0459183673469387,0.6666666666666666,0.1111111111111111,0.7222222222222222,0.0771604938271605,0.9126984126984128,0.0076215671453766,0.1904761904761904,0.655328798185941
Russia--Ukraine,USOIL,1551,1,0.7698412698412699,0.0529730410682791,0.7222222222222222,0.0771604938271605,0.7698412698412699,0.0529730410682791,0.5634920634920635,0.1905391786344167,0.8174603174603174,0.033320735701688,0.6746031746031746,0.105883093978332,0.7380952380952381,0.06859410430839,0.6507936507936508,0.1219450743260266,0.1666666666666666,0.6944444444444445
Russia--Ukraine,USOIL,1552,1,0.7857142857142857,0.0459183673469387,0.873015873015873,0.0161249685059208,0.873015873015873,0.0161249685059208,0.7063492063492064,0.0862307886117409,0.8333333333333334,0.0277777777777777,0.8333333333333334,0.0277777777777777,0.7063492063492064,0.0862307886117409,0.626984126984127,0.1391408415217939,0.1428571428571428,0.7346938775510206
Russia--Ukraine,USOIL,1553,1,0.7777777777777778,0.0493827160493827,0.992063492063492,6.298815822625302e-05,0.7936507936507936,0.0425799949609473,0.7936507936507936,0.0425799949609473,0.8809523809523809,0.014172335600907,0.746031746031746,0.0644998740236835,0.6587301587301587,0.1164651045603426,0.5476190476190477,0.2046485260770974,0.1269841269841269,0.762156714537667
Russia--Ukraine,USOIL,1554,1,0.9682539682539684,0.00100781053162,0.6984126984126984,0.09095490047871,0.5317460317460317,0.2192617787855883,0.7619047619047619,0.0566893424036281,0.6746031746031746,0.105883093978332,0.7063492063492064,0.0862307886117409,0.6984126984126984,0.09095490047871,0.9444444444444444,0.0030864197530864,0.4523809523809524,0.2998866213151928
Russia--Ukraine,USOIL,1555,1,0.992063492063492,6.298815822625302e-05,0.7142857142857143,0.0816326530612244,0.6428571428571429,0.1275510204081632,0.992063492063492,6.298815822625302e-05,0.753968253968254,0.0605316200554295,0.6904761904761905,0.0958049886621315,0.7301587301587301,0.072814310909549,0.984126984126984,0.000251952632905,0.373015873015873,0.3931090954900478
Russia--Ukraine,USOIL,1556,1,0.984126984126984,0.000251952632905,0.7619047619047619,0.0566893424036281,0.0555555555555555,0.8919753086419753,0.9206349206349206,0.0062988158226253,0.6825396825396826,0.1007810531620055,0.7222222222222222,0.0771604938271605,0.753968253968254,0.0605316200554295,0.992063492063492,6.298815822625302e-05,0.3412698412698413,0.4339254220206601
Russia--Ukraine,USOIL,1557,1,0.9761904761904762,0.0005668934240362,0.8888888888888888,0.0123456790123456,0.7380952380952381,0.06859410430839,0.9682539682539684,0.00100781053162,0.7222222222222222,0.0771604938271605,0.7301587301587301,0.072814310909549,0.6904761904761905,0.0958049886621315,0.9523809523809524,0.0022675736961451,0.2777777777777778,0.5216049382716049
Russia--Ukraine,USOIL,1558,1,0.9603174603174603,0.0015747039556563,0.8333333333333334,0.0277777777777777,0.6984126984126984,0.09095490047871,0.8015873015873016,0.0393675988914084,0.746031746031746,0.0644998740236835,0.6825396825396826,0.1007810531620055,0.6746031746031746,0.105883093978332,0.8888888888888888,0.0123456790123456,0.3174603174603174,0.4658604182413706
Russia--Ukraine,USOIL,1559,1,0.9206349206349206,0.0062988158226253,0.6746031746031746,0.105883093978332,0.1111111111111111,0.7901234567901234,0.9285714285714286,0.0051020408163265,0.6666666666666666,0.1111111111111111,0.6190476190476191,0.1451247165532879,0.626984126984127,0.1391408415217939,0.9285714285714286,0.0051020408163265,0.3492063492063492,0.4235323759133283
Russia--Ukraine,USOIL,1560,1,0.8412698412698413,0.0251952632905013,0.6428571428571429,0.1275510204081632,0.3253968253968254,0.4550894431846813,0.873015873015873,0.0161249685059208,0.6507936507936508,0.1219450743260266,0.5634920634920635,0.1905391786344167,0.2777777777777778,0.5216049382716049,0.9365079365079364,0.0040312421264802,0.3888888888888889,0.3734567901234568
Russia--Ukraine,USOIL,1561,1,0.7222222222222222,0.0771604938271605,0.6507936507936508,0.1219450743260266,0.2063492063492063,0.6298815822625348,0.5873015873015873,0.1703199798437893,0.6031746031746031,0.1574703955656337,0.5396825396825397,0.2118921642731167,0.2539682539682539,0.5565633660871756,0.8412698412698413,0.0251952632905013,0.3809523809523809,0.3832199546485261
Russia--Ukraine,USOIL,1562,1,0.6428571428571429,0.1275510204081632,0.6349206349206349,0.1332829428067523,0.5555555555555556,0.1975308641975308,0.7698412698412699,0.0529730410682791,0.5555555555555556,0.1975308641975308,0.5793650793650794,0.1769337364575459,0.373015873015873,0.3931090954900478,0.6746031746031746,0.105883093978332,0.4047619047619047,0.3543083900226757
Russia--Ukraine,USOIL,1563,1,0.7063492063492064,0.0862307886117409,0.6587301587301587,0.1164651045603426,0.6031746031746031,0.1574703955656337,0.6428571428571429,0.1275510204081632,0.5476190476190477,0.2046485260770974,0.5952380952380952,0.1638321995464852,0.3809523809523809,0.3832199546485261,0.7857142857142857,0.0459183673469387,0.4126984126984127,0.344923154446964
Russia--Ukraine,USOIL,1564,1,0.5714285714285714,0.1836734693877551,0.626984126984127,0.1391408415217939,0.4761904761904761,0.2743764172335601,0.5238095238095238,0.2267573696145124,0.6349206349206349,0.1332829428067523,0.5714285714285714,0.1836734693877551,0.3333333333333333,0.4444444444444445,0.6904761904761905,0.0958049886621315,0.4206349206349206,0.3356638951877046
Russia--Ukraine,USOIL,1565,1,0.6349206349206349,0.1332829428067523,0.6111111111111112,0.1512345679012345,0.246031746031746,0.5684681279919375,0.8809523809523809,0.014172335600907,0.5396825396825397,0.2118921642731167,0.5,0.25,0.5079365079365079,0.2421264802217183,0.7777777777777778,0.0493827160493827,0.5238095238095238,0.2267573696145124
Russia--Ukraine,USOIL,1566,1,0.6984126984126984,0.09095490047871,0.6190476190476191,0.1451247165532879,0.3095238095238095,0.4767573696145125,0.8333333333333334,0.0277777777777777,0.5952380952380952,0.1638321995464852,0.5158730158730159,0.234378936759889,0.5238095238095238,0.2267573696145124,0.8492063492063492,0.0227387251196775,0.4603174603174603,0.2912572436381961
Russia--Ukraine,USOIL,1567,1,0.8333333333333334,0.0277777777777777,0.5555555555555556,0.1975308641975308,0.7777777777777778,0.0493827160493827,0.9365079365079364,0.0040312421264802,0.5317460317460317,0.2192617787855883,0.5476190476190477,0.2046485260770974,0.6666666666666666,0.1111111111111111,0.9761904761904762,0.0005668934240362,0.9761904761904762,0.0005668934240362
Russia--Ukraine,USOIL,1568,1,0.8253968253968254,0.0304862685815066,0.5317460317460317,0.2192617787855883,0.8174603174603174,0.033320735701688,0.9523809523809524,0.0022675736961451,0.5714285714285714,0.1836734693877551,0.492063492063492,0.2579994960947341,0.6825396825396826,0.1007810531620055,0.9682539682539684,0.00100781053162,0.9682539682539684,0.00100781053162
Russia--Ukraine,USOIL,1569,1,0.8650793650793651,0.0182035777273872,0.5476190476190477,0.2046485260770974,0.9206349206349206,0.0062988158226253,0.984126984126984,0.000251952632905,0.5634920634920635,0.1905391786344167,0.4761904761904761,0.2743764172335601,0.6507936507936508,0.1219450743260266,0.9603174603174603,0.0015747039556563,0.9126984126984128,0.0076215671453766
Russia--Ukraine,USOIL,1570,1,0.6904761904761905,0.0958049886621315,0.5634920634920635,0.1905391786344167,0.984126984126984,0.000251952632905,0.5,0.25,0.5793650793650794,0.1769337364575459,0.4285714285714285,0.3265306122448979,0.4603174603174603,0.2912572436381961,0.7380952380952381,0.06859410430839,0.4285714285714285,0.3265306122448979
Russia--Ukraine,USOIL,1571,0,0.5079365079365079,0.2579994960947341,0.5238095238095238,0.2743764172335601,0.3809523809523809,0.1451247165532879,0.6746031746031746,0.4550894431846813,0.5238095238095238,0.2743764172335601,0.4126984126984127,0.1703199798437893,0.492063492063492,0.2421264802217183,0.8174603174603174,0.668241370622323,0.5,0.25
Russia--Ukraine,USOIL,1572,0,0.5158730158730159,0.2661249685059209,0.4682539682539682,0.2192617787855883,0.119047619047619,0.014172335600907,0.5793650793650794,0.3356638951877048,0.5158730158730159,0.2661249685059209,0.373015873015873,0.1391408415217939,0.5634920634920635,0.3175233056185437,0.7063492063492064,0.4989292013101538,0.7222222222222222,0.5216049382716049
Russia--Ukraine,USOIL,1573,0,0.6111111111111112,0.3734567901234568,0.4841269841269841,0.2343789367598891,0.3412698412698413,0.1164651045603426,0.5079365079365079,0.2579994960947341,0.4761904761904761,0.2267573696145124,0.365079365079365,0.1332829428067523,0.5952380952380952,0.3543083900226757,0.5952380952380952,0.3543083900226757,0.746031746031746,0.5565633660871756
Russia--Ukraine,USOIL,1574,0,0.4523809523809524,0.2046485260770975,0.4761904761904761,0.2267573696145124,0.2777777777777778,0.0771604938271605,0.8492063492063492,0.7211514235323759,0.3412698412698413,0.1164651045603426,0.3412698412698413,0.1164651045603426,0.6428571428571429,0.413265306122449,0.7142857142857143,0.5102040816326531,0.7619047619047619,0.5804988662131518
Russia--Ukraine,USOIL,1575,0,0.6587301587301587,0.4339254220206601,0.3809523809523809,0.1451247165532879,0.0396825396825396,0.0015747039556563,0.6111111111111112,0.3734567901234568,0.3968253968253968,0.1574703955656336,0.3253968253968254,0.105883093978332,0.6031746031746031,0.36381960191484,0.7698412698412699,0.5926555807508189,0.8571428571428571,0.7346938775510203
Russia--Ukraine,USOIL,1576,0,0.5317460317460317,0.2827538422776518,0.2142857142857142,0.0459183673469387,0.1428571428571428,0.0204081632653061,0.7380952380952381,0.5447845804988662,0.373015873015873,0.1391408415217939,0.2936507936507936,0.086230788611741,0.5555555555555556,0.308641975308642,0.6666666666666666,0.4444444444444444,0.9523809523809524,0.9070294784580498
Russia--Ukraine,USOIL,1577,0,0.5,0.25,0.2857142857142857,0.0816326530612244,0.2222222222222222,0.0493827160493827,0.8174603174603174,0.668241370622323,0.3333333333333333,0.1111111111111111,0.3571428571428571,0.1275510204081632,0.5476190476190477,0.2998866213151928,0.5793650793650794,0.3356638951877048,0.984126984126984,0.9685059208868732
Russia--Ukraine,USOIL,1578,0,0.5555555555555556,0.308641975308642,0.5158730158730159,0.2661249685059209,0.5396825396825397,0.291257243638196,0.9761904761904762,0.9529478458049886,0.5,0.25,0.4523809523809524,0.2046485260770975,0.4761904761904761,0.2267573696145124,0.8253968253968254,0.6812799193751574,0.5158730158730159,0.2661249685059209
Russia--Ukraine,USOIL,1579,0,0.5238095238095238,0.2743764172335601,0.3888888888888889,0.1512345679012345,0.746031746031746,0.5565633660871756,0.8095238095238095,0.655328798185941,0.4523809523809524,0.2046485260770975,0.4206349206349206,0.1769337364575459,0.2936507936507936,0.086230788611741,0.6349206349206349,0.4031242126480221,0.626984126984127,0.3931090954900478
Russia--Ukraine,USOIL,1580,0,0.626984126984127,0.3931090954900478,0.3571428571428571,0.1275510204081632,0.4126984126984127,0.1703199798437893,0.753968253968254,0.5684681279919375,0.492063492063492,0.2421264802217183,0.4047619047619047,0.1638321995464852,0.4126984126984127,0.1703199798437893,0.8015873015873016,0.6425422020660116,0.6428571428571429,0.413265306122449
Russia--Ukraine,USOIL,1581,0,0.5873015873015873,0.344923154446964,0.373015873015873,0.1391408415217939,0.5,0.25,0.5555555555555556,0.308641975308642,0.4682539682539682,0.2192617787855883,0.4682539682539682,0.2192617787855883,0.5,0.25,0.8650793650793651,0.7483623078861175,0.5634920634920635,0.3175233056185437
Russia--Ukraine,USOIL,1582,0,0.4126984126984127,0.1703199798437893,0.0873015873015873,0.0076215671453766,0.0238095238095238,0.0005668934240362,0.4682539682539682,0.2192617787855883,0.3571428571428571,0.1275510204081632,0.3968253968253968,0.1574703955656336,0.365079365079365,0.1332829428067523,0.5555555555555556,0.308641975308642,0.5873015873015873,0.344923154446964
Russia--Ukraine,USOIL,1583,0,0.365079365079365,0.1332829428067523,0.2539682539682539,0.0644998740236835,0.1269841269841269,0.0161249685059208,0.6984126984126984,0.4877802973041067,0.2777777777777778,0.0771604938271605,0.2301587301587301,0.0529730410682791,0.3492063492063492,0.1219450743260266,0.5,0.25,0.5555555555555556,0.308641975308642
Russia--Ukraine,USOIL,1584,0,0.3571428571428571,0.1275510204081632,0.365079365079365,0.1332829428067523,0.6349206349206349,0.4031242126480221,0.3253968253968254,0.105883093978332,0.3174603174603174,0.1007810531620055,0.2222222222222222,0.0493827160493827,0.3888888888888889,0.1512345679012345,0.4365079365079365,0.1905391786344167,0.6587301587301587,0.4339254220206601
Russia--Ukraine,USOIL,1585,0,0.3809523809523809,0.1451247165532879,0.2777777777777778,0.0771604938271605,0.0079365079365079,6.298815822625346e-05,0.4206349206349206,0.1769337364575459,0.3095238095238095,0.0958049886621315,0.1984126984126984,0.0393675988914084,0.4047619047619047,0.1638321995464852,0.4206349206349206,0.1769337364575459,0.6666666666666666,0.4444444444444444
Russia--Ukraine,USOIL,1586,0,0.1904761904761904,0.0362811791383219,0.246031746031746,0.0605316200554295,0.365079365079365,0.1332829428067523,0.373015873015873,0.1391408415217939,0.2142857142857142,0.0459183673469387,0.1825396825396825,0.033320735701688,0.1984126984126984,0.0393675988914084,0.2936507936507936,0.086230788611741,0.6349206349206349,0.4031242126480221
Russia--Ukraine,USOIL,1587,0,0.2698412698412698,0.072814310909549,0.2936507936507936,0.086230788611741,0.2301587301587301,0.0529730410682791,0.1984126984126984,0.0393675988914084,0.2936507936507936,0.086230788611741,0.3015873015873015,0.09095490047871,0.2063492063492063,0.0425799949609473,0.2301587301587301,0.0529730410682791,0.492063492063492,0.2421264802217183
Russia--Ukraine,USOIL,1588,0,0.2142857142857142,0.0459183673469387,0.1825396825396825,0.033320735701688,0.3571428571428571,0.1275510204081632,0.0714285714285714,0.0051020408163265,0.1904761904761904,0.0362811791383219,0.1904761904761904,0.0362811791383219,0.1746031746031746,0.0304862685815066,0.238095238095238,0.0566893424036281,0.6507936507936508,0.4235323759133283
Russia--Ukraine,USOIL,1589,0,0.2539682539682539,0.0644998740236835,0.1111111111111111,0.0123456790123456,0.1031746031746031,0.0106449987402368,0.0079365079365079,6.298815822625346e-05,0.1746031746031746,0.0304862685815066,0.1031746031746031,0.0106449987402368,0.1666666666666666,0.0277777777777777,0.2698412698412698,0.072814310909549,0.7142857142857143,0.5102040816326531
Russia--Ukraine,USOIL,1590,0,0.238095238095238,0.0566893424036281,0.0714285714285714,0.0051020408163265,0.5238095238095238,0.2743764172335601,0.3412698412698413,0.1164651045603426,0.1666666666666666,0.0277777777777777,0.0952380952380952,0.0090702947845804,0.2222222222222222,0.0493827160493827,0.3253968253968254,0.105883093978332,0.7698412698412699,0.5926555807508189
Russia--Ukraine,USOIL,1591,0,0.2777777777777778,0.0771604938271605,0.1269841269841269,0.0161249685059208,0.2142857142857142,0.0459183673469387,0.246031746031746,0.0605316200554295,0.2222222222222222,0.0493827160493827,0.1349206349206349,0.0182035777273872,0.238095238095238,0.0566893424036281,0.373015873015873,0.1391408415217939,0.8333333333333334,0.6944444444444445
Russia--Ukraine,USOIL,1592,0,0.3412698412698413,0.1164651045603426,0.1587301587301587,0.0251952632905013,0.3888888888888889,0.1512345679012345,0.2063492063492063,0.0425799949609473,0.1825396825396825,0.033320735701688,0.1666666666666666,0.0277777777777777,0.2619047619047619,0.06859410430839,0.3809523809523809,0.1451247165532879,0.873015873015873,0.762156714537667
Russia--Ukraine,USOIL,1593,0,0.4444444444444444,0.1975308641975308,0.2222222222222222,0.0493827160493827,0.4841269841269841,0.2343789367598891,0.3571428571428571,0.1275510204081632,0.2857142857142857,0.0816326530612244,0.238095238095238,0.0566893424036281,0.4206349206349206,0.1769337364575459,0.5238095238095238,0.2743764172335601,0.9206349206349206,0.8475686570924665
Russia--Ukraine,USOIL,1594,0,0.4682539682539682,0.2192617787855883,0.2619047619047619,0.06859410430839,0.1746031746031746,0.0304862685815066,0.4603174603174603,0.2118921642731166,0.3809523809523809,0.1451247165532879,0.3333333333333333,0.1111111111111111,0.5396825396825397,0.291257243638196,0.492063492063492,0.2421264802217183,0.9444444444444444,0.8919753086419753
Russia--Ukraine,USOIL,1595,0,0.4603174603174603,0.2118921642731166,0.3174603174603174,0.1007810531620055,0.3174603174603174,0.1007810531620055,0.2857142857142857,0.0816326530612244,0.4047619047619047,0.1638321995464852,0.4603174603174603,0.2118921642731166,0.5714285714285714,0.3265306122448979,0.4761904761904761,0.2267573696145124,0.9285714285714286,0.8622448979591837
Russia--Ukraine,USOIL,1596,0,0.4841269841269841,0.2343789367598891,0.3492063492063492,0.1219450743260266,0.4365079365079365,0.1905391786344167,0.3492063492063492,0.1219450743260266,0.4206349206349206,0.1769337364575459,0.5873015873015873,0.344923154446964,0.6111111111111112,0.3734567901234568,0.4444444444444444,0.1975308641975308,0.8809523809523809,0.7760770975056689
Russia--Ukraine,USOIL,1597,0,0.3968253968253968,0.1574703955656336,0.5079365079365079,0.2579994960947341,0.8253968253968254,0.6812799193751574,0.2222222222222222,0.0493827160493827,0.5079365079365079,0.2579994960947341,0.5317460317460317,0.2827538422776518,0.6190476190476191,0.3832199546485261,0.4047619047619047,0.1638321995464852,0.9047619047619048,0.8185941043083901
Russia--Ukraine,USOIL,1598,0,0.5793650793650794,0.3356638951877048,0.5714285714285714,0.3265306122448979,0.4206349206349206,0.1769337364575459,0.4761904761904761,0.2267573696145124,0.5873015873015873,0.344923154446964,0.6428571428571429,0.413265306122449,0.5793650793650794,0.3356638951877048,0.4523809523809524,0.2046485260770975,0.5793650793650794,0.3356638951877048
Russia--Ukraine,USOIL,1599,0,0.6666666666666666,0.4444444444444444,0.5873015873015873,0.344923154446964,0.2619047619047619,0.06859410430839,0.3333333333333333,0.1111111111111111,0.6190476190476191,0.3832199546485261,0.6507936507936508,0.4235323759133283,0.5317460317460317,0.2827538422776518,0.5158730158730159,0.2661249685059209,0.6825396825396826,0.4658604182413706
Russia--Ukraine,USOIL,1600,0,0.7380952380952381,0.5447845804988662,0.5793650793650794,0.3356638951877048,0.5793650793650794,0.3356638951877048,0.492063492063492,0.2421264802217183,0.626984126984127,0.3931090954900478,0.7857142857142857,0.6173469387755102,0.5158730158730159,0.2661249685059209,0.4841269841269841,0.2343789367598891,0.7301587301587301,0.5331317712270093
Russia--Ukraine,USOIL,1601,0,0.6746031746031746,0.4550894431846813,0.5952380952380952,0.3543083900226757,0.4047619047619047,0.1638321995464852,0.4126984126984127,0.1703199798437893,0.6428571428571429,0.413265306122449,0.7698412698412699,0.5926555807508189,0.5873015873015873,0.344923154446964,0.4682539682539682,0.2192617787855883,0.6746031746031746,0.4550894431846813
Russia--Ukraine,USOIL,1602,0,0.6031746031746031,0.36381960191484,0.6031746031746031,0.36381960191484,0.5714285714285714,0.3265306122448979,0.5476190476190477,0.2998866213151928,0.6111111111111112,0.3734567901234568,0.8015873015873016,0.6425422020660116,0.6349206349206349,0.4031242126480221,0.5317460317460317,0.2827538422776518,0.5396825396825397,0.291257243638196
Russia--Ukraine,USOIL,1603,0,0.5476190476190477,0.2998866213151928,0.4365079365079365,0.1905391786344167,0.3333333333333333,0.1111111111111111,0.4444444444444444,0.1975308641975308,0.4841269841269841,0.2343789367598891,0.6111111111111112,0.3734567901234568,0.4682539682539682,0.2192617787855883,0.3412698412698413,0.1164651045603426,0.9365079365079364,0.8770471151423532
Russia--Ukraine,USOIL,1604,0,0.4761904761904761,0.2267573696145124,0.4523809523809524,0.2046485260770975,0.1904761904761904,0.0362811791383219,0.6587301587301587,0.4339254220206601,0.4603174603174603,0.2118921642731166,0.626984126984127,0.3931090954900478,0.4841269841269841,0.2343789367598891,0.3571428571428571,0.1275510204081632,0.8888888888888888,0.7901234567901234
Russia--Ukraine,USOIL,1605,0,0.4365079365079365,0.1905391786344167,0.4047619047619047,0.1638321995464852,0.0714285714285714,0.0051020408163265,0.626984126984127,0.3931090954900478,0.4126984126984127,0.1703199798437893,0.6031746031746031,0.36381960191484,0.4365079365079365,0.1905391786344167,0.4603174603174603,0.2118921642731166,0.8412698412698413,0.7077349458301839
Russia--Ukraine,USOIL,1606,0,0.4206349206349206,0.1769337364575459,0.4285714285714285,0.183673469387755,0.0158730158730158,0.000251952632905,0.3809523809523809,0.1451247165532879,0.4285714285714285,0.183673469387755,0.5555555555555556,0.308641975308642,0.3015873015873015,0.09095490047871,0.3333333333333333,0.1111111111111111,0.7936507936507936,0.6298815822625345
Russia--Ukraine,USOIL,1607,0,0.4285714285714285,0.183673469387755,0.3253968253968254,0.105883093978332,0.1507936507936507,0.0227387251196775,0.2777777777777778,0.0771604938271605,0.4444444444444444,0.1975308641975308,0.4841269841269841,0.2343789367598891,0.2301587301587301,0.0529730410682791,0.3492063492063492,0.1219450743260266,0.753968253968254,0.5684681279919375
Russia--Ukraine,USOIL,1608,0,0.3492063492063492,0.1219450743260266,0.1746031746031746,0.0304862685815066,0.0634920634920634,0.0040312421264802,0.365079365079365,0.1332829428067523,0.3492063492063492,0.1219450743260266,0.3888888888888889,0.1512345679012345,0.1111111111111111,0.0123456790123456,0.3174603174603174,0.1007810531620055,0.7857142857142857,0.6173469387755102
Russia--Ukraine,USOIL,1609,0,0.3015873015873015,0.09095490047871,0.3333333333333333,0.1111111111111111,0.2539682539682539,0.0644998740236835,0.1349206349206349,0.0182035777273872,0.3253968253968254,0.105883093978332,0.3492063492063492,0.1219450743260266,0.1349206349206349,0.0182035777273872,0.3888888888888889,0.1512345679012345,0.6984126984126984,0.4877802973041067
Russia--Ukraine,USOIL,1610,0,0.3253968253968254,0.105883093978332,0.4603174603174603,0.2118921642731166,0.2698412698412698,0.072814310909549,0.2539682539682539,0.0644998740236835,0.3888888888888889,0.1512345679012345,0.3174603174603174,0.1007810531620055,0.2857142857142857,0.0816326530612244,0.3095238095238095,0.0958049886621315,0.6190476190476191,0.3832199546485261
Russia--Ukraine,USOIL,1611,0,0.3888888888888889,0.1512345679012345,0.5,0.25,0.5634920634920635,0.3175233056185437,0.4285714285714285,0.183673469387755,0.4365079365079365,0.1905391786344167,0.3809523809523809,0.1451247165532879,0.4523809523809524,0.2046485260770975,0.4285714285714285,0.183673469387755,0.5079365079365079,0.2579994960947341
Russia--Ukraine,GOLD,1486,0,0.7698412698412699,0.5926555807508189,0.2222222222222222,0.0493827160493827,0.2698412698412698,0.072814310909549,0.9761904761904762,0.9529478458049886,0.0793650793650793,0.0062988158226253,0.2539682539682539,0.0644998740236835,0.6428571428571429,0.413265306122449,0.8333333333333334,0.6944444444444445,0.8015873015873016,0.6425422020660116
Russia--Ukraine,GOLD,1487,0,0.5873015873015873,0.344923154446964,0.2301587301587301,0.0529730410682791,0.0634920634920634,0.0040312421264802,0.6507936507936508,0.4235323759133283,0.1984126984126984,0.0393675988914084,0.2936507936507936,0.086230788611741,0.6825396825396826,0.4658604182413706,0.8095238095238095,0.655328798185941,0.8571428571428571,0.7346938775510203
Russia--Ukraine,GOLD,1488,0,0.5079365079365079,0.2579994960947341,0.2142857142857142,0.0459183673469387,0.5158730158730159,0.2661249685059209,0.7222222222222222,0.5216049382716049,0.0714285714285714,0.0051020408163265,0.0476190476190476,0.0022675736961451,0.5714285714285714,0.3265306122448979,0.6111111111111112,0.3734567901234568,0.7301587301587301,0.5331317712270093
Russia--Ukraine,GOLD,1489,0,0.5952380952380952,0.3543083900226757,0.1904761904761904,0.0362811791383219,0.3888888888888889,0.1512345679012345,0.7380952380952381,0.5447845804988662,0.1666666666666666,0.0277777777777777,0.0873015873015873,0.0076215671453766,0.5793650793650794,0.3356638951877048,0.5793650793650794,0.3356638951877048,0.7857142857142857,0.6173469387755102
Russia--Ukraine,GOLD,1490,0,0.6190476190476191,0.3832199546485261,0.1666666666666666,0.0277777777777777,0.0952380952380952,0.0090702947845804,0.753968253968254,0.5684681279919375,0.2063492063492063,0.0425799949609473,0.0555555555555555,0.0030864197530864,0.626984126984127,0.3931090954900478,0.6428571428571429,0.413265306122449,0.873015873015873,0.762156714537667
Russia--Ukraine,GOLD,1491,0,0.5158730158730159,0.2661249685059209,0.1587301587301587,0.0251952632905013,0.1746031746031746,0.0304862685815066,0.6904761904761905,0.4767573696145125,0.2142857142857142,0.0459183673469387,0.1666666666666666,0.0277777777777777,0.6349206349206349,0.4031242126480221,0.6587301587301587,0.4339254220206601,0.8888888888888888,0.7901234567901234
Russia--Ukraine,GOLD,1492,0,0.4603174603174603,0.2118921642731166,0.0476190476190476,0.0022675736961451,0.246031746031746,0.0605316200554295,0.5714285714285714,0.3265306122448979,0.2539682539682539,0.0644998740236835,0.0238095238095238,0.0005668934240362,0.5476190476190477,0.2998866213151928,0.5158730158730159,0.2661249685059209,0.8492063492063492,0.7211514235323759
Russia--Ukraine,GOLD,1493,0,0.5317460317460317,0.2827538422776518,0.0555555555555555,0.0030864197530864,0.0793650793650793,0.0062988158226253,0.5873015873015873,0.344923154446964,0.1587301587301587,0.0251952632905013,0.0317460317460317,0.00100781053162,0.5873015873015873,0.344923154446964,0.626984126984127,0.3931090954900478,0.9444444444444444,0.8919753086419753
Russia--Ukraine,GOLD,1494,0,0.5476190476190477,0.2998866213151928,0.0634920634920634,0.0040312421264802,0.4444444444444444,0.1975308641975308,0.5952380952380952,0.3543083900226757,0.119047619047619,0.014172335600907,0.0634920634920634,0.0040312421264802,0.6587301587301587,0.4339254220206601,0.6984126984126984,0.4877802973041067,0.9603174603174603,0.922209624590577
Russia--Ukraine,GOLD,1495,0,0.6031746031746031,0.36381960191484,0.0793650793650793,0.0062988158226253,0.2539682539682539,0.0644998740236835,0.2301587301587301,0.0529730410682791,0.1746031746031746,0.0304862685815066,0.1984126984126984,0.0393675988914084,0.6746031746031746,0.4550894431846813,0.7222222222222222,0.5216049382716049,0.9523809523809524,0.9070294784580498
Russia--Ukraine,GOLD,1496,0,0.5634920634920635,0.3175233056185437,0.1507936507936507,0.0227387251196775,0.5793650793650794,0.3356638951877048,0.8412698412698413,0.7077349458301839,0.1111111111111111,0.0123456790123456,0.1507936507936507,0.0227387251196775,0.6190476190476191,0.3832199546485261,0.7777777777777778,0.6049382716049383,0.9682539682539684,0.9375157470395564
Russia--Ukraine,GOLD,1497,0,0.9603174603174603,0.922209624590577,0.8015873015873016,0.6425422020660116,0.5317460317460317,0.2827538422776518,0.9206349206349206,0.8475686570924665,0.9126984126984128,0.833018392542202,0.9682539682539684,0.9375157470395564,0.9365079365079364,0.8770471151423532,0.9523809523809524,0.9070294784580498,0.2777777777777778,0.0771604938271605
Russia--Ukraine,GOLD,1498,0,0.9761904761904762,0.9529478458049886,0.8571428571428571,0.7346938775510203,0.8015873015873016,0.6425422020660116,0.9047619047619048,0.8185941043083901,0.8492063492063492,0.7211514235323759,0.984126984126984,0.9685059208868732,0.8253968253968254,0.6812799193751574,0.9206349206349206,0.8475686570924665,0.2936507936507936,0.086230788611741
Russia--Ukraine,GOLD,1499,0,0.992063492063492,0.9841899722852104,0.873015873015873,0.762156714537667,0.984126984126984,0.9685059208868732,0.992063492063492,0.9841899722852104,0.873015873015873,0.762156714537667,0.992063492063492,0.9841899722852104,0.7936507936507936,0.6298815822625345,0.992063492063492,0.9841899722852104,0.2857142857142857,0.0816326530612244
Russia--Ukraine,GOLD,1500,0,0.984126984126984,0.9685059208868732,0.9285714285714286,0.8622448979591837,0.2857142857142857,0.0816326530612244,0.9285714285714286,0.8622448979591837,0.9206349206349206,0.8475686570924665,0.9285714285714286,0.8622448979591837,0.7301587301587301,0.5331317712270093,0.9603174603174603,0.922209624590577,0.3095238095238095,0.0958049886621315
Russia--Ukraine,GOLD,1501,0,0.9126984126984128,0.833018392542202,0.8492063492063492,0.7211514235323759,0.9365079365079364,0.8770471151423532,0.9603174603174603,0.922209624590577,0.8333333333333334,0.6944444444444445,0.873015873015873,0.762156714537667,0.6666666666666666,0.4444444444444444,0.8888888888888888,0.7901234567901234,0.3888888888888889,0.1512345679012345
Russia--Ukraine,GOLD,1502,0,0.9523809523809524,0.9070294784580498,0.8333333333333334,0.6944444444444445,0.1031746031746031,0.0106449987402368,0.9523809523809524,0.9070294784580498,0.7857142857142857,0.6173469387755102,0.8571428571428571,0.7346938775510203,0.7063492063492064,0.4989292013101538,0.9444444444444444,0.8919753086419753,0.4444444444444444,0.1975308641975308
Russia--Ukraine,GOLD,1503,0,0.7777777777777778,0.6049382716049383,0.8174603174603174,0.668241370622323,0.0238095238095238,0.0005668934240362,0.8809523809523809,0.7760770975056689,0.7142857142857143,0.5102040816326531,0.8492063492063492,0.7211514235323759,0.8095238095238095,0.655328798185941,0.9682539682539684,0.9375157470395564,0.5317460317460317,0.2827538422776518
Russia--Ukraine,GOLD,1504,0,0.8571428571428571,0.7346938775510203,0.7698412698412699,0.5926555807508189,0.0158730158730158,0.000251952632905,0.9444444444444444,0.8919753086419753,0.6507936507936508,0.4235323759133283,0.8650793650793651,0.7483623078861175,0.9126984126984128,0.833018392542202,0.873015873015873,0.762156714537667,0.6031746031746031,0.36381960191484
Russia--Ukraine,GOLD,1505,1,0.9444444444444444,0.0030864197530864,0.7619047619047619,0.0566893424036281,0.626984126984127,0.1391408415217939,0.8492063492063492,0.0227387251196775,0.7698412698412699,0.0529730410682791,0.8968253968253969,0.0106449987402368,0.9761904761904762,0.0005668934240362,0.8650793650793651,0.0182035777273872,0.6428571428571429,0.1275510204081632
Russia--Ukraine,GOLD,1506,1,0.8492063492063492,0.0227387251196775,0.8253968253968254,0.0304862685815066,0.1428571428571428,0.7346938775510206,0.7698412698412699,0.0529730410682791,0.7301587301587301,0.072814310909549,0.9603174603174603,0.0015747039556563,0.746031746031746,0.0644998740236835,0.746031746031746,0.0644998740236835,0.373015873015873,0.3931090954900478
Russia--Ukraine,GOLD,1507,1,0.8015873015873016,0.0393675988914084,0.7936507936507936,0.0425799949609473,0.3253968253968254,0.4550894431846813,0.7619047619047619,0.0566893424036281,0.7619047619047619,0.0566893424036281,0.9206349206349206,0.0062988158226253,0.8888888888888888,0.0123456790123456,0.8809523809523809,0.014172335600907,0.4603174603174603,0.2912572436381961
Russia--Ukraine,GOLD,1508,1,0.8333333333333334,0.0277777777777777,0.7777777777777778,0.0493827160493827,0.0079365079365079,0.9841899722852104,0.873015873015873,0.0161249685059208,0.7936507936507936,0.0425799949609473,0.9365079365079364,0.0040312421264802,0.8492063492063492,0.0227387251196775,0.8174603174603174,0.033320735701688,0.4285714285714285,0.3265306122448979
Russia--Ukraine,GOLD,1509,1,0.8253968253968254,0.0304862685815066,0.8095238095238095,0.0362811791383219,0.5873015873015873,0.1703199798437893,0.5079365079365079,0.2421264802217183,0.8571428571428571,0.0204081632653061,0.8333333333333334,0.0277777777777777,0.2619047619047619,0.5447845804988662,0.4761904761904761,0.2743764172335601,0.1031746031746031,0.8042957923910306
Russia--Ukraine,GOLD,1510,1,0.7936507936507936,0.0425799949609473,0.7222222222222222,0.0771604938271605,0.6984126984126984,0.09095490047871,0.6031746031746031,0.1574703955656337,0.8174603174603174,0.033320735701688,0.6746031746031746,0.105883093978332,0.3333333333333333,0.4444444444444445,0.4841269841269841,0.2661249685059208,0.1269841269841269,0.762156714537667
Russia--Ukraine,GOLD,1511,1,0.4047619047619047,0.3543083900226757,0.6825396825396826,0.1007810531620055,0.2777777777777778,0.5216049382716049,0.238095238095238,0.5804988662131518,0.8809523809523809,0.014172335600907,0.7619047619047619,0.0566893424036281,0.3809523809523809,0.3832199546485261,0.2857142857142857,0.5102040816326531,0.1507936507936507,0.7211514235323759
Russia--Ukraine,GOLD,1512,1,0.3492063492063492,0.4235323759133283,0.6349206349206349,0.1332829428067523,0.1904761904761904,0.655328798185941,0.5238095238095238,0.2267573696145124,0.8095238095238095,0.0362811791383219,0.6984126984126984,0.09095490047871,0.3095238095238095,0.4767573696145125,0.2777777777777778,0.5216049382716049,0.1825396825396825,0.668241370622323
Russia--Ukraine,GOLD,1513,1,0.1587301587301587,0.7077349458301839,0.5873015873015873,0.1703199798437893,0.5,0.25,0.3015873015873015,0.4877802973041067,0.7380952380952381,0.06859410430839,0.6666666666666666,0.1111111111111111,0.2777777777777778,0.5216049382716049,0.238095238095238,0.5804988662131518,0.1904761904761904,0.655328798185941
Russia--Ukraine,GOLD,1514,1,0.2301587301587301,0.5926555807508189,0.5079365079365079,0.2421264802217183,0.2936507936507936,0.4989292013101536,0.2857142857142857,0.5102040816326531,0.626984126984127,0.1391408415217939,0.6507936507936508,0.1219450743260266,0.1666666666666666,0.6944444444444445,0.2301587301587301,0.5926555807508189,0.246031746031746,0.5684681279919375
Russia--Ukraine,GOLD,1515,1,0.3015873015873015,0.4877802973041067,0.4365079365079365,0.3175233056185437,0.3333333333333333,0.4444444444444445,0.1984126984126984,0.6425422020660116,0.373015873015873,0.3931090954900478,0.5158730158730159,0.234378936759889,0.2301587301587301,0.5926555807508189,0.1031746031746031,0.8042957923910306,0.3253968253968254,0.4550894431846813
Russia--Ukraine,GOLD,1516,1,0.2142857142857142,0.6173469387755102,0.4603174603174603,0.2912572436381961,0.6904761904761905,0.0958049886621315,0.2936507936507936,0.4989292013101536,0.4682539682539682,0.2827538422776518,0.4841269841269841,0.2661249685059208,0.1349206349206349,0.7483623078861175,0.2936507936507936,0.4989292013101536,0.2619047619047619,0.5447845804988662
Russia--Ukraine,GOLD,1517,1,0.1269841269841269,0.762156714537667,0.3809523809523809,0.3832199546485261,0.5396825396825397,0.2118921642731167,0.5317460317460317,0.2192617787855883,0.3174603174603174,0.4658604182413706,0.5,0.25,0.1984126984126984,0.6425422020660116,0.2142857142857142,0.6173469387755102,0.365079365079365,0.4031242126480221
Russia--Ukraine,GOLD,1518,1,0.119047619047619,0.7760770975056689,0.2936507936507936,0.4989292013101536,0.5079365079365079,0.2421264802217183,0.2698412698412698,0.5331317712270094,0.1904761904761904,0.655328798185941,0.6587301587301587,0.1164651045603426,0.2936507936507936,0.4989292013101536,0.2222222222222222,0.6049382716049383,0.4365079365079365,0.3175233056185437
Russia--Ukraine,GOLD,1519,1,0.1825396825396825,0.668241370622323,0.3333333333333333,0.4444444444444445,0.7063492063492064,0.0862307886117409,0.0158730158730158,0.9685059208868734,0.2698412698412698,0.5331317712270094,0.4444444444444444,0.308641975308642,0.2222222222222222,0.6049382716049383,0.1111111111111111,0.7901234567901234,0.3492063492063492,0.4235323759133283
Russia--Ukraine,GOLD,1520,1,0.0396825396825396,0.922209624590577,0.4841269841269841,0.2661249685059208,0.746031746031746,0.0644998740236835,0.1269841269841269,0.762156714537667,0.5238095238095238,0.2267573696145124,0.4126984126984127,0.344923154446964,0.1587301587301587,0.7077349458301839,0.0238095238095238,0.9529478458049886,0.2222222222222222,0.6049382716049383
Russia--Ukraine,GOLD,1521,1,0.0317460317460317,0.9375157470395564,0.5793650793650794,0.1769337364575459,0.753968253968254,0.0605316200554295,0.0396825396825396,0.922209624590577,0.753968253968254,0.0605316200554295,0.4365079365079365,0.3175233056185437,0.1507936507936507,0.7211514235323759,0.0555555555555555,0.8919753086419753,0.119047619047619,0.7760770975056689
Russia--Ukraine,GOLD,1522,1,0.0952380952380952,0.8185941043083901,0.5396825396825397,0.2118921642731167,0.7936507936507936,0.0425799949609473,0.0952380952380952,0.8185941043083901,0.5396825396825397,0.2118921642731167,0.3015873015873015,0.4877802973041067,0.1904761904761904,0.655328798185941,0.0396825396825396,0.922209624590577,0.1428571428571428,0.7346938775510206
Russia--Ukraine,GOLD,1523,1,0.0238095238095238,0.9529478458049886,0.4523809523809524,0.2998866213151928,0.8571428571428571,0.0204081632653061,0.1746031746031746,0.6812799193751574,0.3888888888888889,0.3734567901234568,0.3571428571428571,0.4132653061224489,0.2539682539682539,0.5565633660871756,0.0079365079365079,0.9841899722852104,0.2142857142857142,0.6173469387755102
Russia--Ukraine,GOLD,1524,1,0.0476190476190476,0.9070294784580498,0.3492063492063492,0.4235323759133283,0.8968253968253969,0.0106449987402368,0.0317460317460317,0.9375157470395564,0.246031746031746,0.5684681279919375,0.2857142857142857,0.5102040816326531,0.3253968253968254,0.4550894431846813,0.0158730158730158,0.9685059208868734,0.2698412698412698,0.5331317712270094
Russia--Ukraine,GOLD,1525,1,0.0634920634920634,0.8770471151423532,0.3253968253968254,0.4550894431846813,0.8888888888888888,0.0123456790123456,0.0714285714285714,0.8622448979591837,0.2777777777777778,0.5216049382716049,0.1111111111111111,0.7901234567901234,0.3571428571428571,0.4132653061224489,0.0793650793650793,0.8475686570924668,0.3412698412698413,0.4339254220206601
Russia--Ukraine,GOLD,1526,1,0.1904761904761904,0.655328798185941,0.2619047619047619,0.5447845804988662,0.873015873015873,0.0161249685059208,0.0079365079365079,0.9841899722852104,0.3095238095238095,0.4767573696145125,0.1031746031746031,0.8042957923910306,0.3412698412698413,0.4339254220206601,0.1349206349206349,0.7483623078861175,0.4206349206349206,0.3356638951877046
Russia--Ukraine,GOLD,1527,1,0.3095238095238095,0.4767573696145125,0.365079365079365,0.4031242126480221,0.9206349206349206,0.0062988158226253,0.0238095238095238,0.9529478458049886,0.4523809523809524,0.2998866213151928,0.3333333333333333,0.4444444444444445,0.4365079365079365,0.3175233056185437,0.2063492063492063,0.6298815822625348,0.3809523809523809,0.3832199546485261
Russia--Ukraine,GOLD,1528,1,0.2777777777777778,0.5216049382716049,0.4047619047619047,0.3543083900226757,0.8809523809523809,0.014172335600907,0.1587301587301587,0.7077349458301839,0.5714285714285714,0.1836734693877551,0.3888888888888889,0.3734567901234568,0.4841269841269841,0.2661249685059208,0.1984126984126984,0.6425422020660116,0.4126984126984127,0.344923154446964
Russia--Ukraine,GOLD,1529,1,0.246031746031746,0.5684681279919375,0.3888888888888889,0.3734567901234568,0.8174603174603174,0.033320735701688,0.1428571428571428,0.7346938775510206,0.5634920634920635,0.1905391786344167,0.119047619047619,0.7760770975056689,0.3888888888888889,0.3734567901234568,0.0634920634920634,0.8770471151423532,0.4523809523809524,0.2998866213151928
Russia--Ukraine,GOLD,1530,1,0.3968253968253968,0.3638196019148401,0.3571428571428571,0.4132653061224489,0.6349206349206349,0.1332829428067523,0.246031746031746,0.5684681279919375,0.2857142857142857,0.5102040816326531,0.1428571428571428,0.7346938775510206,0.365079365079365,0.4031242126480221,0.0476190476190476,0.9070294784580498,0.5396825396825397,0.2118921642731167
Russia--Ukraine,GOLD,1531,1,0.3888888888888889,0.3734567901234568,0.3095238095238095,0.4767573696145125,0.6428571428571429,0.1275510204081632,0.3809523809523809,0.3832199546485261,0.2301587301587301,0.5926555807508189,0.0714285714285714,0.8622448979591837,0.3015873015873015,0.4877802973041067,0.2619047619047619,0.5447845804988662,0.5793650793650794,0.1769337364575459
Russia--Ukraine,GOLD,1532,1,0.4523809523809524,0.2998866213151928,0.4206349206349206,0.3356638951877046,0.6190476190476191,0.1451247165532879,0.4682539682539682,0.2827538422776518,0.4444444444444444,0.308641975308642,0.246031746031746,0.5684681279919375,0.2857142857142857,0.5102040816326531,0.2539682539682539,0.5565633660871756,0.492063492063492,0.2579994960947341
Russia--Ukraine,GOLD,1533,1,0.4761904761904761,0.2743764172335601,0.4444444444444444,0.308641975308642,0.3968253968253968,0.3638196019148401,0.3888888888888889,0.3734567901234568,0.5555555555555556,0.1975308641975308,0.1746031746031746,0.6812799193751574,0.3492063492063492,0.4235323759133283,0.3015873015873015,0.4877802973041067,0.5079365079365079,0.2421264802217183
Russia--Ukraine,GOLD,1534,1,0.6428571428571429,0.1275510204081632,0.5158730158730159,0.234378936759889,0.4206349206349206,0.3356638951877046,0.4761904761904761,0.2743764172335601,0.5476190476190477,0.2046485260770974,0.2619047619047619,0.5447845804988662,0.373015873015873,0.3931090954900478,0.3412698412698413,0.4339254220206601,0.5,0.25
Russia--Ukraine,GOLD,1535,1,0.4206349206349206,0.3356638951877046,0.492063492063492,0.2579994960947341,0.5714285714285714,0.1836734693877551,0.4126984126984127,0.344923154446964,0.2936507936507936,0.4989292013101536,0.1587301587301587,0.7077349458301839,0.2698412698412698,0.5331317712270094,0.3333333333333333,0.4444444444444445,0.5555555555555556,0.1975308641975308
Russia--Ukraine,GOLD,1536,1,0.6666666666666666,0.1111111111111111,0.5555555555555556,0.1975308641975308,0.6507936507936508,0.1219450743260266,0.3253968253968254,0.4550894431846813,0.3809523809523809,0.3832199546485261,0.2222222222222222,0.6049382716049383,0.1269841269841269,0.762156714537667,0.3888888888888889,0.3734567901234568,0.5158730158730159,0.234378936759889
Russia--Ukraine,GOLD,1537,1,0.5714285714285714,0.1836734693877551,0.746031746031746,0.0644998740236835,0.9047619047619048,0.0090702947845804,0.5634920634920635,0.1905391786344167,0.7063492063492064,0.0862307886117409,0.373015873015873,0.3931090954900478,0.0714285714285714,0.8622448979591837,0.4126984126984127,0.344923154446964,0.3015873015873015,0.4877802973041067
Russia--Ukraine,GOLD,1538,1,0.6587301587301587,0.1164651045603426,0.7380952380952381,0.06859410430839,0.8492063492063492,0.0227387251196775,0.4841269841269841,0.2661249685059208,0.5,0.25,0.3412698412698413,0.4339254220206601,0.0396825396825396,0.922209624590577,0.4444444444444444,0.308641975308642,0.3968253968253968,0.3638196019148401
Russia--Ukraine,GOLD,1539,1,0.5396825396825397,0.2118921642731167,0.8650793650793651,0.0182035777273872,0.7619047619047619,0.0566893424036281,0.5158730158730159,0.234378936759889,0.8015873015873016,0.0393675988914084,0.6428571428571429,0.1275510204081632,0.0634920634920634,0.8770471151423532,0.4682539682539682,0.2827538422776518,0.1746031746031746,0.6812799193751574
Russia--Ukraine,GOLD,1540,1,0.8174603174603174,0.033320735701688,0.992063492063492,6.298815822625302e-05,0.4603174603174603,0.2912572436381961,0.5476190476190477,0.2046485260770974,0.9682539682539684,0.00100781053162,0.9126984126984128,0.0076215671453766,0.6111111111111112,0.1512345679012345,0.5238095238095238,0.2267573696145124,0.0634920634920634,0.8770471151423532
Russia--Ukraine,GOLD,1541,1,0.9682539682539684,0.00100781053162,0.9761904761904762,0.0005668934240362,0.6746031746031746,0.105883093978332,0.3412698412698413,0.4339254220206601,0.9444444444444444,0.0030864197530864,0.8888888888888888,0.0123456790123456,0.5555555555555556,0.1975308641975308,0.5714285714285714,0.1836734693877551,0.0714285714285714,0.8622448979591837
Russia--Ukraine,GOLD,1542,1,0.8968253968253969,0.0106449987402368,0.984126984126984,0.000251952632905,0.1825396825396825,0.668241370622323,0.4603174603174603,0.2912572436381961,0.9285714285714286,0.0051020408163265,0.8174603174603174,0.033320735701688,0.3968253968253968,0.3638196019148401,0.5317460317460317,0.2192617787855883,0.0793650793650793,0.8475686570924668
Russia--Ukraine,GOLD,1543,1,0.7142857142857143,0.0816326530612244,0.9682539682539684,0.00100781053162,0.4365079365079365,0.3175233056185437,0.7142857142857143,0.0816326530612244,0.8650793650793651,0.0182035777273872,0.9047619047619048,0.0090702947845804,0.3174603174603174,0.4658604182413706,0.5079365079365079,0.2421264802217183,0.0873015873015873,0.833018392542202
Russia--Ukraine,GOLD,1544,1,0.6507936507936508,0.1219450743260266,0.9603174603174603,0.0015747039556563,0.4047619047619047,0.3543083900226757,0.746031746031746,0.0644998740236835,0.8888888888888888,0.0123456790123456,0.8095238095238095,0.0362811791383219,0.0952380952380952,0.8185941043083901,0.6904761904761905,0.0958049886621315,0.0952380952380952,0.8185941043083901
Russia--Ukraine,GOLD,1545,1,0.5793650793650794,0.1769337364575459,0.9523809523809524,0.0022675736961451,0.6825396825396826,0.1007810531620055,0.3571428571428571,0.4132653061224489,0.8412698412698413,0.0251952632905013,0.7222222222222222,0.0771604938271605,0.0158730158730158,0.9685059208868734,0.7142857142857143,0.0816326530612244,0.1111111111111111,0.7901234567901234
Russia--Ukraine,GOLD,1546,1,0.5238095238095238,0.2267573696145124,0.9444444444444444,0.0030864197530864,0.7380952380952381,0.06859410430839,0.4444444444444444,0.308641975308642,0.9523809523809524,0.0022675736961451,0.8809523809523809,0.014172335600907,0.6031746031746031,0.1574703955656337,0.6031746031746031,0.1574703955656337,0.0317460317460317,0.9375157470395564
Russia--Ukraine,GOLD,1547,1,0.7063492063492064,0.0862307886117409,0.9365079365079364,0.0040312421264802,0.9126984126984128,0.0076215671453766,0.8253968253968254,0.0304862685815066,0.984126984126984,0.000251952632905,0.753968253968254,0.0605316200554295,0.984126984126984,0.000251952632905,0.5476190476190477,0.2046485260770974,0.0158730158730158,0.9685059208868734
Russia--Ukraine,GOLD,1548,1,0.7619047619047619,0.0566893424036281,0.9206349206349206,0.0062988158226253,0.7857142857142857,0.0459183673469387,0.492063492063492,0.2579994960947341,0.992063492063492,6.298815822625302e-05,0.7857142857142857,0.0459183673469387,0.9285714285714286,0.0051020408163265,0.7063492063492064,0.0862307886117409,0.0238095238095238,0.9529478458049886
Russia--Ukraine,GOLD,1549,1,0.746031746031746,0.0644998740236835,0.8888888888888888,0.0123456790123456,0.7777777777777778,0.0493827160493827,0.7777777777777778,0.0493827160493827,0.9761904761904762,0.0005668934240362,0.7777777777777778,0.0493827160493827,0.6904761904761905,0.0958049886621315,0.5396825396825397,0.2118921642731167,0.0476190476190476,0.9070294784580498
Russia--Ukraine,GOLD,1550,1,0.5555555555555556,0.1975308641975308,0.8809523809523809,0.014172335600907,0.8412698412698413,0.0251952632905013,0.5,0.25,0.9365079365079364,0.0040312421264802,0.5952380952380952,0.1638321995464852,0.5317460317460317,0.2192617787855883,0.5,0.25,0.0555555555555555,0.8919753086419753
Russia--Ukraine,GOLD,1551,1,0.4285714285714285,0.3265306122448979,0.8968253968253969,0.0106449987402368,0.9523809523809524,0.0022675736961451,0.6746031746031746,0.105883093978332,0.8968253968253969,0.0106449987402368,0.5873015873015873,0.1703199798437893,0.5238095238095238,0.2267573696145124,0.492063492063492,0.2579994960947341,0.0396825396825396,0.922209624590577
Russia--Ukraine,GOLD,1552,1,0.3809523809523809,0.3832199546485261,0.9047619047619048,0.0090702947845804,0.992063492063492,6.298815822625302e-05,0.626984126984127,0.1391408415217939,0.9603174603174603,0.0015747039556563,0.9444444444444444,0.0030864197530864,0.5952380952380952,0.1638321995464852,0.5952380952380952,0.1638321995464852,0.0079365079365079,0.9841899722852104
Russia--Ukraine,GOLD,1553,1,0.6984126984126984,0.09095490047871,0.9126984126984128,0.0076215671453766,0.5952380952380952,0.1638321995464852,0.7936507936507936,0.0425799949609473,0.9047619047619048,0.0090702947845804,0.9761904761904762,0.0005668934240362,0.8571428571428571,0.0204081632653061,0.8015873015873016,0.0393675988914084,0.3571428571428571,0.4132653061224489
Russia--Ukraine,GOLD,1554,1,0.6904761904761905,0.0958049886621315,0.6111111111111112,0.1512345679012345,0.0873015873015873,0.833018392542202,0.7857142857142857,0.0459183673469387,0.5079365079365079,0.2421264802217183,0.7063492063492064,0.0862307886117409,0.5158730158730159,0.234378936759889,0.7380952380952381,0.06859410430839,0.6190476190476191,0.1451247165532879
Russia--Ukraine,GOLD,1555,1,0.9047619047619048,0.0090702947845804,0.5476190476190477,0.2046485260770974,0.4761904761904761,0.2743764172335601,0.8015873015873016,0.0393675988914084,0.5317460317460317,0.2192617787855883,0.626984126984127,0.1391408415217939,0.7380952380952381,0.06859410430839,0.9761904761904762,0.0005668934240362,0.7380952380952381,0.06859410430839
Russia--Ukraine,GOLD,1556,1,0.8412698412698413,0.0251952632905013,0.5,0.25,0.3412698412698413,0.4339254220206601,0.6111111111111112,0.1512345679012345,0.3015873015873015,0.4877802973041067,0.6190476190476191,0.1451247165532879,0.7698412698412699,0.0529730410682791,0.7857142857142857,0.0459183673469387,0.9206349206349206,0.0062988158226253
Russia--Ukraine,GOLD,1557,1,0.7857142857142857,0.0459183673469387,0.5634920634920635,0.1905391786344167,0.6031746031746031,0.1574703955656337,0.6587301587301587,0.1164651045603426,0.4841269841269841,0.2661249685059208,0.6349206349206349,0.1332829428067523,0.7142857142857143,0.0816326530612244,0.7698412698412699,0.0529730410682791,0.7777777777777778,0.0493827160493827
Russia--Ukraine,GOLD,1558,1,0.8650793650793651,0.0182035777273872,0.6190476190476191,0.1451247165532879,0.9444444444444444,0.0030864197530864,0.6190476190476191,0.1451247165532879,0.6746031746031746,0.105883093978332,0.6904761904761905,0.0958049886621315,0.7222222222222222,0.0771604938271605,0.7619047619047619,0.0566893424036281,0.7063492063492064,0.0862307886117409
Russia--Ukraine,GOLD,1559,1,0.6349206349206349,0.1332829428067523,0.4761904761904761,0.2743764172335601,0.5476190476190477,0.2046485260770974,0.4285714285714285,0.3265306122448979,0.3492063492063492,0.4235323759133283,0.5714285714285714,0.1836734693877551,0.9206349206349206,0.0062988158226253,0.5873015873015873,0.1703199798437893,0.984126984126984,0.000251952632905
Russia--Ukraine,GOLD,1560,1,0.4841269841269841,0.2661249685059208,0.3968253968253968,0.3638196019148401,0.7142857142857143,0.0816326530612244,0.6984126984126984,0.09095490047871,0.4365079365079365,0.3175233056185437,0.5238095238095238,0.2267573696145124,0.8650793650793651,0.0182035777273872,0.6507936507936508,0.1219450743260266,0.9761904761904762,0.0005668934240362
Russia--Ukraine,GOLD,1561,1,0.6746031746031746,0.105883093978332,0.2698412698412698,0.5331317712270094,0.8253968253968254,0.0304862685815066,0.6666666666666666,0.1111111111111111,0.365079365079365,0.4031242126480221,0.5793650793650794,0.1769337364575459,0.9047619047619048,0.0090702947845804,0.6349206349206349,0.1332829428067523,0.9365079365079364,0.0040312421264802
Russia--Ukraine,GOLD,1562,1,0.626984126984127,0.1391408415217939,0.3015873015873015,0.4877802973041067,0.0396825396825396,0.922209624590577,0.6349206349206349,0.1332829428067523,0.3571428571428571,0.4132653061224489,0.6031746031746031,0.1574703955656337,0.8968253968253969,0.0106449987402368,0.4285714285714285,0.3265306122448979,0.8809523809523809,0.014172335600907
Russia--Ukraine,GOLD,1563,1,0.6111111111111112,0.1512345679012345,0.2777777777777778,0.5216049382716049,0.3095238095238095,0.4767573696145125,0.3333333333333333,0.4444444444444445,0.3968253968253968,0.3638196019148401,0.746031746031746,0.0644998740236835,0.873015873015873,0.0161249685059208,0.4603174603174603,0.2912572436381961,0.8174603174603174,0.033320735701688
Russia--Ukraine,GOLD,1564,1,0.5,0.25,0.2539682539682539,0.5565633660871756,0.2619047619047619,0.5447845804988662,0.5396825396825397,0.2118921642731167,0.4603174603174603,0.2912572436381961,0.6111111111111112,0.1512345679012345,0.8333333333333334,0.0277777777777777,0.3571428571428571,0.4132653061224489,0.7936507936507936,0.0425799949609473
Russia--Ukraine,GOLD,1565,1,0.3174603174603174,0.4658604182413706,0.119047619047619,0.7760770975056689,0.1111111111111111,0.7901234567901234,0.2142857142857142,0.6173469387755102,0.1269841269841269,0.762156714537667,0.5079365079365079,0.2421264802217183,0.6984126984126984,0.09095490047871,0.4047619047619047,0.3543083900226757,0.9126984126984128,0.0076215671453766
Russia--Ukraine,GOLD,1566,1,0.2936507936507936,0.4989292013101536,0.1111111111111111,0.7901234567901234,0.0317460317460317,0.9375157470395564,0.119047619047619,0.7760770975056689,0.238095238095238,0.5804988662131518,0.5396825396825397,0.2118921642731167,0.6507936507936508,0.1219450743260266,0.3492063492063492,0.4235323759133283,0.8253968253968254,0.0304862685815066
Russia--Ukraine,GOLD,1567,1,0.1984126984126984,0.6425422020660116,0.0873015873015873,0.833018392542202,0.365079365079365,0.4031242126480221,0.1825396825396825,0.668241370622323,0.1825396825396825,0.668241370622323,0.492063492063492,0.2579994960947341,0.5634920634920635,0.1905391786344167,0.2698412698412698,0.5331317712270094,0.8968253968253969,0.0106449987402368
Russia--Ukraine,GOLD,1568,1,0.1428571428571428,0.7346938775510206,0.0396825396825396,0.922209624590577,0.2063492063492063,0.6298815822625348,0.2222222222222222,0.6049382716049383,0.0952380952380952,0.8185941043083901,0.4603174603174603,0.2912572436381961,0.5079365079365079,0.2421264802217183,0.1746031746031746,0.6812799193751574,0.9285714285714286,0.0051020408163265
Russia--Ukraine,GOLD,1569,1,0.238095238095238,0.5804988662131518,0.0714285714285714,0.8622448979591837,0.238095238095238,0.5804988662131518,0.3968253968253968,0.3638196019148401,0.0634920634920634,0.8770471151423532,0.4761904761904761,0.2743764172335601,0.4761904761904761,0.2743764172335601,0.1666666666666666,0.6944444444444445,0.8333333333333334,0.0277777777777777
Russia--Ukraine,GOLD,1570,0,0.0873015873015873,0.0076215671453766,0.1031746031746031,0.0106449987402368,0.492063492063492,0.2421264802217183,0.2063492063492063,0.0425799949609473,0.1031746031746031,0.0106449987402368,0.4206349206349206,0.1769337364575459,0.4047619047619047,0.1638321995464852,0.1428571428571428,0.0204081632653061,0.7619047619047619,0.5804988662131518
Russia--Ukraine,GOLD,1571,0,0.1111111111111111,0.0123456790123456,0.1349206349206349,0.0182035777273872,0.5555555555555556,0.308641975308642,0.1507936507936507,0.0227387251196775,0.0873015873015873,0.0076215671453766,0.4285714285714285,0.183673469387755,0.4206349206349206,0.1769337364575459,0.1825396825396825,0.033320735701688,0.6349206349206349,0.4031242126480221
Russia--Ukraine,GOLD,1572,0,0.1507936507936507,0.0227387251196775,0.1825396825396825,0.033320735701688,0.5238095238095238,0.2743764172335601,0.2619047619047619,0.06859410430839,0.0555555555555555,0.0030864197530864,0.3174603174603174,0.1007810531620055,0.4126984126984127,0.1703199798437893,0.0714285714285714,0.0051020408163265,0.6111111111111112,0.3734567901234568
Russia--Ukraine,GOLD,1573,0,0.1349206349206349,0.0182035777273872,0.2063492063492063,0.0425799949609473,0.3809523809523809,0.1451247165532879,0.2539682539682539,0.0644998740236835,0.2222222222222222,0.0493827160493827,0.3809523809523809,0.1451247165532879,0.4523809523809524,0.2046485260770975,0.1904761904761904,0.0362811791383219,0.5714285714285714,0.3265306122448979
Russia--Ukraine,GOLD,1574,0,0.1031746031746031,0.0106449987402368,0.1984126984126984,0.0393675988914084,0.2142857142857142,0.0459183673469387,0.3174603174603174,0.1007810531620055,0.3253968253968254,0.105883093978332,0.3253968253968254,0.105883093978332,0.492063492063492,0.2421264802217183,0.1507936507936507,0.0227387251196775,0.5238095238095238,0.2743764172335601
Russia--Ukraine,GOLD,1575,0,0.0714285714285714,0.0051020408163265,0.246031746031746,0.0605316200554295,0.4841269841269841,0.2343789367598891,0.4523809523809524,0.2046485260770975,0.3333333333333333,0.1111111111111111,0.3492063492063492,0.1219450743260266,0.4682539682539682,0.2192617787855883,0.119047619047619,0.014172335600907,0.4841269841269841,0.2343789367598891
Russia--Ukraine,GOLD,1576,0,0.0555555555555555,0.0030864197530864,0.2857142857142857,0.0816326530612244,0.7698412698412699,0.5926555807508189,0.0793650793650793,0.0062988158226253,0.4126984126984127,0.1703199798437893,0.365079365079365,0.1332829428067523,0.5,0.25,0.1269841269841269,0.0161249685059208,0.4047619047619047,0.1638321995464852
Russia--Ukraine,GOLD,1577,0,0.0158730158730158,0.000251952632905,0.3412698412698413,0.1164651045603426,0.9285714285714286,0.8622448979591837,0.1349206349206349,0.0182035777273872,0.4761904761904761,0.2267573696145124,0.4047619047619047,0.1638321995464852,0.5396825396825397,0.291257243638196,0.1587301587301587,0.0251952632905013,0.3174603174603174,0.1007810531620055
Russia--Ukraine,GOLD,1578,0,0.0079365079365079,6.298815822625346e-05,0.373015873015873,0.1391408415217939,0.9682539682539684,0.9375157470395564,0.1111111111111111,0.0123456790123456,0.492063492063492,0.2421264802217183,0.3095238095238095,0.0958049886621315,0.4603174603174603,0.2118921642731166,0.0952380952380952,0.0090702947845804,0.2539682539682539,0.0644998740236835
Russia--Ukraine,GOLD,1579,0,0.0793650793650793,0.0062988158226253,0.4126984126984127,0.1703199798437893,0.9761904761904762,0.9529478458049886,0.0873015873015873,0.0076215671453766,0.7222222222222222,0.5216049382716049,0.2777777777777778,0.0771604938271605,0.4285714285714285,0.183673469387755,0.0317460317460317,0.00100781053162,0.2063492063492063,0.0425799949609473
Russia--Ukraine,GOLD,1580,0,0.1746031746031746,0.0304862685815066,0.5238095238095238,0.2743764172335601,0.9603174603174603,0.922209624590577,0.0476190476190476,0.0022675736961451,0.8253968253968254,0.6812799193751574,0.238095238095238,0.0566893424036281,0.4444444444444444,0.1975308641975308,0.0873015873015873,0.0076215671453766,0.1349206349206349,0.0182035777273872
Russia--Ukraine,GOLD,1581,0,0.2698412698412698,0.072814310909549,0.4682539682539682,0.2192617787855883,0.8333333333333334,0.6944444444444445,0.0634920634920634,0.0040312421264802,0.5158730158730159,0.2661249685059209,0.2142857142857142,0.0459183673469387,0.0793650793650793,0.0062988158226253,0.246031746031746,0.0605316200554295,0.1984126984126984,0.0393675988914084
Russia--Ukraine,GOLD,1582,0,0.1666666666666666,0.0277777777777777,0.5317460317460317,0.2827538422776518,0.8095238095238095,0.655328798185941,0.1666666666666666,0.0277777777777777,0.6190476190476191,0.3832199546485261,0.1825396825396825,0.033320735701688,0.0555555555555555,0.0030864197530864,0.3253968253968254,0.105883093978332,0.1666666666666666,0.0277777777777777
Russia--Ukraine,GOLD,1583,0,0.2539682539682539,0.0644998740236835,0.5952380952380952,0.3543083900226757,0.7222222222222222,0.5216049382716049,0.2777777777777778,0.0771604938271605,0.6825396825396826,0.4658604182413706,0.1904761904761904,0.0362811791383219,0.0238095238095238,0.0005668934240362,0.3174603174603174,0.1007810531620055,0.1587301587301587,0.0251952632905013
Russia--Ukraine,GOLD,1584,0,0.2222222222222222,0.0493827160493827,0.5714285714285714,0.3265306122448979,0.3492063492063492,0.1219450743260266,0.3492063492063492,0.1219450743260266,0.5873015873015873,0.344923154446964,0.2698412698412698,0.072814310909549,0.0079365079365079,6.298815822625346e-05,0.373015873015873,0.1391408415217939,0.238095238095238,0.0566893424036281
Russia--Ukraine,GOLD,1585,0,0.373015873015873,0.1391408415217939,0.6031746031746031,0.36381960191484,0.119047619047619,0.014172335600907,0.4047619047619047,0.1638321995464852,0.2619047619047619,0.06859410430839,0.3968253968253968,0.1574703955656336,0.1111111111111111,0.0123456790123456,0.4365079365079365,0.1905391786344167,0.5476190476190477,0.2998866213151928
Russia--Ukraine,GOLD,1586,0,0.3571428571428571,0.1275510204081632,0.6428571428571429,0.413265306122449,0.2222222222222222,0.0493827160493827,0.6825396825396826,0.4658604182413706,0.4206349206349206,0.1769337364575459,0.4523809523809524,0.2046485260770975,0.0476190476190476,0.0022675736961451,0.4206349206349206,0.1769337364575459,0.4682539682539682,0.2192617787855883
Russia--Ukraine,GOLD,1587,0,0.492063492063492,0.2421264802217183,0.6904761904761905,0.4767573696145125,0.3174603174603174,0.1007810531620055,0.4365079365079365,0.1905391786344167,0.3412698412698413,0.1164651045603426,0.5476190476190477,0.2998866213151928,0.119047619047619,0.014172335600907,0.5555555555555556,0.308641975308642,0.4761904761904761,0.2267573696145124
Russia--Ukraine,GOLD,1588,0,0.4444444444444444,0.1975308641975308,0.753968253968254,0.5684681279919375,0.5634920634920635,0.3175233056185437,0.373015873015873,0.1391408415217939,0.6904761904761905,0.4767573696145125,0.5317460317460317,0.2827538422776518,0.0317460317460317,0.00100781053162,0.6190476190476191,0.3832199546485261,0.3333333333333333,0.1111111111111111
Russia--Ukraine,GOLD,1589,0,0.4126984126984127,0.1703199798437893,0.8412698412698413,0.7077349458301839,0.4682539682539682,0.2192617787855883,0.8333333333333334,0.6944444444444445,0.746031746031746,0.5565633660871756,0.5555555555555556,0.308641975308642,0.0873015873015873,0.0076215671453766,0.7301587301587301,0.5331317712270093,0.2301587301587301,0.0529730410682791
Russia--Ukraine,GOLD,1590,0,0.753968253968254,0.5684681279919375,0.626984126984127,0.3931090954900478,0.0476190476190476,0.0022675736961451,0.8174603174603174,0.668241370622323,0.5793650793650794,0.3356638951877048,0.8412698412698413,0.7077349458301839,0.9444444444444444,0.8919753086419753,0.7936507936507936,0.6298815822625345,0.8412698412698413,0.7077349458301839
Russia--Ukraine,GOLD,1591,0,0.6825396825396826,0.4658604182413706,0.6666666666666666,0.4444444444444444,0.8650793650793651,0.7483623078861175,0.8968253968253969,0.8042957923910306,0.6984126984126984,0.4877802973041067,0.9523809523809524,0.9070294784580498,0.9603174603174603,0.922209624590577,0.8968253968253969,0.8042957923910306,0.8095238095238095,0.655328798185941
Russia--Ukraine,GOLD,1592,0,0.7222222222222222,0.5216049382716049,0.6746031746031746,0.4550894431846813,0.1349206349206349,0.0182035777273872,0.8571428571428571,0.7346938775510203,0.6428571428571429,0.413265306122449,0.8015873015873016,0.6425422020660116,0.8809523809523809,0.7760770975056689,0.8492063492063492,0.7211514235323759,0.753968253968254,0.5684681279919375
Russia--Ukraine,GOLD,1593,0,0.7380952380952381,0.5447845804988662,0.6587301587301587,0.4339254220206601,0.3571428571428571,0.1275510204081632,0.8095238095238095,0.655328798185941,0.7777777777777778,0.6049382716049383,0.7936507936507936,0.6298815822625345,0.8412698412698413,0.7077349458301839,0.9047619047619048,0.8185941043083901,0.626984126984127,0.3931090954900478
Russia--Ukraine,GOLD,1594,0,0.7301587301587301,0.5331317712270093,0.6507936507936508,0.4235323759133283,0.1587301587301587,0.0251952632905013,0.8888888888888888,0.7901234567901234,0.6031746031746031,0.36381960191484,0.7380952380952381,0.5447845804988662,0.7857142857142857,0.6173469387755102,0.8571428571428571,0.7346938775510203,0.5952380952380952,0.3543083900226757
Russia--Ukraine,GOLD,1595,0,0.873015873015873,0.762156714537667,0.7063492063492064,0.4989292013101538,0.373015873015873,0.1391408415217939,0.984126984126984,0.9685059208868732,0.6666666666666666,0.4444444444444444,0.8253968253968254,0.6812799193751574,0.992063492063492,0.9841899722852104,0.9285714285714286,0.8622448979591837,0.8650793650793651,0.7483623078861175
Russia--Ukraine,GOLD,1596,0,0.9285714285714286,0.8622448979591837,0.7142857142857143,0.5102040816326531,0.6587301587301587,0.4339254220206601,0.9682539682539684,0.9375157470395564,0.6587301587301587,0.4339254220206601,0.6825396825396826,0.4658604182413706,0.9682539682539684,0.9375157470395564,0.9365079365079364,0.8770471151423532,0.7698412698412699,0.5926555807508189
Russia--Ukraine,GOLD,1597,0,0.9206349206349206,0.8475686570924665,0.7301587301587301,0.5331317712270093,0.6111111111111112,0.3734567901234568,0.9365079365079364,0.8770471151423532,0.4285714285714285,0.183673469387755,0.7142857142857143,0.5102040816326531,0.9523809523809524,0.9070294784580498,0.984126984126984,0.9685059208868732,0.6507936507936508,0.4235323759133283
Russia--Ukraine,GOLD,1598,0,0.9365079365079364,0.8770471151423532,0.7857142857142857,0.6173469387755102,0.4523809523809524,0.2046485260770975,0.6428571428571429,0.413265306122449,0.6111111111111112,0.3734567901234568,0.7301587301587301,0.5331317712270093,0.7777777777777778,0.6049382716049383,0.9126984126984128,0.833018392542202,0.5873015873015873,0.344923154446964
Russia--Ukraine,GOLD,1599,0,0.8809523809523809,0.7760770975056689,0.6984126984126984,0.4877802973041067,0.4126984126984127,0.1703199798437893,0.9126984126984128,0.833018392542202,0.6349206349206349,0.4031242126480221,0.7698412698412699,0.5926555807508189,0.8174603174603174,0.668241370622323,0.8412698412698413,0.7077349458301839,0.5634920634920635,0.3175233056185437
Russia--Ukraine,GOLD,1600,0,0.8888888888888888,0.7901234567901234,0.4285714285714285,0.183673469387755,0.6666666666666666,0.4444444444444444,0.8650793650793651,0.7483623078861175,0.5952380952380952,0.3543083900226757,0.5634920634920635,0.3175233056185437,0.7619047619047619,0.5804988662131518,0.8253968253968254,0.6812799193751574,0.6587301587301587,0.4339254220206601
Russia--Ukraine,GOLD,1601,0,0.8095238095238095,0.655328798185941,0.3174603174603174,0.1007810531620055,0.7301587301587301,0.5331317712270093,0.7301587301587301,0.5331317712270093,0.4047619047619047,0.1638321995464852,0.4682539682539682,0.2192617787855883,0.753968253968254,0.5684681279919375,0.753968253968254,0.5684681279919375,0.9047619047619048,0.8185941043083901
Russia--Ukraine,GOLD,1602,0,0.4682539682539682,0.2192617787855883,0.238095238095238,0.0566893424036281,0.4285714285714285,0.183673469387755,0.7063492063492064,0.4989292013101538,0.0396825396825396,0.0015747039556563,0.2301587301587301,0.0529730410682791,0.8015873015873016,0.6425422020660116,0.6825396825396826,0.4658604182413706,0.992063492063492,0.9841899722852104
Russia--Ukraine,GOLD,1603,0,0.365079365079365,0.1332829428067523,0.1746031746031746,0.0304862685815066,0.3015873015873015,0.09095490047871,0.5793650793650794,0.3356638951877048,0.1428571428571428,0.0204081632653061,0.0396825396825396,0.0015747039556563,0.2142857142857142,0.0459183673469387,0.6746031746031746,0.4550894431846813,0.746031746031746,0.5565633660871756
Russia--Ukraine,GOLD,1604,0,0.2619047619047619,0.06859410430839,0.1428571428571428,0.0204081632653061,0.2301587301587301,0.0529730410682791,0.3095238095238095,0.0958049886621315,0.1349206349206349,0.0182035777273872,0.0079365079365079,6.298815822625346e-05,0.2063492063492063,0.0425799949609473,0.6666666666666666,0.4444444444444444,0.7222222222222222,0.5216049382716049
Russia--Ukraine,GOLD,1605,0,0.3412698412698413,0.1164651045603426,0.1269841269841269,0.0161249685059208,0.1666666666666666,0.0277777777777777,0.5555555555555556,0.308641975308642,0.1507936507936507,0.0227387251196775,0.0158730158730158,0.000251952632905,0.238095238095238,0.0566893424036281,0.5634920634920635,0.3175233056185437,0.7142857142857143,0.5102040816326531
Russia--Ukraine,GOLD,1606,0,0.4365079365079365,0.1905391786344167,0.0952380952380952,0.0090702947845804,0.1507936507936507,0.0227387251196775,0.1904761904761904,0.0362811791383219,0.0238095238095238,0.0005668934240362,0.0793650793650793,0.0062988158226253,0.1825396825396825,0.033320735701688,0.4523809523809524,0.2046485260770975,0.6825396825396826,0.4658604182413706
Russia--Ukraine,GOLD,1607,0,0.3253968253968254,0.105883093978332,0.0317460317460317,0.00100781053162,0.1269841269841269,0.0161249685059208,0.365079365079365,0.1332829428067523,0.0079365079365079,6.298815822625346e-05,0.1269841269841269,0.0161249685059208,0.1031746031746031,0.0106449987402368,0.3809523809523809,0.1451247165532879,0.6904761904761905,0.4767573696145125
Russia--Ukraine,GOLD,1608,0,0.3333333333333333,0.1111111111111111,0.0158730158730158,0.000251952632905,0.1984126984126984,0.0393675988914084,0.1031746031746031,0.0106449987402368,0.0317460317460317,0.00100781053162,0.2063492063492063,0.0425799949609473,0.1746031746031746,0.0304862685815066,0.3968253968253968,0.1574703955656336,0.6984126984126984,0.4877802973041067
Russia--Ukraine,GOLD,1609,0,0.2063492063492063,0.0425799949609473,0.0079365079365079,6.298815822625346e-05,0.0714285714285714,0.0051020408163265,0.4206349206349206,0.1769337364575459,0.0476190476190476,0.0022675736961451,0.0952380952380952,0.0090702947845804,0.1428571428571428,0.0204081632653061,0.365079365079365,0.1332829428067523,0.6666666666666666,0.4444444444444444
Russia--Ukraine,GOLD,1610,0,0.2857142857142857,0.0816326530612244,0.0238095238095238,0.0005668934240362,0.0555555555555555,0.0030864197530864,0.0555555555555555,0.0030864197530864,0.0158730158730158,0.000251952632905,0.1349206349206349,0.0182035777273872,0.246031746031746,0.0605316200554295,0.3095238095238095,0.0958049886621315,0.6746031746031746,0.4550894431846813
Russia--Ukraine,EURUSD,1540,0,0.5038167938931297,0.2538313618087524,0.9847328244274808,0.969698735504924,0.9618320610687024,0.925120913699668,0.465648854961832,0.2168288561272653,0.9694656488549618,0.939863644309772,0.3969465648854962,0.1575665753743954,0.0076335877862595,5.827166249053085e-05,0.8091603053435115,0.6547403997436048,0.015267175572519,0.0002330866499621
Russia--Ukraine,EURUSD,1541,0,0.5190839694656488,0.2694481673562146,0.9694656488549618,0.939863644309772,0.900763358778626,0.8113746285181516,0.8320610687022901,0.6923256220499971,0.9541984732824428,0.9104947264145448,0.183206106870229,0.0335644775945457,0.0305343511450381,0.0009323465998484,0.8931297709923665,0.797680787832877,0.0076335877862595,5.827166249053085e-05
Russia--Ukraine,EURUSD,1542,0,0.5648854961832062,0.319095623798147,0.9465648854961832,0.8959850824544024,0.7786259541984732,0.606258376551483,0.5954198473282443,0.3545247945923897,0.8931297709923665,0.797680787832877,0.3129770992366412,0.0979546646465823,0.0458015267175572,0.0020977798496591,0.6259541984732825,0.3918186585863295,0.0229007633587786,0.0005244449624147
Russia--Ukraine,EURUSD,1543,0,0.5114503816793893,0.261581492919993,0.7786259541984732,0.606258376551483,0.7557251908396947,0.5711205640696929,0.4122137404580153,0.169920167822388,0.7862595419847328,0.6182040673620418,0.3053435114503817,0.0932346599848493,0.0381679389312977,0.0014567915622632,0.5801526717557252,0.3365771225453062,0.0305343511450381,0.0009323465998484
Russia--Ukraine,EURUSD,1544,0,0.6717557251908397,0.451255754326671,0.9389312977099236,0.8815919818192414,0.9465648854961832,0.8959850824544024,0.7786259541984732,0.606258376551483,0.6870229007633588,0.4720004661733,0.2900763358778626,0.0841442806363265,0.0916030534351145,0.0083911193986364,0.8244274809160306,0.679680671289552,0.0381679389312977,0.0014567915622632
Russia--Ukraine,EURUSD,1545,0,0.7633587786259542,0.5827166249053086,0.816793893129771,0.6671522638540878,0.7251908396946565,0.525901753977041,0.9923664122137404,0.9847910960899714,0.732824427480916,0.5370316415127323,0.2824427480916031,0.0797739059495367,0.0763358778625954,0.005827166249053,0.8778625954198473,0.7706427364372705,0.0458015267175572,0.0020977798496591
Russia--Ukraine,EURUSD,1546,0,0.6564885496183206,0.4309772157799661,0.8702290076335878,0.757298525726939,0.8625954198473282,0.7440708583415885,0.8931297709923665,0.797680787832877,0.8702290076335878,0.757298525726939,0.1984732824427481,0.0393916438435988,0.1221374045801526,0.0149175455975758,0.900763358778626,0.8113746285181516,0.0763358778625954,0.005827166249053
Russia--Ukraine,EURUSD,1547,0,0.7786259541984732,0.606258376551483,0.8396946564885496,0.7050871161354233,0.8702290076335878,0.757298525726939,0.9389312977099236,0.8815919818192414,0.8320610687022901,0.6923256220499971,0.2137404580152671,0.0456849833925761,0.1450381679389313,0.0210360701590816,0.9083969465648856,0.8251850125284074,0.0534351145038167,0.002855311462036
Russia--Ukraine,EURUSD,1548,0,0.8396946564885496,0.7050871161354233,0.8320610687022901,0.6923256220499971,0.8473282442748091,0.7179651535458306,0.8854961832061069,0.7841034904725832,0.8396946564885496,0.7050871161354233,0.2519083969465648,0.0634578404521881,0.1068702290076335,0.011421245848144,0.9770992366412212,0.9547229182448574,0.099236641221374,0.0098479109608997
Russia--Ukraine,EURUSD,1549,0,0.8015267175572519,0.6424450789581027,0.900763358778626,0.8113746285181516,0.7480916030534351,0.5596410465590583,0.8778625954198473,0.7706427364372705,0.9236641221374046,0.8531554105238622,0.2595419847328244,0.0673620418390536,0.1374045801526717,0.018880018646932,0.7404580152671756,0.5482780723734049,0.0916030534351145,0.0083911193986364
Russia--Ukraine,EURUSD,1550,0,0.8778625954198473,0.7706427364372705,0.9618320610687024,0.925120913699668,0.8778625954198473,0.7706427364372705,0.9847328244274808,0.969698735504924,0.900763358778626,0.8113746285181516,0.6259541984732825,0.3918186585863295,0.3129770992366412,0.0979546646465823,0.7862595419847328,0.6182040673620418,0.0839694656488549,0.0070508711613542
Russia--Ukraine,EURUSD,1551,0,0.4122137404580153,0.169920167822388,0.4122137404580153,0.169920167822388,0.9694656488549618,0.939863644309772,0.3282442748091603,0.1077443039449915,0.1145038167938931,0.0131111240603694,0.1603053435114503,0.0256978031583241,0.7175572519083969,0.5148884097663305,0.3893129770992366,0.1515645941378707,0.9923664122137404,0.9847910960899714
Russia--Ukraine,EURUSD,1552,0,0.4580152671755725,0.209777984965911,0.549618320610687,0.302080298350912,0.9236641221374046,0.8531554105238622,0.0687022900763358,0.004720004661733,0.2595419847328244,0.0673620418390536,0.2290076335877862,0.0524444962414777,0.7862595419847328,0.6182040673620418,0.4351145038167939,0.1893246314317347,0.9847328244274808,0.969698735504924
Russia--Ukraine,EURUSD,1553,0,0.5343511450381679,0.2855311462036012,0.5954198473282443,0.3545247945923897,0.9923664122137404,0.9847910960899714,0.5572519083969466,0.3105296894120389,0.2671755725190839,0.0713827865509003,0.1679389312977099,0.0282034846454169,0.6870229007633588,0.4720004661733,0.5419847328244275,0.293747450614766,0.9541984732824428,0.9104947264145448
Russia--Ukraine,EURUSD,1554,0,0.5572519083969466,0.3105296894120389,0.5648854961832062,0.319095623798147,0.9083969465648856,0.8251850125284074,0.6183206106870229,0.3823203776003729,0.3969465648854962,0.1575665753743954,0.2213740458015267,0.0490064681545364,0.732824427480916,0.5370316415127323,0.5572519083969466,0.3105296894120389,0.9694656488549618,0.939863644309772
Russia--Ukraine,EURUSD,1555,0,0.5267175572519084,0.2774313851174174,0.5190839694656488,0.2694481673562146,0.7709923664122137,0.5944292290659052,0.6870229007633588,0.4720004661733,0.2366412213740458,0.0559990676534001,0.2977099236641221,0.0886311986480974,0.7404580152671756,0.5482780723734049,0.4885496183206106,0.2386807295612143,0.9770992366412212,0.9547229182448574
Russia--Ukraine,EURUSD,1556,0,0.732824427480916,0.5370316415127323,0.5343511450381679,0.2855311462036012,0.5343511450381679,0.2855311462036012,0.366412213740458,0.134257910378183,0.3435114503816794,0.118000116543325,0.3206106870229007,0.1027912126332964,0.7480916030534351,0.5596410465590583,0.6335877862595419,0.401433482897267,0.9618320610687024,0.925120913699668
Russia--Ukraine,EURUSD,1557,0,0.7938931297709924,0.6302663014975817,0.5801526717557252,0.3365771225453062,0.3129770992366412,0.0979546646465823,0.732824427480916,0.5370316415127323,0.2977099236641221,0.0886311986480974,0.366412213740458,0.134257910378183,0.7099236641221374,0.5039916088806013,0.8396946564885496,0.7050871161354233,0.9389312977099236,0.8815919818192414
Russia--Ukraine,EURUSD,1558,0,0.9236641221374046,0.8531554105238622,0.6412213740458015,0.4111648505331856,0.1374045801526717,0.018880018646932,0.9465648854961832,0.8959850824544024,0.4732824427480916,0.2239962706136006,0.4885496183206106,0.2386807295612143,0.7557251908396947,0.5711205640696929,0.8320610687022901,0.6923256220499971,0.9083969465648856,0.8251850125284074
Russia--Ukraine,EURUSD,1559,0,0.9847328244274808,0.969698735504924,0.6564885496183206,0.4309772157799661,0.3206106870229007,0.1027912126332964,0.4961832061068702,0.2461977740224928,0.3740458015267175,0.1399102616397645,0.549618320610687,0.302080298350912,0.8244274809160306,0.679680671289552,0.7938931297709924,0.6302663014975817,0.8931297709923665,0.797680787832877
Russia--Ukraine,EURUSD,1560,0,0.9694656488549618,0.939863644309772,0.732824427480916,0.5370316415127323,0.1221374045801526,0.0149175455975758,0.900763358778626,0.8113746285181516,0.7633587786259542,0.5827166249053086,0.6106870229007634,0.3729386399393975,0.8702290076335878,0.757298525726939,0.7251908396946565,0.525901753977041,0.8854961832061069,0.7841034904725832
Russia--Ukraine,EURUSD,1561,1,0.931297709923664,0.004720004661733,0.7709923664122137,0.0524444962414777,0.6335877862595419,0.1342579103781831,0.9541984732824428,0.0020977798496591,0.648854961832061,0.1233028378299633,0.7099236641221374,0.0841442806363265,0.9083969465648856,0.0083911193986364,0.7480916030534351,0.0634578404521881,0.8473282442748091,0.0233086649962123
Russia--Ukraine,EURUSD,1562,1,0.8854961832061069,0.0131111240603694,0.7175572519083969,0.0797739059495367,0.1068702290076335,0.797680787832877,0.7022900763358778,0.0886311986480974,0.6183206106870229,0.1456791562263271,0.8091603053435115,0.0364197890565817,0.8854961832061069,0.0131111240603694,0.7633587786259542,0.0559990676534001,0.8320610687022901,0.0282034846454169
Russia--Ukraine,EURUSD,1563,1,0.9389312977099236,0.0037293863993939,0.7862595419847328,0.0456849833925762,0.0839694656488549,0.8391119398636443,0.7709923664122137,0.0524444962414777,0.7022900763358778,0.0886311986480974,0.7557251908396947,0.0596701823903035,0.9465648854961832,0.002855311462036,0.916030534351145,0.0070508711613542,0.8244274809160306,0.0308257094574908
Russia--Ukraine,EURUSD,1564,1,0.9465648854961832,0.002855311462036,0.7251908396946565,0.075520074587728,0.099236641221374,0.8113746285181516,0.931297709923664,0.004720004661733,0.5343511450381679,0.2168288561272653,0.6717557251908397,0.1077443039449915,0.8778625954198473,0.0149175455975758,0.9618320610687024,0.0014567915622632,0.8625954198473282,0.018880018646932
Russia--Ukraine,EURUSD,1565,1,0.8931297709923665,0.011421245848144,0.6717557251908397,0.1077443039449915,0.8549618320610687,0.0210360701590816,0.6717557251908397,0.1077443039449915,0.5877862595419847,0.169920167822388,0.816793893129771,0.0335644775945457,0.8320610687022901,0.0282034846454169,0.8015267175572519,0.0393916438435988,0.8091603053435115,0.0364197890565817
Russia--Ukraine,EURUSD,1566,1,0.8091603053435115,0.0364197890565817,0.6870229007633588,0.0979546646465823,0.1297709923664122,0.757298525726939,0.816793893129771,0.0335644775945457,0.5114503816793893,0.2386807295612144,0.7480916030534351,0.0634578404521881,0.8396946564885496,0.0256978031583241,0.8549618320610687,0.0210360701590816,0.7938931297709924,0.042480041955597
Russia--Ukraine,EURUSD,1567,1,0.7404580152671756,0.0673620418390536,0.6793893129770993,0.1027912126332964,0.2061068702290076,0.6302663014975817,0.8473282442748091,0.0233086649962123,0.4274809160305343,0.327778101509236,0.8396946564885496,0.0256978031583241,0.900763358778626,0.0098479109608997,0.732824427480916,0.0713827865509003,0.8015267175572519,0.0393916438435988
Russia--Ukraine,EURUSD,1568,1,0.7175572519083969,0.0797739059495367,0.7938931297709924,0.042480041955597,0.0305343511450381,0.939863644309772,0.7175572519083969,0.0797739059495367,0.5725190839694656,0.1827399335703048,0.8244274809160306,0.0308257094574908,0.9236641221374046,0.005827166249053,0.8625954198473282,0.018880018646932,0.816793893129771,0.0335644775945457
Russia--Ukraine,EURUSD,1569,1,0.7480916030534351,0.0634578404521881,0.8091603053435115,0.0364197890565817,0.931297709923664,0.004720004661733,0.6412213740458015,0.1287221024415827,0.4122137404580153,0.3454926869063574,0.7709923664122137,0.0524444962414777,0.9389312977099236,0.0037293863993939,0.8854961832061069,0.0131111240603694,0.8549618320610687,0.0210360701590816
Russia--Ukraine,EURUSD,1570,1,0.8244274809160306,0.0308257094574908,0.8549618320610687,0.0210360701590816,0.0610687022900763,0.8815919818192414,0.7633587786259542,0.0559990676534001,0.4351145038167939,0.319095623798147,0.732824427480916,0.0713827865509003,0.916030534351145,0.0070508711613542,0.7175572519083969,0.0797739059495367,0.8396946564885496,0.0256978031583241
Russia--Ukraine,EURUSD,1571,1,0.9618320610687024,0.0014567915622632,0.8473282442748091,0.0233086649962123,0.5877862595419847,0.169920167822388,0.7251908396946565,0.075520074587728,0.6641221374045801,0.1128139385816677,0.6946564885496184,0.0932346599848493,0.8091603053435115,0.0364197890565817,0.6106870229007634,0.1515645941378707,0.7251908396946565,0.075520074587728
Russia--Ukraine,EURUSD,1572,1,0.9770992366412212,0.0005244449624147,0.7557251908396947,0.0596701823903035,0.0916030534351145,0.8251850125284074,0.6793893129770993,0.1027912126332964,0.5572519083969466,0.1960258726181457,0.7022900763358778,0.0886311986480974,0.7709923664122137,0.0524444962414777,0.6946564885496184,0.0932346599848493,0.7404580152671756,0.0673620418390536
Russia--Ukraine,EURUSD,1573,1,0.9923664122137404,5.8271662490531046e-05,0.7099236641221374,0.0841442806363265,0.0381679389312977,0.925120913699668,0.3358778625954198,0.441058213390828,0.5648854961832062,0.1893246314317347,0.6793893129770993,0.1027912126332964,0.6793893129770993,0.1027912126332964,0.6870229007633588,0.0979546646465823,0.7709923664122137,0.0524444962414777
Russia--Ukraine,EURUSD,1574,1,0.9541984732824428,0.0020977798496591,0.6946564885496184,0.0932346599848493,0.0076335877862595,0.9847910960899714,0.4885496183206106,0.2615814929199931,0.6793893129770993,0.1027912126332964,0.8320610687022901,0.0282034846454169,0.6564885496183206,0.118000116543325,0.648854961832061,0.1233028378299633,0.7557251908396947,0.0596701823903035
Russia--Ukraine,EURUSD,1575,1,0.916030534351145,0.0070508711613542,0.6106870229007634,0.1515645941378707,0.2671755725190839,0.5370316415127323,0.4427480916030534,0.3105296894120388,0.7557251908396947,0.0596701823903035,0.7251908396946565,0.075520074587728,0.6335877862595419,0.1342579103781831,0.5114503816793893,0.2386807295612144,0.7862595419847328,0.0456849833925762
Russia--Ukraine,EURUSD,1576,1,0.7099236641221374,0.0841442806363265,0.4961832061068702,0.2538313618087524,0.0458015267175572,0.9104947264145448,0.7099236641221374,0.0841442806363265,0.4961832061068702,0.2538313618087524,0.5877862595419847,0.169920167822388,0.5725190839694656,0.1827399335703048,0.366412213740458,0.4014334828972671,0.8702290076335878,0.0168405104597634
Russia--Ukraine,EURUSD,1577,1,0.3816793893129771,0.3823203776003729,0.6259541984732825,0.1399102616397645,0.366412213740458,0.4014334828972671,0.3435114503816794,0.4309772157799661,0.4503816793893129,0.302080298350912,0.7175572519083969,0.0797739059495367,0.4045801526717557,0.3545247945923897,0.2595419847328244,0.5482780723734049,0.6183206106870229,0.1456791562263271
Russia--Ukraine,EURUSD,1578,1,0.3969465648854962,0.3636734456034031,0.5877862595419847,0.169920167822388,0.3358778625954198,0.441058213390828,0.1984732824427481,0.6424450789581027,0.5419847328244275,0.209777984965911,0.7938931297709924,0.042480041955597,0.2977099236641221,0.4932113513198532,0.2061068702290076,0.6302663014975817,0.549618320610687,0.2028436571295379
Russia--Ukraine,EURUSD,1579,1,0.3740458015267175,0.3918186585863293,0.4580152671755725,0.293747450614766,0.2748091603053435,0.525901753977041,0.3206106870229007,0.4615698385874949,0.4885496183206106,0.2615814929199931,0.7862595419847328,0.0456849833925762,0.3435114503816794,0.4309772157799661,0.3282442748091603,0.451255754326671,0.5801526717557252,0.1762717790338558
Russia--Ukraine,EURUSD,1580,1,0.4045801526717557,0.3545247945923897,0.3816793893129771,0.3823203776003729,0.2213740458015267,0.606258376551483,0.4732824427480916,0.2774313851174174,0.3816793893129771,0.3823203776003729,0.8473282442748091,0.0233086649962123,0.4732824427480916,0.2774313851174174,0.3435114503816794,0.4309772157799661,0.6259541984732825,0.1399102616397645
Russia--Ukraine,EURUSD,1581,1,0.2900763358778626,0.5039916088806013,0.3435114503816794,0.4309772157799661,0.465648854961832,0.2855311462036012,0.2748091603053435,0.525901753977041,0.3511450381679389,0.4210127614940855,0.6641221374045801,0.1128139385816677,0.5419847328244275,0.209777984965911,0.3129770992366412,0.4720004661733,0.6335877862595419,0.1342579103781831
Russia--Ukraine,EURUSD,1582,1,0.3435114503816794,0.4309772157799661,0.2977099236641221,0.4932113513198532,0.5419847328244275,0.209777984965911,0.2824427480916031,0.5148884097663305,0.5038167938931297,0.2461977740224929,0.6335877862595419,0.1342579103781831,0.5572519083969466,0.1960258726181457,0.3740458015267175,0.3918186585863293,0.5877862595419847,0.169920167822388
Russia--Ukraine,EURUSD,1583,1,0.2977099236641221,0.4932113513198532,0.2595419847328244,0.5482780723734049,0.8091603053435115,0.0364197890565817,0.1221374045801526,0.7706427364372705,0.5190839694656488,0.231280228424917,0.5419847328244275,0.209777984965911,0.5114503816793893,0.2386807295612144,0.4503816793893129,0.302080298350912,0.5038167938931297,0.2461977740224929
Russia--Ukraine,EURUSD,1584,1,0.2442748091603053,0.5711205640696929,0.2137404580152671,0.6182040673620418,0.3893129770992366,0.3729386399393975,0.2366412213740458,0.5827166249053084,0.1526717557251908,0.7179651535458306,0.4427480916030534,0.3105296894120388,0.4274809160305343,0.327778101509236,0.4274809160305343,0.327778101509236,0.4122137404580153,0.3454926869063574
Russia--Ukraine,EURUSD,1585,1,0.183206106870229,0.6671522638540878,0.1374045801526717,0.7440708583415885,0.6412213740458015,0.1287221024415827,0.2061068702290076,0.6302663014975817,0.1603053435114503,0.7050871161354234,0.5190839694656488,0.231280228424917,0.4122137404580153,0.3454926869063574,0.3587786259541984,0.4111648505331856,0.366412213740458,0.4014334828972671
Russia--Ukraine,EURUSD,1586,1,0.1526717557251908,0.7179651535458306,0.1221374045801526,0.7706427364372705,0.4809160305343511,0.2694481673562146,0.0610687022900763,0.8815919818192414,0.2137404580152671,0.6182040673620418,0.4809160305343511,0.2694481673562146,0.3969465648854962,0.3636734456034031,0.2290076335877862,0.5944292290659053,0.3740458015267175,0.3918186585863293
Russia--Ukraine,EURUSD,1587,1,0.0610687022900763,0.8815919818192414,0.0916030534351145,0.8251850125284074,0.183206106870229,0.6671522638540878,0.099236641221374,0.8113746285181516,0.183206106870229,0.6671522638540878,0.4961832061068702,0.2538313618087524,0.4351145038167939,0.319095623798147,0.0458015267175572,0.9104947264145448,0.3511450381679389,0.4210127614940855
Russia--Ukraine,EURUSD,1588,1,0.0763358778625954,0.8531554105238622,0.0610687022900763,0.8815919818192414,0.4122137404580153,0.3454926869063574,0.0916030534351145,0.8251850125284074,0.1679389312977099,0.692325622049997,0.2671755725190839,0.5370316415127323,0.3511450381679389,0.4210127614940855,0.0534351145038167,0.8959850824544024,0.3587786259541984,0.4111648505331856
Russia--Ukraine,EURUSD,1589,1,0.099236641221374,0.8113746285181516,0.1068702290076335,0.797680787832877,0.4274809160305343,0.327778101509236,0.3129770992366412,0.4720004661733,0.2061068702290076,0.6302663014975817,0.2748091603053435,0.525901753977041,0.3893129770992366,0.3729386399393975,0.1297709923664122,0.757298525726939,0.3206106870229007,0.4615698385874949
Russia--Ukraine,EURUSD,1590,1,0.2748091603053435,0.525901753977041,0.3129770992366412,0.4720004661733,0.3511450381679389,0.4210127614940855,0.1297709923664122,0.757298525726939,0.2748091603053435,0.525901753977041,0.3587786259541984,0.4111648505331856,0.5190839694656488,0.231280228424917,0.2900763358778626,0.5039916088806013,0.2442748091603053,0.5711205640696929
Russia--Ukraine,EURUSD,1591,1,0.1068702290076335,0.797680787832877,0.2748091603053435,0.525901753977041,0.5267175572519084,0.2239962706136006,0.3816793893129771,0.3823203776003729,0.2900763358778626,0.5039916088806013,0.2442748091603053,0.5711205640696929,0.3053435114503817,0.4825476370840859,0.2671755725190839,0.5370316415127323,0.2290076335877862,0.5944292290659053
Russia--Ukraine,EURUSD,1592,1,0.2519083969465648,0.5596410465590583,0.2671755725190839,0.5370316415127323,0.7022900763358778,0.0886311986480974,0.2442748091603053,0.5711205640696929,0.3053435114503817,0.4825476370840859,0.2366412213740458,0.5827166249053084,0.2366412213740458,0.5827166249053084,0.1755725190839694,0.679680671289552,0.2137404580152671,0.6182040673620418
Russia--Ukraine,EURUSD,1593,1,0.0916030534351145,0.8251850125284074,0.4351145038167939,0.319095623798147,0.6030534351145038,0.1575665753743954,0.3587786259541984,0.4111648505331856,0.3587786259541984,0.4111648505331856,0.4580152671755725,0.293747450614766,0.3282442748091603,0.451255754326671,0.2748091603053435,0.525901753977041,0.183206106870229,0.6671522638540878
Russia--Ukraine,EURUSD,1594,1,0.2824427480916031,0.5148884097663305,0.4885496183206106,0.2615814929199931,0.816793893129771,0.0335644775945457,0.2213740458015267,0.606258376551483,0.3282442748091603,0.451255754326671,0.465648854961832,0.2855311462036012,0.1984732824427481,0.6424450789581027,0.2442748091603053,0.5711205640696929,0.1755725190839694,0.679680671289552
Russia--Ukraine,EURUSD,1595,1,0.3129770992366412,0.4720004661733,0.5572519083969466,0.1960258726181457,0.6183206106870229,0.1456791562263271,0.1450381679389313,0.730959734281219,0.465648854961832,0.2855311462036012,0.4045801526717557,0.3545247945923897,0.1755725190839694,0.679680671289552,0.4045801526717557,0.3545247945923897,0.1526717557251908,0.7179651535458306
Russia--Ukraine,EURUSD,1596,1,0.2290076335877862,0.5944292290659053,0.6183206106870229,0.1456791562263271,0.4198473282442748,0.3365771225453063,0.5114503816793893,0.2386807295612144,0.6946564885496184,0.0932346599848493,0.3435114503816794,0.4309772157799661,0.1145038167938931,0.7841034904725832,0.3206106870229007,0.4615698385874949,0.1450381679389313,0.730959734281219
Russia--Ukraine,EURUSD,1597,1,0.2137404580152671,0.6182040673620418,0.648854961832061,0.1233028378299633,0.4045801526717557,0.3545247945923897,0.6564885496183206,0.118000116543325,0.6335877862595419,0.1342579103781831,0.5801526717557252,0.1762717790338558,0.0534351145038167,0.8959850824544024,0.3816793893129771,0.3823203776003729,0.1297709923664122,0.757298525726939
Russia--Ukraine,EURUSD,1598,1,0.3587786259541984,0.4111648505331856,0.7022900763358778,0.0886311986480974,0.4503816793893129,0.302080298350912,0.5725190839694656,0.1827399335703048,0.6030534351145038,0.1575665753743954,0.5114503816793893,0.2386807295612144,0.099236641221374,0.8113746285181516,0.5267175572519084,0.2239962706136006,0.1145038167938931,0.7841034904725832
Russia--Ukraine,EURUSD,1599,1,0.366412213740458,0.4014334828972671,0.8625954198473282,0.018880018646932,0.1603053435114503,0.7050871161354234,0.4198473282442748,0.3365771225453063,0.7480916030534351,0.0634578404521881,0.648854961832061,0.1233028378299633,0.183206106870229,0.6671522638540878,0.549618320610687,0.2028436571295379,0.1068702290076335,0.797680787832877
Russia--Ukraine,EURUSD,1600,1,0.3893129770992366,0.3729386399393975,0.9770992366412212,0.0005244449624147,0.2442748091603053,0.5711205640696929,0.648854961832061,0.1233028378299633,0.931297709923664,0.004720004661733,0.5648854961832062,0.1893246314317347,0.3358778625954198,0.441058213390828,0.5190839694656488,0.231280228424917,0.0610687022900763,0.8815919818192414
Russia--Ukraine,EURUSD,1601,1,0.4198473282442748,0.3365771225453063,0.9923664122137404,5.8271662490531046e-05,0.1908396946564885,0.6547403997436048,0.549618320610687,0.2028436571295379,0.9770992366412212,0.0005244449624147,0.8702290076335878,0.0168405104597634,0.6183206106870229,0.1456791562263271,0.5725190839694656,0.1827399335703048,0.0687022900763358,0.8673154245090612
Russia--Ukraine,EURUSD,1602,1,0.5801526717557252,0.1762717790338558,0.8854961832061069,0.0131111240603694,0.2977099236641221,0.4932113513198532,0.8396946564885496,0.0256978031583241,0.9847328244274808,0.0002330866499621,0.9923664122137404,5.8271662490531046e-05,0.9770992366412212,0.0005244449624147,0.9923664122137404,5.8271662490531046e-05,0.1603053435114503,0.7050871161354234
Russia--Ukraine,EURUSD,1603,1,0.5877862595419847,0.169920167822388,0.9541984732824428,0.0020977798496591,0.916030534351145,0.0070508711613542,0.9694656488549618,0.0009323465998484,0.9923664122137404,5.8271662490531046e-05,0.9236641221374046,0.005827166249053,0.9923664122137404,5.8271662490531046e-05,0.9541984732824428,0.0020977798496591,0.1374045801526717,0.7440708583415885
Russia--Ukraine,EURUSD,1604,1,0.6259541984732825,0.1399102616397645,0.7404580152671756,0.0673620418390536,0.6946564885496184,0.0932346599848493,0.6946564885496184,0.0932346599848493,0.9618320610687024,0.0014567915622632,0.7633587786259542,0.0559990676534001,0.7022900763358778,0.0886311986480974,0.931297709923664,0.004720004661733,0.1984732824427481,0.6424450789581027
Russia--Ukraine,EURUSD,1605,1,0.900763358778626,0.0098479109608997,0.8015267175572519,0.0393916438435988,0.2595419847328244,0.5482780723734049,0.9770992366412212,0.0005244449624147,0.8854961832061069,0.0131111240603694,0.6870229007633588,0.0979546646465823,0.8473282442748091,0.0233086649962123,0.9847328244274808,0.0002330866499621,0.5343511450381679,0.2168288561272653
Russia--Ukraine,EURUSD,1606,1,0.8473282442748091,0.0233086649962123,0.9083969465648856,0.0083911193986364,0.549618320610687,0.2028436571295379,0.916030534351145,0.0070508711613542,0.9083969465648856,0.0083911193986364,0.7786259541984732,0.0490064681545364,0.9541984732824428,0.0020977798496591,0.9465648854961832,0.002855311462036,0.3282442748091603,0.451255754326671
Russia--Ukraine,EURUSD,1607,1,0.8549618320610687,0.0210360701590816,0.8931297709923665,0.011421245848144,0.8244274809160306,0.0308257094574908,0.8549618320610687,0.0210360701590816,0.7709923664122137,0.0524444962414777,0.9083969465648856,0.0083911193986364,0.9694656488549618,0.0009323465998484,0.9694656488549618,0.0009323465998484,0.2213740458015267,0.606258376551483
Russia--Ukraine,EURUSD,1608,1,0.6870229007633588,0.0979546646465823,0.465648854961832,0.2855311462036012,0.7404580152671756,0.0673620418390536,0.8091603053435115,0.0364197890565817,0.6106870229007634,0.1515645941378707,0.4274809160305343,0.327778101509236,0.5877862595419847,0.169920167822388,0.8702290076335878,0.0168405104597634,0.5190839694656488,0.231280228424917
Russia--Ukraine,EURUSD,1609,1,0.7022900763358778,0.0886311986480974,0.5267175572519084,0.2239962706136006,0.6564885496183206,0.118000116543325,0.5877862595419847,0.169920167822388,0.816793893129771,0.0335644775945457,0.5038167938931297,0.2461977740224929,0.6106870229007634,0.1515645941378707,0.7022900763358778,0.0886311986480974,0.4198473282442748,0.3365771225453063
Russia--Ukraine,EURUSD,1610,1,0.6030534351145038,0.1575665753743954,0.5419847328244275,0.209777984965911,0.8320610687022901,0.0282034846454169,0.6106870229007634,0.1515645941378707,0.6412213740458015,0.1287221024415827,0.3893129770992366,0.3729386399393975,0.5343511450381679,0.2168288561272653,0.5343511450381679,0.2168288561272653,0.3816793893129771,0.3823203776003729
Russia--Ukraine,EURUSD,1611,1,0.4427480916030534,0.3105296894120388,0.5725190839694656,0.1827399335703048,0.7938931297709924,0.042480041955597,0.5267175572519084,0.2239962706136006,0.6564885496183206,0.118000116543325,0.3511450381679389,0.4210127614940855,0.4885496183206106,0.2615814929199931,0.465648854961832,0.2855311462036012,0.3053435114503817,0.4825476370840859
Russia--Ukraine,EURUSD,1612,1,0.5419847328244275,0.209777984965911,0.6641221374045801,0.1128139385816677,0.6870229007633588,0.0979546646465823,0.3969465648854962,0.3636734456034031,0.7251908396946565,0.075520074587728,0.3282442748091603,0.451255754326671,0.3816793893129771,0.3823203776003729,0.4961832061068702,0.2538313618087524,0.1908396946564885,0.6547403997436048
Russia--Ukraine,EURUSD,1613,1,0.4961832061068702,0.2538313618087524,0.1526717557251908,0.7179651535458306,0.2290076335877862,0.5944292290659053,0.4351145038167939,0.319095623798147,0.1984732824427481,0.6424450789581027,0.1145038167938931,0.7841034904725832,0.0229007633587786,0.9547229182448574,0.3053435114503817,0.4825476370840859,0.6946564885496184,0.0932346599848493
Russia--Ukraine,EURUSD,1614,1,0.3282442748091603,0.451255754326671,0.0381679389312977,0.925120913699668,0.7862595419847328,0.0456849833925762,0.0534351145038167,0.8959850824544024,0.1450381679389313,0.730959734281219,0.0458015267175572,0.9104947264145448,0.0610687022900763,0.8815919818192414,0.2366412213740458,0.5827166249053084,0.9236641221374046,0.005827166249053
Russia--Ukraine,EURUSD,1615,1,0.2213740458015267,0.606258376551483,0.0305343511450381,0.939863644309772,0.7633587786259542,0.0559990676534001,0.015267175572519,0.969698735504924,0.015267175572519,0.969698735504924,0.0305343511450381,0.939863644309772,0.1679389312977099,0.692325622049997,0.1450381679389313,0.730959734281219,0.9465648854961832,0.002855311462036
Russia--Ukraine,EURUSD,1616,1,0.1145038167938931,0.7841034904725832,0.0229007633587786,0.9547229182448574,0.6641221374045801,0.1128139385816677,0.1526717557251908,0.7179651535458306,0.0076335877862595,0.9847910960899714,0.015267175572519,0.969698735504924,0.1603053435114503,0.7050871161354234,0.099236641221374,0.8113746285181516,0.931297709923664,0.004720004661733
Russia--Ukraine,EURUSD,1617,1,0.0305343511450381,0.939863644309772,0.0839694656488549,0.8391119398636443,0.5648854961832062,0.1893246314317347,0.0839694656488549,0.8391119398636443,0.0229007633587786,0.9547229182448574,0.0229007633587786,0.9547229182448574,0.1526717557251908,0.7179651535458306,0.1221374045801526,0.7706427364372705,0.916030534351145,0.0070508711613542
Russia--Ukraine,EURUSD,1618,1,0.0534351145038167,0.8959850824544024,0.1603053435114503,0.7050871161354234,0.6793893129770993,0.1027912126332964,0.1679389312977099,0.692325622049997,0.0381679389312977,0.925120913699668,0.0381679389312977,0.925120913699668,0.2290076335877862,0.5944292290659053,0.0687022900763358,0.8673154245090612,0.900763358778626,0.0098479109608997
Russia--Ukraine,EURUSD,1619,1,0.0229007633587786,0.9547229182448574,0.2213740458015267,0.606258376551483,0.5038167938931297,0.2461977740224929,0.183206106870229,0.6671522638540878,0.0610687022900763,0.8815919818192414,0.0763358778625954,0.8531554105238622,0.2824427480916031,0.5148884097663305,0.0305343511450381,0.939863644309772,0.8778625954198473,0.0149175455975758
Russia--Ukraine,EURUSD,1620,1,0.1374045801526717,0.7440708583415885,0.2366412213740458,0.5827166249053084,0.4885496183206106,0.2615814929199931,0.2671755725190839,0.5370316415127323,0.0687022900763358,0.8673154245090612,0.0687022900763358,0.8673154245090612,0.2595419847328244,0.5482780723734049,0.0763358778625954,0.8531554105238622,0.7175572519083969,0.0797739059495367
Russia--Ukraine,EURUSD,1621,1,0.1984732824427481,0.6424450789581027,0.3206106870229007,0.4615698385874949,0.648854961832061,0.1233028378299633,0.1374045801526717,0.7440708583415885,0.1068702290076335,0.797680787832877,0.0839694656488549,0.8391119398636443,0.2519083969465648,0.5596410465590583,0.1068702290076335,0.797680787832877,0.648854961832061,0.1233028378299633
Russia--Ukraine,EURUSD,1622,1,0.2366412213740458,0.5827166249053084,0.3511450381679389,0.4210127614940855,0.8854961832061069,0.0131111240603694,0.1068702290076335,0.797680787832877,0.2442748091603053,0.5711205640696929,0.2061068702290076,0.6302663014975817,0.2137404580152671,0.6182040673620418,0.1603053435114503,0.7050871161354234,0.3969465648854962,0.3636734456034031
Russia--Ukraine,EURUSD,1623,1,0.3206106870229007,0.4615698385874949,0.4045801526717557,0.3545247945923897,0.9541984732824428,0.0020977798496591,0.0305343511450381,0.939863644309772,0.3893129770992366,0.3729386399393975,0.1526717557251908,0.7179651535458306,0.1908396946564885,0.6547403997436048,0.1145038167938931,0.7841034904725832,0.2061068702290076,0.6302663014975817
Russia--Ukraine,EURUSD,1624,1,0.1221374045801526,0.7706427364372705,0.4198473282442748,0.3365771225453063,0.9847328244274808,0.0002330866499621,0.0458015267175572,0.9104947264145448,0.4809160305343511,0.2694481673562146,0.1755725190839694,0.679680671289552,0.2061068702290076,0.6302663014975817,0.0610687022900763,0.8815919818192414,0.1679389312977099,0.692325622049997
Russia--Ukraine,EURUSD,1625,1,0.0458015267175572,0.9104947264145448,0.4732824427480916,0.2774313851174174,0.9770992366412212,0.0005244449624147,0.2137404580152671,0.6182040673620418,0.7099236641221374,0.0841442806363265,0.1908396946564885,0.6547403997436048,0.2671755725190839,0.5370316415127323,0.015267175572519,0.969698735504924,0.1221374045801526,0.7706427364372705
Russia--Ukraine,EURUSD,1626,1,0.015267175572519,0.969698735504924,0.1908396946564885,0.6547403997436048,0.9389312977099236,0.0037293863993939,0.0076335877862595,0.9847910960899714,0.0305343511450381,0.939863644309772,0.0076335877862595,0.9847910960899714,0.015267175572519,0.969698735504924,0.0076335877862595,0.9847910960899714,0.4351145038167939,0.319095623798147
Russia--Ukraine,EURUSD,1627,0,0.0076335877862595,5.827166249053085e-05,0.1755725190839694,0.0308257094574908,0.8396946564885496,0.7050871161354233,0.1908396946564885,0.0364197890565817,0.0763358778625954,0.005827166249053,0.0534351145038167,0.002855311462036,0.0839694656488549,0.0070508711613542,0.0229007633587786,0.0005244449624147,0.6030534351145038,0.3636734456034031
Russia--Ukraine,EURUSD,1628,0,0.0381679389312977,0.0014567915622632,0.1450381679389313,0.0210360701590816,0.8931297709923665,0.797680787832877,0.0229007633587786,0.0005244449624147,0.0839694656488549,0.0070508711613542,0.0610687022900763,0.0037293863993939,0.0687022900763358,0.004720004661733,0.0381679389312977,0.0014567915622632,0.5725190839694656,0.327778101509236
Russia--Ukraine,EURUSD,1629,0,0.0839694656488549,0.0070508711613542,0.0076335877862595,5.827166249053085e-05,0.4580152671755725,0.209777984965911,0.0763358778625954,0.005827166249053,0.0534351145038167,0.002855311462036,0.099236641221374,0.0098479109608997,0.1297709923664122,0.0168405104597634,0.0916030534351145,0.0083911193986364,0.5648854961832062,0.319095623798147
Russia--Ukraine,EURUSD,1630,0,0.1297709923664122,0.0168405104597634,0.0534351145038167,0.002855311462036,0.3435114503816794,0.118000116543325,0.1755725190839694,0.0308257094574908,0.2824427480916031,0.0797739059495367,0.5725190839694656,0.327778101509236,0.6412213740458015,0.4111648505331856,0.2213740458015267,0.0490064681545364,0.2977099236641221,0.0886311986480974
Russia--Ukraine,EURUSD,1631,0,0.0687022900763358,0.004720004661733,0.0763358778625954,0.005827166249053,0.5801526717557252,0.3365771225453062,0.3053435114503817,0.0932346599848493,0.2290076335877862,0.0524444962414777,0.5343511450381679,0.2855311462036012,0.6259541984732825,0.3918186585863295,0.183206106870229,0.0335644775945457,0.2824427480916031,0.0797739059495367
Russia--Ukraine,EURUSD,1632,0,0.1450381679389313,0.0210360701590816,0.0458015267175572,0.0020977798496591,0.6106870229007634,0.3729386399393975,0.2290076335877862,0.0524444962414777,0.366412213740458,0.134257910378183,0.4351145038167939,0.1893246314317347,0.5038167938931297,0.2538313618087524,0.2519083969465648,0.0634578404521881,0.2595419847328244,0.0673620418390536
Russia--Ukraine,EURUSD,1633,0,0.2671755725190839,0.0713827865509003,0.1297709923664122,0.0168405104597634,0.5954198473282443,0.3545247945923897,0.2900763358778626,0.0841442806363265,0.2519083969465648,0.0634578404521881,0.3358778625954198,0.1128139385816677,0.3740458015267175,0.1399102616397645,0.3358778625954198,0.1128139385816677,0.2366412213740458,0.0559990676534001
Russia--Ukraine,EURUSD,1634,0,0.1908396946564885,0.0364197890565817,0.1984732824427481,0.0393916438435988,0.4732824427480916,0.2239962706136006,0.3740458015267175,0.1399102616397645,0.3358778625954198,0.1128139385816677,0.4122137404580153,0.169920167822388,0.4198473282442748,0.1762717790338558,0.2977099236641221,0.0886311986480974,0.2671755725190839,0.0713827865509003
Russia--Ukraine,EURUSD,1635,0,0.1679389312977099,0.0282034846454169,0.2824427480916031,0.0797739059495367,0.2519083969465648,0.0634578404521881,0.4045801526717557,0.1636850999359012,0.3129770992366412,0.0979546646465823,0.3740458015267175,0.1399102616397645,0.2900763358778626,0.0841442806363265,0.1679389312977099,0.0282034846454169,0.2900763358778626,0.0841442806363265
Russia--Ukraine,EURUSD,1636,0,0.2595419847328244,0.0673620418390536,0.3893129770992366,0.1515645941378707,0.2824427480916031,0.0797739059495367,0.4809160305343511,0.231280228424917,0.5267175572519084,0.2774313851174174,0.4732824427480916,0.2239962706136006,0.3206106870229007,0.1027912126332964,0.2137404580152671,0.0456849833925761,0.2748091603053435,0.075520074587728
Russia--Ukraine,EURUSD,1637,0,0.4809160305343511,0.231280228424917,0.6335877862595419,0.401433482897267,0.1984732824427481,0.0393916438435988,0.6259541984732825,0.3918186585863295,0.5954198473282443,0.3545247945923897,0.6412213740458015,0.4111648505331856,0.5954198473282443,0.3545247945923897,0.4198473282442748,0.1762717790338558,0.3358778625954198,0.1128139385816677
Russia--Ukraine,EURUSD,1638,0,0.4885496183206106,0.2386807295612143,0.931297709923664,0.8673154245090612,0.6717557251908397,0.451255754326671,0.5038167938931297,0.2538313618087524,0.7175572519083969,0.5148884097663305,0.8778625954198473,0.7706427364372705,0.6030534351145038,0.3636734456034031,0.4122137404580153,0.169920167822388,0.4274809160305343,0.1827399335703047
Russia--Ukraine,EURUSD,1639,0,0.6412213740458015,0.4111648505331856,0.916030534351145,0.8391119398636443,0.3816793893129771,0.1456791562263271,0.2519083969465648,0.0634578404521881,0.549618320610687,0.302080298350912,0.8549618320610687,0.730959734281219,0.5648854961832062,0.319095623798147,0.3511450381679389,0.1233028378299632,0.5114503816793893,0.261581492919993
Russia--Ukraine,EURUSD,1640,0,0.6183206106870229,0.3823203776003729,0.9236641221374046,0.8531554105238622,0.6259541984732825,0.3918186585863295,0.3893129770992366,0.1515645941378707,0.5801526717557252,0.3365771225453062,0.900763358778626,0.8113746285181516,0.4961832061068702,0.2461977740224928,0.3969465648854962,0.1575665753743954,0.4580152671755725,0.209777984965911
Russia--Ukraine,EURUSD,1641,0,0.6793893129770993,0.4615698385874949,0.7480916030534351,0.5596410465590583,0.5190839694656488,0.2694481673562146,0.5419847328244275,0.293747450614766,0.4427480916030534,0.1960258726181458,0.7404580152671756,0.5482780723734049,0.4503816793893129,0.2028436571295379,0.4580152671755725,0.209777984965911,0.5267175572519084,0.2774313851174174
Russia--Ukraine,EURUSD,1642,0,0.6946564885496184,0.4825476370840861,0.5114503816793893,0.261581492919993,0.5725190839694656,0.327778101509236,0.8244274809160306,0.679680671289552,0.4580152671755725,0.209777984965911,0.6030534351145038,0.3636734456034031,0.4427480916030534,0.1960258726181458,0.4427480916030534,0.1960258726181458,0.6412213740458015,0.4111648505331856
Russia--Ukraine,EURUSD,1643,0,0.6335877862595419,0.401433482897267,0.3282442748091603,0.1077443039449915,0.8015267175572519,0.6424450789581027,0.5190839694656488,0.2694481673562146,0.4198473282442748,0.1762717790338558,0.5267175572519084,0.2774313851174174,0.366412213740458,0.134257910378183,0.5648854961832062,0.319095623798147,0.6870229007633588,0.4720004661733
Russia--Ukraine,EURUSD,1644,0,0.4503816793893129,0.2028436571295379,0.1679389312977099,0.0282034846454169,0.5572519083969466,0.3105296894120389,0.4580152671755725,0.209777984965911,0.2213740458015267,0.0490064681545364,0.5572519083969466,0.3105296894120389,0.3587786259541984,0.1287221024415826,0.6641221374045801,0.441058213390828,0.6793893129770993,0.4615698385874949
Russia--Ukraine,EURUSD,1645,0,0.4351145038167939,0.1893246314317347,0.0687022900763358,0.004720004661733,0.7175572519083969,0.5148884097663305,0.8702290076335878,0.757298525726939,0.1297709923664122,0.0168405104597634,0.4198473282442748,0.1762717790338558,0.2748091603053435,0.075520074587728,0.4732824427480916,0.2239962706136006,0.6717557251908397,0.451255754326671
Russia--Ukraine,EURUSD,1646,0,0.3358778625954198,0.1128139385816677,0.015267175572519,0.0002330866499621,0.3740458015267175,0.1399102616397645,0.6030534351145038,0.3636734456034031,0.1221374045801526,0.0149175455975758,0.3816793893129771,0.1456791562263271,0.2213740458015267,0.0490064681545364,0.4809160305343511,0.231280228424917,0.6641221374045801,0.441058213390828
Russia--Ukraine,EURUSD,1647,0,0.5725190839694656,0.327778101509236,0.1145038167938931,0.0131111240603694,0.5114503816793893,0.261581492919993,0.5648854961832062,0.319095623798147,0.3206106870229007,0.1027912126332964,0.4503816793893129,0.2028436571295379,0.465648854961832,0.2168288561272653,0.6030534351145038,0.3636734456034031,0.6564885496183206,0.4309772157799661
Russia--Ukraine,EURUSD,1648,0,0.6641221374045801,0.441058213390828,0.2061068702290076,0.042480041955597,0.1526717557251908,0.0233086649962123,0.8625954198473282,0.7440708583415885,0.4045801526717557,0.1636850999359012,0.5954198473282443,0.3545247945923897,0.648854961832061,0.4210127614940854,0.7709923664122137,0.5944292290659052,0.6106870229007634,0.3729386399393975
Russia--Ukraine,EURUSD,1649,0,0.549618320610687,0.302080298350912,0.3053435114503817,0.0932346599848493,0.2137404580152671,0.0456849833925761,0.7404580152671756,0.5482780723734049,0.8015267175572519,0.6424450789581027,0.8015267175572519,0.6424450789581027,0.7633587786259542,0.5827166249053086,0.816793893129771,0.6671522638540878,0.5954198473282443,0.3545247945923897
Russia--Ukraine,EURUSD,1650,0,0.648854961832061,0.4210127614940854,0.3358778625954198,0.1128139385816677,0.0687022900763358,0.004720004661733,0.7938931297709924,0.6302663014975817,0.8549618320610687,0.730959734281219,0.8931297709923665,0.797680787832877,0.8931297709923665,0.797680787832877,0.7099236641221374,0.5039916088806013,0.5419847328244275,0.293747450614766
Russia--Ukraine,EURUSD,1651,0,0.7251908396946565,0.525901753977041,0.366412213740458,0.134257910378183,0.1679389312977099,0.0282034846454169,0.9618320610687024,0.925120913699668,0.8244274809160306,0.679680671289552,0.916030534351145,0.8391119398636443,0.8549618320610687,0.730959734281219,0.6412213740458015,0.4111648505331856,0.5572519083969466,0.3105296894120389
Russia--Ukraine,EURUSD,1652,0,0.8625954198473282,0.7440708583415885,0.6030534351145038,0.3636734456034031,0.4427480916030534,0.1960258726181458,0.2977099236641221,0.0886311986480974,0.9389312977099236,0.8815919818192414,0.931297709923664,0.8673154245090612,0.8015267175572519,0.6424450789581027,0.5877862595419847,0.3454926869063574,0.4885496183206106,0.2386807295612143
Russia--Ukraine,EURUSD,1653,0,0.8702290076335878,0.757298525726939,0.8244274809160306,0.679680671289552,0.4961832061068702,0.2461977740224928,0.7480916030534351,0.5596410465590583,0.9465648854961832,0.8959850824544024,0.9694656488549618,0.939863644309772,0.7938931297709924,0.6302663014975817,0.6717557251908397,0.451255754326671,0.4732824427480916,0.2239962706136006
Russia--Ukraine,EURUSD,1654,0,0.9083969465648856,0.8251850125284074,0.8778625954198473,0.7706427364372705,0.7099236641221374,0.5039916088806013,0.5801526717557252,0.3365771225453062,0.916030534351145,0.8391119398636443,0.9770992366412212,0.9547229182448574,0.816793893129771,0.6671522638540878,0.6564885496183206,0.4309772157799661,0.4809160305343511,0.231280228424917
Russia--Ukraine,EURUSD,1655,0,0.7862595419847328,0.6182040673620418,0.7633587786259542,0.5827166249053086,0.3587786259541984,0.1287221024415826,0.6641221374045801,0.441058213390828,0.7938931297709924,0.6302663014975817,0.9847328244274808,0.969698735504924,0.9618320610687024,0.925120913699668,0.6793893129770993,0.4615698385874949,0.465648854961832,0.2168288561272653
Russia--Ukraine,EURUSD,1656,0,0.8320610687022901,0.6923256220499971,0.5038167938931297,0.2538313618087524,0.1755725190839694,0.0308257094574908,0.6335877862595419,0.401433482897267,0.8625954198473282,0.7440708583415885,0.9618320610687024,0.925120913699668,0.9847328244274808,0.969698735504924,0.5954198473282443,0.3545247945923897,0.4427480916030534,0.1960258726181458
Russia--Ukraine,EURUSD,1657,0,0.7709923664122137,0.5944292290659052,0.3969465648854962,0.1575665753743954,0.0229007633587786,0.0005244449624147,0.9236641221374046,0.8531554105238622,0.7404580152671756,0.5482780723734049,0.9541984732824428,0.9104947264145448,0.931297709923664,0.8673154245090612,0.6183206106870229,0.3823203776003729,0.4961832061068702,0.2461977740224928
Russia--Ukraine,EURUSD,1658,0,0.816793893129771,0.6671522638540878,0.4427480916030534,0.1960258726181458,0.015267175572519,0.0002330866499621,0.8015267175572519,0.6424450789581027,0.7786259541984732,0.606258376551483,0.9389312977099236,0.8815919818192414,0.8625954198473282,0.7440708583415885,0.5038167938931297,0.2538313618087524,0.4503816793893129,0.2028436571295379
Russia--Ukraine,EURUSD,1659,0,0.7557251908396947,0.5711205640696929,0.4809160305343511,0.231280228424917,0.1145038167938931,0.0131111240603694,0.5343511450381679,0.2855311462036012,0.8778625954198473,0.7706427364372705,0.9465648854961832,0.8959850824544024,0.7786259541984732,0.606258376551483,0.7786259541984732,0.606258376551483,0.3893129770992366,0.1515645941378707
Russia--Ukraine,EURUSD,1660,0,0.5954198473282443,0.3545247945923897,0.4503816793893129,0.2028436571295379,0.0763358778625954,0.005827166249053,0.7557251908396947,0.5711205640696929,0.8473282442748091,0.7179651535458306,0.8854961832061069,0.7841034904725832,0.6717557251908397,0.451255754326671,0.9236641221374046,0.8531554105238622,0.4045801526717557,0.1636850999359012
Russia--Ukraine,EURUSD,1661,0,0.6106870229007634,0.3729386399393975,0.4274809160305343,0.1827399335703047,0.732824427480916,0.5370316415127323,0.4274809160305343,0.1827399335703047,0.8091603053435115,0.6547403997436048,0.8625954198473282,0.7440708583415885,0.6946564885496184,0.4825476370840861,0.9389312977099236,0.8815919818192414,0.3435114503816794,0.118000116543325
Russia--Ukraine,EURUSD,1662,0,0.4732824427480916,0.2239962706136006,0.3587786259541984,0.1287221024415826,0.3053435114503817,0.0932346599848493,0.9083969465648856,0.8251850125284074,0.6259541984732825,0.3918186585863295,0.6564885496183206,0.4309772157799661,0.6641221374045801,0.441058213390828,0.8473282442748091,0.7179651535458306,0.3129770992366412,0.0979546646465823
Russia--Ukraine,EURUSD,1663,0,0.465648854961832,0.2168288561272653,0.3740458015267175,0.1399102616397645,0.4351145038167939,0.1893246314317347,0.7862595419847328,0.6182040673620418,0.6717557251908397,0.451255754326671,0.6183206106870229,0.3823203776003729,0.7251908396946565,0.525901753977041,0.7557251908396947,0.5711205640696929,0.2519083969465648,0.0634578404521881
Russia--Ukraine,EURUSD,1664,0,0.4274809160305343,0.1827399335703047,0.099236641221374,0.0098479109608997,0.0534351145038167,0.002855311462036,0.2595419847328244,0.0673620418390536,0.0458015267175572,0.0020977798496591,0.1221374045801526,0.0149175455975758,0.2442748091603053,0.0596701823903035,0.2824427480916031,0.0797739059495367,0.7099236641221374,0.5039916088806013
Russia--Ukraine,EURUSD,1665,0,0.3053435114503817,0.0932346599848493,0.183206106870229,0.0335644775945457,0.2900763358778626,0.0841442806363265,0.0381679389312977,0.0014567915622632,0.0916030534351145,0.0083911193986364,0.1297709923664122,0.0168405104597634,0.4580152671755725,0.209777984965911,0.1908396946564885,0.0364197890565817,0.732824427480916,0.5370316415127323
Russia--Ukraine,EURUSD,1666,0,0.3511450381679389,0.1233028378299632,0.2290076335877862,0.0524444962414777,0.1450381679389313,0.0210360701590816,0.1603053435114503,0.0256978031583241,0.099236641221374,0.0098479109608997,0.0916030534351145,0.0083911193986364,0.5267175572519084,0.2774313851174174,0.1984732824427481,0.0393916438435988,0.7480916030534351,0.5596410465590583
Russia--Ukraine,EURUSD,1667,0,0.1603053435114503,0.0256978031583241,0.2900763358778626,0.0841442806363265,0.3282442748091603,0.1077443039449915,0.4503816793893129,0.2028436571295379,0.1908396946564885,0.0364197890565817,0.1374045801526717,0.018880018646932,0.5801526717557252,0.3365771225453062,0.1526717557251908,0.0233086649962123,0.7022900763358778,0.4932113513198531
Russia--Ukraine,EURUSD,1668,0,0.2061068702290076,0.042480041955597,0.2442748091603053,0.0596701823903035,0.3969465648854962,0.1575665753743954,0.3511450381679389,0.1233028378299632,0.1755725190839694,0.0308257094574908,0.1068702290076335,0.011421245848144,0.549618320610687,0.302080298350912,0.1374045801526717,0.018880018646932,0.7633587786259542,0.5827166249053086
Russia--Ukraine,EURUSD,1669,0,0.1755725190839694,0.0308257094574908,0.2519083969465648,0.0634578404521881,0.2366412213740458,0.0559990676534001,0.1145038167938931,0.0131111240603694,0.1374045801526717,0.018880018646932,0.1450381679389313,0.0210360701590816,0.4809160305343511,0.231280228424917,0.0839694656488549,0.0070508711613542,0.7786259541984732,0.606258376551483
Chinese,USOIL,1863,0,0.5135135135135135,0.2636961285609934,0.5337837837837838,0.2849251278305332,0.1959459459459459,0.0383948137326515,0.4324324324324324,0.1869978086194302,0.6486486486486487,0.4207450693937181,0.6959459459459459,0.4843407596785975,0.0337837837837837,0.0011413440467494,0.668918918918919,0.4474525200876553,0.2364864864864864,0.0559258582907231
Chinese,USOIL,1864,0,0.3108108108108108,0.0966033601168736,0.4662162162162162,0.2173575602629656,0.6283783783783784,0.3948593864134405,0.5202702702702703,0.2706811541271001,0.6621621621621622,0.4384587289992696,0.6756756756756757,0.4565376186997808,0.0067567567567567,4.5653761869978094e-05,0.6891891891891891,0.4749817384952519,0.3378378378378378,0.1141344046749452
Chinese,USOIL,1865,0,0.4324324324324324,0.1869978086194302,0.3851351351351351,0.1483290723155588,0.3378378378378378,0.1141344046749452,0.5405405405405406,0.2921840759678598,0.4189189189189189,0.1754930606281957,0.6216216216216216,0.3864134404674945,0.0202702702702702,0.0004108838568298,0.6148648648648649,0.3780588020452886,0.3918918918918919,0.1535792549306062
Chinese,USOIL,1866,0,0.3445945945945945,0.1187454346238129,0.2162162162162162,0.0467494521548575,0.4527027027027027,0.2049397370343316,0.7094594594594594,0.5033327246165084,0.4121621621621621,0.1698776479181884,0.5540540540540541,0.3069758948137326,0.027027027027027,0.0007304601899196,0.6351351351351351,0.4033966398831263,0.3648648648648648,0.1331263696128561
Chinese,USOIL,1867,0,0.3581081081081081,0.1282414170927684,0.2972972972972973,0.0883856829802775,0.6081081081081081,0.3697954711468225,0.5675675675675675,0.3221329437545653,0.4459459459459459,0.1988677867056245,0.5337837837837838,0.2849251278305332,0.0135135135135135,0.0001826150474799,0.3918918918918919,0.1535792549306062,0.25,0.0625
Chinese,USOIL,1868,0,0.2567567567567567,0.0659240321402483,0.3581081081081081,0.1282414170927684,0.7432432432432432,0.5524105186267347,0.3783783783783784,0.1431701972242512,0.5202702702702703,0.2706811541271001,0.5878378378378378,0.3455533235938641,0.0405405405405405,0.0016435354273192,0.2837837837837837,0.0805332359386413,0.1621621621621621,0.0262965668371073
Chinese,USOIL,1869,0,0.2094594594594594,0.0438732651570489,0.2635135135135135,0.0694393718042366,0.6621621621621622,0.4384587289992696,0.2702702702702703,0.0730460189919649,0.2837837837837837,0.0805332359386413,0.5067567567567568,0.2568024105186268,0.1689189189189189,0.0285336011687363,0.2905405405405405,0.0844138056975894,0.2162162162162162,0.0467494521548575
Chinese,USOIL,1870,0,0.1891891891891892,0.0357925493060628,0.2837837837837837,0.0805332359386413,0.8581081081081081,0.7363495252008766,0.1959459459459459,0.0383948137326515,0.3581081081081081,0.1282414170927684,0.4527027027027027,0.2049397370343316,0.2297297297297297,0.0527757487216946,0.2094594594594594,0.0438732651570489,0.2432432432432432,0.0591672753834916
Chinese,USOIL,1871,0,0.1621621621621621,0.0262965668371073,0.3918918918918919,0.1535792549306062,0.9391891891891893,0.8820763330898466,0.25,0.0625,0.2027027027027027,0.0410883856829802,0.6486486486486487,0.4207450693937181,0.25,0.0625,0.1689189189189189,0.0285336011687363,0.2027027027027027,0.0410883856829802
Chinese,USOIL,1872,0,0.054054054054054,0.0029218407596785,0.3716216216216216,0.1381026296566836,0.9256756756756755,0.8568754565376187,0.0067567567567567,4.5653761869978094e-05,0.2972972972972973,0.0883856829802775,0.5743243243243243,0.3298484295105917,0.1013513513513513,0.010272096420745,0.1148648648648648,0.0131939371804236,0.1824324324324324,0.033281592403214
Chinese,USOIL,1873,0,0.1216216216216216,0.0147918188458729,0.277027027027027,0.0767439737034331,0.5608108108108109,0.3145087655222791,0.1216216216216216,0.0147918188458729,0.1418918918918918,0.0201333089846603,0.3986486486486486,0.1589207450693937,0.054054054054054,0.0029218407596785,0.0743243243243243,0.0055241051862673,0.277027027027027,0.0767439737034331
Chinese,USOIL,1874,0,0.0337837837837837,0.0011413440467494,0.1824324324324324,0.033281592403214,0.5540540540540541,0.3069758948137326,0.2567567567567567,0.0659240321402483,0.1283783783783783,0.016481008035062,0.2297297297297297,0.0527757487216946,0.0608108108108108,0.0036979547114682,0.1554054054054054,0.0241508400292184,0.3445945945945945,0.1187454346238129
Chinese,USOIL,1875,0,0.0878378378378378,0.0077154857560262,0.1621621621621621,0.0262965668371073,0.2094594594594594,0.0438732651570489,0.1081081081081081,0.0116873630387143,0.081081081081081,0.0065741417092768,0.1891891891891892,0.0357925493060628,0.2229729729729729,0.0497169466764061,0.1081081081081081,0.0116873630387143,0.3783783783783784,0.1431701972242512
Chinese,USOIL,1876,0,0.0743243243243243,0.0055241051862673,0.054054054054054,0.0029218407596785,0.5405405405405406,0.2921840759678598,0.0945945945945946,0.0089481373265157,0.0675675675675675,0.0045653761869978,0.2027027027027027,0.0410883856829802,0.1418918918918918,0.0201333089846603,0.0405405405405405,0.0016435354273192,0.4121621621621621,0.1698776479181884
Chinese,USOIL,1877,1,0.0135135135135135,0.973155588020453,0.0405405405405405,0.920562454346238,0.3445945945945945,0.4295562454346239,0.054054054054054,0.8948137326515705,0.0608108108108108,0.8820763330898466,0.0878378378378378,0.8320398100803507,0.3513513513513513,0.4207450693937181,0.0135135135135135,0.973155588020453,0.4594594594594595,0.2921840759678598
Chinese,USOIL,1878,1,0.0472972972972973,0.9076424397370344,0.0945945945945946,0.8197589481373264,0.3648648648648648,0.4033966398831263,0.1756756756756756,0.6795105916727538,0.0405405405405405,0.920562454346238,0.081081081081081,0.8444119795471146,0.4121621621621621,0.3455533235938641,0.027027027027027,0.9466764061358656,0.4797297297297297,0.2706811541271001
Chinese,USOIL,1879,1,0.0405405405405405,0.920562454346238,0.027027027027027,0.9466764061358656,0.0945945945945946,0.8197589481373264,0.0608108108108108,0.8820763330898466,0.027027027027027,0.9466764061358656,0.0405405405405405,0.920562454346238,0.1351351351351351,0.7479912344777211,0.0472972972972973,0.9076424397370344,0.5945945945945946,0.164353542731921
Chinese,USOIL,1880,1,0.027027027027027,0.9466764061358656,0.0135135135135135,0.973155588020453,0.081081081081081,0.8444119795471146,0.081081081081081,0.8444119795471146,0.0067567567567567,0.9865321402483564,0.0067567567567567,0.9865321402483564,0.1554054054054054,0.7133400292184077,0.0067567567567567,0.9865321402483564,0.6891891891891891,0.0966033601168736
Chinese,USOIL,1881,1,0.0202702702702702,0.9598703433162892,0.081081081081081,0.8444119795471146,0.3851351351351351,0.3780588020452886,0.0472972972972973,0.9076424397370344,0.054054054054054,0.8948137326515705,0.054054054054054,0.8948137326515705,0.2635135135135135,0.5424123447772097,0.0337837837837837,0.933573776479182,0.5067567567567568,0.2432888970051132
Chinese,USOIL,1882,1,0.0675675675675675,0.8694302410518627,0.0472972972972973,0.9076424397370344,0.0202702702702702,0.9598703433162892,0.1486486486486486,0.7247991234477721,0.0202702702702702,0.9598703433162892,0.0202702702702702,0.9598703433162892,0.1891891891891892,0.6574141709276843,0.0202702702702702,0.9598703433162892,0.5540540540540541,0.1988677867056245
Chinese,USOIL,1883,1,0.1418918918918918,0.7363495252008766,0.0067567567567567,0.9865321402483564,0.2162162162162162,0.6143170197224251,0.0743243243243243,0.8568754565376187,0.0337837837837837,0.933573776479182,0.0135135135135135,0.973155588020453,0.0743243243243243,0.8568754565376187,0.1418918918918918,0.7363495252008766,0.6824324324324325,0.1008491599707815
Chinese,USOIL,1884,1,0.1959459459459459,0.6465029218407596,0.0202702702702702,0.9598703433162892,0.2837837837837837,0.5129656683710738,0.1148648648648648,0.7834642074506939,0.0135135135135135,0.973155588020453,0.0472972972972973,0.9076424397370344,0.081081081081081,0.8444119795471146,0.1824324324324324,0.6684167275383491,0.7635135135135135,0.0559258582907231
Chinese,USOIL,1885,1,0.2972972972972973,0.4937910883856828,0.1148648648648648,0.7834642074506939,0.0067567567567567,0.9865321402483564,0.1013513513513513,0.8075693937180425,0.1013513513513513,0.8075693937180425,0.1283783783783783,0.7597242512783053,0.1486486486486486,0.7247991234477721,0.3445945945945945,0.4295562454346239,0.6621621621621622,0.1141344046749452
Chinese,USOIL,1886,1,0.2229729729729729,0.6037710007304601,0.0337837837837837,0.933573776479182,0.0743243243243243,0.8568754565376187,0.2162162162162162,0.6143170197224251,0.0743243243243243,0.8568754565376187,0.1081081081081081,0.7954711468224982,0.1621621621621621,0.701972242512783,0.2635135135135135,0.5424123447772097,0.7702702702702703,0.0527757487216946
Chinese,USOIL,1887,1,0.277027027027027,0.5226899196493792,0.0675675675675675,0.8694302410518627,0.3175675675675675,0.4657140248356465,0.3716216216216216,0.3948593864134405,0.1148648648648648,0.7834642074506939,0.1486486486486486,0.7247991234477721,0.2702702702702703,0.5325054784514244,0.1891891891891892,0.6574141709276843,0.7297297297297297,0.0730460189919649
Chinese,USOIL,1888,1,0.2702702702702703,0.5325054784514244,0.0608108108108108,0.8820763330898466,0.1351351351351351,0.7479912344777211,0.3243243243243243,0.4565376186997808,0.1959459459459459,0.6465029218407596,0.1689189189189189,0.6906957633308985,0.304054054054054,0.4843407596785975,0.2432432432432432,0.5726807888970051,0.8378378378378378,0.0262965668371073
Chinese,USOIL,1889,1,0.4662162162162162,0.2849251278305332,0.1418918918918918,0.7363495252008766,0.3918918918918919,0.3697954711468225,0.1351351351351351,0.7479912344777211,0.3310810810810811,0.4474525200876551,0.3648648648648648,0.4033966398831263,0.4054054054054054,0.3535427319211102,0.4662162162162162,0.2849251278305332,0.777027027027027,0.0497169466764061
Chinese,USOIL,1890,1,0.527027027027027,0.2237034331628926,0.1283783783783783,0.7597242512783053,0.1013513513513513,0.8075693937180425,0.4662162162162162,0.2849251278305332,0.25,0.5625,0.3581081081081081,0.4120252008765522,0.4797297297297297,0.2706811541271001,0.2162162162162162,0.6143170197224251,0.8716216216216216,0.016481008035062
Chinese,USOIL,1891,1,0.2905405405405405,0.5033327246165084,0.1486486486486486,0.7247991234477721,0.1621621621621621,0.701972242512783,0.5540540540540541,0.1988677867056245,0.2229729729729729,0.6037710007304601,0.3378378378378378,0.4384587289992696,0.5067567567567568,0.2432888970051132,0.277027027027027,0.5226899196493792,0.945945945945946,0.0029218407596785
Chinese,USOIL,1892,1,0.3783783783783784,0.3864134404674945,0.2702702702702703,0.5325054784514244,0.4189189189189189,0.337655222790358,0.2905405405405405,0.5033327246165084,0.5135135135135135,0.2366691015339664,0.3310810810810811,0.4474525200876551,0.5743243243243243,0.181199780861943,0.2229729729729729,0.6037710007304601,0.9662162162162162,0.0011413440467494
Chinese,USOIL,1893,1,0.6216216216216216,0.1431701972242512,0.4594594594594595,0.2921840759678598,0.6891891891891891,0.0966033601168736,0.6148648648648649,0.1483290723155587,0.3851351351351351,0.3780588020452886,0.277027027027027,0.5226899196493792,0.7027027027027027,0.0883856829802775,0.2972972972972973,0.4937910883856828,0.9864864864864864,0.0001826150474799
Chinese,USOIL,1894,1,0.7702702702702703,0.0527757487216946,0.6486486486486487,0.1234477720964207,0.7027027027027027,0.0883856829802775,0.581081081081081,0.1754930606281958,0.3513513513513513,0.4207450693937181,0.3243243243243243,0.4565376186997808,0.7432432432432432,0.0659240321402483,0.4527027027027027,0.2995343316289263,0.9797297297297296,0.0004108838568298
Chinese,USOIL,1895,1,0.7297297297297297,0.0730460189919649,0.6216216216216216,0.1431701972242512,0.8918918918918919,0.0116873630387143,0.6418918918918919,0.1282414170927684,0.3986486486486486,0.3616234477720964,0.3851351351351351,0.3780588020452886,0.7837837837837838,0.0467494521548575,0.5608108108108109,0.1928871439006573,0.9932432432432432,4.5653761869978656e-05
Chinese,USOIL,1896,1,0.9054054054054054,0.0089481373265157,0.5743243243243243,0.181199780861943,0.7702702702702703,0.0527757487216946,0.5337837837837838,0.2173575602629656,0.3108108108108108,0.4749817384952521,0.2635135135135135,0.5424123447772097,0.5540540540540541,0.1988677867056245,0.5,0.25,0.972972972972973,0.0007304601899196
Chinese,USOIL,1897,1,0.581081081081081,0.1754930606281958,0.9391891891891893,0.0036979547114682,0.1486486486486486,0.7247991234477721,0.5135135135135135,0.2366691015339664,0.7972972972972973,0.0410883856829802,0.5135135135135135,0.2366691015339664,0.3716216216216216,0.3948593864134405,0.527027027027027,0.2237034331628926,0.1486486486486486,0.7247991234477721
Chinese,USOIL,1898,1,0.6554054054054054,0.118745434623813,0.9932432432432432,4.5653761869978656e-05,0.9932432432432432,4.5653761869978656e-05,0.8918918918918919,0.0116873630387143,0.9932432432432432,4.5653761869978656e-05,0.9594594594594594,0.0016435354273192,0.9932432432432432,4.5653761869978656e-05,0.6216216216216216,0.1431701972242512,0.0067567567567567,0.9865321402483564
Chinese,USOIL,1899,1,0.4527027027027027,0.2995343316289263,0.9864864864864864,0.0001826150474799,0.972972972972973,0.0007304601899196,0.7635135135135135,0.0559258582907231,0.9864864864864864,0.0001826150474799,0.945945945945946,0.0029218407596785,0.9864864864864864,0.0001826150474799,0.6013513513513513,0.1589207450693937,0.0135135135135135,0.973155588020453
Chinese,USOIL,1900,1,0.5743243243243243,0.181199780861943,0.9797297297297296,0.0004108838568298,0.9594594594594594,0.0016435354273192,0.7297297297297297,0.0730460189919649,0.9797297297297296,0.0004108838568298,0.9797297297297296,0.0004108838568298,0.9797297297297296,0.0004108838568298,0.5945945945945946,0.164353542731921,0.0202702702702702,0.9598703433162892
Chinese,USOIL,1901,1,0.3648648648648648,0.4033966398831263,0.9594594594594594,0.0016435354273192,0.8445945945945946,0.0241508400292184,0.6486486486486487,0.1234477720964207,0.9662162162162162,0.0011413440467494,0.9864864864864864,0.0001826150474799,0.972972972972973,0.0007304601899196,0.5337837837837838,0.2173575602629656,0.027027027027027,0.9466764061358656
Chinese,USOIL,1902,1,0.3310810810810811,0.4474525200876551,0.9324324324324323,0.0045653761869978,0.7094594594594594,0.0844138056975895,0.3310810810810811,0.4474525200876551,0.972972972972973,0.0007304601899196,0.9527027027027029,0.0022370343316289,0.9527027027027029,0.0022370343316289,0.4054054054054054,0.3535427319211102,0.0405405405405405,0.920562454346238
Chinese,USOIL,1903,1,0.3243243243243243,0.4565376186997808,0.9121621621621622,0.0077154857560262,0.6824324324324325,0.1008491599707815,0.2094594594594594,0.6249543462381301,0.9594594594594594,0.0016435354273192,0.9932432432432432,4.5653761869978656e-05,0.9054054054054054,0.0089481373265157,0.4256756756756756,0.3298484295105917,0.0878378378378378,0.8320398100803507
Chinese,USOIL,1904,1,0.1013513513513513,0.8075693937180425,0.8986486486486487,0.010272096420745,0.777027027027027,0.0497169466764061,0.2972972972972973,0.4937910883856828,0.9527027027027029,0.0022370343316289,0.9324324324324323,0.0045653761869978,0.6824324324324325,0.1008491599707815,0.2027027027027027,0.6356829802775749,0.054054054054054,0.8948137326515705
Chinese,USOIL,1905,1,0.1351351351351351,0.7479912344777211,0.8581081081081081,0.0201333089846603,0.7364864864864865,0.0694393718042366,0.5472972972972973,0.2049397370343316,0.8648648648648649,0.0182615047479912,0.9662162162162162,0.0011413440467494,0.5405405405405406,0.2111029948867786,0.1283783783783783,0.7597242512783053,0.0608108108108108,0.8820763330898466
Chinese,USOIL,1906,1,0.1689189189189189,0.6906957633308985,0.8040540540540541,0.0383948137326515,0.7837837837837838,0.0467494521548575,0.3108108108108108,0.4749817384952521,0.8513513513513513,0.0220964207450694,0.9391891891891893,0.0036979547114682,0.4594594594594595,0.2921840759678598,0.1351351351351351,0.7479912344777211,0.0743243243243243,0.8568754565376187
Chinese,USOIL,1907,1,0.2635135135135135,0.5424123447772097,0.7364864864864865,0.0694393718042366,0.831081081081081,0.0285336011687363,0.4797297297297297,0.2706811541271001,0.7162162162162162,0.0805332359386413,0.972972972972973,0.0007304601899196,0.4189189189189189,0.337655222790358,0.1013513513513513,0.8075693937180425,0.1351351351351351,0.7479912344777211
Chinese,USOIL,1908,1,0.1756756756756756,0.6795105916727538,0.5878378378378378,0.1698776479181884,0.722972972972973,0.0767439737034331,0.1891891891891892,0.6574141709276843,0.5472972972972973,0.2049397370343316,0.9256756756756755,0.0055241051862673,0.4391891891891892,0.3145087655222789,0.081081081081081,0.8444119795471146,0.1756756756756756,0.6795105916727538
Chinese,USOIL,1909,1,0.1824324324324324,0.6684167275383491,0.527027027027027,0.2237034331628926,0.75,0.0625,0.3513513513513513,0.4207450693937181,0.4729729729729729,0.2777574872169466,0.918918918918919,0.0065741417092768,0.3243243243243243,0.4565376186997808,0.0608108108108108,0.8820763330898466,0.2567567567567567,0.5524105186267347
Chinese,USOIL,1910,1,0.0945945945945946,0.8197589481373264,0.4256756756756756,0.3298484295105917,0.8040540540540541,0.0383948137326515,0.2027027027027027,0.6356829802775749,0.3378378378378378,0.4384587289992696,0.8175675675675675,0.033281592403214,0.3175675675675675,0.4657140248356465,0.0675675675675675,0.8694302410518627,0.2905405405405405,0.5033327246165084
Chinese,USOIL,1911,1,0.1148648648648648,0.7834642074506939,0.3310810810810811,0.4474525200876551,0.9054054054054054,0.0089481373265157,0.0135135135135135,0.973155588020453,0.2635135135135135,0.5424123447772097,0.5608108108108109,0.1928871439006573,0.3851351351351351,0.3780588020452886,0.0878378378378378,0.8320398100803507,0.3108108108108108,0.4749817384952521
Chinese,USOIL,1912,1,0.0067567567567567,0.9865321402483564,0.3175675675675675,0.4657140248356465,0.7635135135135135,0.0559258582907231,0.0878378378378378,0.8320398100803507,0.2162162162162162,0.6143170197224251,0.4256756756756756,0.3298484295105917,0.4729729729729729,0.2777574872169466,0.054054054054054,0.8948137326515705,0.3513513513513513,0.4207450693937181
Chinese,USOIL,1913,1,0.1486486486486486,0.7247991234477721,0.3378378378378378,0.4384587289992696,0.7972972972972973,0.0410883856829802,0.0202702702702702,0.9598703433162892,0.1824324324324324,0.6684167275383491,0.4054054054054054,0.3535427319211102,0.2027027027027027,0.6356829802775749,0.1216216216216216,0.7715485756026297,0.3310810810810811,0.4474525200876551
Chinese,USOIL,1914,1,0.081081081081081,0.8444119795471146,0.2905405405405405,0.5033327246165084,0.5675675675675675,0.1869978086194302,0.1418918918918918,0.7363495252008766,0.1351351351351351,0.7479912344777211,0.2432432432432432,0.5726807888970051,0.2364864864864864,0.5829528853177501,0.0945945945945946,0.8197589481373264,0.3851351351351351,0.3780588020452886
Chinese,USOIL,1915,1,0.0608108108108108,0.8820763330898466,0.2432432432432432,0.5726807888970051,0.4391891891891892,0.3145087655222789,0.0337837837837837,0.933573776479182,0.1216216216216216,0.7715485756026297,0.2094594594594594,0.6249543462381301,0.1756756756756756,0.6795105916727538,0.1621621621621621,0.701972242512783,0.4527027027027027,0.2995343316289263
Chinese,USOIL,1916,1,0.1283783783783783,0.7597242512783053,0.1959459459459459,0.6465029218407596,0.2905405405405405,0.5033327246165084,0.0675675675675675,0.8694302410518627,0.0472972972972973,0.9076424397370344,0.1351351351351351,0.7479912344777211,0.1148648648648648,0.7834642074506939,0.1959459459459459,0.6465029218407596,0.5472972972972973,0.2049397370343316
Chinese,USOIL,1917,1,0.1081081081081081,0.7954711468224982,0.1891891891891892,0.6574141709276843,0.0337837837837837,0.933573776479182,0.277027027027027,0.5226899196493792,0.0878378378378378,0.8320398100803507,0.1216216216216216,0.7715485756026297,0.1081081081081081,0.7954711468224982,0.1486486486486486,0.7247991234477721,0.6486486486486487,0.1234477720964207
Chinese,USOIL,1918,1,0.304054054054054,0.4843407596785975,0.2027027027027027,0.6356829802775749,0.25,0.5625,0.0405405405405405,0.920562454346238,0.1756756756756756,0.6795105916727538,0.2229729729729729,0.6037710007304601,0.2905405405405405,0.5033327246165084,0.4189189189189189,0.337655222790358,0.7162162162162162,0.0805332359386413
Chinese,USOIL,1919,1,0.2432432432432432,0.5726807888970051,0.2567567567567567,0.5524105186267347,0.0135135135135135,0.973155588020453,0.3175675675675675,0.4657140248356465,0.3445945945945945,0.4295562454346239,0.3716216216216216,0.3948593864134405,0.4662162162162162,0.2849251278305332,0.5135135135135135,0.2366691015339664,0.7364864864864865,0.0694393718042366
Chinese,USOIL,1920,1,0.2837837837837837,0.5129656683710738,0.25,0.5625,0.1418918918918918,0.7363495252008766,0.2837837837837837,0.5129656683710738,0.2432432432432432,0.5726807888970051,0.4662162162162162,0.2849251278305332,0.5,0.25,0.4459459459459459,0.3069758948137326,0.7837837837837838,0.0467494521548575
Chinese,USOIL,1921,1,0.5405405405405406,0.2111029948867786,0.1756756756756756,0.6795105916727538,0.1283783783783783,0.7597242512783053,0.3918918918918919,0.3697954711468225,0.2094594594594594,0.6249543462381301,0.4729729729729729,0.2777574872169466,0.5608108108108109,0.1928871439006573,0.3108108108108108,0.4749817384952521,0.8851351351351351,0.0131939371804236
Chinese,USOIL,1922,1,0.4121621621621621,0.3455533235938641,0.4391891891891892,0.3145087655222789,0.4121621621621621,0.3455533235938641,0.4391891891891892,0.3145087655222789,0.5067567567567568,0.2432888970051132,0.527027027027027,0.2237034331628926,0.6891891891891891,0.0966033601168736,0.3513513513513513,0.4207450693937181,0.8986486486486487,0.010272096420745
Chinese,USOIL,1923,1,0.5608108108108109,0.1928871439006573,0.5540540540540541,0.1988677867056245,0.4594594594594595,0.2921840759678598,0.2229729729729729,0.6037710007304601,0.4797297297297297,0.2706811541271001,0.6283783783783784,0.1381026296566836,0.6216216216216216,0.1431701972242512,0.4932432432432432,0.2568024105186268,0.9054054054054054,0.0089481373265157
Chinese,USOIL,1924,1,0.6148648648648649,0.1483290723155587,0.8783783783783784,0.0147918188458728,0.4932432432432432,0.2568024105186268,0.4594594594594595,0.2921840759678598,0.7905405405405406,0.0438732651570489,0.777027027027027,0.0497169466764061,0.7702702702702703,0.0527757487216946,0.5675675675675675,0.1869978086194302,0.7905405405405406,0.0438732651570489
Chinese,USOIL,1925,1,0.8986486486486487,0.010272096420745,0.8175675675675675,0.033281592403214,0.6351351351351351,0.1331263696128561,0.7905405405405406,0.0438732651570489,0.6013513513513513,0.1589207450693937,0.7702702702702703,0.0527757487216946,0.8918918918918919,0.0116873630387143,0.7635135135135135,0.0559258582907231,0.8243243243243243,0.0308619430241051
Chinese,USOIL,1926,1,0.9256756756756755,0.0055241051862673,0.8648648648648649,0.0182615047479912,0.4256756756756756,0.3298484295105917,0.777027027027027,0.0497169466764061,0.8445945945945946,0.0241508400292184,0.8851351351351351,0.0131939371804236,0.918918918918919,0.0065741417092768,0.5743243243243243,0.181199780861943,0.75,0.0625
Chinese,USOIL,1927,1,0.831081081081081,0.0285336011687363,0.6891891891891891,0.0966033601168736,0.3310810810810811,0.4474525200876551,0.8986486486486487,0.010272096420745,0.6351351351351351,0.1331263696128561,0.8243243243243243,0.0308619430241051,0.8783783783783784,0.0147918188458728,0.5405405405405406,0.2111029948867786,0.8108108108108109,0.0357925493060628
Chinese,USOIL,1928,1,0.8243243243243243,0.0308619430241051,0.6554054054054054,0.118745434623813,0.2972972972972973,0.4937910883856828,0.6756756756756757,0.1051862673484295,0.6554054054054054,0.118745434623813,0.8716216216216216,0.016481008035062,0.9121621621621622,0.0077154857560262,0.6959459459459459,0.0924488677867056,0.8918918918918919,0.0116873630387143
Chinese,USOIL,1929,1,0.8513513513513513,0.0220964207450694,0.6824324324324325,0.1008491599707815,0.2702702702702703,0.5325054784514244,0.9797297297297296,0.0004108838568298,0.7432432432432432,0.0659240321402483,0.7432432432432432,0.0659240321402483,0.945945945945946,0.0029218407596785,0.8175675675675675,0.033281592403214,0.9391891891891893,0.0036979547114682
Chinese,USOIL,1930,1,0.8783783783783784,0.0147918188458728,0.668918918918919,0.1096146822498173,0.5945945945945946,0.164353542731921,0.8648648648648649,0.0182615047479912,0.668918918918919,0.1096146822498173,0.8378378378378378,0.0262965668371073,0.9594594594594594,0.0016435354273192,0.7837837837837838,0.0467494521548575,0.9594594594594594,0.0016435354273192
Chinese,USOIL,1931,1,0.9662162162162162,0.0011413440467494,0.6621621621621622,0.1141344046749452,0.3108108108108108,0.4749817384952521,0.4459459459459459,0.3069758948137326,0.6081081081081081,0.1535792549306062,0.7837837837837838,0.0467494521548575,0.9391891891891893,0.0036979547114682,0.6824324324324325,0.1008491599707815,0.9324324324324323,0.0045653761869978
Chinese,USOIL,1932,1,0.8851351351351351,0.0131939371804236,0.7094594594594594,0.0844138056975895,0.8783783783783784,0.0147918188458728,0.8783783783783784,0.0147918188458728,0.7297297297297297,0.0730460189919649,0.6418918918918919,0.1282414170927684,0.9324324324324323,0.0045653761869978,0.7905405405405406,0.0438732651570489,0.8513513513513513,0.0220964207450694
Chinese,USOIL,1933,1,0.75,0.0625,0.7162162162162162,0.0805332359386413,0.3513513513513513,0.4207450693937181,0.8445945945945946,0.0241508400292184,0.8243243243243243,0.0308619430241051,0.6554054054054054,0.118745434623813,0.8851351351351351,0.0131939371804236,0.6621621621621622,0.1141344046749452,0.8175675675675675,0.033281592403214
Chinese,USOIL,1934,1,0.6891891891891891,0.0966033601168736,0.7432432432432432,0.0659240321402483,0.5202702702702703,0.2301406135865595,0.9324324324324323,0.0045653761869978,0.6283783783783784,0.1381026296566836,0.668918918918919,0.1096146822498173,0.8513513513513513,0.0220964207450694,0.8040540540540541,0.0383948137326515,0.7094594594594594,0.0844138056975895
Chinese,USOIL,1935,1,0.6081081081081081,0.1535792549306062,0.722972972972973,0.0767439737034331,0.8175675675675675,0.033281592403214,0.8716216216216216,0.016481008035062,0.581081081081081,0.1754930606281958,0.6081081081081081,0.1535792549306062,0.8243243243243243,0.0308619430241051,0.7297297297297297,0.0730460189919649,0.5878378378378378,0.1698776479181884
Chinese,USOIL,1936,1,0.6824324324324325,0.1008491599707815,0.8378378378378378,0.0262965668371073,0.9797297297297296,0.0004108838568298,0.527027027027027,0.2237034331628926,0.6756756756756757,0.1051862673484295,0.6148648648648649,0.1483290723155587,0.8986486486486487,0.010272096420745,0.8716216216216216,0.016481008035062,0.4324324324324324,0.3221329437545653
Chinese,USOIL,1937,1,0.4189189189189189,0.337655222790358,0.5675675675675675,0.1869978086194302,0.3581081081081081,0.4120252008765522,0.668918918918919,0.1096146822498173,0.5540540540540541,0.1988677867056245,0.581081081081081,0.1754930606281958,0.7635135135135135,0.0559258582907231,0.6756756756756757,0.1051862673484295,0.6148648648648649,0.1483290723155587
Chinese,USOIL,1938,1,0.5945945945945946,0.164353542731921,0.5608108108108109,0.1928871439006573,0.1756756756756756,0.6795105916727538,0.4932432432432432,0.2568024105186268,0.7635135135135135,0.0559258582907231,0.6351351351351351,0.1331263696128561,0.8108108108108109,0.0357925493060628,0.6283783783783784,0.1381026296566836,0.6081081081081081,0.1535792549306062
Chinese,USOIL,1939,1,0.5067567567567568,0.2432888970051132,0.6283783783783784,0.1381026296566836,0.5743243243243243,0.181199780861943,0.8175675675675675,0.033281592403214,0.6824324324324325,0.1008491599707815,0.6824324324324325,0.1008491599707815,0.8581081081081081,0.0201333089846603,0.722972972972973,0.0767439737034331,0.4662162162162162,0.2849251278305332
Chinese,USOIL,1940,1,0.7364864864864865,0.0694393718042366,0.8108108108108109,0.0357925493060628,0.3986486486486486,0.3616234477720964,0.6351351351351351,0.1331263696128561,0.8716216216216216,0.016481008035062,0.6891891891891891,0.0966033601168736,0.9256756756756755,0.0055241051862673,0.6486486486486487,0.1234477720964207,0.2972972972972973,0.4937910883856828
Chinese,USOIL,1941,1,0.6621621621621622,0.1141344046749452,0.8513513513513513,0.0220964207450694,0.5,0.25,0.7027027027027027,0.0883856829802775,0.9054054054054054,0.0089481373265157,0.8108108108108109,0.0357925493060628,0.9662162162162162,0.0011413440467494,0.6418918918918919,0.1282414170927684,0.2094594594594594,0.6249543462381301
Chinese,USOIL,1942,1,0.5675675675675675,0.1869978086194302,0.2297297297297297,0.5933162892622352,0.2027027027027027,0.6356829802775749,0.6891891891891891,0.0966033601168736,0.3648648648648648,0.4033966398831263,0.4459459459459459,0.3069758948137326,0.5337837837837838,0.2173575602629656,0.5202702702702703,0.2301406135865595,0.7567567567567568,0.0591672753834915
Chinese,USOIL,1943,1,0.5878378378378378,0.1698776479181884,0.1216216216216216,0.7715485756026297,0.6959459459459459,0.0924488677867056,0.5878378378378378,0.1698776479181884,0.1554054054054054,0.7133400292184077,0.3445945945945945,0.4295562454346239,0.5878378378378378,0.1698776479181884,0.3851351351351351,0.3780588020452886,0.9527027027027029,0.0022370343316289
Chinese,USOIL,1944,1,0.5472972972972973,0.2049397370343316,0.2364864864864864,0.5829528853177501,0.4729729729729729,0.2777574872169466,0.3581081081081081,0.4120252008765522,0.277027027027027,0.5226899196493792,0.4594594594594595,0.2921840759678598,0.668918918918919,0.1096146822498173,0.2567567567567567,0.5524105186267347,0.831081081081081,0.0285336011687363
Chinese,USOIL,1945,1,0.6756756756756757,0.1051862673484295,0.2094594594594594,0.6249543462381301,0.1689189189189189,0.6906957633308985,0.4256756756756756,0.3298484295105917,0.3175675675675675,0.4657140248356465,0.4391891891891892,0.3145087655222789,0.8378378378378378,0.0262965668371073,0.4864864864864865,0.2636961285609934,0.8445945945945946,0.0241508400292184
Chinese,USOIL,1946,1,0.7905405405405406,0.0438732651570489,0.2229729729729729,0.6037710007304601,0.0675675675675675,0.8694302410518627,0.7837837837837838,0.0467494521548575,0.2905405405405405,0.5033327246165084,0.3918918918918919,0.3697954711468225,0.75,0.0625,0.6081081081081081,0.1535792549306062,0.8040540540540541,0.0383948137326515
Chinese,USOIL,1947,0,0.8918918918918919,0.7954711468224982,0.3513513513513513,0.1234477720964207,0.2432432432432432,0.0591672753834916,0.304054054054054,0.0924488677867056,0.3716216216216216,0.1381026296566836,0.4797297297297297,0.2301406135865595,0.7364864864864865,0.5424123447772097,0.8108108108108109,0.6574141709276845,0.6418918918918919,0.4120252008765522
Chinese,USOIL,1948,0,0.8108108108108109,0.6574141709276845,0.4324324324324324,0.1869978086194302,0.027027027027027,0.0007304601899196,0.4189189189189189,0.1754930606281957,0.5743243243243243,0.3298484295105917,0.4864864864864865,0.2366691015339664,0.6554054054054054,0.4295562454346238,0.7027027027027027,0.493791088385683,0.6283783783783784,0.3948593864134405
Chinese,USOIL,1949,0,0.6013513513513513,0.3616234477720964,0.1081081081081081,0.0116873630387143,0.0608108108108108,0.0036979547114682,0.3851351351351351,0.1483290723155588,0.1486486486486486,0.0220964207450693,0.2702702702702703,0.0730460189919649,0.4256756756756756,0.181199780861943,0.5067567567567568,0.2568024105186268,0.8783783783783784,0.7715485756026297
Chinese,USOIL,1950,0,0.4459459459459459,0.1988677867056245,0.0878378378378378,0.0077154857560262,0.4054054054054054,0.1643535427319211,0.1283783783783783,0.016481008035062,0.1891891891891892,0.0357925493060628,0.2364864864864864,0.0559258582907231,0.3378378378378378,0.1141344046749452,0.4121621621621621,0.1698776479181884,0.7972972972972973,0.6356829802775749
Chinese,USOIL,1951,0,0.4864864864864865,0.2366691015339664,0.0743243243243243,0.0055241051862673,0.2635135135135135,0.0694393718042366,0.4121621621621621,0.1698776479181884,0.1081081081081081,0.0116873630387143,0.2162162162162162,0.0467494521548575,0.2972972972972973,0.0883856829802775,0.4324324324324324,0.1869978086194302,0.7432432432432432,0.5524105186267347
Chinese,USOIL,1952,0,0.4729729729729729,0.2237034331628926,0.1013513513513513,0.010272096420745,0.5067567567567568,0.2568024105186268,0.7567567567567568,0.5726807888970051,0.1621621621621621,0.0262965668371073,0.0945945945945946,0.0089481373265157,0.2567567567567567,0.0659240321402483,0.4729729729729729,0.2237034331628926,0.6756756756756757,0.4565376186997808
Chinese,USOIL,1953,0,0.4054054054054054,0.1643535427319211,0.1351351351351351,0.0182615047479912,0.5337837837837838,0.2849251278305332,0.4527027027027027,0.2049397370343316,0.1689189189189189,0.0285336011687363,0.1013513513513513,0.010272096420745,0.1824324324324324,0.033281592403214,0.3175675675675675,0.1008491599707815,0.6013513513513513,0.3616234477720964
Chinese,USOIL,1954,0,0.3716216216216216,0.1381026296566836,0.1689189189189189,0.0285336011687363,0.4797297297297297,0.2301406135865595,0.5945945945945946,0.3535427319211103,0.2297297297297297,0.0527757487216946,0.0675675675675675,0.0045653761869978,0.1283783783783783,0.016481008035062,0.3783783783783784,0.1431701972242512,0.5,0.25
Chinese,USOIL,1955,0,0.4932432432432432,0.2432888970051132,0.304054054054054,0.0924488677867056,0.6418918918918919,0.4120252008765522,0.2635135135135135,0.0694393718042366,0.2567567567567567,0.0659240321402483,0.0337837837837837,0.0011413440467494,0.1959459459459459,0.0383948137326515,0.3581081081081081,0.1282414170927684,0.3986486486486486,0.1589207450693937
Chinese,USOIL,1956,0,0.2297297297297297,0.0527757487216946,0.4189189189189189,0.1754930606281957,0.6148648648648649,0.3780588020452886,0.027027027027027,0.0007304601899196,0.2702702702702703,0.0730460189919649,0.027027027027027,0.0007304601899196,0.2432432432432432,0.0591672753834916,0.1756756756756756,0.0308619430241051,0.3175675675675675,0.1008491599707815
Chinese,USOIL,1957,0,0.1554054054054054,0.0241508400292184,0.4797297297297297,0.2301406135865595,0.7297297297297297,0.5325054784514244,0.6081081081081081,0.3697954711468225,0.4054054054054054,0.1643535427319211,0.0608108108108108,0.0036979547114682,0.1216216216216216,0.0147918188458729,0.2702702702702703,0.0730460189919649,0.2702702702702703,0.0730460189919649
Chinese,USOIL,1958,0,0.2027027027027027,0.0410883856829802,0.5472972972972973,0.2995343316289262,0.8513513513513513,0.7247991234477721,0.2432432432432432,0.0591672753834916,0.5608108108108109,0.3145087655222791,0.0743243243243243,0.0055241051862673,0.0675675675675675,0.0045653761869978,0.2364864864864864,0.0559258582907231,0.1689189189189189,0.0285336011687363
Chinese,USOIL,1959,0,0.2162162162162162,0.0467494521548575,0.6081081081081081,0.3697954711468225,0.9324324324324323,0.8694302410518627,0.4054054054054054,0.1643535427319211,0.7364864864864865,0.5424123447772097,0.1418918918918918,0.0201333089846603,0.0472972972972973,0.0022370343316289,0.2297297297297297,0.0527757487216946,0.0945945945945946,0.0089481373265157
Chinese,USOIL,1960,0,0.3378378378378378,0.1141344046749452,0.777027027027027,0.6037710007304601,0.9864864864864864,0.973155588020453,0.4729729729729729,0.2237034331628926,0.9324324324324323,0.8694302410518627,0.1621621621621621,0.0262965668371073,0.0945945945945946,0.0089481373265157,0.3378378378378378,0.1141344046749452,0.0337837837837837,0.0011413440467494
Chinese,USOIL,1961,0,0.3175675675675675,0.1008491599707815,0.6756756756756757,0.4565376186997808,0.945945945945946,0.8948137326515705,0.6283783783783784,0.3948593864134405,0.8783783783783784,0.7715485756026297,0.1824324324324324,0.033281592403214,0.0878378378378378,0.0077154857560262,0.3986486486486486,0.1589207450693937,0.0472972972972973,0.0022370343316289
Chinese,USOIL,1962,0,0.3918918918918919,0.1535792549306062,0.1554054054054054,0.0241508400292184,0.277027027027027,0.0767439737034331,0.1554054054054054,0.0241508400292184,0.0945945945945946,0.0089481373265157,0.1148648648648648,0.0131939371804236,0.2094594594594594,0.0438732651570489,0.3648648648648648,0.1331263696128561,0.668918918918919,0.4474525200876553
Chinese,USOIL,1963,0,0.25,0.0625,0.3783783783783784,0.1431701972242512,0.2364864864864864,0.0559258582907231,0.6959459459459459,0.4843407596785975,0.2364864864864864,0.0559258582907231,0.1554054054054054,0.0241508400292184,0.3581081081081081,0.1282414170927684,0.3243243243243243,0.1051862673484295,0.6216216216216216,0.3864134404674945
Chinese,USOIL,1964,0,0.2364864864864864,0.0559258582907231,0.4729729729729729,0.2237034331628926,0.3716216216216216,0.1381026296566836,0.1689189189189189,0.0285336011687363,0.3918918918918919,0.1535792549306062,0.1756756756756756,0.0308619430241051,0.3648648648648648,0.1331263696128561,0.25,0.0625,0.4864864864864865,0.2366691015339664
Chinese,USOIL,1965,0,0.3986486486486486,0.1589207450693937,0.4932432432432432,0.2432888970051132,0.5878378378378378,0.3455533235938641,0.3648648648648648,0.1331263696128561,0.4391891891891892,0.1928871439006574,0.1959459459459459,0.0383948137326515,0.3918918918918919,0.1535792549306062,0.304054054054054,0.0924488677867056,0.4054054054054054,0.1643535427319211
Chinese,USOIL,1966,0,0.4256756756756756,0.181199780861943,0.5,0.25,0.8108108108108109,0.6574141709276845,0.2297297297297297,0.0527757487216946,0.4932432432432432,0.2432888970051132,0.2837837837837837,0.0805332359386413,0.4527027027027027,0.2049397370343316,0.3310810810810811,0.1096146822498174,0.4189189189189189,0.1754930606281957
Chinese,USOIL,1967,0,0.5,0.25,0.3243243243243243,0.1051862673484295,0.2297297297297297,0.0527757487216946,0.2364864864864864,0.0559258582907231,0.304054054054054,0.0924488677867056,0.25,0.0625,0.722972972972973,0.5226899196493792,0.3716216216216216,0.1381026296566836,0.7027027027027027,0.493791088385683
Chinese,USOIL,1968,0,0.4391891891891892,0.1928871439006574,0.3108108108108108,0.0966033601168736,0.8716216216216216,0.7597242512783053,0.1621621621621621,0.0262965668371073,0.3243243243243243,0.1051862673484295,0.2905405405405405,0.0844138056975894,0.7905405405405406,0.6249543462381301,0.4797297297297297,0.2301406135865595,0.6554054054054054,0.4295562454346238
Chinese,USOIL,1969,0,0.5337837837837838,0.2849251278305332,0.4121621621621621,0.1698776479181884,0.6216216216216216,0.3864134404674945,0.1824324324324324,0.033281592403214,0.4527027027027027,0.2049397370343316,0.3513513513513513,0.1234477720964207,0.7972972972972973,0.6356829802775749,0.4594594594594595,0.2111029948867787,0.5337837837837838,0.2849251278305332
Chinese,USOIL,1970,0,0.3513513513513513,0.1234477720964207,0.5067567567567568,0.2568024105186268,0.9662162162162162,0.933573776479182,0.3445945945945945,0.1187454346238129,0.6216216216216216,0.3864134404674945,0.3108108108108108,0.0966033601168736,0.7094594594594594,0.5033327246165084,0.4391891891891892,0.1928871439006574,0.4391891891891892,0.1928871439006574
Chinese,USOIL,1971,0,0.6418918918918919,0.4120252008765522,0.3648648648648648,0.1331263696128561,0.6554054054054054,0.4295562454346238,0.5067567567567568,0.2568024105186268,0.5405405405405406,0.2921840759678598,0.2567567567567567,0.0659240321402483,0.8040540540540541,0.6465029218407596,0.581081081081081,0.3376552227903578,0.6351351351351351,0.4033966398831263
Chinese,USOIL,1972,0,0.668918918918919,0.4474525200876553,0.4459459459459459,0.1988677867056245,0.8648648648648649,0.7479912344777211,0.4864864864864865,0.2366691015339664,0.6418918918918919,0.4120252008765522,0.3783783783783784,0.1431701972242512,0.7567567567567568,0.5726807888970051,0.5540540540540541,0.3069758948137326,0.6959459459459459,0.4843407596785975
Chinese,USOIL,1973,0,0.7162162162162162,0.5129656683710738,0.3445945945945945,0.1187454346238129,0.0878378378378378,0.0077154857560262,0.9864864864864864,0.973155588020453,0.4662162162162162,0.2173575602629656,0.5675675675675675,0.3221329437545653,0.5472972972972973,0.2995343316289262,0.8648648648648649,0.7479912344777211,0.527027027027027,0.2777574872169466
Chinese,USOIL,1974,0,0.777027027027027,0.6037710007304601,0.3986486486486486,0.1589207450693937,0.4662162162162162,0.2173575602629656,0.6216216216216216,0.3864134404674945,0.4324324324324324,0.1869978086194302,0.5472972972972973,0.2995343316289262,0.5675675675675675,0.3221329437545653,0.8783783783783784,0.7715485756026297,0.581081081081081,0.3376552227903578
Chinese,USOIL,1975,0,0.8040540540540541,0.6465029218407596,0.4054054054054054,0.1643535427319211,0.4459459459459459,0.1988677867056245,0.7702702702702703,0.5933162892622352,0.527027027027027,0.2777574872169466,0.5405405405405406,0.2921840759678598,0.6283783783783784,0.3948593864134405,0.9121621621621622,0.8320398100803507,0.5743243243243243,0.3298484295105917
Chinese,USOIL,1976,0,0.7432432432432432,0.5524105186267347,0.4864864864864865,0.2366691015339664,0.7905405405405406,0.6249543462381301,0.7364864864864865,0.5424123447772097,0.6891891891891891,0.4749817384952519,0.6621621621621622,0.4384587289992696,0.6418918918918919,0.4120252008765522,0.8243243243243243,0.6795105916727538,0.5675675675675675,0.3221329437545653
Chinese,USOIL,1977,0,0.7972972972972973,0.6356829802775749,0.5405405405405406,0.2921840759678598,0.581081081081081,0.3376552227903578,0.9256756756756755,0.8568754565376187,0.5878378378378378,0.3455533235938641,0.6013513513513513,0.3616234477720964,0.6621621621621622,0.4384587289992696,0.9054054054054054,0.8197589481373264,0.5405405405405406,0.2921840759678598
Chinese,USOIL,1978,0,0.7027027027027027,0.493791088385683,0.581081081081081,0.3376552227903578,0.1148648648648648,0.0131939371804236,0.722972972972973,0.5226899196493792,0.5675675675675675,0.3221329437545653,0.7027027027027027,0.493791088385683,0.6013513513513513,0.3616234477720964,0.9256756756756755,0.8568754565376187,0.5608108108108109,0.3145087655222791
Chinese,USOIL,1979,0,0.8581081081081081,0.7363495252008766,0.5945945945945946,0.3535427319211103,0.3783783783783784,0.1431701972242512,0.8851351351351351,0.7834642074506939,0.7567567567567568,0.5726807888970051,0.7094594594594594,0.5033327246165084,0.7162162162162162,0.5129656683710738,0.9391891891891893,0.8820763330898466,0.5135135135135135,0.2636961285609934
Chinese,USOIL,1980,0,0.7094594594594594,0.5033327246165084,0.7905405405405406,0.6249543462381301,0.2229729729729729,0.0497169466764061,0.5,0.25,0.7094594594594594,0.5033327246165084,0.7635135135135135,0.5829528853177501,0.6351351351351351,0.4033966398831263,0.8513513513513513,0.7247991234477721,0.4932432432432432,0.2432888970051132
Chinese,USOIL,1981,0,0.6486486486486487,0.4207450693937181,0.8716216216216216,0.7597242512783053,0.1554054054054054,0.0241508400292184,0.7162162162162162,0.5129656683710738,0.7702702702702703,0.5933162892622352,0.75,0.5625,0.6081081081081081,0.3697954711468225,0.7432432432432432,0.5524105186267347,0.4729729729729729,0.2237034331628926
Chinese,USOIL,1982,0,0.5202702702702703,0.2706811541271001,0.9054054054054054,0.8197589481373264,0.8378378378378378,0.701972242512783,0.918918918918919,0.8444119795471148,0.777027027027027,0.6037710007304601,0.7162162162162162,0.5129656683710738,0.581081081081081,0.3376552227903578,0.7567567567567568,0.5726807888970051,0.4256756756756756,0.181199780861943
Chinese,USOIL,1983,0,0.722972972972973,0.5226899196493792,0.918918918918919,0.8444119795471148,0.7162162162162162,0.5129656683710738,0.9121621621621622,0.8320398100803507,0.75,0.5625,0.8581081081081081,0.7363495252008766,0.6148648648648649,0.3780588020452886,0.7972972972972973,0.6356829802775749,0.3716216216216216,0.1381026296566836
Chinese,USOIL,1984,0,0.8648648648648649,0.7479912344777211,0.9256756756756755,0.8568754565376187,0.304054054054054,0.0924488677867056,0.6554054054054054,0.4295562454346238,0.8040540540540541,0.6465029218407596,0.8648648648648649,0.7479912344777211,0.6486486486486487,0.4207450693937181,0.7094594594594594,0.5033327246165084,0.3581081081081081,0.1282414170927684
Chinese,USOIL,1985,0,0.8175675675675675,0.6684167275383491,0.945945945945946,0.8948137326515705,0.0472972972972973,0.0022370343316289,0.75,0.5625,0.8918918918918919,0.7954711468224982,0.9121621621621622,0.8320398100803507,0.6959459459459459,0.4843407596785975,0.777027027027027,0.6037710007304601,0.2837837837837837,0.0805332359386413
Chinese,USOIL,1986,0,0.7567567567567568,0.5726807888970051,0.9527027027027029,0.9076424397370344,0.1824324324324324,0.033281592403214,0.945945945945946,0.8948137326515705,0.8378378378378378,0.701972242512783,0.8986486486486487,0.8075693937180425,0.5945945945945946,0.3535427319211103,0.7162162162162162,0.5129656683710738,0.1891891891891892,0.0357925493060628
Chinese,USOIL,1987,0,0.6959459459459459,0.4843407596785975,0.9662162162162162,0.933573776479182,0.6013513513513513,0.3616234477720964,0.8040540540540541,0.6465029218407596,0.918918918918919,0.8444119795471148,0.8783783783783784,0.7715485756026297,0.5202702702702703,0.2706811541271001,0.7702702702702703,0.5933162892622352,0.1418918918918918,0.0201333089846603
Chinese,USOIL,1988,0,0.6283783783783784,0.3948593864134405,0.972972972972973,0.9466764061358656,0.1216216216216216,0.0147918188458729,0.9391891891891893,0.8820763330898466,0.9391891891891893,0.8820763330898466,0.7297297297297297,0.5325054784514244,0.4459459459459459,0.1988677867056245,0.831081081081081,0.6906957633308983,0.0675675675675675,0.0045653761869978
Chinese,USOIL,1989,0,0.9932432432432432,0.9865321402483564,0.8243243243243243,0.6795105916727538,0.8851351351351351,0.7834642074506939,0.972972972972973,0.9466764061358656,0.8108108108108109,0.6574141709276845,0.5945945945945946,0.3535427319211103,0.6756756756756757,0.4565376186997808,0.945945945945946,0.8948137326515705,0.722972972972973,0.5226899196493792
Chinese,USOIL,1990,0,0.9797297297297296,0.9598703433162892,0.8445945945945946,0.7133400292184077,0.8986486486486487,0.8075693937180425,0.8378378378378378,0.701972242512783,0.5945945945945946,0.3535427319211103,0.5,0.25,0.8716216216216216,0.7597242512783053,0.9324324324324323,0.8694302410518627,0.918918918918919,0.8444119795471148
Chinese,USOIL,1991,0,0.945945945945946,0.8948137326515705,0.7837837837837838,0.6143170197224251,0.8243243243243243,0.6795105916727538,0.9527027027027029,0.9076424397370344,0.7027027027027027,0.493791088385683,0.5202702702702703,0.2706811541271001,0.8648648648648649,0.7479912344777211,0.8378378378378378,0.701972242512783,0.9256756756756755,0.8568754565376187
Chinese,USOIL,1992,0,0.918918918918919,0.8444119795471148,0.6959459459459459,0.4843407596785975,0.5472972972972973,0.2995343316289262,0.8243243243243243,0.6795105916727538,0.3783783783783784,0.1431701972242512,0.4324324324324324,0.1869978086194302,0.831081081081081,0.6906957633308983,0.918918918918919,0.8444119795471148,0.8581081081081081,0.7363495252008766
Chinese,USOIL,1993,0,0.9864864864864864,0.973155588020453,0.6013513513513513,0.3616234477720964,0.3243243243243243,0.1051862673484295,0.8108108108108109,0.6574141709276845,0.5,0.25,0.4189189189189189,0.1754930606281957,0.777027027027027,0.6037710007304601,0.8851351351351351,0.7834642074506939,0.8648648648648649,0.7479912344777211
Chinese,USOIL,1994,0,0.9391891891891893,0.8820763330898466,0.5202702702702703,0.2706811541271001,0.527027027027027,0.2777574872169466,0.9594594594594594,0.920562454346238,0.4594594594594595,0.2111029948867787,0.4121621621621621,0.1698776479181884,0.8175675675675675,0.6684167275383491,0.8581081081081081,0.7363495252008766,0.9121621621621622,0.8320398100803507
Chinese,USOIL,1995,0,0.5540540540540541,0.3069758948137326,0.75,0.5625,0.6756756756756757,0.4565376186997808,0.8581081081081081,0.7363495252008766,0.4864864864864865,0.2366691015339664,0.3175675675675675,0.1008491599707815,0.4864864864864865,0.2366691015339664,0.6554054054054054,0.4295562454346238,0.5202702702702703,0.2706811541271001
Chinese,USOIL,1996,0,0.3851351351351351,0.1483290723155588,0.8918918918918919,0.7954711468224982,0.054054054054054,0.0029218407596785,0.3986486486486486,0.1589207450693937,0.4256756756756756,0.181199780861943,0.304054054054054,0.0924488677867056,0.277027027027027,0.0767439737034331,0.5472972972972973,0.2995343316289262,0.304054054054054,0.0924488677867056
Chinese,USOIL,1997,0,0.4797297297297297,0.2301406135865595,0.7027027027027027,0.493791088385683,0.1081081081081081,0.0116873630387143,0.5608108108108109,0.3145087655222791,0.5337837837837838,0.2849251278305332,0.2972972972972973,0.0883856829802775,0.4324324324324324,0.1869978086194302,0.5878378378378378,0.3455533235938641,0.4459459459459459,0.1988677867056245
Chinese,USOIL,1998,0,0.4594594594594595,0.2111029948867787,0.7567567567567568,0.5726807888970051,0.0405405405405405,0.0016435354273192,0.5743243243243243,0.3298484295105917,0.6148648648648649,0.3780588020452886,0.4932432432432432,0.2432888970051132,0.3108108108108108,0.0966033601168736,0.75,0.5625,0.1959459459459459,0.0383948137326515
Chinese,USOIL,1999,0,0.6351351351351351,0.4033966398831263,0.8851351351351351,0.7834642074506939,0.4864864864864865,0.2366691015339664,0.3378378378378378,0.1141344046749452,0.8581081081081081,0.7363495252008766,0.8918918918918919,0.7954711468224982,0.4932432432432432,0.2432888970051132,0.7364864864864865,0.5424123447772097,0.081081081081081,0.0065741417092768
Chinese,USOIL,2000,0,0.7635135135135135,0.5829528853177501,0.7702702702702703,0.5933162892622352,0.6486486486486487,0.4207450693937181,0.6621621621621622,0.4384587289992696,0.7837837837837838,0.6143170197224251,0.7364864864864865,0.5424123447772097,0.3783783783783784,0.1431701972242512,0.8918918918918919,0.7954711468224982,0.1013513513513513,0.010272096420745
Chinese,USOIL,2001,0,0.8716216216216216,0.7597242512783053,0.831081081081081,0.6906957633308983,0.9121621621621622,0.8320398100803507,0.6013513513513513,0.3616234477720964,0.8175675675675675,0.6684167275383491,0.7972972972972973,0.6356829802775749,0.3445945945945945,0.1187454346238129,0.9864864864864864,0.973155588020453,0.1148648648648648,0.0131939371804236
Chinese,USOIL,2002,0,0.8378378378378378,0.701972242512783,0.7635135135135135,0.5829528853177501,0.9527027027027029,0.9076424397370344,0.7432432432432432,0.5524105186267347,0.9256756756756755,0.8568754565376187,0.722972972972973,0.5226899196493792,0.3310810810810811,0.1096146822498174,0.972972972972973,0.9466764061358656,0.1283783783783783,0.016481008035062
Chinese,USOIL,2003,0,0.972972972972973,0.9466764061358656,0.7972972972972973,0.6356829802775749,0.5135135135135135,0.2636961285609934,0.7972972972972973,0.6356829802775749,0.831081081081081,0.6906957633308983,0.7567567567567568,0.5726807888970051,0.2837837837837837,0.0805332359386413,0.9527027027027029,0.9076424397370344,0.1216216216216216,0.0147918188458729
Chinese,USOIL,2004,0,0.9527027027027029,0.9076424397370344,0.7297297297297297,0.5325054784514244,0.4324324324324324,0.1869978086194302,0.9662162162162162,0.933573776479182,0.8851351351351351,0.7834642074506939,0.7905405405405406,0.6249543462381301,0.2162162162162162,0.0467494521548575,0.8986486486486487,0.8075693937180425,0.1081081081081081,0.0116873630387143
Chinese,USOIL,2005,0,0.9594594594594594,0.920562454346238,0.6418918918918919,0.4120252008765522,0.668918918918919,0.4474525200876553,0.9932432432432432,0.9865321402483564,0.8986486486486487,0.8075693937180425,0.8513513513513513,0.7247991234477721,0.3986486486486486,0.1589207450693937,0.9594594594594594,0.920562454346238,0.1554054054054054,0.0241508400292184
Chinese,USOIL,2006,0,0.9324324324324323,0.8694302410518627,0.6351351351351351,0.4033966398831263,0.918918918918919,0.8444119795471148,0.8513513513513513,0.7247991234477721,0.945945945945946,0.8948137326515705,0.9054054054054054,0.8197589481373264,0.5135135135135135,0.2636961285609934,0.9797297297297296,0.9598703433162892,0.2229729729729729,0.0497169466764061
Chinese,USOIL,2007,0,0.8445945945945946,0.7133400292184077,0.6148648648648649,0.3780588020452886,0.7567567567567568,0.5726807888970051,0.831081081081081,0.6906957633308983,0.9121621621621622,0.8320398100803507,0.8445945945945946,0.7133400292184077,0.527027027027027,0.2777574872169466,0.9932432432432432,0.9865321402483564,0.2297297297297297,0.0527757487216946
Chinese,USOIL,2008,0,0.7837837837837838,0.6143170197224251,0.5135135135135135,0.2636961285609934,0.1891891891891892,0.0357925493060628,0.6824324324324325,0.4657140248356465,0.722972972972973,0.5226899196493792,0.831081081081081,0.6906957633308983,0.7297297297297297,0.5325054784514244,0.9662162162162162,0.933573776479182,0.2635135135135135,0.0694393718042366
Chinese,USOIL,2009,0,0.9121621621621622,0.8320398100803507,0.4527027027027027,0.2049397370343316,0.2567567567567567,0.0659240321402483,0.9054054054054054,0.8197589481373264,0.6959459459459459,0.4843407596785975,0.8040540540540541,0.6465029218407596,0.8445945945945946,0.7133400292184077,0.8445945945945946,0.7133400292184077,0.3243243243243243,0.1051862673484295
Chinese,GOLD,1862,0,0.6891891891891891,0.4749817384952519,0.5472972972972973,0.2995343316289262,0.1959459459459459,0.0383948137326515,0.7702702702702703,0.5933162892622352,0.8040540540540541,0.6465029218407596,0.75,0.5625,0.9054054054054054,0.8197589481373264,0.7567567567567568,0.5726807888970051,0.4121621621621621,0.1698776479181884
Chinese,GOLD,1863,0,0.5743243243243243,0.3298484295105917,0.8851351351351351,0.7834642074506939,0.7972972972972973,0.6356829802775749,0.8986486486486487,0.8075693937180425,0.9324324324324323,0.8694302410518627,0.9054054054054054,0.8197589481373264,0.9391891891891893,0.8820763330898466,0.7297297297297297,0.5325054784514244,0.4527027027027027,0.2049397370343316
Chinese,GOLD,1864,0,0.6554054054054054,0.4295562454346238,0.945945945945946,0.8948137326515705,0.8513513513513513,0.7247991234477721,0.7567567567567568,0.5726807888970051,0.8918918918918919,0.7954711468224982,0.9797297297297296,0.9598703433162892,0.9527027027027029,0.9076424397370344,0.7905405405405406,0.6249543462381301,0.4324324324324324,0.1869978086194302
Chinese,GOLD,1865,0,0.722972972972973,0.5226899196493792,0.9594594594594594,0.920562454346238,0.4391891891891892,0.1928871439006574,0.6013513513513513,0.3616234477720964,0.8175675675675675,0.6684167275383491,0.9932432432432432,0.9865321402483564,0.945945945945946,0.8948137326515705,0.7837837837837838,0.6143170197224251,0.4189189189189189,0.1754930606281957
Chinese,GOLD,1866,0,0.7702702702702703,0.5933162892622352,0.918918918918919,0.8444119795471148,0.6081081081081081,0.3697954711468225,0.7094594594594594,0.5033327246165084,0.722972972972973,0.5226899196493792,0.9864864864864864,0.973155588020453,0.8986486486486487,0.8075693937180425,0.8716216216216216,0.7597242512783053,0.4729729729729729,0.2237034331628926
Chinese,GOLD,1867,0,0.5472972972972973,0.2995343316289262,0.7567567567567568,0.5726807888970051,0.5675675675675675,0.3221329437545653,0.8513513513513513,0.7247991234477721,0.75,0.5625,0.945945945945946,0.8948137326515705,0.8581081081081081,0.7363495252008766,0.8378378378378378,0.701972242512783,0.5067567567567568,0.2568024105186268
Chinese,GOLD,1868,0,0.6486486486486487,0.4207450693937181,0.4256756756756756,0.181199780861943,0.4662162162162162,0.2173575602629656,0.6959459459459459,0.4843407596785975,0.8648648648648649,0.7479912344777211,0.9256756756756755,0.8568754565376187,0.831081081081081,0.6906957633308983,0.6418918918918919,0.4120252008765522,0.4932432432432432,0.2432888970051132
Chinese,GOLD,1869,0,0.6418918918918919,0.4120252008765522,0.5135135135135135,0.2636961285609934,0.9662162162162162,0.933573776479182,0.9391891891891893,0.8820763330898466,0.527027027027027,0.2777574872169466,0.8716216216216216,0.7597242512783053,0.8445945945945946,0.7133400292184077,0.777027027027027,0.6037710007304601,0.4391891891891892,0.1928871439006574
Chinese,GOLD,1870,0,0.7567567567567568,0.5726807888970051,0.4864864864864865,0.2366691015339664,0.1283783783783783,0.016481008035062,0.7027027027027027,0.493791088385683,0.581081081081081,0.3376552227903578,0.8175675675675675,0.6684167275383491,0.7972972972972973,0.6356829802775749,0.8243243243243243,0.6795105916727538,0.4662162162162162,0.2173575602629656
Chinese,GOLD,1871,0,0.6756756756756757,0.4565376186997808,0.4729729729729729,0.2237034331628926,0.722972972972973,0.5226899196493792,0.8445945945945946,0.7133400292184077,0.6824324324324325,0.4657140248356465,0.7837837837837838,0.6143170197224251,0.8378378378378378,0.701972242512783,0.945945945945946,0.8948137326515705,0.4797297297297297,0.2301406135865595
Chinese,GOLD,1872,0,0.7905405405405406,0.6249543462381301,0.5202702702702703,0.2706811541271001,0.1621621621621621,0.0262965668371073,0.7905405405405406,0.6249543462381301,0.7972972972972973,0.6356829802775749,0.722972972972973,0.5226899196493792,0.8918918918918919,0.7954711468224982,0.8445945945945946,0.7133400292184077,0.4054054054054054,0.1643535427319211
Chinese,GOLD,1873,0,0.8648648648648649,0.7479912344777211,0.5878378378378378,0.3455533235938641,0.8378378378378378,0.701972242512783,0.8783783783783784,0.7715485756026297,0.7702702702702703,0.5933162892622352,0.7162162162162162,0.5129656683710738,0.918918918918919,0.8444119795471148,0.9932432432432432,0.9865321402483564,0.3581081081081081,0.1282414170927684
Chinese,GOLD,1874,0,0.8243243243243243,0.6795105916727538,0.6959459459459459,0.4843407596785975,0.6148648648648649,0.3780588020452886,0.9527027027027029,0.9076424397370344,0.9054054054054054,0.8197589481373264,0.7972972972972973,0.6356829802775749,0.9256756756756755,0.8568754565376187,0.8851351351351351,0.7834642074506939,0.25,0.0625
Chinese,GOLD,1875,0,0.6824324324324325,0.4657140248356465,0.7972972972972973,0.6356829802775749,0.2027027027027027,0.0410883856829802,0.8581081081081081,0.7363495252008766,0.8986486486486487,0.8075693937180425,0.6959459459459459,0.4843407596785975,0.9324324324324323,0.8694302410518627,0.8581081081081081,0.7363495252008766,0.2972972972972973,0.0883856829802775
Chinese,GOLD,1876,1,0.6621621621621622,0.1141344046749452,0.6756756756756757,0.1051862673484295,0.3918918918918919,0.3697954711468225,0.6891891891891891,0.0966033601168736,0.9662162162162162,0.0011413440467494,0.7905405405405406,0.0438732651570489,0.9662162162162162,0.0011413440467494,0.6554054054054054,0.118745434623813,0.2905405405405405,0.5033327246165084
Chinese,GOLD,1877,1,0.8445945945945946,0.0241508400292184,0.5945945945945946,0.164353542731921,0.2364864864864864,0.5829528853177501,0.8851351351351351,0.0131939371804236,0.9594594594594594,0.0016435354273192,0.8243243243243243,0.0308619430241051,0.9594594594594594,0.0016435354273192,0.722972972972973,0.0767439737034331,0.3310810810810811,0.4474525200876551
Chinese,GOLD,1878,1,0.8040540540540541,0.0383948137326515,0.668918918918919,0.1096146822498173,0.3986486486486486,0.3616234477720964,0.6486486486486487,0.1234477720964207,0.9864864864864864,0.0001826150474799,0.8581081081081081,0.0201333089846603,0.9797297297297296,0.0004108838568298,0.9594594594594594,0.0016435354273192,0.3243243243243243,0.4565376186997808
Chinese,GOLD,1879,1,0.8513513513513513,0.0220964207450694,0.9054054054054054,0.0089481373265157,0.6283783783783784,0.1381026296566836,0.9054054054054054,0.0089481373265157,0.9797297297297296,0.0004108838568298,0.8851351351351351,0.0131939371804236,0.9932432432432432,4.5653761869978656e-05,0.9121621621621622,0.0077154857560262,0.277027027027027,0.5226899196493792
Chinese,GOLD,1880,1,0.8716216216216216,0.016481008035062,0.9864864864864864,0.0001826150474799,0.2702702702702703,0.5325054784514244,0.8378378378378378,0.0262965668371073,0.9527027027027029,0.0022370343316289,0.8783783783783784,0.0147918188458728,0.9864864864864864,0.0001826150474799,0.8783783783783784,0.0147918188458728,0.2702702702702703,0.5325054784514244
Chinese,GOLD,1881,1,0.8581081081081081,0.0201333089846603,0.9932432432432432,4.5653761869978656e-05,0.6756756756756757,0.1051862673484295,0.6554054054054054,0.118745434623813,0.918918918918919,0.0065741417092768,0.8918918918918919,0.0116873630387143,0.972972972972973,0.0007304601899196,0.972972972972973,0.0007304601899196,0.2567567567567567,0.5524105186267347
Chinese,GOLD,1882,1,0.7162162162162162,0.0805332359386413,0.4391891891891892,0.3145087655222789,0.027027027027027,0.9466764061358656,0.5,0.25,0.8378378378378378,0.0262965668371073,0.8513513513513513,0.0220964207450694,0.6013513513513513,0.1589207450693937,0.6959459459459459,0.0924488677867056,0.5608108108108109,0.1928871439006573
Chinese,GOLD,1883,1,0.6081081081081081,0.1535792549306062,0.081081081081081,0.8444119795471146,0.6621621621621622,0.1141344046749452,0.668918918918919,0.1096146822498173,0.668918918918919,0.1096146822498173,0.7702702702702703,0.0527757487216946,0.527027027027027,0.2237034331628926,0.4391891891891892,0.3145087655222789,0.6756756756756757,0.1051862673484295
Chinese,GOLD,1884,1,0.5135135135135135,0.2366691015339664,0.0202702702702702,0.9598703433162892,0.3851351351351351,0.3780588020452886,0.831081081081081,0.0285336011687363,0.2837837837837837,0.5129656683710738,0.7094594594594594,0.0844138056975895,0.4864864864864865,0.2636961285609934,0.3378378378378378,0.4384587289992696,0.7837837837837838,0.0467494521548575
Chinese,GOLD,1885,1,0.3716216216216216,0.3948593864134405,0.0675675675675675,0.8694302410518627,0.4256756756756756,0.3298484295105917,0.3175675675675675,0.4657140248356465,0.1621621621621621,0.701972242512783,0.6486486486486487,0.1234477720964207,0.5135135135135135,0.2366691015339664,0.3783783783783784,0.3864134404674945,0.722972972972973,0.0767439737034331
Chinese,GOLD,1886,1,0.5337837837837838,0.2173575602629656,0.054054054054054,0.8948137326515705,0.8040540540540541,0.0383948137326515,0.1689189189189189,0.6906957633308985,0.0945945945945946,0.8197589481373264,0.527027027027027,0.2237034331628926,0.5,0.25,0.4121621621621621,0.3455533235938641,0.7027027027027027,0.0883856829802775
Chinese,GOLD,1887,1,0.6013513513513513,0.1589207450693937,0.0608108108108108,0.8820763330898466,0.6554054054054054,0.118745434623813,0.3783783783783784,0.3864134404674945,0.1418918918918918,0.7363495252008766,0.3445945945945945,0.4295562454346239,0.4932432432432432,0.2568024105186268,0.5202702702702703,0.2301406135865595,0.668918918918919,0.1096146822498173
Chinese,GOLD,1888,1,0.4189189189189189,0.337655222790358,0.0472972972972973,0.9076424397370344,0.4189189189189189,0.337655222790358,0.1283783783783783,0.7597242512783053,0.0337837837837837,0.933573776479182,0.1689189189189189,0.6906957633308985,0.3986486486486486,0.3616234477720964,0.4797297297297297,0.2706811541271001,0.6621621621621622,0.1141344046749452
Chinese,GOLD,1889,1,0.3648648648648648,0.4033966398831263,0.0135135135135135,0.973155588020453,0.668918918918919,0.1096146822498173,0.3918918918918919,0.3697954711468225,0.0135135135135135,0.973155588020453,0.081081081081081,0.8444119795471146,0.304054054054054,0.4843407596785975,0.3918918918918919,0.3697954711468225,0.6554054054054054,0.118745434623813
Chinese,GOLD,1890,1,0.1351351351351351,0.7479912344777211,0.0067567567567567,0.9865321402483564,0.2905405405405405,0.5033327246165084,0.054054054054054,0.8948137326515705,0.027027027027027,0.9466764061358656,0.0878378378378378,0.8320398100803507,0.2567567567567567,0.5524105186267347,0.3581081081081081,0.4120252008765522,0.6351351351351351,0.1331263696128561
Chinese,GOLD,1891,1,0.2972972972972973,0.4937910883856828,0.027027027027027,0.9466764061358656,0.1418918918918918,0.7363495252008766,0.2027027027027027,0.6356829802775749,0.0067567567567567,0.9865321402483564,0.0067567567567567,0.9865321402483564,0.2229729729729729,0.6037710007304601,0.3851351351351351,0.3780588020452886,0.5675675675675675,0.1869978086194302
Chinese,GOLD,1892,1,0.2297297297297297,0.5933162892622352,0.0743243243243243,0.8568754565376187,0.081081081081081,0.8444119795471146,0.1216216216216216,0.7715485756026297,0.0472972972972973,0.9076424397370344,0.0202702702702702,0.9598703433162892,0.2162162162162162,0.6143170197224251,0.4324324324324324,0.3221329437545653,0.5337837837837838,0.2173575602629656
Chinese,GOLD,1893,1,0.1283783783783783,0.7597242512783053,0.1689189189189189,0.6906957633308985,0.5,0.25,0.2972972972972973,0.4937910883856828,0.0405405405405405,0.920562454346238,0.0135135135135135,0.973155588020453,0.2702702702702703,0.5325054784514244,0.2297297297297297,0.5933162892622352,0.527027027027027,0.2237034331628926
Chinese,GOLD,1894,1,0.1824324324324324,0.6684167275383491,0.1013513513513513,0.8075693937180425,0.0743243243243243,0.8568754565376187,0.3378378378378378,0.4384587289992696,0.1081081081081081,0.7954711468224982,0.0337837837837837,0.933573776479182,0.25,0.5625,0.1824324324324324,0.6684167275383491,0.6013513513513513,0.1589207450693937
Chinese,GOLD,1895,1,0.3175675675675675,0.4657140248356465,0.1756756756756756,0.6795105916727538,0.5135135135135135,0.2366691015339664,0.1013513513513513,0.8075693937180425,0.5067567567567568,0.2432888970051132,0.3851351351351351,0.3780588020452886,0.3648648648648648,0.4033966398831263,0.2837837837837837,0.5129656683710738,0.6216216216216216,0.1431701972242512
Chinese,GOLD,1896,1,0.3918918918918919,0.3697954711468225,0.277027027027027,0.5226899196493792,0.6418918918918919,0.1282414170927684,0.4594594594594595,0.2921840759678598,0.1351351351351351,0.7479912344777211,0.2905405405405405,0.5033327246165084,0.3108108108108108,0.4749817384952521,0.277027027027027,0.5226899196493792,0.6418918918918919,0.1282414170927684
Chinese,GOLD,1897,1,0.4121621621621621,0.3455533235938641,0.5,0.25,0.9864864864864864,0.0001826150474799,0.5675675675675675,0.1869978086194302,0.1756756756756756,0.6795105916727538,0.4189189189189189,0.337655222790358,0.2905405405405405,0.5033327246165084,0.4256756756756756,0.3298484295105917,0.6081081081081081,0.1535792549306062
Chinese,GOLD,1898,1,0.4256756756756756,0.3298484295105917,0.6148648648648649,0.1483290723155587,0.9054054054054054,0.0089481373265157,0.3648648648648648,0.4033966398831263,0.5405405405405406,0.2111029948867786,0.5337837837837838,0.2173575602629656,0.2094594594594594,0.6249543462381301,0.3310810810810811,0.4474525200876551,0.4594594594594595,0.2921840759678598
Chinese,GOLD,1899,1,0.3986486486486486,0.3616234477720964,0.7027027027027027,0.0883856829802775,0.2229729729729729,0.6037710007304601,0.277027027027027,0.5226899196493792,0.6283783783783784,0.1381026296566836,0.6554054054054054,0.118745434623813,0.1756756756756756,0.6795105916727538,0.1756756756756756,0.6795105916727538,0.3108108108108108,0.4749817384952521
Chinese,GOLD,1900,1,0.3243243243243243,0.4565376186997808,0.8175675675675675,0.033281592403214,0.1081081081081081,0.7954711468224982,0.5337837837837838,0.2173575602629656,0.5675675675675675,0.1869978086194302,0.6148648648648649,0.1483290723155587,0.1554054054054054,0.7133400292184077,0.3513513513513513,0.4207450693937181,0.2635135135135135,0.5424123447772097
Chinese,GOLD,1901,1,0.3581081081081081,0.4120252008765522,0.9121621621621622,0.0077154857560262,0.0202702702702702,0.9598703433162892,0.4054054054054054,0.3535427319211102,0.8243243243243243,0.0308619430241051,0.7297297297297297,0.0730460189919649,0.1148648648648648,0.7834642074506939,0.3175675675675675,0.4657140248356465,0.1621621621621621,0.701972242512783
Chinese,GOLD,1902,1,0.3513513513513513,0.4207450693937181,0.972972972972973,0.0007304601899196,0.0405405405405405,0.920562454346238,0.4459459459459459,0.3069758948137326,0.7094594594594594,0.0844138056975895,0.8108108108108109,0.0357925493060628,0.0675675675675675,0.8694302410518627,0.2635135135135135,0.5424123447772097,0.1013513513513513,0.8075693937180425
Chinese,GOLD,1903,1,0.9932432432432432,4.5653761869978656e-05,0.8716216216216216,0.016481008035062,0.5878378378378378,0.1698776479181884,0.8918918918918919,0.0116873630387143,0.4391891891891892,0.3145087655222789,0.7635135135135135,0.0559258582907231,0.5878378378378378,0.1698776479181884,0.6824324324324325,0.1008491599707815,0.8378378378378378,0.0262965668371073
Chinese,GOLD,1904,1,0.9864864864864864,0.0001826150474799,0.8648648648648649,0.0182615047479912,0.6486486486486487,0.1234477720964207,0.7162162162162162,0.0805332359386413,0.4459459459459459,0.3069758948137326,0.7364864864864865,0.0694393718042366,0.6554054054054054,0.118745434623813,0.6081081081081081,0.1535792549306062,0.918918918918919,0.0065741417092768
Chinese,GOLD,1905,1,0.9797297297297296,0.0004108838568298,0.6283783783783784,0.1381026296566836,0.2567567567567567,0.5524105186267347,0.972972972972973,0.0007304601899196,0.4729729729729729,0.2777574872169466,0.6891891891891891,0.0966033601168736,0.722972972972973,0.0767439737034331,0.6891891891891891,0.0966033601168736,0.945945945945946,0.0029218407596785
Chinese,GOLD,1906,1,0.9527027027027029,0.0022370343316289,0.4459459459459459,0.3069758948137326,0.3513513513513513,0.4207450693937181,0.5067567567567568,0.2432888970051132,0.5540540540540541,0.1988677867056245,0.6621621621621622,0.1141344046749452,0.7297297297297297,0.0730460189919649,0.6148648648648649,0.1483290723155587,0.9391891891891893,0.0036979547114682
Chinese,GOLD,1907,1,0.8986486486486487,0.010272096420745,0.3108108108108108,0.4749817384952521,0.3243243243243243,0.4565376186997808,0.8716216216216216,0.016481008035062,0.5337837837837838,0.2173575602629656,0.5472972972972973,0.2049397370343316,0.6959459459459459,0.0924488677867056,0.6486486486486487,0.1234477720964207,0.8986486486486487,0.010272096420745
Chinese,GOLD,1908,1,0.7432432432432432,0.0659240321402483,0.2905405405405405,0.5033327246165084,0.9594594594594594,0.0016435354273192,0.2702702702702703,0.5325054784514244,0.2972972972972973,0.4937910883856828,0.3716216216216216,0.3948593864134405,0.668918918918919,0.1096146822498173,0.7162162162162162,0.0805332359386413,0.8918918918918919,0.0116873630387143
Chinese,GOLD,1909,1,0.75,0.0625,0.2567567567567567,0.5524105186267347,0.9932432432432432,4.5653761869978656e-05,0.9256756756756755,0.0055241051862673,0.1283783783783783,0.7597242512783053,0.3175675675675675,0.4657140248356465,0.7027027027027027,0.0883856829802775,0.9054054054054054,0.0089481373265157,0.9121621621621622,0.0077154857560262
Chinese,GOLD,1910,1,0.7837837837837838,0.0467494521548575,0.2297297297297297,0.5933162892622352,0.7094594594594594,0.0844138056975895,0.8108108108108109,0.0357925493060628,0.2432432432432432,0.5726807888970051,0.277027027027027,0.5226899196493792,0.6891891891891891,0.0966033601168736,0.9391891891891893,0.0036979547114682,0.9256756756756755,0.0055241051862673
Chinese,GOLD,1911,1,0.831081081081081,0.0285336011687363,0.2972972972972973,0.4937910883856828,0.5337837837837838,0.2173575602629656,0.9864864864864864,0.0001826150474799,0.5135135135135135,0.2366691015339664,0.2972972972972973,0.4937910883856828,0.6486486486486487,0.1234477720964207,0.8918918918918919,0.0116873630387143,0.8513513513513513,0.0220964207450694
Chinese,GOLD,1912,1,0.777027027027027,0.0497169466764061,0.4662162162162162,0.2849251278305332,0.5472972972972973,0.2049397370343316,0.6148648648648649,0.1483290723155587,0.1554054054054054,0.7133400292184077,0.3648648648648648,0.4033966398831263,0.8040540540540541,0.0383948137326515,0.7635135135135135,0.0559258582907231,0.9932432432432432,4.5653761869978656e-05
Chinese,GOLD,1913,1,0.7027027027027027,0.0883856829802775,0.6081081081081081,0.1535792549306062,0.0608108108108108,0.8820763330898466,0.8648648648648649,0.0182615047479912,0.3716216216216216,0.3948593864134405,0.5405405405405406,0.2111029948867786,0.8175675675675675,0.033281592403214,0.75,0.0625,0.9864864864864864,0.0001826150474799
Chinese,GOLD,1914,1,0.4391891891891892,0.3145087655222789,0.7094594594594594,0.0844138056975895,0.8175675675675675,0.033281592403214,0.6756756756756757,0.1051862673484295,0.1689189189189189,0.6906957633308985,0.8040540540540541,0.0383948137326515,0.6418918918918919,0.1282414170927684,0.668918918918919,0.1096146822498173,0.9054054054054054,0.0089481373265157
Chinese,GOLD,1915,1,0.4729729729729729,0.2777574872169466,0.7297297297297297,0.0730460189919649,0.8918918918918919,0.0116873630387143,0.3513513513513513,0.4207450693937181,0.6756756756756757,0.1051862673484295,0.8378378378378378,0.0262965668371073,0.4391891891891892,0.3145087655222789,0.6013513513513513,0.1589207450693937,0.6148648648648649,0.1483290723155587
Chinese,GOLD,1916,1,0.3445945945945945,0.4295562454346239,0.6418918918918919,0.1282414170927684,0.3378378378378378,0.4384587289992696,0.4189189189189189,0.337655222790358,0.3783783783783784,0.3864134404674945,0.7567567567567568,0.0591672753834915,0.3243243243243243,0.4565376186997808,0.5878378378378378,0.1698776479181884,0.304054054054054,0.4843407596785975
Chinese,GOLD,1917,1,0.2229729729729729,0.6037710007304601,0.5608108108108109,0.1928871439006573,0.3648648648648648,0.4033966398831263,0.3851351351351351,0.3780588020452886,0.3851351351351351,0.3780588020452886,0.5945945945945946,0.164353542731921,0.2635135135135135,0.5424123447772097,0.4054054054054054,0.3535427319211102,0.1891891891891892,0.6574141709276843
Chinese,GOLD,1918,1,0.25,0.5625,0.4054054054054054,0.3535427319211102,0.0337837837837837,0.933573776479182,0.6418918918918919,0.1282414170927684,0.6891891891891891,0.0966033601168736,0.5608108108108109,0.1928871439006573,0.2027027027027027,0.6356829802775749,0.4189189189189189,0.337655222790358,0.1351351351351351,0.7479912344777211
Chinese,GOLD,1919,1,0.2162162162162162,0.6143170197224251,0.3445945945945945,0.4295562454346239,0.3310810810810811,0.4474525200876551,0.1824324324324324,0.6684167275383491,0.2635135135135135,0.5424123447772097,0.3918918918918919,0.3697954711468225,0.1959459459459459,0.6465029218407596,0.3648648648648648,0.4033966398831263,0.1418918918918918,0.7363495252008766
Chinese,GOLD,1920,1,0.1621621621621621,0.701972242512783,0.3175675675675675,0.4657140248356465,0.1756756756756756,0.6795105916727538,0.3108108108108108,0.4749817384952521,0.081081081081081,0.8444119795471146,0.5135135135135135,0.2366691015339664,0.2972972972972973,0.4937910883856828,0.2094594594594594,0.6249543462381301,0.2094594594594594,0.6249543462381301
Chinese,GOLD,1921,1,0.1148648648648648,0.7834642074506939,0.2432432432432432,0.5726807888970051,0.0878378378378378,0.8320398100803507,0.1621621621621621,0.701972242512783,0.1148648648648648,0.7834642074506939,0.4729729729729729,0.2777574872169466,0.3445945945945945,0.4295562454346239,0.304054054054054,0.4843407596785975,0.2432432432432432,0.5726807888970051
Chinese,GOLD,1922,1,0.0337837837837837,0.933573776479182,0.2027027027027027,0.6356829802775749,0.1216216216216216,0.7715485756026297,0.3581081081081081,0.4120252008765522,0.0675675675675675,0.8694302410518627,0.4121621621621621,0.3455533235938641,0.3716216216216216,0.3948593864134405,0.3243243243243243,0.4565376186997808,0.3445945945945945,0.4295562454346239
Chinese,GOLD,1923,1,0.0202702702702702,0.9598703433162892,0.1351351351351351,0.7479912344777211,0.277027027027027,0.5226899196493792,0.0405405405405405,0.920562454346238,0.0608108108108108,0.8820763330898466,0.3243243243243243,0.4565376186997808,0.4121621621621621,0.3455533235938641,0.0472972972972973,0.9076424397370344,0.4459459459459459,0.3069758948137326
Chinese,GOLD,1924,1,0.4797297297297297,0.2706811541271001,0.1824324324324324,0.6684167275383491,0.6216216216216216,0.1431701972242512,0.5608108108108109,0.1928871439006573,0.5202702702702703,0.2301406135865595,0.5878378378378378,0.1698776479181884,0.4797297297297297,0.2706811541271001,0.4932432432432432,0.2568024105186268,0.4864864864864865,0.2636961285609934
Chinese,GOLD,1925,1,0.4459459459459459,0.3069758948137326,0.1554054054054054,0.7133400292184077,0.4729729729729729,0.2777574872169466,0.4729729729729729,0.2777574872169466,0.4864864864864865,0.2636961285609934,0.4527027027027027,0.2995343316289263,0.4324324324324324,0.3221329437545653,0.5675675675675675,0.1869978086194302,0.5472972972972973,0.2049397370343316
Chinese,GOLD,1926,1,0.4527027027027027,0.2995343316289263,0.1148648648648648,0.7834642074506939,0.7364864864864865,0.0694393718042366,0.304054054054054,0.4843407596785975,0.3108108108108108,0.4749817384952521,0.6081081081081081,0.1535792549306062,0.3851351351351351,0.3780588020452886,0.5743243243243243,0.181199780861943,0.5878378378378378,0.1698776479181884
Chinese,GOLD,1927,1,0.2432432432432432,0.5726807888970051,0.1283783783783783,0.7597242512783053,0.581081081081081,0.1754930606281958,0.3445945945945945,0.4295562454346239,0.3310810810810811,0.4474525200876551,0.5,0.25,0.4459459459459459,0.3069758948137326,0.4662162162162162,0.2849251278305332,0.7567567567567568,0.0591672753834915
Chinese,GOLD,1928,1,0.2094594594594594,0.6249543462381301,0.4121621621621621,0.3455533235938641,0.4594594594594595,0.2921840759678598,0.2297297297297297,0.5933162892622352,0.6148648648648649,0.1483290723155587,0.6418918918918919,0.1282414170927684,0.7432432432432432,0.0659240321402483,0.2702702702702703,0.5325054784514244,0.8648648648648649,0.0182615047479912
Chinese,GOLD,1929,1,0.054054054054054,0.8948137326515705,0.8783783783783784,0.0147918188458728,0.1351351351351351,0.7479912344777211,0.4324324324324324,0.3221329437545653,0.8783783783783784,0.0147918188458728,0.8648648648648649,0.0182615047479912,0.8851351351351351,0.0131939371804236,0.0878378378378378,0.8320398100803507,0.75,0.0625
Chinese,GOLD,1930,1,0.2837837837837837,0.5129656683710738,0.8918918918918919,0.0116873630387143,0.2297297297297297,0.5933162892622352,0.1891891891891892,0.6574141709276843,0.8108108108108109,0.0357925493060628,0.9121621621621622,0.0077154857560262,0.8648648648648649,0.0182615047479912,0.0675675675675675,0.8694302410518627,0.7094594594594594,0.0844138056975895
Chinese,GOLD,1931,1,0.3783783783783784,0.3864134404674945,0.9256756756756755,0.0055241051862673,0.1891891891891892,0.6574141709276843,0.2905405405405405,0.5033327246165084,0.7905405405405406,0.0438732651570489,0.9662162162162162,0.0011413440467494,0.8243243243243243,0.0308619430241051,0.081081081081081,0.8444119795471146,0.6824324324324325,0.1008491599707815
Chinese,GOLD,1932,1,0.3378378378378378,0.4384587289992696,0.8986486486486487,0.010272096420745,0.1013513513513513,0.8075693937180425,0.0202702702702702,0.9598703433162892,0.831081081081081,0.0285336011687363,0.972972972972973,0.0007304601899196,0.7837837837837838,0.0467494521548575,0.1013513513513513,0.8075693937180425,0.6283783783783784,0.1381026296566836
Chinese,GOLD,1933,1,0.2364864864864864,0.5829528853177501,0.7837837837837838,0.0467494521548575,0.4121621621621621,0.3455533235938641,0.2635135135135135,0.5424123447772097,0.7297297297297297,0.0730460189919649,0.9527027027027029,0.0022370343316289,0.777027027027027,0.0497169466764061,0.0945945945945946,0.8197589481373264,0.5743243243243243,0.181199780861943
Chinese,GOLD,1934,1,0.277027027027027,0.5226899196493792,0.4324324324324324,0.3221329437545653,0.2837837837837837,0.5129656683710738,0.1418918918918918,0.7363495252008766,0.7162162162162162,0.0805332359386413,0.9594594594594594,0.0016435354273192,0.8716216216216216,0.016481008035062,0.0337837837837837,0.933573776479182,0.5202702702702703,0.2301406135865595
Chinese,GOLD,1935,1,0.1891891891891892,0.6574141709276843,0.3918918918918919,0.3697954711468225,0.0675675675675675,0.8694302410518627,0.1756756756756756,0.6795105916727538,0.6216216216216216,0.1431701972242512,0.9324324324324323,0.0045653761869978,0.7162162162162162,0.0805332359386413,0.0067567567567567,0.9865321402483564,0.5405405405405406,0.2111029948867786
Chinese,GOLD,1936,1,0.0405405405405405,0.920562454346238,0.3243243243243243,0.4565376186997808,0.2162162162162162,0.6143170197224251,0.1486486486486486,0.7247991234477721,0.4594594594594595,0.2921840759678598,0.9391891891891893,0.0036979547114682,0.7635135135135135,0.0559258582907231,0.0202702702702702,0.9598703433162892,0.5135135135135135,0.2366691015339664
Chinese,GOLD,1937,1,0.027027027027027,0.9466764061358656,0.2635135135135135,0.5424123447772097,0.054054054054054,0.8948137326515705,0.0878378378378378,0.8320398100803507,0.3378378378378378,0.4384587289992696,0.918918918918919,0.0065741417092768,0.7905405405405406,0.0438732651570489,0.027027027027027,0.9466764061358656,0.5,0.25
Chinese,GOLD,1938,1,0.1216216216216216,0.7715485756026297,0.2094594594594594,0.6249543462381301,0.1554054054054054,0.7133400292184077,0.1081081081081081,0.7954711468224982,0.2702702702702703,0.5325054784514244,0.8445945945945946,0.0241508400292184,0.8108108108108109,0.0357925493060628,0.0405405405405405,0.920562454346238,0.4256756756756756,0.3298484295105917
Chinese,GOLD,1939,1,0.0743243243243243,0.8568754565376187,0.1891891891891892,0.6574141709276843,0.3783783783783784,0.3864134404674945,0.0945945945945946,0.8197589481373264,0.2567567567567567,0.5524105186267347,0.831081081081081,0.0285336011687363,0.7702702702702703,0.0527757487216946,0.0135135135135135,0.973155588020453,0.3783783783783784,0.3864134404674945
Chinese,GOLD,1940,1,0.081081081081081,0.8444119795471146,0.1621621621621621,0.701972242512783,0.8716216216216216,0.016481008035062,0.0472972972972973,0.9076424397370344,0.2297297297297297,0.5933162892622352,0.7432432432432432,0.0659240321402483,0.7567567567567568,0.0591672753834915,0.054054054054054,0.8948137326515705,0.3851351351351351,0.3780588020452886
Chinese,GOLD,1941,1,0.0472972972972973,0.9076424397370344,0.1081081081081081,0.7954711468224982,0.9121621621621622,0.0077154857560262,0.0135135135135135,0.973155588020453,0.2094594594594594,0.6249543462381301,0.8986486486486487,0.010272096420745,0.6216216216216216,0.1431701972242512,0.1081081081081081,0.7954711468224982,0.3986486486486486,0.3616234477720964
Chinese,GOLD,1942,1,0.0135135135135135,0.973155588020453,0.1216216216216216,0.7715485756026297,0.945945945945946,0.0029218407596785,0.081081081081081,0.8444119795471146,0.1959459459459459,0.6465029218407596,0.668918918918919,0.1096146822498173,0.5540540540540541,0.1988677867056245,0.1283783783783783,0.7597242512783053,0.3918918918918919,0.3697954711468225
Chinese,GOLD,1943,1,0.0067567567567567,0.9865321402483564,0.1486486486486486,0.7247991234477721,0.918918918918919,0.0065741417092768,0.0067567567567567,0.9865321402483564,0.3175675675675675,0.4657140248356465,0.5675675675675675,0.1869978086194302,0.5472972972972973,0.2049397370343316,0.0743243243243243,0.8568754565376187,0.3648648648648648,0.4033966398831263
Chinese,GOLD,1944,1,0.0608108108108108,0.8820763330898466,0.2229729729729729,0.6037710007304601,0.9256756756756755,0.0055241051862673,0.0608108108108108,0.8820763330898466,0.4324324324324324,0.3221329437545653,0.6351351351351351,0.1331263696128561,0.5405405405405406,0.2111029948867786,0.1486486486486486,0.7247991234477721,0.3175675675675675,0.4657140248356465
Chinese,GOLD,1945,1,0.0675675675675675,0.8694302410518627,0.2702702702702703,0.5325054784514244,0.7027027027027027,0.0883856829802775,0.2837837837837837,0.5129656683710738,0.5608108108108109,0.1928871439006573,0.4594594594594595,0.2921840759678598,0.5202702702702703,0.2301406135865595,0.0608108108108108,0.8820763330898466,0.2297297297297297,0.5933162892622352
Chinese,GOLD,1946,0,0.0878378378378378,0.0077154857560262,0.2837837837837837,0.0805332359386413,0.7297297297297297,0.5325054784514244,0.027027027027027,0.0007304601899196,0.6554054054054054,0.4295562454346238,0.3310810810810811,0.1096146822498174,0.4594594594594595,0.2111029948867787,0.1148648648648648,0.0131939371804236,0.2162162162162162,0.0467494521548575
Chinese,GOLD,1947,0,0.1689189189189189,0.0285336011687363,0.3513513513513513,0.1234477720964207,0.304054054054054,0.0924488677867056,0.2229729729729729,0.0497169466764061,0.7567567567567568,0.5726807888970051,0.2162162162162162,0.0467494521548575,0.3918918918918919,0.1535792549306062,0.1418918918918918,0.0201333089846603,0.1689189189189189,0.0285336011687363
Chinese,GOLD,1948,0,0.1081081081081081,0.0116873630387143,0.5067567567567568,0.2568024105186268,0.5743243243243243,0.3298484295105917,0.1554054054054054,0.0241508400292184,0.7364864864864865,0.5424123447772097,0.1756756756756756,0.0308619430241051,0.3783783783783784,0.1431701972242512,0.1959459459459459,0.0383948137326515,0.1283783783783783,0.016481008035062
Chinese,GOLD,1949,0,0.1756756756756756,0.0308619430241051,0.6891891891891891,0.4749817384952519,0.7432432432432432,0.5524105186267347,0.1959459459459459,0.0383948137326515,0.8513513513513513,0.7247991234477721,0.2702702702702703,0.0730460189919649,0.3513513513513513,0.1234477720964207,0.2364864864864864,0.0559258582907231,0.0945945945945946,0.0089481373265157
Chinese,GOLD,1950,0,0.1013513513513513,0.010272096420745,0.8243243243243243,0.6795105916727538,0.1486486486486486,0.0220964207450693,0.0675675675675675,0.0045653761869978,0.7635135135135135,0.5829528853177501,0.3783783783783784,0.1431701972242512,0.3175675675675675,0.1008491599707815,0.2027027027027027,0.0410883856829802,0.0608108108108108,0.0036979547114682
Chinese,GOLD,1951,0,0.3108108108108108,0.0966033601168736,0.5743243243243243,0.3298484295105917,0.0135135135135135,0.0001826150474799,0.3243243243243243,0.1051862673484295,0.7837837837837838,0.6143170197224251,0.6756756756756757,0.4565376186997808,0.2364864864864864,0.0559258582907231,0.2905405405405405,0.0844138056975894,0.1216216216216216,0.0147918188458729
Chinese,GOLD,1952,0,0.2635135135135135,0.0694393718042366,0.9324324324324323,0.8694302410518627,0.0472972972972973,0.0022370343316289,0.3310810810810811,0.1096146822498174,0.9932432432432432,0.9865321402483564,0.7027027027027027,0.493791088385683,0.2837837837837837,0.0805332359386413,0.3716216216216216,0.1381026296566836,0.1148648648648648,0.0131939371804236
Chinese,GOLD,1953,0,0.2905405405405405,0.0844138056975894,0.9391891891891893,0.8820763330898466,0.0067567567567567,4.5653761869978094e-05,0.777027027027027,0.6037710007304601,0.8851351351351351,0.7834642074506939,0.777027027027027,0.6037710007304601,0.2432432432432432,0.0591672753834916,0.4864864864864865,0.2366691015339664,0.1486486486486486,0.0220964207450693
Chinese,GOLD,1954,0,0.1418918918918918,0.0201333089846603,0.4527027027027027,0.2049397370343316,0.4054054054054054,0.1643535427319211,0.2094594594594594,0.0438732651570489,0.1891891891891892,0.0357925493060628,0.1824324324324324,0.033281592403214,0.1891891891891892,0.0357925493060628,0.25,0.0625,0.7162162162162162,0.5129656683710738
Chinese,GOLD,1955,0,0.2027027027027027,0.0410883856829802,0.7364864864864865,0.5424123447772097,0.1689189189189189,0.0285336011687363,0.3716216216216216,0.1381026296566836,0.4797297297297297,0.2301406135865595,0.4391891891891892,0.1928871439006574,0.4256756756756756,0.181199780861943,0.1554054054054054,0.0241508400292184,0.5540540540540541,0.3069758948137326
Chinese,GOLD,1956,0,0.304054054054054,0.0924488677867056,0.7635135135135135,0.5829528853177501,0.1824324324324324,0.033281592403214,0.2432432432432432,0.0591672753834916,0.4256756756756756,0.181199780861943,0.2837837837837837,0.0805332359386413,0.1351351351351351,0.0182615047479912,0.1689189189189189,0.0285336011687363,0.2364864864864864,0.0559258582907231
Chinese,GOLD,1957,0,0.1554054054054054,0.0241508400292184,0.5540540540540541,0.3069758948137326,0.6891891891891891,0.4749817384952519,0.1148648648648648,0.0131939371804236,0.1013513513513513,0.010272096420745,0.3378378378378378,0.1141344046749452,0.0743243243243243,0.0055241051862673,0.1351351351351351,0.0182615047479912,0.3716216216216216,0.1381026296566836
Chinese,GOLD,1958,0,0.2702702702702703,0.0730460189919649,0.9797297297297296,0.9598703433162892,0.777027027027027,0.6037710007304601,0.0337837837837837,0.0011413440467494,0.6418918918918919,0.4120252008765522,0.1148648648648648,0.0131939371804236,0.0135135135135135,0.0001826150474799,0.1216216216216216,0.0147918188458729,0.0067567567567567,4.5653761869978094e-05
Chinese,GOLD,1959,0,0.1486486486486486,0.0220964207450693,0.9527027027027029,0.9076424397370344,0.2432432432432432,0.0591672753834916,0.5202702702702703,0.2706811541271001,0.5743243243243243,0.3298484295105917,0.0675675675675675,0.0045653761869978,0.0067567567567567,4.5653761869978094e-05,0.1621621621621621,0.0262965668371073,0.0202702702702702,0.0004108838568298
Chinese,GOLD,1960,0,0.0945945945945946,0.0089481373265157,0.7702702702702703,0.5933162892622352,0.25,0.0625,0.2162162162162162,0.0467494521548575,0.3513513513513513,0.1234477720964207,0.2635135135135135,0.0694393718042366,0.0202702702702702,0.0004108838568298,0.1891891891891892,0.0357925493060628,0.0405405405405405,0.0016435354273192
Chinese,GOLD,1961,0,0.2567567567567567,0.0659240321402483,0.4797297297297297,0.2301406135865595,0.5202702702702703,0.2706811541271001,0.1351351351351351,0.0182615047479912,0.1216216216216216,0.0147918188458729,0.2027027027027027,0.0410883856829802,0.027027027027027,0.0007304601899196,0.2432432432432432,0.0591672753834916,0.1081081081081081,0.0116873630387143
Chinese,GOLD,1962,0,0.1959459459459459,0.0383948137326515,0.3581081081081081,0.1282414170927684,0.3175675675675675,0.1008491599707815,0.4662162162162162,0.2173575602629656,0.054054054054054,0.0029218407596785,0.054054054054054,0.0029218407596785,0.0337837837837837,0.0011413440467494,0.2162162162162162,0.0467494521548575,0.1554054054054054,0.0241508400292184
Chinese,GOLD,1963,0,0.4324324324324324,0.1869978086194302,0.3716216216216216,0.1381026296566836,0.5945945945945946,0.3535427319211103,0.2364864864864864,0.0559258582907231,0.0878378378378378,0.0077154857560262,0.0405405405405405,0.0016435354273192,0.0405405405405405,0.0016435354273192,0.3108108108108108,0.0966033601168736,0.2027027027027027,0.0410883856829802
Chinese,GOLD,1964,0,0.5067567567567568,0.2568024105186268,0.3648648648648648,0.1331263696128561,0.5540540540540541,0.3069758948137326,0.5540540540540541,0.3069758948137326,0.2027027027027027,0.0410883856829802,0.1081081081081081,0.0116873630387143,0.054054054054054,0.0029218407596785,0.3445945945945945,0.1187454346238129,0.1959459459459459,0.0383948137326515
Chinese,GOLD,1965,0,0.668918918918919,0.4474525200876553,0.4189189189189189,0.1754930606281957,0.4797297297297297,0.2301406135865595,0.2567567567567567,0.0659240321402483,0.6486486486486487,0.4207450693937181,0.1283783783783783,0.016481008035062,0.0878378378378378,0.0077154857560262,0.2972972972972973,0.0883856829802775,0.1824324324324324,0.033281592403214
Chinese,GOLD,1966,0,0.6959459459459459,0.4843407596785975,0.4594594594594595,0.2111029948867787,0.2635135135135135,0.0694393718042366,0.0743243243243243,0.0055241051862673,0.3445945945945945,0.1187454346238129,0.2229729729729729,0.0497169466764061,0.0945945945945946,0.0089481373265157,0.2229729729729729,0.0497169466764061,0.1756756756756756,0.0308619430241051
Chinese,GOLD,1967,0,0.7094594594594594,0.5033327246165084,0.3783783783783784,0.1431701972242512,0.1148648648648648,0.0131939371804236,0.4932432432432432,0.2432888970051132,0.5,0.25,0.2364864864864864,0.0559258582907231,0.1621621621621621,0.0262965668371073,0.5405405405405406,0.2921840759678598,0.2229729729729729,0.0497169466764061
Chinese,GOLD,1968,0,0.7635135135135135,0.5829528853177501,0.3310810810810811,0.1096146822498174,0.6959459459459459,0.4843407596785975,0.7364864864864865,0.5424123447772097,0.6013513513513513,0.3616234477720964,0.2432432432432432,0.0591672753834916,0.2297297297297297,0.0527757487216946,0.6283783783783784,0.3948593864134405,0.3513513513513513,0.1234477720964207
Chinese,GOLD,1969,0,0.5878378378378378,0.3455533235938641,0.304054054054054,0.0924488677867056,0.3445945945945945,0.1187454346238129,0.6621621621621622,0.4384587289992696,0.5472972972972973,0.2995343316289262,0.1418918918918918,0.0201333089846603,0.3310810810810811,0.1096146822498174,0.4459459459459459,0.1988677867056245,0.5945945945945946,0.3535427319211103
Chinese,GOLD,1970,0,0.7297297297297297,0.5325054784514244,0.25,0.0625,0.4459459459459459,0.1988677867056245,0.722972972972973,0.5226899196493792,0.25,0.0625,0.25,0.0625,0.4729729729729729,0.2237034331628926,0.3986486486486486,0.1589207450693937,0.6891891891891891,0.4749817384952519
Chinese,GOLD,1971,0,0.581081081081081,0.3376552227903578,0.2364864864864864,0.0559258582907231,0.8243243243243243,0.6795105916727538,0.4391891891891892,0.1928871439006574,0.1824324324324324,0.033281592403214,0.1013513513513513,0.010272096420745,0.5337837837837838,0.2849251278305332,0.5,0.25,0.7432432432432432,0.5524105186267347
Chinese,GOLD,1972,0,0.6351351351351351,0.4033966398831263,0.2162162162162162,0.0467494521548575,0.8648648648648649,0.7479912344777211,0.4864864864864865,0.2366691015339664,0.2364864864864864,0.0559258582907231,0.0743243243243243,0.0055241051862673,0.5675675675675675,0.3221329437545653,0.527027027027027,0.2777574872169466,0.831081081081081,0.6906957633308983
Chinese,GOLD,1973,0,0.7972972972972973,0.6356829802775749,0.0945945945945946,0.0089481373265157,0.7905405405405406,0.6249543462381301,0.5135135135135135,0.2636961285609934,0.1486486486486486,0.0220964207450693,0.1216216216216216,0.0147918188458729,0.581081081081081,0.3376552227903578,0.5135135135135135,0.2636961285609934,0.8783783783783784,0.7715485756026297
Chinese,GOLD,1974,0,0.8175675675675675,0.6684167275383491,0.0405405405405405,0.0016435354273192,0.8445945945945946,0.7133400292184077,0.4527027027027027,0.2049397370343316,0.2905405405405405,0.0844138056975894,0.0945945945945946,0.0089481373265157,0.5743243243243243,0.3298484295105917,0.5337837837837838,0.2849251278305332,0.9527027027027029,0.9076424397370344
Chinese,GOLD,1975,0,0.5608108108108109,0.3145087655222791,0.0337837837837837,0.0011413440467494,0.8783783783783784,0.7715485756026297,0.3986486486486486,0.1589207450693937,0.2162162162162162,0.0467494521548575,0.027027027027027,0.0007304601899196,0.6148648648648649,0.3780588020452886,0.2567567567567567,0.0659240321402483,0.9662162162162162,0.933573776479182
Chinese,GOLD,1976,0,0.5675675675675675,0.3221329437545653,0.0878378378378378,0.0077154857560262,0.8581081081081081,0.7363495252008766,0.4797297297297297,0.2301406135865595,0.4189189189189189,0.1754930606281957,0.1621621621621621,0.0262965668371073,0.6756756756756757,0.4565376186997808,0.4729729729729729,0.2237034331628926,0.7972972972972973,0.6356829802775749
Chinese,GOLD,1977,0,0.5945945945945946,0.3535427319211103,0.3986486486486486,0.1589207450693937,0.9391891891891893,0.8820763330898466,0.75,0.5625,0.777027027027027,0.6037710007304601,0.4256756756756756,0.181199780861943,0.8783783783783784,0.7715485756026297,0.5540540540540541,0.3069758948137326,0.6486486486486487,0.4207450693937181
Chinese,GOLD,1978,0,0.7364864864864865,0.5424123447772097,0.1959459459459459,0.0383948137326515,0.5608108108108109,0.3145087655222791,0.7837837837837838,0.6143170197224251,0.6081081081081081,0.3697954711468225,0.3581081081081081,0.1282414170927684,0.7094594594594594,0.5033327246165084,0.581081081081081,0.3376552227903578,0.7364864864864865,0.5424123447772097
Chinese,GOLD,1979,0,0.8378378378378378,0.701972242512783,0.7905405405405406,0.6249543462381301,0.8108108108108109,0.6574141709276845,0.945945945945946,0.8948137326515705,0.9256756756756755,0.8568754565376187,0.6824324324324325,0.4657140248356465,0.9121621621621622,0.8320398100803507,0.9864864864864864,0.973155588020453,0.3378378378378378,0.1141344046749452
Chinese,GOLD,1980,0,0.8918918918918919,0.7954711468224982,0.722972972972973,0.5226899196493792,0.527027027027027,0.2777574872169466,0.9121621621621622,0.8320398100803507,0.7027027027027027,0.493791088385683,0.6216216216216216,0.3864134404674945,0.75,0.5625,0.9662162162162162,0.933573776479182,0.581081081081081,0.3376552227903578
Chinese,GOLD,1981,0,0.8783783783783784,0.7715485756026297,0.6621621621621622,0.4384587289992696,0.6824324324324325,0.4657140248356465,0.9932432432432432,0.9865321402483564,0.5945945945945946,0.3535427319211103,0.5743243243243243,0.3298484295105917,0.6824324324324325,0.4657140248356465,0.9256756756756755,0.8568754565376187,0.6959459459459459,0.4843407596785975
Chinese,GOLD,1982,0,0.9256756756756755,0.8568754565376187,0.5405405405405406,0.2921840759678598,0.3108108108108108,0.0966033601168736,0.9662162162162162,0.933573776479182,0.4662162162162162,0.2173575602629656,0.6283783783783784,0.3948593864134405,0.6081081081081081,0.3697954711468225,0.8108108108108109,0.6574141709276845,0.777027027027027,0.6037710007304601
Chinese,GOLD,1983,0,0.918918918918919,0.8444119795471148,0.5337837837837838,0.2849251278305332,0.6013513513513513,0.3616234477720964,0.9594594594594594,0.920562454346238,0.3581081081081081,0.1282414170927684,0.4797297297297297,0.2301406135865595,0.6621621621621622,0.4384587289992696,0.7432432432432432,0.5524105186267347,0.8581081081081081,0.7363495252008766
Chinese,GOLD,1984,0,0.945945945945946,0.8948137326515705,0.5675675675675675,0.3221329437545653,0.5405405405405406,0.2921840759678598,0.9797297297297296,0.9598703433162892,0.6959459459459459,0.4843407596785975,0.4864864864864865,0.2366691015339664,0.6283783783783784,0.3948593864134405,0.8648648648648649,0.7479912344777211,0.9324324324324323,0.8694302410518627
Chinese,GOLD,1985,0,0.9594594594594594,0.920562454346238,0.6554054054054054,0.4295562454346238,0.3581081081081081,0.1282414170927684,0.7635135135135135,0.5829528853177501,0.3986486486486486,0.1589207450693937,0.5540540540540541,0.3069758948137326,0.6351351351351351,0.4033966398831263,0.6756756756756757,0.4565376186997808,0.9594594594594594,0.920562454346238
Chinese,GOLD,1986,0,0.9121621621621622,0.8320398100803507,0.6216216216216216,0.3864134404674945,0.6351351351351351,0.4033966398831263,0.5945945945945946,0.3535427319211103,0.3648648648648648,0.1331263696128561,0.581081081081081,0.3376552227903578,0.8513513513513513,0.7247991234477721,0.8513513513513513,0.7247991234477721,0.9797297297297296,0.9598703433162892
Chinese,GOLD,1987,0,0.9054054054054054,0.8197589481373264,0.7162162162162162,0.5129656683710738,0.8851351351351351,0.7834642074506939,0.9324324324324323,0.8694302410518627,0.3243243243243243,0.1051862673484295,0.5202702702702703,0.2706811541271001,0.7364864864864865,0.5424123447772097,0.7972972972972973,0.6356829802775749,0.972972972972973,0.9466764061358656
Chinese,GOLD,1988,0,0.972972972972973,0.9466764061358656,0.75,0.5625,0.4527027027027027,0.2049397370343316,0.6081081081081081,0.3697954711468225,0.4932432432432432,0.2432888970051132,0.4932432432432432,0.2432888970051132,0.5945945945945946,0.3535427319211103,0.8986486486486487,0.8075693937180425,0.8851351351351351,0.7834642074506939
Chinese,GOLD,1989,0,0.9391891891891893,0.8820763330898466,0.777027027027027,0.6037710007304601,0.5067567567567568,0.2568024105186268,0.8175675675675675,0.6684167275383491,0.5878378378378378,0.3455533235938641,0.4459459459459459,0.1988677867056245,0.5608108108108109,0.3145087655222791,0.9527027027027029,0.9076424397370344,0.8445945945945946,0.7133400292184077
Chinese,GOLD,1990,0,0.9324324324324323,0.8694302410518627,0.831081081081081,0.6906957633308983,0.9324324324324323,0.8694302410518627,0.8243243243243243,0.6795105916727538,0.4527027027027027,0.2049397370343316,0.3108108108108108,0.0966033601168736,0.5067567567567568,0.2568024105186268,0.6351351351351351,0.4033966398831263,0.8108108108108109,0.6574141709276845
Chinese,GOLD,1991,0,0.8108108108108109,0.6574141709276845,0.8445945945945946,0.7133400292184077,0.7702702702702703,0.5933162892622352,0.527027027027027,0.2777574872169466,0.4054054054054054,0.1643535427319211,0.2567567567567567,0.0659240321402483,0.4527027027027027,0.2049397370343316,0.7094594594594594,0.5033327246165084,0.8040540540540541,0.6465029218407596
Chinese,GOLD,1992,0,0.8851351351351351,0.7834642074506939,0.8378378378378378,0.701972242512783,0.7635135135135135,0.5829528853177501,0.5405405405405406,0.2921840759678598,0.304054054054054,0.0924488677867056,0.304054054054054,0.0924488677867056,0.4662162162162162,0.2173575602629656,0.5472972972972973,0.2995343316289262,0.8175675675675675,0.6684167275383491
Chinese,GOLD,1993,0,0.9662162162162162,0.933573776479182,0.8581081081081081,0.7363495252008766,0.972972972972973,0.9466764061358656,0.6824324324324325,0.4657140248356465,0.4121621621621621,0.1698776479181884,0.2297297297297297,0.0527757487216946,0.4189189189189189,0.1754930606281957,0.5608108108108109,0.3145087655222791,0.7635135135135135,0.5829528853177501
Chinese,GOLD,1994,0,0.6283783783783784,0.3948593864134405,0.8040540540540541,0.6465029218407596,0.4864864864864865,0.2366691015339664,0.581081081081081,0.3376552227903578,0.6351351351351351,0.4033966398831263,0.1891891891891892,0.0357925493060628,0.3581081081081081,0.1282414170927684,0.4527027027027027,0.2049397370343316,0.7297297297297297,0.5325054784514244
Chinese,GOLD,1995,0,0.5405405405405406,0.2921840759678598,0.581081081081081,0.3376552227903578,0.2094594594594594,0.0438732651570489,0.7432432432432432,0.5524105186267347,0.277027027027027,0.0767439737034331,0.1554054054054054,0.0241508400292184,0.3378378378378378,0.1141344046749452,0.5067567567567568,0.2568024105186268,0.7702702702702703,0.5933162892622352
Chinese,GOLD,1996,0,0.527027027027027,0.2777574872169466,0.3378378378378378,0.1141344046749452,0.3716216216216216,0.1381026296566836,0.25,0.0625,0.0743243243243243,0.0055241051862673,0.0608108108108108,0.0036979547114682,0.277027027027027,0.0767439737034331,0.4594594594594595,0.2111029948867787,0.8716216216216216,0.7597242512783053
Chinese,GOLD,1997,0,0.4932432432432432,0.2432888970051132,0.1418918918918918,0.0201333089846603,0.9527027027027029,0.9076424397370344,0.4121621621621621,0.1698776479181884,0.0202702702702702,0.0004108838568298,0.0472972972972973,0.0022370343316289,0.1081081081081081,0.0116873630387143,0.6216216216216216,0.3864134404674945,0.7905405405405406,0.6249543462381301
Chinese,GOLD,1998,0,0.4594594594594595,0.2111029948867787,0.7432432432432432,0.5524105186267347,0.7567567567567568,0.5726807888970051,0.7972972972972973,0.6356829802775749,0.9121621621621622,0.8320398100803507,0.5067567567567568,0.2568024105186268,0.1283783783783783,0.016481008035062,0.7702702702702703,0.5933162892622352,0.0337837837837837,0.0011413440467494
Chinese,GOLD,1999,0,0.3851351351351351,0.1483290723155588,0.6824324324324325,0.4657140248356465,0.4324324324324324,0.1869978086194302,0.5743243243243243,0.3298484295105917,0.8581081081081081,0.7363495252008766,0.4324324324324324,0.1869978086194302,0.1824324324324324,0.033281592403214,0.831081081081081,0.6906957633308983,0.054054054054054,0.0029218407596785
Chinese,GOLD,2000,0,0.5202702702702703,0.2706811541271001,0.6013513513513513,0.3616234477720964,0.75,0.5625,0.6351351351351351,0.4033966398831263,0.9391891891891893,0.8820763330898466,0.4662162162162162,0.2173575602629656,0.1486486486486486,0.0220964207450693,0.7364864864864865,0.5424123447772097,0.0878378378378378,0.0077154857560262
Chinese,GOLD,2001,0,0.5,0.25,0.4932432432432432,0.2432888970051132,0.9797297297297296,0.9598703433162892,0.6216216216216216,0.3864134404674945,0.8716216216216216,0.7597242512783053,0.2094594594594594,0.0438732651570489,0.1689189189189189,0.0285336011687363,0.9797297297297296,0.9598703433162892,0.081081081081081,0.0065741417092768
Chinese,GOLD,2002,0,0.6216216216216216,0.3864134404674945,0.527027027027027,0.2777574872169466,0.4932432432432432,0.2432888970051132,0.6283783783783784,0.3948593864134405,0.945945945945946,0.8948137326515705,0.1351351351351351,0.0182615047479912,0.1418918918918918,0.0201333089846603,0.9324324324324323,0.8694302410518627,0.0675675675675675,0.0045653761869978
Chinese,GOLD,2003,0,0.5540540540540541,0.3069758948137326,0.6486486486486487,0.4207450693937181,0.831081081081081,0.6906957633308983,0.8040540540540541,0.6465029218407596,0.7432432432432432,0.5524105186267347,0.1486486486486486,0.0220964207450693,0.1216216216216216,0.0147918188458729,0.8040540540540541,0.6465029218407596,0.0743243243243243,0.0055241051862673
Chinese,GOLD,2004,0,0.4054054054054054,0.1643535427319211,0.6351351351351351,0.4033966398831263,0.7162162162162162,0.5129656683710738,0.7297297297297297,0.5325054784514244,0.6621621621621622,0.4384587289992696,0.1959459459459459,0.0383948137326515,0.081081081081081,0.0065741417092768,0.5945945945945946,0.3535427319211103,0.0472972972972973,0.0022370343316289
Chinese,GOLD,2005,0,0.4864864864864865,0.2366691015339664,0.8513513513513513,0.7247991234477721,0.2972972972972973,0.0883856829802775,0.5472972972972973,0.2995343316289262,0.8445945945945946,0.7133400292184077,0.3986486486486486,0.1589207450693937,0.0608108108108108,0.0036979547114682,0.7027027027027027,0.493791088385683,0.027027027027027,0.0007304601899196
Chinese,GOLD,2006,0,0.3310810810810811,0.1096146822498174,0.9662162162162162,0.933573776479182,0.0945945945945946,0.0089481373265157,0.5878378378378378,0.3455533235938641,0.972972972972973,0.9466764061358656,0.4054054054054054,0.1643535427319211,0.1013513513513513,0.010272096420745,0.918918918918919,0.8444119795471148,0.0135135135135135,0.0001826150474799
Chinese,GOLD,2007,0,0.4662162162162162,0.2173575602629656,0.8108108108108109,0.6574141709276845,0.8986486486486487,0.8075693937180425,0.4256756756756756,0.181199780861943,0.2229729729729729,0.0497169466764061,0.6013513513513513,0.3616234477720964,0.0472972972972973,0.0022370343316289,0.6621621621621622,0.4384587289992696,0.2837837837837837,0.0805332359386413
Chinese,GOLD,2008,0,0.6148648648648649,0.3780588020452886,0.3851351351351351,0.1483290723155588,0.7837837837837838,0.6143170197224251,0.918918918918919,0.8444119795471148,0.3918918918918919,0.1535792549306062,0.3513513513513513,0.1234477720964207,0.4054054054054054,0.1643535427319211,0.8175675675675675,0.6684167275383491,0.8243243243243243,0.6795105916727538
Chinese,EURUSD,1931,0,0.4967320261437908,0.2467427057969157,0.7843137254901961,0.6151480199923106,0.8954248366013072,0.8017856380024777,0.2875816993464052,0.0827032337989662,0.9084967320261438,0.8253663121021829,0.5163398692810458,0.2666068606091675,0.5294117647058824,0.2802768166089965,0.2352941176470588,0.0553633217993079,0.0326797385620915,0.0010679653124866
Chinese,EURUSD,1932,0,0.392156862745098,0.1537870049980776,0.7581699346405228,0.5748216497928147,0.8888888888888888,0.7901234567901234,0.4444444444444444,0.1975308641975308,0.8758169934640523,0.7670554060404118,0.6993464052287581,0.4890853945063864,0.3986928104575163,0.158955957110513,0.130718954248366,0.0170874449997864,0.0457516339869281,0.0020932120124738
Chinese,EURUSD,1933,0,0.2875816993464052,0.0827032337989662,0.6797385620915033,0.4620445127942245,0.8235294117647058,0.6782006920415224,0.3398692810457516,0.1155111281985561,0.7124183006535948,0.5075398351061557,0.5294117647058824,0.2802768166089965,0.3137254901960784,0.0984236831987697,0.2287581699346405,0.0523303003118458,0.0588235294117647,0.0034602076124567
Chinese,EURUSD,1934,0,0.2026143790849673,0.0410525866119868,0.5424836601307189,0.2942885215088213,0.7712418300653595,0.5948139604425648,0.2026143790849673,0.0410525866119868,0.5686274509803921,0.3233371780084582,0.4640522875816993,0.2153445256098082,0.1437908496732026,0.0206758084497415,0.0522875816993464,0.0027339911999658,0.1111111111111111,0.0123456790123456
Chinese,EURUSD,1935,0,0.1830065359477124,0.0334913921995813,0.4640522875816993,0.2153445256098082,0.5555555555555556,0.308641975308642,0.3464052287581699,0.119996582511,0.2941176470588235,0.0865051903114186,0.4052287581699346,0.1642103464479473,0.0980392156862745,0.0096116878123798,0.0784313725490196,0.0061514801999231,0.2156862745098039,0.0465205690119185
Chinese,EURUSD,1936,0,0.1568627450980392,0.0246059207996924,0.3986928104575163,0.158955957110513,0.3071895424836601,0.0943654150113204,0.2810457516339869,0.0789867145115126,0.2875816993464052,0.0827032337989662,0.4313725490196078,0.186082276047674,0.0784313725490196,0.0061514801999231,0.0326797385620915,0.0010679653124866,0.3398692810457516,0.1155111281985561
Chinese,EURUSD,1937,0,0.2156862745098039,0.0465205690119185,0.5686274509803921,0.3233371780084582,0.5816993464052288,0.3383741296082703,0.2483660130718954,0.0616856764492289,0.2679738562091503,0.0718099876116023,0.6274509803921569,0.3936947327950788,0.3006535947712418,0.09039258404887,0.0457516339869281,0.0020932120124738,0.3071895424836601,0.0943654150113204
Chinese,EURUSD,1938,0,0.1633986928104575,0.0266991328121662,0.4379084967320261,0.1917638515101029,0.3594771241830065,0.1292238028108847,0.2091503267973856,0.0437438591994532,0.2418300653594771,0.0584817805117689,0.5816993464052288,0.3383741296082703,0.1830065359477124,0.0334913921995813,0.0980392156862745,0.0096116878123798,0.3529411764705882,0.1245674740484429
Chinese,EURUSD,1939,0,0.4640522875816993,0.2153445256098082,0.4313725490196078,0.186082276047674,0.3529411764705882,0.1245674740484429,0.261437908496732,0.0683497799991456,0.2745098039215686,0.075355632449058,0.4901960784313725,0.2402921953094963,0.1568627450980392,0.0246059207996924,0.1764705882352941,0.0311418685121107,0.3790849673202614,0.1437054124482036
Chinese,EURUSD,1940,0,0.2810457516339869,0.0789867145115126,0.5228758169934641,0.2733991199965825,0.4444444444444444,0.1975308641975308,0.2941176470588235,0.0865051903114186,0.1830065359477124,0.0334913921995813,0.5947712418300654,0.353752830108078,0.3464052287581699,0.119996582511,0.4313725490196078,0.186082276047674,0.3660130718954248,0.1339655687983254
Chinese,EURUSD,1941,0,0.5163398692810458,0.2666068606091675,0.8758169934640523,0.7670554060404118,0.7581699346405228,0.5748216497928147,0.4640522875816993,0.2153445256098082,0.8431372549019608,0.7108804306036139,0.9803921568627452,0.9611687812379852,0.934640522875817,0.8735529070015806,0.5751633986928104,0.3308129351958648,0.1568627450980392,0.0246059207996924
Chinese,EURUSD,1942,0,0.5882352941176471,0.3460207612456747,0.9019607843137256,0.8135332564398309,0.6339869281045751,0.4019394250074757,0.5032679738562091,0.253278653509334,0.9281045751633988,0.8613781024392329,0.9934640522875816,0.9869708231876628,0.9673202614379084,0.9357084881883037,0.8431372549019608,0.7108804306036139,0.1437908496732026,0.0206758084497415
Chinese,EURUSD,1943,0,0.6405228758169934,0.4102695544448715,0.869281045751634,0.7556495365030544,0.6928104575163399,0.4799863300440001,0.7320261437908496,0.5358622751933017,0.954248366013072,0.9105899440386176,0.9477124183006536,0.898158827801273,0.9738562091503268,0.948395916100645,0.6666666666666666,0.4444444444444444,0.1503267973856209,0.0225981460122175
Chinese,EURUSD,1944,0,0.6209150326797386,0.3855354778076808,0.8366013071895425,0.6999017471912513,0.6013071895424836,0.3615703361954803,0.6274509803921569,0.3936947327950788,0.9934640522875816,0.9869708231876628,0.9673202614379084,0.9357084881883037,0.9803921568627452,0.9611687812379852,0.4183006535947712,0.1749754367978128,0.1633986928104575,0.0266991328121662
Chinese,EURUSD,1945,0,0.9215686274509804,0.8492887351018837,0.8300653594771242,0.6890085010038874,0.326797385620915,0.106796531248665,0.5620915032679739,0.3159468580460506,0.9803921568627452,0.9611687812379852,0.934640522875817,0.8735529070015806,0.9934640522875816,0.9869708231876628,0.7450980392156863,0.5551710880430604,0.1699346405228758,0.028877782049639
Chinese,EURUSD,1946,0,0.9084967320261438,0.8253663121021829,0.8431372549019608,0.7108804306036139,0.4052287581699346,0.1642103464479473,0.5816993464052288,0.3383741296082703,0.9738562091503268,0.948395916100645,0.9738562091503268,0.948395916100645,0.9869281045751634,0.9740270836003248,0.7320261437908496,0.5358622751933017,0.1764705882352941,0.0311418685121107
Chinese,EURUSD,1947,1,0.7908496732026143,0.0437438591994532,0.8888888888888888,0.0123456790123456,0.065359477124183,0.8735529070015806,0.8888888888888888,0.0123456790123456,0.9673202614379084,0.0010679653124866,0.9281045751633988,0.0051689521124353,0.9607843137254902,0.0015378700499807,0.7124183006535948,0.0827032337989662,0.1830065359477124,0.6674783203041565
Chinese,EURUSD,1948,1,0.7647058823529411,0.0553633217993079,0.9411764705882352,0.0034602076124567,0.0065359477124183,0.9869708231876628,0.7843137254901961,0.0465205690119185,0.9477124183006536,0.0027339911999658,0.915032679738562,0.0072194455124097,0.9411764705882352,0.0034602076124567,0.6013071895424836,0.158955957110513,0.1895424836601307,0.6568413857917895
Chinese,EURUSD,1949,1,0.8627450980392157,0.0188389081122645,0.9738562091503268,0.0006834977999914,0.3137254901960784,0.4709727028066128,0.5163398692810458,0.2339271220470758,0.8823529411764706,0.0138408304498269,0.8562091503267973,0.0206758084497415,0.9215686274509804,0.0061514801999231,0.4248366013071895,0.3308129351958648,0.2091503267973856,0.6254432056046819
Chinese,EURUSD,1950,1,0.8300653594771242,0.028877782049639,0.9934640522875816,4.271861249946571e-05,0.8104575163398693,0.0359263531120509,0.2418300653594771,0.5748216497928147,0.8496732026143791,0.0225981460122175,0.869281045751634,0.0170874449997864,0.8823529411764706,0.0138408304498269,0.4967320261437908,0.253278653509334,0.2222222222222222,0.6049382716049383
Chinese,EURUSD,1951,1,0.8496732026143791,0.0225981460122175,0.9803921568627452,0.0003844675124951,0.9281045751633988,0.0051689521124353,0.8169934640522876,0.0334913921995813,0.915032679738562,0.0072194455124097,0.9019607843137256,0.0096116878123798,0.869281045751634,0.0170874449997864,0.5490196078431373,0.2033833141099576,0.2352941176470588,0.5847750865051903
Chinese,EURUSD,1952,1,0.9281045751633988,0.0051689521124353,0.9869281045751634,0.0001708744499978,0.9673202614379084,0.0010679653124866,0.6666666666666666,0.1111111111111111,0.8954248366013072,0.0109359647998632,0.9607843137254902,0.0015378700499807,0.8758169934640523,0.0154214191123072,0.6405228758169934,0.1292238028108847,0.2483660130718954,0.5649536503054381
Chinese,EURUSD,1953,1,0.8823529411764706,0.0138408304498269,0.9673202614379084,0.0010679653124866,0.8758169934640523,0.0154214191123072,0.6601307189542484,0.1155111281985561,0.8169934640522876,0.0334913921995813,0.8823529411764706,0.0138408304498269,0.8431372549019608,0.0246059207996924,0.7973856209150327,0.0410525866119868,0.2745098039215686,0.5263360246059208
Chinese,EURUSD,1954,1,0.6797385620915033,0.1025673886112178,0.954248366013072,0.0020932120124738,0.5490196078431373,0.2033833141099576,0.392156862745098,0.3694732795078816,0.8366013071895425,0.0266991328121662,0.8888888888888888,0.0123456790123456,0.8496732026143791,0.0225981460122175,0.3464052287581699,0.4271861249946602,0.2679738562091503,0.5358622751933018
Chinese,EURUSD,1955,1,0.6928104575163399,0.0943654150113204,0.9084967320261438,0.0083728480498953,0.0784313725490196,0.849288735101884,0.6928104575163399,0.0943654150113204,0.8300653594771242,0.028877782049639,0.8758169934640523,0.0154214191123072,0.9019607843137256,0.0096116878123798,0.5098039215686274,0.2402921953094964,0.2549019607843137,0.5551710880430604
Chinese,EURUSD,1956,1,0.6601307189542484,0.1155111281985561,0.7712418300653595,0.0523303003118458,0.1372549019607843,0.744329104190696,0.6013071895424836,0.158955957110513,0.869281045751634,0.0170874449997864,0.8104575163398693,0.0359263531120509,0.8104575163398693,0.0359263531120509,0.6535947712418301,0.119996582511,0.261437908496732,0.5454739630056816
Chinese,EURUSD,1957,1,0.6339869281045751,0.1339655687983254,0.8627450980392157,0.0188389081122645,0.6862745098039216,0.0984236831987697,0.7712418300653595,0.0523303003118458,0.9019607843137256,0.0096116878123798,0.8169934640522876,0.0334913921995813,0.954248366013072,0.0020932120124738,0.7254901960784313,0.075355632449058,0.1241830065359477,0.7670554060404118
Chinese,EURUSD,1958,1,0.5032679738562091,0.2467427057969157,0.7450980392156863,0.0649750096116878,0.7320261437908496,0.0718099876116024,0.196078431372549,0.6462898885044214,0.8888888888888888,0.0123456790123456,0.5228758169934641,0.2276474860096543,0.8562091503267973,0.0206758084497415,0.8169934640522876,0.0334913921995813,0.1372549019607843,0.744329104190696
Chinese,EURUSD,1959,1,0.5424836601307189,0.2093212012473835,0.3660130718954248,0.4019394250074757,0.7189542483660131,0.0789867145115126,0.1830065359477124,0.6674783203041565,0.4640522875816993,0.2872399504464095,0.3202614379084967,0.4620445127942245,0.4379084967320261,0.3159468580460506,0.803921568627451,0.0384467512495194,0.3137254901960784,0.4709727028066128
Chinese,EURUSD,1960,1,0.5228758169934641,0.2276474860096543,0.392156862745098,0.3694732795078816,0.8300653594771242,0.028877782049639,0.2549019607843137,0.5551710880430604,0.7254901960784313,0.075355632449058,0.3071895424836601,0.4799863300440001,0.4509803921568627,0.3014225297962323,0.6143790849673203,0.1487034901106411,0.2875816993464052,0.5075398351061557
Chinese,EURUSD,1961,1,0.0196078431372549,0.9611687812379852,0.0718954248366013,0.8613781024392329,0.5359477124183006,0.2153445256098082,0.0065359477124183,0.9869708231876628,0.1045751633986928,0.8017856380024777,0.1568627450980392,0.7108804306036139,0.0588235294117647,0.8858131487889274,0.0392156862745098,0.9231064975009612,0.4117647058823529,0.3460207612456747
Chinese,EURUSD,1962,1,0.0261437908496732,0.948395916100645,0.2483660130718954,0.5649536503054381,0.7908496732026143,0.0437438591994532,0.4248366013071895,0.3308129351958648,0.2287581699346405,0.5948139604425648,0.1437908496732026,0.7330941091033364,0.0718954248366013,0.8613781024392329,0.0065359477124183,0.9869708231876628,0.3333333333333333,0.4444444444444445
Chinese,EURUSD,1963,1,0.0065359477124183,0.9869708231876628,0.3202614379084967,0.4620445127942245,0.7843137254901961,0.0465205690119185,0.0980392156862745,0.8135332564398309,0.4967320261437908,0.253278653509334,0.1699346405228758,0.6890085010038873,0.065359477124183,0.8735529070015806,0.0196078431372549,0.9611687812379852,0.196078431372549,0.6462898885044214
Chinese,EURUSD,1964,1,0.0718954248366013,0.8613781024392329,0.3464052287581699,0.4271861249946602,0.8169934640522876,0.0334913921995813,0.0915032679738562,0.8253663121021829,0.5947712418300654,0.1642103464479473,0.196078431372549,0.6462898885044214,0.0522875816993464,0.898158827801273,0.0130718954248366,0.9740270836003248,0.1176470588235294,0.7785467128027681
Chinese,EURUSD,1965,1,0.0130718954248366,0.9740270836003248,0.3333333333333333,0.4444444444444445,0.9084967320261438,0.0083728480498953,0.2156862745098039,0.6151480199923106,0.5751633986928104,0.1804861378102439,0.2026143790849673,0.6358238284420523,0.0130718954248366,0.9740270836003248,0.1111111111111111,0.7901234567901234,0.0718954248366013,0.8613781024392329
Chinese,EURUSD,1966,1,0.1764705882352941,0.6782006920415224,0.3725490196078431,0.3936947327950788,0.8496732026143791,0.0225981460122175,0.1764705882352941,0.6782006920415224,0.5424836601307189,0.2093212012473835,0.2418300653594771,0.5748216497928147,0.0849673202614379,0.8372848049895338,0.065359477124183,0.8735529070015806,0.0784313725490196,0.849288735101884
Chinese,EURUSD,1967,1,0.1176470588235294,0.7785467128027681,0.196078431372549,0.6462898885044214,0.6405228758169934,0.1292238028108847,0.1568627450980392,0.7108804306036139,0.1764705882352941,0.6782006920415224,0.0392156862745098,0.9231064975009612,0.1176470588235294,0.7785467128027681,0.3071895424836601,0.4799863300440001,0.5294117647058824,0.2214532871972318
Chinese,EURUSD,1968,1,0.1372549019607843,0.744329104190696,0.2352941176470588,0.5847750865051903,0.738562091503268,0.0683497799991456,0.1176470588235294,0.7785467128027681,0.3725490196078431,0.3936947327950788,0.0915032679738562,0.8253663121021829,0.1764705882352941,0.6782006920415224,0.6078431372549019,0.1537870049980777,0.4836601307189542,0.2666068606091673
Chinese,EURUSD,1969,1,0.2941176470588235,0.4982698961937715,0.0457516339869281,0.9105899440386176,0.1568627450980392,0.7108804306036139,0.0784313725490196,0.849288735101884,0.0588235294117647,0.8858131487889274,0.0849673202614379,0.8372848049895338,0.2810457516339869,0.5168952112435388,0.4379084967320261,0.3159468580460506,0.9411764705882352,0.0034602076124567
Chinese,EURUSD,1970,1,0.3986928104575163,0.3615703361954803,0.1503267973856209,0.7219445512409757,0.1111111111111111,0.7901234567901234,0.6862745098039216,0.0984236831987697,0.0457516339869281,0.9105899440386176,0.0326797385620915,0.9357084881883037,0.3333333333333333,0.4444444444444445,0.3333333333333333,0.4444444444444445,0.9084967320261438,0.0083728480498953
Chinese,EURUSD,1971,1,0.2352941176470588,0.5847750865051903,0.0980392156862745,0.8135332564398309,0.0849673202614379,0.8372848049895338,0.4183006535947712,0.3383741296082702,0.0326797385620915,0.9357084881883037,0.0457516339869281,0.9105899440386176,0.3529411764705882,0.4186851211072663,0.1241830065359477,0.7670554060404118,0.9803921568627452,0.0003844675124951
Chinese,EURUSD,1972,1,0.4836601307189542,0.2666068606091673,0.065359477124183,0.8735529070015806,0.2483660130718954,0.5649536503054381,0.7450980392156863,0.0649750096116878,0.0915032679738562,0.8253663121021829,0.3006535947712418,0.4890853945063864,0.4640522875816993,0.2872399504464095,0.4901960784313725,0.2599000384467512,0.803921568627451,0.0384467512495194
Chinese,EURUSD,1973,1,0.3071895424836601,0.4799863300440001,0.0915032679738562,0.8253663121021829,0.3725490196078431,0.3936947327950788,0.6470588235294118,0.1245674740484428,0.0718954248366013,0.8613781024392329,0.261437908496732,0.5454739630056816,0.4836601307189542,0.2666068606091673,0.6274509803921569,0.1387927720107651,0.7254901960784313,0.075355632449058
Chinese,EURUSD,1974,1,0.3856209150326797,0.3774616600452817,0.2418300653594771,0.5748216497928147,0.4379084967320261,0.3159468580460506,0.7647058823529411,0.0553633217993079,0.1372549019607843,0.744329104190696,0.326797385620915,0.453201760006835,0.5490196078431373,0.2033833141099576,0.6993464052287581,0.0903925840488701,0.6601307189542484,0.1155111281985561
Chinese,EURUSD,1975,1,0.4379084967320261,0.3159468580460506,0.2549019607843137,0.5551710880430604,0.4117647058823529,0.3460207612456747,0.8235294117647058,0.0311418685121107,0.1503267973856209,0.7219445512409757,0.2941176470588235,0.4982698961937715,0.5228758169934641,0.2276474860096543,0.3790849673202614,0.3855354778076808,0.6339869281045751,0.1339655687983254
Chinese,EURUSD,1976,1,0.2745098039215686,0.5263360246059208,0.1764705882352941,0.6782006920415224,0.261437908496732,0.5454739630056816,0.0130718954248366,0.9740270836003248,0.0522875816993464,0.898158827801273,0.2679738562091503,0.5358622751933018,0.4183006535947712,0.3383741296082702,0.3202614379084967,0.4620445127942245,0.869281045751634,0.0170874449997864
Chinese,EURUSD,1977,1,0.4183006535947712,0.3383741296082702,0.1633986928104575,0.6999017471912513,0.2418300653594771,0.5748216497928147,0.3529411764705882,0.4186851211072663,0.0392156862745098,0.9231064975009612,0.2352941176470588,0.5847750865051903,0.4117647058823529,0.3460207612456747,0.326797385620915,0.453201760006835,0.8300653594771242,0.028877782049639
Chinese,EURUSD,1978,1,0.3790849673202614,0.3855354778076808,0.2091503267973856,0.6254432056046819,0.1699346405228758,0.6890085010038873,0.0522875816993464,0.898158827801273,0.0980392156862745,0.8135332564398309,0.2810457516339869,0.5168952112435388,0.4052287581699346,0.353752830108078,0.1176470588235294,0.7785467128027681,0.7124183006535948,0.0827032337989662
Chinese,EURUSD,1979,1,0.196078431372549,0.6462898885044214,0.0849673202614379,0.8372848049895338,0.196078431372549,0.6462898885044214,0.4836601307189542,0.2666068606091673,0.130718954248366,0.7556495365030544,0.1241830065359477,0.7670554060404118,0.3856209150326797,0.3774616600452817,0.1633986928104575,0.6999017471912513,0.6928104575163399,0.0943654150113204
Chinese,EURUSD,1980,1,0.4705882352941176,0.2802768166089965,0.1699346405228758,0.6890085010038873,0.4248366013071895,0.3308129351958648,0.4117647058823529,0.3460207612456747,0.1699346405228758,0.6890085010038873,0.2287581699346405,0.5948139604425648,0.477124183006536,0.2733991199965824,0.3986928104575163,0.3615703361954803,0.6470588235294118,0.1245674740484428
Chinese,EURUSD,1981,1,0.5359477124183006,0.2153445256098082,0.2679738562091503,0.5358622751933018,0.6666666666666666,0.1111111111111111,0.0849673202614379,0.8372848049895338,0.2222222222222222,0.6049382716049383,0.2222222222222222,0.6049382716049383,0.457516339869281,0.2942885215088214,0.5882352941176471,0.1695501730103806,0.5882352941176471,0.1695501730103806
Chinese,EURUSD,1982,1,0.3137254901960784,0.4709727028066128,0.2941176470588235,0.4982698961937715,0.7516339869281046,0.0616856764492289,0.7777777777777778,0.0493827160493827,0.5228758169934641,0.2276474860096543,0.2483660130718954,0.5649536503054381,0.4705882352941176,0.2802768166089965,0.3398692810457516,0.4357725661070528,0.5359477124183006,0.2153445256098082
Chinese,EURUSD,1983,1,0.5555555555555556,0.1975308641975308,0.0065359477124183,0.9869708231876628,0.0261437908496732,0.948395916100645,0.6209150326797386,0.1437054124482036,0.1241830065359477,0.7670554060404118,0.2091503267973856,0.6254432056046819,0.3071895424836601,0.4799863300440001,0.2810457516339869,0.5168952112435388,0.7450980392156863,0.0649750096116878
Chinese,EURUSD,1984,1,0.3529411764705882,0.4186851211072663,0.0196078431372549,0.9611687812379852,0.0457516339869281,0.9105899440386176,0.7058823529411765,0.0865051903114186,0.1176470588235294,0.7785467128027681,0.1633986928104575,0.6999017471912513,0.261437908496732,0.5454739630056816,0.4117647058823529,0.3460207612456747,0.8235294117647058,0.0311418685121107
Chinese,EURUSD,1985,1,0.1437908496732026,0.7330941091033364,0.0130718954248366,0.9740270836003248,0.2810457516339869,0.5168952112435388,0.2222222222222222,0.6049382716049383,0.0196078431372549,0.9611687812379852,0.1764705882352941,0.6782006920415224,0.2222222222222222,0.6049382716049383,0.261437908496732,0.5454739630056816,0.9738562091503268,0.0006834977999914
Chinese,EURUSD,1986,1,0.3006535947712418,0.4890853945063864,0.0261437908496732,0.948395916100645,0.2287581699346405,0.5948139604425648,0.457516339869281,0.2942885215088214,0.0065359477124183,0.9869708231876628,0.0718954248366013,0.8613781024392329,0.2091503267973856,0.6254432056046819,0.1437908496732026,0.7330941091033364,0.954248366013072,0.0020932120124738
Chinese,EURUSD,1987,1,0.0915032679738562,0.8253663121021829,0.0326797385620915,0.9357084881883037,0.2156862745098039,0.6151480199923106,0.4705882352941176,0.2802768166089965,0.0261437908496732,0.948395916100645,0.0196078431372549,0.9611687812379852,0.2287581699346405,0.5948139604425648,0.1830065359477124,0.6674783203041565,0.9215686274509804,0.0061514801999231
Chinese,EURUSD,1988,1,0.2418300653594771,0.5748216497928147,0.0522875816993464,0.898158827801273,0.0196078431372549,0.9611687812379852,0.0392156862745098,0.9231064975009612,0.0130718954248366,0.9740270836003248,0.0130718954248366,0.9740270836003248,0.2875816993464052,0.5075398351061557,0.2549019607843137,0.5551710880430604,0.934640522875817,0.0042718612499466
Chinese,EURUSD,1989,1,0.261437908496732,0.5454739630056816,0.1045751633986928,0.8017856380024777,0.0522875816993464,0.898158827801273,0.3333333333333333,0.4444444444444445,0.0784313725490196,0.849288735101884,0.0065359477124183,0.9869708231876628,0.326797385620915,0.453201760006835,0.2941176470588235,0.4982698961937715,0.8758169934640523,0.0154214191123072
Chinese,EURUSD,1990,1,0.2483660130718954,0.5649536503054381,0.1568627450980392,0.7108804306036139,0.1830065359477124,0.6674783203041565,0.130718954248366,0.7556495365030544,0.0849673202614379,0.8372848049895338,0.0784313725490196,0.849288735101884,0.3202614379084967,0.4620445127942245,0.0718954248366013,0.8613781024392329,0.7843137254901961,0.0465205690119185
Chinese,EURUSD,1991,1,0.3333333333333333,0.4444444444444445,0.2026143790849673,0.6358238284420523,0.4836601307189542,0.2666068606091673,0.1111111111111111,0.7901234567901234,0.1568627450980392,0.7108804306036139,0.0522875816993464,0.898158827801273,0.2679738562091503,0.5358622751933018,0.0588235294117647,0.8858131487889274,0.6535947712418301,0.119996582511
Chinese,EURUSD,1992,1,0.1241830065359477,0.7670554060404118,0.3006535947712418,0.4890853945063864,0.6993464052287581,0.0903925840488701,0.3006535947712418,0.4890853945063864,0.1437908496732026,0.7330941091033364,0.1372549019607843,0.744329104190696,0.2156862745098039,0.6151480199923106,0.1699346405228758,0.6890085010038873,0.5620915032679739,0.1917638515101029
Chinese,EURUSD,1993,1,0.0457516339869281,0.9105899440386176,0.3594771241830065,0.4102695544448715,0.7450980392156863,0.0649750096116878,0.0261437908496732,0.948395916100645,0.2810457516339869,0.5168952112435388,0.130718954248366,0.7556495365030544,0.1503267973856209,0.7219445512409757,0.2026143790849673,0.6358238284420523,0.4444444444444444,0.308641975308642
Chinese,EURUSD,1994,1,0.065359477124183,0.8735529070015806,0.3856209150326797,0.3774616600452817,0.7647058823529411,0.0553633217993079,0.3071895424836601,0.4799863300440001,0.3529411764705882,0.4186851211072663,0.2549019607843137,0.5551710880430604,0.1045751633986928,0.8017856380024777,0.0849673202614379,0.8372848049895338,0.3725490196078431,0.3936947327950788
Chinese,EURUSD,1995,1,0.0588235294117647,0.8858131487889274,0.4248366013071895,0.3308129351958648,0.8366013071895425,0.0266991328121662,0.1045751633986928,0.8017856380024777,0.3464052287581699,0.4271861249946602,0.1895424836601307,0.6568413857917895,0.0261437908496732,0.948395916100645,0.0261437908496732,0.948395916100645,0.2418300653594771,0.5748216497928147
Chinese,EURUSD,1996,1,0.0784313725490196,0.849288735101884,0.477124183006536,0.2733991199965824,0.869281045751634,0.0170874449997864,0.0326797385620915,0.9357084881883037,0.5163398692810458,0.2339271220470758,0.2156862745098039,0.6151480199923106,0.0457516339869281,0.9105899440386176,0.2483660130718954,0.5649536503054381,0.0915032679738562,0.8253663121021829
Chinese,EURUSD,1997,1,0.3464052287581699,0.4271861249946602,0.3398692810457516,0.4357725661070528,0.6797385620915033,0.1025673886112178,0.4901960784313725,0.2599000384467512,0.3333333333333333,0.4444444444444445,0.065359477124183,0.8735529070015806,0.2549019607843137,0.5551710880430604,0.2156862745098039,0.6151480199923106,0.5228758169934641,0.2276474860096543
Chinese,EURUSD,1998,1,0.4117647058823529,0.3460207612456747,0.1372549019607843,0.744329104190696,0.4313725490196078,0.3233371780084582,0.4509803921568627,0.3014225297962323,0.2156862745098039,0.6151480199923106,0.1830065359477124,0.6674783203041565,0.3660130718954248,0.4019394250074757,0.3594771241830065,0.4102695544448715,0.6143790849673203,0.1487034901106411
Chinese,EURUSD,1999,1,0.3594771241830065,0.4102695544448715,0.2810457516339869,0.5168952112435388,0.5686274509803921,0.186082276047674,0.4967320261437908,0.253278653509334,0.196078431372549,0.6462898885044214,0.1503267973856209,0.7219445512409757,0.2745098039215686,0.5263360246059208,0.477124183006536,0.2733991199965824,0.5751633986928104,0.1804861378102439
Chinese,EURUSD,2000,1,0.457516339869281,0.2942885215088214,0.3137254901960784,0.4709727028066128,0.5947712418300654,0.1642103464479473,0.673202614379085,0.106796531248665,0.2352941176470588,0.5847750865051903,0.3137254901960784,0.4709727028066128,0.4313725490196078,0.3233371780084582,0.5032679738562091,0.2467427057969157,0.5816993464052288,0.1749754367978127
Chinese,EURUSD,2001,1,0.5098039215686274,0.2402921953094964,0.4052287581699346,0.353752830108078,0.4183006535947712,0.3383741296082702,0.9673202614379084,0.0010679653124866,0.4705882352941176,0.2802768166089965,0.3464052287581699,0.4271861249946602,0.3725490196078431,0.3936947327950788,0.7647058823529411,0.0553633217993079,0.5424836601307189,0.2093212012473835
Chinese,EURUSD,2002,1,0.4248366013071895,0.3308129351958648,0.4509803921568627,0.3014225297962323,0.5032679738562091,0.2467427057969157,0.3986928104575163,0.3615703361954803,0.3594771241830065,0.4102695544448715,0.3333333333333333,0.4444444444444445,0.2483660130718954,0.5649536503054381,0.6470588235294118,0.1245674740484428,0.4901960784313725,0.2599000384467512
Chinese,EURUSD,2003,1,0.5686274509803921,0.186082276047674,0.457516339869281,0.2942885215088214,0.2745098039215686,0.5263360246059208,0.3202614379084967,0.4620445127942245,0.6470588235294118,0.1245674740484428,0.3725490196078431,0.3936947327950788,0.392156862745098,0.3694732795078816,0.7581699346405228,0.0584817805117689,0.477124183006536,0.2733991199965824
Chinese,EURUSD,2004,1,0.5490196078431373,0.2033833141099576,0.5032679738562091,0.2467427057969157,0.1895424836601307,0.6568413857917895,0.8627450980392157,0.0188389081122645,0.4117647058823529,0.3460207612456747,0.3660130718954248,0.4019394250074757,0.3594771241830065,0.4102695544448715,0.8627450980392157,0.0188389081122645,0.4248366013071895,0.3308129351958648
Chinese,EURUSD,2005,1,0.6143790849673203,0.1487034901106411,0.6535947712418301,0.119996582511,0.3398692810457516,0.4357725661070528,0.8431372549019608,0.0246059207996924,0.5490196078431373,0.2033833141099576,0.3594771241830065,0.4102695544448715,0.2941176470588235,0.4982698961937715,0.7712418300653595,0.0523303003118458,0.392156862745098,0.3694732795078816
Chinese,EURUSD,2006,1,0.6862745098039216,0.0984236831987697,0.7777777777777778,0.0493827160493827,0.3464052287581699,0.4271861249946602,0.8300653594771242,0.028877782049639,0.4509803921568627,0.3014225297962323,0.5620915032679739,0.1917638515101029,0.3790849673202614,0.3855354778076808,0.8562091503267973,0.0206758084497415,0.4509803921568627,0.3014225297962323
Chinese,EURUSD,2007,1,0.7973856209150327,0.0410525866119868,0.6013071895424836,0.158955957110513,0.0915032679738562,0.8253663121021829,0.8823529411764706,0.0138408304498269,0.3986928104575163,0.3615703361954803,0.7843137254901961,0.0465205690119185,0.5032679738562091,0.2467427057969157,0.934640522875817,0.0042718612499466,0.6405228758169934,0.1292238028108847
Chinese,EURUSD,2008,1,0.8562091503267973,0.0206758084497415,0.6928104575163399,0.0943654150113204,0.5294117647058824,0.2214532871972318,0.9281045751633988,0.0051689521124353,0.5816993464052288,0.1749754367978127,0.803921568627451,0.0384467512495194,0.5163398692810458,0.2339271220470758,0.9411764705882352,0.0034602076124567,0.6274509803921569,0.1387927720107651
Chinese,EURUSD,2009,1,0.7712418300653595,0.0523303003118458,0.7647058823529411,0.0553633217993079,0.2091503267973856,0.6254432056046819,0.9215686274509804,0.0061514801999231,0.4313725490196078,0.3233371780084582,0.738562091503268,0.0683497799991456,0.4901960784313725,0.2599000384467512,0.9215686274509804,0.0061514801999231,0.6013071895424836,0.158955957110513
Chinese,EURUSD,2010,1,0.9019607843137256,0.0096116878123798,0.7189542483660131,0.0789867145115126,0.2026143790849673,0.6358238284420523,0.9869281045751634,0.0001708744499978,0.4836601307189542,0.2666068606091673,0.6601307189542484,0.1155111281985561,0.4967320261437908,0.253278653509334,0.9803921568627452,0.0003844675124951,0.6862745098039216,0.0984236831987697
Chinese,EURUSD,2011,1,0.954248366013072,0.0020932120124738,0.7254901960784313,0.075355632449058,0.3790849673202614,0.3855354778076808,0.9934640522875816,4.271861249946571e-05,0.7450980392156863,0.0649750096116878,0.6470588235294118,0.1245674740484428,0.6274509803921569,0.1387927720107651,0.9934640522875816,4.271861249946571e-05,0.8823529411764706,0.0138408304498269
Chinese,EURUSD,2012,1,0.7581699346405228,0.0584817805117689,0.9607843137254902,0.0015378700499807,0.8627450980392157,0.0188389081122645,0.9803921568627452,0.0003844675124951,0.8235294117647058,0.0311418685121107,0.6339869281045751,0.1339655687983254,0.1699346405228758,0.6890085010038873,0.9869281045751634,0.0001708744499978,0.0980392156862745,0.8135332564398309
Chinese,EURUSD,2013,1,0.6993464052287581,0.0903925840488701,0.9215686274509804,0.0061514801999231,0.9607843137254902,0.0015378700499807,0.9084967320261438,0.0083728480498953,0.7320261437908496,0.0718099876116024,0.5098039215686274,0.2402921953094964,0.130718954248366,0.7556495365030544,0.954248366013072,0.0020932120124738,0.065359477124183,0.8735529070015806
Chinese,EURUSD,2014,1,0.8366013071895425,0.0266991328121662,0.6209150326797386,0.1437054124482036,0.9411764705882352,0.0034602076124567,0.915032679738562,0.0072194455124097,0.6862745098039216,0.0984236831987697,0.4248366013071895,0.3308129351958648,0.0915032679738562,0.8253663121021829,0.9477124183006536,0.0027339911999658,0.0849673202614379,0.8372848049895338
Chinese,EURUSD,2015,1,0.7450980392156863,0.0649750096116878,0.5359477124183006,0.2153445256098082,0.9215686274509804,0.0061514801999231,0.9607843137254902,0.0015378700499807,0.6013071895424836,0.158955957110513,0.4444444444444444,0.308641975308642,0.1372549019607843,0.744329104190696,0.8104575163398693,0.0359263531120509,0.130718954248366,0.7556495365030544
Chinese,EURUSD,2016,1,0.6666666666666666,0.1111111111111111,0.4117647058823529,0.3460207612456747,0.5228758169934641,0.2276474860096543,0.9411764705882352,0.0034602076124567,0.6339869281045751,0.1339655687983254,0.392156862745098,0.3694732795078816,0.1895424836601307,0.6568413857917895,0.9607843137254902,0.0015378700499807,0.3202614379084967,0.4620445127942245
Chinese,EURUSD,2017,1,0.7254901960784313,0.075355632449058,0.2745098039215686,0.5263360246059208,0.3202614379084967,0.4620445127942245,0.7254901960784313,0.075355632449058,0.3660130718954248,0.4019394250074757,0.4183006535947712,0.3383741296082702,0.196078431372549,0.6462898885044214,0.9673202614379084,0.0010679653124866,0.4052287581699346,0.353752830108078
Chinese,EURUSD,2018,0,0.5947712418300654,0.353752830108078,0.1830065359477124,0.0334913921995813,0.1764705882352941,0.0311418685121107,0.8954248366013072,0.8017856380024777,0.2091503267973856,0.0437438591994532,0.3790849673202614,0.1437054124482036,0.3398692810457516,0.1155111281985561,0.869281045751634,0.7556495365030544,0.4967320261437908,0.2467427057969157
Chinese,EURUSD,2019,0,0.7124183006535948,0.5075398351061557,0.8954248366013072,0.8017856380024777,0.954248366013072,0.9105899440386176,0.7973856209150327,0.6358238284420523,0.9215686274509804,0.8492887351018837,0.4379084967320261,0.1917638515101029,0.4248366013071895,0.1804861378102439,0.8235294117647058,0.6782006920415224,0.0065359477124183,4.271861249946602e-05
Chinese,EURUSD,2020,0,0.4509803921568627,0.2033833141099577,0.7973856209150327,0.6358238284420523,0.8823529411764706,0.7785467128027681,0.4313725490196078,0.186082276047674,0.8627450980392157,0.744329104190696,0.457516339869281,0.2093212012473834,0.1633986928104575,0.0266991328121662,0.6797385620915033,0.4620445127942245,0.0196078431372549,0.0003844675124951
Chinese,EURUSD,2021,0,0.4313725490196078,0.186082276047674,0.9477124183006536,0.898158827801273,0.8562091503267973,0.7330941091033363,0.7124183006535948,0.5075398351061557,0.9411764705882352,0.8858131487889274,0.7516339869281046,0.5649536503054381,0.6993464052287581,0.4890853945063864,0.5686274509803921,0.3233371780084582,0.0130718954248366,0.0001708744499978
Chinese,EURUSD,2022,0,0.326797385620915,0.106796531248665,0.934640522875817,0.8735529070015806,0.9803921568627452,0.9611687812379852,0.803921568627451,0.6462898885044214,0.9869281045751634,0.9740270836003248,0.9215686274509804,0.8492887351018837,0.9477124183006536,0.898158827801273,0.8300653594771242,0.6890085010038874,0.0261437908496732,0.0006834977999914
Chinese,EURUSD,2023,0,0.2679738562091503,0.0718099876116023,0.915032679738562,0.8372848049895338,0.9934640522875816,0.9869708231876628,0.2287581699346405,0.0523303003118458,0.9607843137254902,0.9231064975009612,0.8954248366013072,0.8017856380024777,0.9281045751633988,0.8613781024392329,0.7843137254901961,0.6151480199923106,0.0392156862745098,0.0015378700499807
Chinese,EURUSD,2024,0,0.1699346405228758,0.028877782049639,0.8823529411764706,0.7785467128027681,0.9869281045751634,0.9740270836003248,0.6078431372549019,0.3694732795078815,0.934640522875817,0.8735529070015806,0.9411764705882352,0.8858131487889274,0.8954248366013072,0.8017856380024777,0.3006535947712418,0.09039258404887,0.0522875816993464,0.0027339911999658
Chinese,EURUSD,2025,0,0.1895424836601307,0.0359263531120509,0.8169934640522876,0.6674783203041565,0.9738562091503268,0.948395916100645,0.065359477124183,0.0042718612499466,0.7908496732026143,0.6254432056046819,0.9084967320261438,0.8253663121021829,0.8235294117647058,0.6782006920415224,0.4052287581699346,0.1642103464479473,0.1045751633986928,0.0109359647998633
Chinese,EURUSD,2026,0,0.2091503267973856,0.0437438591994532,0.7908496732026143,0.6254432056046819,0.9477124183006536,0.898158827801273,0.1372549019607843,0.0188389081122645,0.7189542483660131,0.5168952112435388,0.9869281045751634,0.9740270836003248,0.8366013071895425,0.6999017471912513,0.4836601307189542,0.2339271220470759,0.2026143790849673,0.0410525866119868
Chinese,EURUSD,2027,0,0.2222222222222222,0.0493827160493827,0.6666666666666666,0.4444444444444444,0.934640522875817,0.8735529070015806,0.1699346405228758,0.028877782049639,0.6601307189542484,0.4357725661070528,0.954248366013072,0.9105899440386176,0.9084967320261438,0.8253663121021829,0.5359477124183006,0.2872399504464095,0.326797385620915,0.106796531248665
Chinese,EURUSD,2028,0,0.0522875816993464,0.0027339911999658,0.4901960784313725,0.2402921953094963,0.915032679738562,0.8372848049895338,0.6143790849673203,0.3774616600452817,0.6209150326797386,0.3855354778076808,0.8627450980392157,0.744329104190696,0.8627450980392157,0.744329104190696,0.3529411764705882,0.1245674740484429,0.3856209150326797,0.1487034901106412
Chinese,EURUSD,2029,0,0.0326797385620915,0.0010679653124866,0.5294117647058824,0.2802768166089965,0.9019607843137256,0.8135332564398309,0.0196078431372549,0.0003844675124951,0.7647058823529411,0.5847750865051903,0.8431372549019608,0.7108804306036139,0.7254901960784313,0.5263360246059208,0.1503267973856209,0.0225981460122175,0.3464052287581699,0.119996582511
Chinese,EURUSD,2030,0,0.0980392156862745,0.0096116878123798,0.4444444444444444,0.1975308641975308,0.8431372549019608,0.7108804306036139,0.2352941176470588,0.0553633217993079,0.4248366013071895,0.1804861378102439,0.7777777777777778,0.6049382716049383,0.6797385620915033,0.4620445127942245,0.1568627450980392,0.0246059207996924,0.3986928104575163,0.158955957110513
Chinese,EURUSD,2031,0,0.130718954248366,0.0170874449997864,0.3071895424836601,0.0943654150113204,0.7777777777777778,0.6049382716049383,0.6405228758169934,0.4102695544448715,0.3202614379084967,0.1025673886112178,0.7581699346405228,0.5748216497928147,0.6209150326797386,0.3855354778076808,0.3137254901960784,0.0984236831987697,0.457516339869281,0.2093212012473834
Chinese,EURUSD,2032,0,0.2287581699346405,0.0523303003118458,0.4836601307189542,0.2339271220470759,0.7973856209150327,0.6358238284420523,0.326797385620915,0.106796531248665,0.261437908496732,0.0683497799991456,0.8300653594771242,0.6890085010038874,0.6405228758169934,0.4102695544448715,0.5620915032679739,0.3159468580460506,0.4379084967320261,0.1917638515101029
Chinese,EURUSD,2033,0,0.3660130718954248,0.1339655687983254,0.4183006535947712,0.1749754367978128,0.7124183006535948,0.5075398351061557,0.2679738562091503,0.0718099876116023,0.5032679738562091,0.253278653509334,0.6535947712418301,0.4271861249946602,0.6339869281045751,0.4019394250074757,0.4444444444444444,0.1975308641975308,0.5163398692810458,0.2666068606091675
Chinese,EURUSD,2034,0,0.3398692810457516,0.1155111281985561,0.3790849673202614,0.1437054124482036,0.6078431372549019,0.3694732795078815,0.3856209150326797,0.1487034901106412,0.457516339869281,0.2093212012473834,0.6666666666666666,0.4444444444444444,0.6601307189542484,0.4357725661070528,0.4705882352941176,0.2214532871972318,0.5490196078431373,0.3014225297962323
Chinese,EURUSD,2035,0,0.4444444444444444,0.1975308641975308,0.3529411764705882,0.1245674740484429,0.4967320261437908,0.2467427057969157,0.3660130718954248,0.1339655687983254,0.7058823529411765,0.4982698961937717,0.5490196078431373,0.3014225297962323,0.7581699346405228,0.5748216497928147,0.457516339869281,0.2093212012473834,0.5686274509803921,0.3233371780084582
Chinese,EURUSD,2036,0,0.5294117647058824,0.2802768166089965,0.326797385620915,0.106796531248665,0.3333333333333333,0.1111111111111111,0.3594771241830065,0.1292238028108847,0.5294117647058824,0.2802768166089965,0.5751633986928104,0.3308129351958648,0.738562091503268,0.5454739630056816,0.2745098039215686,0.075355632449058,0.6209150326797386,0.3855354778076808
Chinese,EURUSD,2037,0,0.4052287581699346,0.1642103464479473,0.2875816993464052,0.0827032337989662,0.2941176470588235,0.0865051903114186,0.1241830065359477,0.0154214191123072,0.3856209150326797,0.1487034901106412,0.673202614379085,0.453201760006835,0.673202614379085,0.453201760006835,0.196078431372549,0.0384467512495194,0.6666666666666666,0.4444444444444444
Chinese,EURUSD,2038,0,0.477124183006536,0.2276474860096544,0.1176470588235294,0.0138408304498269,0.0718954248366013,0.0051689521124353,0.5359477124183006,0.2872399504464095,0.392156862745098,0.1537870049980776,0.4836601307189542,0.2339271220470759,0.5620915032679739,0.3159468580460506,0.2091503267973856,0.0437438591994532,0.7516339869281046,0.5649536503054381
Chinese,EURUSD,2039,0,0.6078431372549019,0.3694732795078815,0.130718954248366,0.0170874449997864,0.0130718954248366,0.0001708744499978,0.4052287581699346,0.1642103464479473,0.4379084967320261,0.1917638515101029,0.5359477124183006,0.2872399504464095,0.5359477124183006,0.2872399504464095,0.5294117647058824,0.2802768166089965,0.7973856209150327,0.6358238284420523
Chinese,EURUSD,2040,0,0.7058823529411765,0.4982698961937717,0.1437908496732026,0.0206758084497415,0.1437908496732026,0.0206758084497415,0.2745098039215686,0.075355632449058,0.4901960784313725,0.2402921953094963,0.477124183006536,0.2276474860096544,0.5424836601307189,0.2942885215088213,0.5163398692810458,0.2666068606091675,0.8954248366013072,0.8017856380024777
Chinese,EURUSD,2041,0,0.803921568627451,0.6462898885044214,0.1241830065359477,0.0154214191123072,0.2222222222222222,0.0493827160493827,0.7516339869281046,0.5649536503054381,0.3398692810457516,0.1155111281985561,0.5882352941176471,0.3460207612456747,0.5882352941176471,0.3460207612456747,0.7189542483660131,0.5168952112435388,0.9019607843137256,0.8135332564398309
Chinese,EURUSD,2042,0,0.9411764705882352,0.8858131487889274,0.2222222222222222,0.0493827160493827,0.1176470588235294,0.0138408304498269,0.5882352941176471,0.3460207612456747,0.4052287581699346,0.1642103464479473,0.6143790849673203,0.3774616600452817,0.6535947712418301,0.4271861249946602,0.8366013071895425,0.6999017471912513,0.8888888888888888,0.7901234567901234
Chinese,EURUSD,2043,0,0.9673202614379084,0.9357084881883037,0.7124183006535948,0.5075398351061557,0.673202614379085,0.453201760006835,0.5947712418300654,0.353752830108078,0.7581699346405228,0.5748216497928147,0.7320261437908496,0.5358622751933017,0.915032679738562,0.8372848049895338,0.9019607843137256,0.8135332564398309,0.7189542483660131,0.5168952112435388
Chinese,EURUSD,2044,0,0.9803921568627452,0.9611687812379852,0.7516339869281046,0.5649536503054381,0.5424836601307189,0.2942885215088213,0.934640522875817,0.8735529070015806,0.7516339869281046,0.5649536503054381,0.7647058823529411,0.5847750865051903,0.8888888888888888,0.7901234567901234,0.9281045751633988,0.8613781024392329,0.7712418300653595,0.5948139604425648
Chinese,EURUSD,2045,0,0.9869281045751634,0.9740270836003248,0.6862745098039216,0.4709727028066128,0.0588235294117647,0.0034602076124567,0.954248366013072,0.9105899440386176,0.7712418300653595,0.5948139604425648,0.7189542483660131,0.5168952112435388,0.8300653594771242,0.6890085010038874,0.9738562091503268,0.948395916100645,0.8562091503267973,0.7330941091033363
Chinese,EURUSD,2046,0,0.9934640522875816,0.9869708231876628,0.5816993464052288,0.3383741296082703,0.1045751633986928,0.0109359647998633,0.9738562091503268,0.948395916100645,0.6143790849673203,0.3774616600452817,0.7712418300653595,0.5948139604425648,0.8169934640522876,0.6674783203041565,0.915032679738562,0.8372848049895338,0.8496732026143791,0.7219445512409757
Chinese,EURUSD,2047,0,0.9738562091503268,0.948395916100645,0.5163398692810458,0.2666068606091675,0.3006535947712418,0.09039258404887,0.869281045751634,0.7556495365030544,0.477124183006536,0.2276474860096544,0.6013071895424836,0.3615703361954803,0.6928104575163399,0.4799863300440001,0.8954248366013072,0.8017856380024777,0.9477124183006536,0.898158827801273
Chinese,EURUSD,2048,0,0.9607843137254902,0.9231064975009612,0.5882352941176471,0.3460207612456747,0.2352941176470588,0.0553633217993079,0.9477124183006536,0.898158827801273,0.5882352941176471,0.3460207612456747,0.7058823529411765,0.4982698961937717,0.7516339869281046,0.5649536503054381,0.9084967320261438,0.8253663121021829,0.9281045751633988,0.8613781024392329
Chinese,EURUSD,2049,0,0.9477124183006536,0.898158827801273,0.5098039215686274,0.2599000384467512,0.5098039215686274,0.2599000384467512,0.5751633986928104,0.3308129351958648,0.4444444444444444,0.1975308641975308,0.6405228758169934,0.4102695544448715,0.6143790849673203,0.3774616600452817,0.8823529411764706,0.7785467128027681,0.9673202614379084,0.9357084881883037
Chinese,EURUSD,2050,0,0.5751633986928104,0.3308129351958648,0.9281045751633988,0.8613781024392329,0.6601307189542484,0.4357725661070528,0.9019607843137256,0.8135332564398309,0.7973856209150327,0.6358238284420523,0.7908496732026143,0.6254432056046819,0.5751633986928104,0.3308129351958648,0.738562091503268,0.5454739630056816,0.4183006535947712,0.1749754367978128
Chinese,EURUSD,2051,0,0.5620915032679739,0.3159468580460506,0.8562091503267973,0.7330941091033363,0.6143790849673203,0.3774616600452817,0.6339869281045751,0.4019394250074757,0.7843137254901961,0.6151480199923106,0.8235294117647058,0.6782006920415224,0.6013071895424836,0.3615703361954803,0.6862745098039216,0.4709727028066128,0.5098039215686274,0.2599000384467512
Chinese,EURUSD,2052,0,0.6013071895424836,0.3615703361954803,0.7320261437908496,0.5358622751933017,0.6209150326797386,0.3855354778076808,0.7908496732026143,0.6254432056046819,0.5359477124183006,0.2872399504464095,0.7973856209150327,0.6358238284420523,0.5947712418300654,0.353752830108078,0.4640522875816993,0.2153445256098082,0.5947712418300654,0.353752830108078
Chinese,EURUSD,2053,0,0.4901960784313725,0.2402921953094963,0.6601307189542484,0.4357725661070528,0.2679738562091503,0.0718099876116023,0.477124183006536,0.2276474860096544,0.3790849673202614,0.1437054124482036,0.7450980392156863,0.5551710880430604,0.6078431372549019,0.3694732795078815,0.5424836601307189,0.2942885215088213,0.673202614379085,0.453201760006835
Chinese,EURUSD,2054,0,0.7189542483660131,0.5168952112435388,0.6470588235294118,0.4186851211072664,0.6535947712418301,0.4271861249946602,0.5098039215686274,0.2599000384467512,0.4183006535947712,0.1749754367978128,0.8366013071895425,0.6999017471912513,0.6862745098039216,0.4709727028066128,0.5228758169934641,0.2733991199965825,0.6993464052287581,0.4890853945063864
Chinese,EURUSD,2055,0,0.8758169934640523,0.7670554060404118,0.6405228758169934,0.4102695544448715,0.7254901960784313,0.5263360246059208,0.8366013071895425,0.6999017471912513,0.5098039215686274,0.2599000384467512,0.8496732026143791,0.7219445512409757,0.7124183006535948,0.5075398351061557,0.6209150326797386,0.3855354778076808,0.6797385620915033,0.4620445127942245
Chinese,EURUSD,2056,0,0.8888888888888888,0.7901234567901234,0.6339869281045751,0.4019394250074757,0.5163398692810458,0.2666068606091675,0.6993464052287581,0.4890853945063864,0.673202614379085,0.453201760006835,0.6862745098039216,0.4709727028066128,0.7647058823529411,0.5847750865051903,0.8496732026143791,0.7219445512409757,0.7058823529411765,0.4982698961937717
Chinese,EURUSD,2057,0,0.869281045751634,0.7556495365030544,0.6274509803921569,0.3936947327950788,0.392156862745098,0.1537870049980776,0.3137254901960784,0.0984236831987697,0.6797385620915033,0.4620445127942245,0.7124183006535948,0.5075398351061557,0.7908496732026143,0.6254432056046819,0.7516339869281046,0.5649536503054381,0.7320261437908496,0.5358622751933017
Chinese,EURUSD,2058,0,0.738562091503268,0.5454739630056816,0.5947712418300654,0.353752830108078,0.5751633986928104,0.3308129351958648,0.8758169934640523,0.7670554060404118,0.6928104575163399,0.4799863300440001,0.6797385620915033,0.4620445127942245,0.7973856209150327,0.6358238284420523,0.7058823529411765,0.4982698961937717,0.8104575163398693,0.6568413857917895
Chinese,EURUSD,2059,0,0.7843137254901961,0.6151480199923106,0.5620915032679739,0.3159468580460506,0.4901960784313725,0.2402921953094963,0.5228758169934641,0.2733991199965825,0.738562091503268,0.5454739630056816,0.6928104575163399,0.4799863300440001,0.7843137254901961,0.6151480199923106,0.3725490196078431,0.1387927720107651,0.7777777777777778,0.6049382716049383
Chinese,EURUSD,2060,0,0.934640522875817,0.8735529070015806,0.5490196078431373,0.3014225297962323,0.6274509803921569,0.3936947327950788,0.5294117647058824,0.2802768166089965,0.6405228758169934,0.4102695544448715,0.6209150326797386,0.3855354778076808,0.7777777777777778,0.6049382716049383,0.7908496732026143,0.6254432056046819,0.8169934640522876,0.6674783203041565
Chinese,EURUSD,2061,0,0.8104575163398693,0.6568413857917895,0.6143790849673203,0.3774616600452817,0.0392156862745098,0.0015378700499807,0.8104575163398693,0.6568413857917895,0.6078431372549019,0.3694732795078815,0.5424836601307189,0.2942885215088213,0.7450980392156863,0.5551710880430604,0.7777777777777778,0.6049382716049383,0.7908496732026143,0.6254432056046819
Chinese,EURUSD,2062,0,0.7777777777777778,0.6049382716049383,0.5555555555555556,0.308641975308642,0.130718954248366,0.0170874449997864,0.7189542483660131,0.5168952112435388,0.5620915032679739,0.3159468580460506,0.4705882352941176,0.2214532871972318,0.7058823529411765,0.4982698961937717,0.6339869281045751,0.4019394250074757,0.7647058823529411,0.5847750865051903
Chinese,EURUSD,2063,0,0.673202614379085,0.453201760006835,0.6078431372549019,0.3694732795078815,0.1633986928104575,0.0266991328121662,0.738562091503268,0.5454739630056816,0.6535947712418301,0.4271861249946602,0.4509803921568627,0.2033833141099577,0.7712418300653595,0.5948139604425648,0.3856209150326797,0.1487034901106412,0.8431372549019608,0.7108804306036139
Chinese,EURUSD,2064,0,0.8169934640522876,0.6674783203041565,0.673202614379085,0.453201760006835,0.0326797385620915,0.0010679653124866,0.7581699346405228,0.5748216497928147,0.6993464052287581,0.4890853945063864,0.5686274509803921,0.3233371780084582,0.7320261437908496,0.5358622751933017,0.4509803921568627,0.2033833141099577,0.8366013071895425,0.6999017471912513
Chinese,EURUSD,2065,0,0.7516339869281046,0.5649536503054381,0.738562091503268,0.5454739630056816,0.2549019607843137,0.0649750096116878,0.4379084967320261,0.1917638515101029,0.6274509803921569,0.3936947327950788,0.4967320261437908,0.2467427057969157,0.7189542483660131,0.5168952112435388,0.5555555555555556,0.308641975308642,0.8627450980392157,0.744329104190696
Chinese,EURUSD,2066,0,0.8431372549019608,0.7108804306036139,0.8235294117647058,0.6782006920415224,0.0980392156862745,0.0096116878123798,0.3790849673202614,0.1437054124482036,0.6666666666666666,0.4444444444444444,0.5032679738562091,0.253278653509334,0.6470588235294118,0.4186851211072664,0.392156862745098,0.1537870049980776,0.915032679738562,0.8372848049895338
Chinese,EURUSD,2067,0,0.8954248366013072,0.8017856380024777,0.803921568627451,0.6462898885044214,0.3986928104575163,0.158955957110513,0.5490196078431373,0.3014225297962323,0.5555555555555556,0.308641975308642,0.4117647058823529,0.1695501730103806,0.5555555555555556,0.308641975308642,0.3660130718954248,0.1339655687983254,0.9607843137254902,0.9231064975009612
Chinese,EURUSD,2068,0,0.8235294117647058,0.6782006920415224,0.6993464052287581,0.4890853945063864,0.4705882352941176,0.2214532871972318,0.3725490196078431,0.1387927720107651,0.326797385620915,0.106796531248665,0.3986928104575163,0.158955957110513,0.5098039215686274,0.2599000384467512,0.5947712418300654,0.353752830108078,0.9869281045751634,0.9740270836003248
Chinese,EURUSD,2069,0,0.915032679738562,0.8372848049895338,0.4705882352941176,0.2214532871972318,0.7058823529411765,0.4982698961937717,0.5555555555555556,0.308641975308642,0.3137254901960784,0.0984236831987697,0.3398692810457516,0.1155111281985561,0.4444444444444444,0.1975308641975308,0.6928104575163399,0.4799863300440001,0.9934640522875816,0.9869708231876628
Chinese,EURUSD,2070,0,0.6470588235294118,0.4186851211072664,0.4967320261437908,0.2467427057969157,0.3660130718954248,0.1339655687983254,0.8562091503267973,0.7330941091033363,0.1895424836601307,0.0359263531120509,0.3856209150326797,0.1487034901106412,0.2418300653594771,0.0584817805117689,0.8758169934640523,0.7670554060404118,0.7581699346405228,0.5748216497928147
Chinese,EURUSD,2071,0,0.6535947712418301,0.4271861249946602,0.8496732026143791,0.7219445512409757,0.2875816993464052,0.0827032337989662,0.6797385620915033,0.4620445127942245,0.803921568627451,0.6462898885044214,0.7254901960784313,0.5263360246059208,0.803921568627451,0.6462898885044214,0.8888888888888888,0.7901234567901234,0.2287581699346405,0.0523303003118458
Chinese,EURUSD,2072,0,0.7320261437908496,0.5358622751933017,0.8104575163398693,0.6568413857917895,0.3856209150326797,0.1487034901106412,0.8496732026143791,0.7219445512409757,0.8562091503267973,0.7330941091033363,0.5555555555555556,0.308641975308642,0.6666666666666666,0.4444444444444444,0.6601307189542484,0.4357725661070528,0.3006535947712418,0.09039258404887
Chinese,EURUSD,2073,0,0.6274509803921569,0.3936947327950788,0.7058823529411765,0.4982698961937717,0.4640522875816993,0.2153445256098082,0.0457516339869281,0.0020932120124738,0.8104575163398693,0.6568413857917895,0.6078431372549019,0.3694732795078815,0.5816993464052288,0.3383741296082703,0.673202614379085,0.453201760006835,0.2941176470588235,0.0865051903114186
Chinese,EURUSD,2074,0,0.5816993464052288,0.3383741296082703,0.5751633986928104,0.3308129351958648,0.803921568627451,0.6462898885044214,0.5686274509803921,0.3233371780084582,0.7777777777777778,0.6049382716049383,0.3529411764705882,0.1245674740484429,0.5686274509803921,0.3233371780084582,0.5816993464052288,0.3383741296082703,0.2810457516339869,0.0789867145115126
Chinese,EURUSD,2075,0,0.3725490196078431,0.1387927720107651,0.1895424836601307,0.0359263531120509,0.477124183006536,0.2276474860096544,0.5424836601307189,0.2942885215088213,0.2483660130718954,0.0616856764492289,0.2875816993464052,0.0827032337989662,0.2352941176470588,0.0553633217993079,0.1895424836601307,0.0359263531120509,0.5032679738562091,0.253278653509334
Chinese,EURUSD,2076,0,0.3202614379084967,0.1025673886112178,0.2156862745098039,0.0465205690119185,0.6470588235294118,0.4186851211072664,0.6535947712418301,0.4271861249946602,0.3071895424836601,0.0943654150113204,0.2745098039215686,0.075355632449058,0.2026143790849673,0.0410525866119868,0.2875816993464052,0.0827032337989662,0.4313725490196078,0.186082276047674
Chinese,EURUSD,2077,0,0.2549019607843137,0.0649750096116878,0.0588235294117647,0.0034602076124567,0.457516339869281,0.2093212012473834,0.1633986928104575,0.0266991328121662,0.1633986928104575,0.0266991328121662,0.1176470588235294,0.0138408304498269,0.1111111111111111,0.0123456790123456,0.1045751633986928,0.0109359647998633,0.5555555555555556,0.308641975308642
Chinese,EURUSD,2078,0,0.1503267973856209,0.0225981460122175,0.0392156862745098,0.0015378700499807,0.1503267973856209,0.0225981460122175,0.1437908496732026,0.0206758084497415,0.065359477124183,0.0042718612499466,0.0261437908496732,0.0006834977999914,0.0392156862745098,0.0015378700499807,0.1372549019607843,0.0188389081122645,0.738562091503268,0.5454739630056816
Chinese,EURUSD,2079,0,0.1111111111111111,0.0123456790123456,0.0784313725490196,0.0061514801999231,0.1241830065359477,0.0154214191123072,0.0718954248366013,0.0051689521124353,0.1111111111111111,0.0123456790123456,0.0588235294117647,0.0034602076124567,0.0326797385620915,0.0010679653124866,0.2679738562091503,0.0718099876116023,0.6078431372549019,0.3694732795078815
Chinese,EURUSD,2080,0,0.0849673202614379,0.0072194455124097,0.1111111111111111,0.0123456790123456,0.4509803921568627,0.2033833141099577,0.0588235294117647,0.0034602076124567,0.2026143790849673,0.0410525866119868,0.1111111111111111,0.0123456790123456,0.0196078431372549,0.0003844675124951,0.2222222222222222,0.0493827160493827,0.4640522875816993,0.2153445256098082
Chinese,EURUSD,2081,0,0.0392156862745098,0.0015378700499807,0.261437908496732,0.0683497799991456,0.5882352941176471,0.3460207612456747,0.1503267973856209,0.0225981460122175,0.3006535947712418,0.09039258404887,0.1045751633986928,0.0109359647998633,0.0065359477124183,4.271861249946602e-05,0.0915032679738562,0.0083728480498953,0.3594771241830065,0.1292238028108847
Chinese,EURUSD,2082,0,0.1045751633986928,0.0109359647998633,0.2287581699346405,0.0523303003118458,0.5620915032679739,0.3159468580460506,0.1895424836601307,0.0359263531120509,0.2549019607843137,0.0649750096116878,0.0980392156862745,0.0096116878123798,0.1241830065359477,0.0154214191123072,0.2418300653594771,0.0584817805117689,0.4705882352941176,0.2214532871972318
Normal 2019,USOIL,876,0,0.4031007751937984,0.1624902349618412,0.3798449612403101,0.1442821945796526,0.1860465116279069,0.0346133044889129,0.4806201550387597,0.2309957334294814,0.2403100775193798,0.0577489333573703,0.6356589147286822,0.404062255874046,0.4961240310077519,0.2461390541433808,0.6434108527131783,0.4139775253890992,0.8682170542635659,0.7538008533141037
Normal 2019,USOIL,877,0,0.4651162790697674,0.2163331530557057,0.3720930232558139,0.1384532179556517,0.2635658914728682,0.0694669791478877,0.4961240310077519,0.2461390541433808,0.4573643410852713,0.2091821404963643,0.627906976744186,0.3942671714440238,0.4418604651162791,0.1952406706327744,0.5193798449612403,0.269755423351962,0.8294573643410853,0.68799951925966
Normal 2019,USOIL,878,0,0.4573643410852713,0.2091821404963643,0.2945736434108527,0.0867736313923442,0.0930232558139534,0.0086533261222282,0.4186046511627907,0.1752298539751217,0.4263565891472868,0.1817799411093083,0.5038759689922481,0.2538909921278769,0.3643410852713178,0.1327444264166817,0.3255813953488372,0.1060032449972958,0.8062015503875969,0.6499609398473649
Normal 2019,USOIL,879,0,0.2868217054263566,0.0822666907036836,0.2790697674418604,0.077879935100054,0.2325581395348837,0.0540832882639264,0.3720930232558139,0.1384532179556517,0.3720930232558139,0.1384532179556517,0.4031007751937984,0.1624902349618412,0.3565891472868217,0.1271558199627426,0.4883720930232558,0.2385073012439156,0.7829457364341085,0.6130040262003484
Normal 2019,USOIL,880,0,0.3875968992248062,0.1502313562886846,0.3488372093023256,0.1216873985938345,0.3720930232558139,0.1384532179556517,0.5116279069767442,0.261763115197404,0.3178294573643411,0.1010155639685115,0.3798449612403101,0.1442821945796526,0.3410852713178294,0.1163391623099573,0.4496124031007752,0.2021513130220539,0.7674418604651163,0.588967009194159
Normal 2019,USOIL,881,0,0.4961240310077519,0.2461390541433808,0.3100775193798449,0.0961480680247581,0.3333333333333333,0.1111111111111111,0.5038759689922481,0.2538909921278769,0.3565891472868217,0.1271558199627426,0.3410852713178294,0.1163391623099573,0.2635658914728682,0.0694669791478877,0.4573643410852713,0.2091821404963643,0.7286821705426356,0.5309777056667268
Normal 2019,USOIL,882,0,0.3255813953488372,0.1060032449972958,0.2248062015503876,0.0505378282555134,0.2015503875968992,0.0406225587404603,0.5271317829457365,0.277867916591551,0.1627906976744186,0.0265008112493239,0.2403100775193798,0.0577489333573703,0.2248062015503876,0.0505378282555134,0.2945736434108527,0.0867736313923442,0.6744186046511628,0.4548404542996214
Normal 2019,USOIL,883,0,0.4806201550387597,0.2309957334294814,0.4651162790697674,0.2163331530557057,0.3875968992248062,0.1502313562886846,0.4263565891472868,0.1817799411093083,0.3100775193798449,0.0961480680247581,0.2480620155038759,0.0615347635358452,0.2790697674418604,0.077879935100054,0.3798449612403101,0.1442821945796526,0.689922480620155,0.4759930292650682
Normal 2019,USOIL,884,0,0.5658914728682171,0.32023315906496,0.6201550387596899,0.3845922720990325,0.2558139534883721,0.065440778799351,0.5503875968992248,0.3029265068205035,0.4496124031007752,0.2021513130220539,0.2945736434108527,0.0867736313923442,0.3023255813953488,0.0914007571660356,0.3720930232558139,0.1384532179556517,0.6821705426356589,0.4653566492398293
Normal 2019,USOIL,885,0,0.4186046511627907,0.1752298539751217,0.6356589147286822,0.404062255874046,0.6356589147286822,0.404062255874046,0.4728682170542636,0.2236043507000781,0.4108527131782946,0.168799951925966,0.3100775193798449,0.0961480680247581,0.5116279069767442,0.261763115197404,0.4728682170542636,0.2236043507000781,0.8914728682170543,0.7947238747671415
Normal 2019,USOIL,886,0,0.4728682170542636,0.2236043507000781,0.6124031007751938,0.3750375578390721,0.4108527131782946,0.168799951925966,0.6201550387596899,0.3845922720990325,0.5503875968992248,0.3029265068205035,0.3720930232558139,0.1384532179556517,0.6589147286821705,0.4341686196742984,0.5038759689922481,0.2538909921278769,0.9457364341085271,0.8944174028003125
Normal 2019,USOIL,887,0,0.4341085271317829,0.1884502133285259,0.6666666666666666,0.4444444444444444,0.689922480620155,0.4759930292650682,0.6821705426356589,0.4653566492398293,0.4961240310077519,0.2461390541433808,0.5193798449612403,0.269755423351962,0.689922480620155,0.4759930292650682,0.5813953488372093,0.3380205516495403,0.9844961240310076,0.9692326182320772
Normal 2019,USOIL,888,0,0.5193798449612403,0.269755423351962,0.5658914728682171,0.32023315906496,0.5891472868217055,0.3470945255693769,0.4418604651162791,0.1952406706327744,0.4031007751937984,0.1624902349618412,0.5968992248062015,0.3562886845742443,0.6976744186046512,0.486749594375338,0.6666666666666666,0.4444444444444444,0.992248062015504,0.9845562165735232
Normal 2019,USOIL,889,0,0.3798449612403101,0.1442821945796526,0.6511627906976745,0.4240129799891834,0.5736434108527132,0.3290667628147347,0.5426356589147286,0.2944534583258217,0.5348837209302325,0.2861005949161708,0.5658914728682171,0.32023315906496,0.6821705426356589,0.4653566492398293,0.5736434108527132,0.3290667628147347,0.9534883720930232,0.9091400757166036
Normal 2019,USOIL,890,0,0.5426356589147286,0.2944534583258217,0.5891472868217055,0.3470945255693769,0.5348837209302325,0.2861005949161708,0.7674418604651163,0.588967009194159,0.6201550387596899,0.3845922720990325,0.6589147286821705,0.4341686196742984,0.6666666666666666,0.4444444444444444,0.5891472868217055,0.3470945255693769,0.9689922480620154,0.9389459768042784
Normal 2019,USOIL,891,0,0.5736434108527132,0.3290667628147347,0.6046511627906976,0.3656030286641427,0.4496124031007752,0.2021513130220539,0.7131782945736435,0.5086232798509706,0.5581395348837209,0.3115197404002163,0.6434108527131783,0.4139775253890992,0.6434108527131783,0.4139775253890992,0.6046511627906976,0.3656030286641427,0.9612403100775194,0.9239829337179256
Normal 2019,USOIL,892,0,0.5271317829457365,0.277867916591551,0.6434108527131783,0.4139775253890992,0.5193798449612403,0.269755423351962,0.7054263565891473,0.4976263445706388,0.6124031007751938,0.3750375578390721,0.6046511627906976,0.3656030286641427,0.6511627906976745,0.4240129799891834,0.8527131782945736,0.7271197644372333,0.9767441860465116,0.9540292049756623
Normal 2019,USOIL,893,0,0.5348837209302325,0.2861005949161708,0.5968992248062015,0.3562886845742443,0.6046511627906976,0.3656030286641427,0.8372093023255814,0.7009194159004868,0.2325581395348837,0.0540832882639264,0.689922480620155,0.4759930292650682,0.6124031007751938,0.3750375578390721,0.627906976744186,0.3942671714440238,0.9302325581395348,0.8653326122228231
Normal 2019,USOIL,894,0,0.5813953488372093,0.3380205516495403,0.6744186046511628,0.4548404542996214,0.3488372093023256,0.1216873985938345,0.9224806201550388,0.8509704945616249,0.3023255813953488,0.0914007571660356,0.5271317829457365,0.277867916591551,0.5891472868217055,0.3470945255693769,0.9689922480620154,0.9389459768042784,0.9147286821705426,0.8367285619854575
Normal 2019,USOIL,895,0,0.6589147286821705,0.4341686196742984,0.6589147286821705,0.4341686196742984,0.8062015503875969,0.6499609398473649,0.9302325581395348,0.8653326122228231,0.627906976744186,0.3942671714440238,0.4573643410852713,0.2091821404963643,0.6046511627906976,0.3656030286641427,0.8914728682170543,0.7947238747671415,0.9069767441860463,0.8226068144943212
Normal 2019,USOIL,896,0,0.6434108527131783,0.4139775253890992,0.5193798449612403,0.269755423351962,0.7751937984496124,0.6009254251547383,0.9147286821705426,0.8367285619854575,0.4806201550387597,0.2309957334294814,0.2868217054263566,0.0822666907036836,0.5813953488372093,0.3380205516495403,0.9224806201550388,0.8509704945616249,0.9224806201550388,0.8509704945616249
Normal 2019,USOIL,897,0,0.4418604651162791,0.1952406706327744,0.4573643410852713,0.2091821404963643,0.5503875968992248,0.3029265068205035,0.8449612403100775,0.7139594976263445,0.3643410852713178,0.1327444264166817,0.2635658914728682,0.0694669791478877,0.5658914728682171,0.32023315906496,0.8992248062015504,0.8086052520882159,0.937984496124031,0.8798149149690524
Normal 2019,USOIL,898,0,0.9224806201550388,0.8509704945616249,0.7364341085271318,0.5423351962021513,0.8914728682170543,0.7947238747671415,0.2403100775193798,0.0577489333573703,0.7364341085271318,0.5423351962021513,0.5426356589147286,0.2944534583258217,0.0310077519379844,0.0009614806802475,0.813953488372093,0.662520281233099,0.1162790697674418,0.0135208220659816
Normal 2019,USOIL,899,0,0.8372093023255814,0.7009194159004868,0.7286821705426356,0.5309777056667268,0.813953488372093,0.662520281233099,0.6046511627906976,0.3656030286641427,0.7054263565891473,0.4976263445706388,0.5116279069767442,0.261763115197404,0.0387596899224806,0.0015023135628868,0.3100775193798449,0.0961480680247581,0.2248062015503876,0.0505378282555134
Normal 2019,USOIL,900,0,0.7596899224806202,0.5771287783186106,0.7209302325581395,0.519740400216333,0.9534883720930232,0.9091400757166036,0.6744186046511628,0.4548404542996214,0.6821705426356589,0.4653566492398293,0.3565891472868217,0.1271558199627426,0.0232558139534883,0.0005408328826392,0.3643410852713178,0.1327444264166817,0.2325581395348837,0.0540832882639264
Normal 2019,USOIL,901,0,0.6976744186046512,0.486749594375338,0.7131782945736435,0.5086232798509706,0.6744186046511628,0.4548404542996214,0.5968992248062015,0.3562886845742443,0.6744186046511628,0.4548404542996214,0.4806201550387597,0.2309957334294814,0.0155038759689922,0.0002403701700618,0.3953488372093023,0.1563007030827474,0.2403100775193798,0.0577489333573703
Normal 2019,USOIL,902,0,0.5581395348837209,0.3115197404002163,0.689922480620155,0.4759930292650682,0.5581395348837209,0.3115197404002163,0.7286821705426356,0.5309777056667268,0.6046511627906976,0.3656030286641427,0.2093023255813953,0.0438074634937804,0.0077519379844961,6.009254251547383e-05,0.3178294573643411,0.1010155639685115,0.2480620155038759,0.0615347635358452
Normal 2019,USOIL,903,0,0.7751937984496124,0.6009254251547383,0.751937984496124,0.5654107325280933,0.8527131782945736,0.7271197644372333,0.6356589147286822,0.404062255874046,0.7286821705426356,0.5309777056667268,0.3875968992248062,0.1502313562886846,0.3100775193798449,0.0961480680247581,0.8449612403100775,0.7139594976263445,0.1550387596899224,0.0240370170061895
Normal 2019,USOIL,904,0,0.8527131782945736,0.7271197644372333,0.8217054263565892,0.675199807703864,0.7209302325581395,0.519740400216333,0.9534883720930232,0.9091400757166036,0.8992248062015504,0.8086052520882159,0.813953488372093,0.662520281233099,0.8604651162790697,0.740400216333153,0.7054263565891473,0.4976263445706388,0.0232558139534883,0.0005408328826392
Normal 2019,USOIL,905,0,0.8914728682170543,0.7947238747671415,0.8449612403100775,0.7139594976263445,0.7596899224806202,0.5771287783186106,0.8527131782945736,0.7271197644372333,0.8837209302325582,0.7809626825310979,0.7209302325581395,0.519740400216333,0.8372093023255814,0.7009194159004868,0.6124031007751938,0.3750375578390721,0.0310077519379844,0.0009614806802475
Normal 2019,USOIL,906,0,0.875968992248062,0.7673216753800853,0.8372093023255814,0.7009194159004868,0.8837209302325582,0.7809626825310979,0.813953488372093,0.662520281233099,0.8682170542635659,0.7538008533141037,0.9689922480620154,0.9389459768042784,0.8294573643410853,0.68799951925966,0.3875968992248062,0.1502313562886846,0.0465116279069767,0.002163331530557
Normal 2019,USOIL,907,0,0.9767441860465116,0.9540292049756623,0.9069767441860463,0.8226068144943212,0.7829457364341085,0.6130040262003484,0.751937984496124,0.5654107325280933,0.8604651162790697,0.740400216333153,0.9767441860465116,0.9540292049756623,0.8527131782945736,0.7271197644372333,0.7209302325581395,0.519740400216333,0.0077519379844961,6.009254251547383e-05
Normal 2019,USOIL,908,0,0.9844961240310076,0.9692326182320772,0.9612403100775194,0.9239829337179256,0.7441860465116279,0.5538128718226067,0.8837209302325582,0.7809626825310979,0.8914728682170543,0.7947238747671415,0.992248062015504,0.9845562165735232,0.8992248062015504,0.8086052520882159,0.937984496124031,0.8798149149690524,0.0155038759689922,0.0002403701700618
Normal 2019,USOIL,909,0,0.992248062015504,0.9845562165735232,0.9844961240310076,0.9692326182320772,0.8682170542635659,0.7538008533141037,0.7906976744186046,0.6252028123309896,0.9069767441860463,0.8226068144943212,0.9534883720930232,0.9091400757166036,0.9147286821705426,0.8367285619854575,0.8372093023255814,0.7009194159004868,0.0387596899224806,0.0015023135628868
Normal 2019,USOIL,910,0,0.9689922480620154,0.9389459768042784,0.8294573643410853,0.68799951925966,0.8294573643410853,0.68799951925966,0.9069767441860463,0.8226068144943212,0.7829457364341085,0.6130040262003484,0.7906976744186046,0.6252028123309896,0.6744186046511628,0.4548404542996214,0.6511627906976745,0.4240129799891834,0.1937984496124031,0.0375578390721711
Normal 2019,USOIL,911,0,0.937984496124031,0.8798149149690524,0.875968992248062,0.7673216753800853,0.8604651162790697,0.740400216333153,0.7829457364341085,0.6130040262003484,0.7751937984496124,0.6009254251547383,0.8992248062015504,0.8086052520882159,0.7131782945736435,0.5086232798509706,0.4341085271317829,0.1884502133285259,0.2170542635658914,0.0471125533321314
Normal 2019,USOIL,912,0,0.8449612403100775,0.7139594976263445,0.9534883720930232,0.9091400757166036,0.8449612403100775,0.7139594976263445,0.5348837209302325,0.2861005949161708,0.813953488372093,0.662520281233099,0.8604651162790697,0.740400216333153,0.8062015503875969,0.6499609398473649,0.4186046511627907,0.1752298539751217,0.2093023255813953,0.0438074634937804
Normal 2019,USOIL,913,0,0.8837209302325582,0.7809626825310979,0.9767441860465116,0.9540292049756623,0.875968992248062,0.7673216753800853,0.8294573643410853,0.68799951925966,0.8217054263565892,0.675199807703864,0.8062015503875969,0.6499609398473649,0.8217054263565892,0.675199807703864,0.7596899224806202,0.5771287783186106,0.2015503875968992,0.0406225587404603
Normal 2019,USOIL,914,0,0.8682170542635659,0.7538008533141037,0.992248062015504,0.9845562165735232,0.8217054263565892,0.675199807703864,0.9457364341085271,0.8944174028003125,0.8294573643410853,0.68799951925966,0.875968992248062,0.7673216753800853,0.8449612403100775,0.7139594976263445,0.6821705426356589,0.4653566492398293,0.1860465116279069,0.0346133044889129
Normal 2019,USOIL,915,0,0.8217054263565892,0.675199807703864,0.9689922480620154,0.9389459768042784,0.7984496124031008,0.6375217835466618,0.6434108527131783,0.4139775253890992,0.8372093023255814,0.7009194159004868,0.8527131782945736,0.7271197644372333,0.875968992248062,0.7673216753800853,0.689922480620155,0.4759930292650682,0.1782945736434108,0.0317889549906856
Normal 2019,USOIL,916,0,0.813953488372093,0.662520281233099,0.9457364341085271,0.8944174028003125,0.9224806201550388,0.8509704945616249,0.6124031007751938,0.3750375578390721,0.8527131782945736,0.7271197644372333,0.9302325581395348,0.8653326122228231,0.8837209302325582,0.7809626825310979,0.8062015503875969,0.6499609398473649,0.1705426356589147,0.0290847905774893
Normal 2019,USOIL,917,0,0.7984496124031008,0.6375217835466618,0.9224806201550388,0.8509704945616249,0.8372093023255814,0.7009194159004868,0.627906976744186,0.3942671714440238,0.8449612403100775,0.7139594976263445,0.7984496124031008,0.6375217835466618,0.8682170542635659,0.7538008533141037,0.5116279069767442,0.261763115197404,0.1627906976744186,0.0265008112493239
Normal 2019,USOIL,918,0,0.8062015503875969,0.6499609398473649,0.8914728682170543,0.7947238747671415,0.7674418604651163,0.588967009194159,0.8682170542635659,0.7538008533141037,0.875968992248062,0.7673216753800853,0.8914728682170543,0.7947238747671415,0.8914728682170543,0.7947238747671415,0.7131782945736435,0.5086232798509706,0.1472868217054263,0.021693407848086
Normal 2019,USOIL,919,0,0.8992248062015504,0.8086052520882159,0.9302325581395348,0.8653326122228231,0.8992248062015504,0.8086052520882159,0.7364341085271318,0.5423351962021513,0.9147286821705426,0.8367285619854575,0.9844961240310076,0.9692326182320772,0.9302325581395348,0.8653326122228231,0.5503875968992248,0.3029265068205035,0.1395348837209302,0.0194699837750135
Normal 2019,USOIL,920,0,0.8604651162790697,0.740400216333153,0.937984496124031,0.8798149149690524,0.9147286821705426,0.8367285619854575,0.689922480620155,0.4759930292650682,0.9224806201550388,0.8509704945616249,0.9612403100775194,0.9239829337179256,0.9457364341085271,0.8944174028003125,0.7674418604651163,0.588967009194159,0.1240310077519379,0.0153836908839613
Normal 2019,USOIL,921,0,0.9069767441860463,0.8226068144943212,0.9147286821705426,0.8367285619854575,0.9767441860465116,0.9540292049756623,0.8062015503875969,0.6499609398473649,0.9457364341085271,0.8944174028003125,0.8449612403100775,0.7139594976263445,0.937984496124031,0.8798149149690524,0.7286821705426356,0.5309777056667268,0.1317829457364341,0.0173667447869719
Normal 2019,USOIL,922,0,0.9302325581395348,0.8653326122228231,0.8992248062015504,0.8086052520882159,0.9689922480620154,0.9389459768042784,0.9689922480620154,0.9389459768042784,0.9534883720930232,0.9091400757166036,0.9457364341085271,0.8944174028003125,0.9534883720930232,0.9091400757166036,0.8294573643410853,0.68799951925966,0.1085271317829457,0.0117781383330328
Normal 2019,USOIL,923,0,0.9612403100775194,0.9239829337179256,0.8837209302325582,0.7809626825310979,0.9457364341085271,0.8944174028003125,0.8914728682170543,0.7947238747671415,0.9612403100775194,0.9239829337179256,0.9147286821705426,0.8367285619854575,0.9689922480620154,0.9389459768042784,0.7984496124031008,0.6375217835466618,0.1007751937984496,0.010155639685115
Normal 2019,USOIL,924,0,0.9457364341085271,0.8944174028003125,0.8604651162790697,0.740400216333153,0.9844961240310076,0.9692326182320772,0.8604651162790697,0.740400216333153,0.9302325581395348,0.8653326122228231,0.8217054263565892,0.675199807703864,0.9844961240310076,0.9692326182320772,0.8217054263565892,0.675199807703864,0.0930232558139534,0.0086533261222282
Normal 2019,USOIL,925,0,0.9534883720930232,0.9091400757166036,0.8682170542635659,0.7538008533141037,0.9612403100775194,0.9239829337179256,0.5581395348837209,0.3115197404002163,0.9689922480620154,0.9389459768042784,0.937984496124031,0.8798149149690524,0.992248062015504,0.9845562165735232,0.751937984496124,0.5654107325280933,0.0852713178294573,0.0072711976443723
Normal 2019,USOIL,926,0,0.9147286821705426,0.8367285619854575,0.8527131782945736,0.7271197644372333,0.992248062015504,0.9845562165735232,0.7596899224806202,0.5771287783186106,0.992248062015504,0.9845562165735232,0.7674418604651163,0.588967009194159,0.9767441860465116,0.9540292049756623,0.8604651162790697,0.740400216333153,0.0542635658914728,0.0029445345832582
Normal 2019,USOIL,927,0,0.8294573643410853,0.68799951925966,0.813953488372093,0.662520281233099,0.937984496124031,0.8798149149690524,0.6976744186046512,0.486749594375338,0.9844961240310076,0.9692326182320772,0.7751937984496124,0.6009254251547383,0.9612403100775194,0.9239829337179256,0.7751937984496124,0.6009254251547383,0.0620155038759689,0.0038459227209903
Normal 2019,USOIL,928,0,0.7906976744186046,0.6252028123309896,0.8062015503875969,0.6499609398473649,0.9302325581395348,0.8653326122228231,0.5658914728682171,0.32023315906496,0.937984496124031,0.8798149149690524,0.6124031007751938,0.3750375578390721,0.9224806201550388,0.8509704945616249,0.8837209302325582,0.7809626825310979,0.0697674418604651,0.0048674959437533
Normal 2019,USOIL,929,0,0.7674418604651163,0.588967009194159,0.7906976744186046,0.6252028123309896,0.9069767441860463,0.8226068144943212,0.3953488372093023,0.1563007030827474,0.9767441860465116,0.9540292049756623,0.4651162790697674,0.2163331530557057,0.9069767441860463,0.8226068144943212,0.1860465116279069,0.0346133044889129,0.0775193798449612,0.0060092542515473
Normal 2019,USOIL,930,0,0.2480620155038759,0.0615347635358452,0.7596899224806202,0.5771287783186106,0.7906976744186046,0.6252028123309896,0.3023255813953488,0.0914007571660356,0.7596899224806202,0.5771287783186106,0.4263565891472868,0.1817799411093083,0.7054263565891473,0.4976263445706388,0.1472868217054263,0.021693407848086,0.2713178294573643,0.0736133645814554
Normal 2019,USOIL,931,0,0.4263565891472868,0.1817799411093083,0.7441860465116279,0.5538128718226067,0.6976744186046512,0.486749594375338,0.2945736434108527,0.0867736313923442,0.7674418604651163,0.588967009194159,0.7596899224806202,0.5771287783186106,0.7596899224806202,0.5771287783186106,0.1705426356589147,0.0290847905774893,0.2868217054263566,0.0822666907036836
Normal 2019,USOIL,932,0,0.3720930232558139,0.1384532179556517,0.7751937984496124,0.6009254251547383,0.751937984496124,0.5654107325280933,0.2170542635658914,0.0471125533321314,0.7984496124031008,0.6375217835466618,0.8682170542635659,0.7538008533141037,0.7829457364341085,0.6130040262003484,0.3023255813953488,0.0914007571660356,0.2790697674418604,0.077879935100054
Normal 2019,USOIL,933,0,0.5968992248062015,0.3562886845742443,0.7829457364341085,0.6130040262003484,0.6434108527131783,0.4139775253890992,0.5193798449612403,0.269755423351962,0.8062015503875969,0.6499609398473649,0.9224806201550388,0.8509704945616249,0.7984496124031008,0.6375217835466618,0.2403100775193798,0.0577489333573703,0.2635658914728682,0.0694669791478877
Normal 2019,USOIL,934,0,0.627906976744186,0.3942671714440238,0.7674418604651163,0.588967009194159,0.5658914728682171,0.32023315906496,0.4496124031007752,0.2021513130220539,0.7906976744186046,0.6252028123309896,0.9069767441860463,0.8226068144943212,0.7906976744186046,0.6252028123309896,0.4031007751937984,0.1624902349618412,0.2558139534883721,0.065440778799351
Normal 2019,USOIL,935,0,0.7131782945736435,0.5086232798509706,0.5348837209302325,0.2861005949161708,0.7364341085271318,0.5423351962021513,0.7441860465116279,0.5538128718226067,0.7209302325581395,0.519740400216333,0.8837209302325582,0.7809626825310979,0.7286821705426356,0.5309777056667268,0.5581395348837209,0.3115197404002163,0.3488372093023256,0.1216873985938345
Normal 2019,USOIL,936,0,0.7441860465116279,0.5538128718226067,0.4883720930232558,0.2385073012439156,0.3565891472868217,0.1271558199627426,0.9612403100775194,0.9239829337179256,0.7441860465116279,0.5538128718226067,0.8294573643410853,0.68799951925966,0.7209302325581395,0.519740400216333,0.7441860465116279,0.5538128718226067,0.3565891472868217,0.1271558199627426
Normal 2019,USOIL,937,0,0.689922480620155,0.4759930292650682,0.5813953488372093,0.3380205516495403,0.6511627906976745,0.4240129799891834,0.6589147286821705,0.4341686196742984,0.7131782945736435,0.5086232798509706,0.7829457364341085,0.6130040262003484,0.751937984496124,0.5654107325280933,0.7364341085271318,0.5423351962021513,0.3333333333333333,0.1111111111111111
Normal 2019,USOIL,938,0,0.5891472868217055,0.3470945255693769,0.5116279069767442,0.261763115197404,0.6589147286821705,0.4341686196742984,0.3643410852713178,0.1327444264166817,0.6976744186046512,0.486749594375338,0.7054263565891473,0.4976263445706388,0.7364341085271318,0.5423351962021513,0.6744186046511628,0.4548404542996214,0.3255813953488372,0.1060032449972958
Normal 2019,USOIL,939,0,0.5116279069767442,0.261763115197404,0.4728682170542636,0.2236043507000781,0.4341085271317829,0.1884502133285259,0.7209302325581395,0.519740400216333,0.6511627906976745,0.4240129799891834,0.6201550387596899,0.3845922720990325,0.7441860465116279,0.5538128718226067,0.4961240310077519,0.2461390541433808,0.3410852713178294,0.1163391623099573
Normal 2019,USOIL,940,0,0.6201550387596899,0.3845922720990325,0.5038759689922481,0.2538909921278769,0.627906976744186,0.3942671714440238,0.4883720930232558,0.2385073012439156,0.6434108527131783,0.4139775253890992,0.7286821705426356,0.5309777056667268,0.7674418604651163,0.588967009194159,0.7906976744186046,0.6252028123309896,0.3798449612403101,0.1442821945796526
Normal 2019,USOIL,941,0,0.5503875968992248,0.3029265068205035,0.4496124031007752,0.2021513130220539,0.1162790697674418,0.0135208220659816,0.5813953488372093,0.3380205516495403,0.5891472868217055,0.3470945255693769,0.6976744186046512,0.486749594375338,0.7751937984496124,0.6009254251547383,0.8682170542635659,0.7538008533141037,0.3953488372093023,0.1563007030827474
Normal 2019,USOIL,942,0,0.4496124031007752,0.2021513130220539,0.0465116279069767,0.002163331530557,0.5426356589147286,0.2944534583258217,0.2325581395348837,0.0540832882639264,0.2790697674418604,0.077879935100054,0.3333333333333333,0.1111111111111111,0.627906976744186,0.3942671714440238,0.3410852713178294,0.1163391623099573,0.4186046511627907,0.1752298539751217
Normal 2019,USOIL,943,0,0.4883720930232558,0.2385073012439156,0.1472868217054263,0.021693407848086,0.4263565891472868,0.1817799411093083,0.4108527131782946,0.168799951925966,0.2558139534883721,0.065440778799351,0.3023255813953488,0.0914007571660356,0.5736434108527132,0.3290667628147347,0.5968992248062015,0.3562886845742443,0.4263565891472868,0.1817799411093083
Normal 2019,USOIL,944,0,0.7054263565891473,0.4976263445706388,0.1317829457364341,0.0173667447869719,0.0232558139534883,0.0005408328826392,0.5891472868217055,0.3470945255693769,0.3410852713178294,0.1163391623099573,0.5581395348837209,0.3115197404002163,0.5193798449612403,0.269755423351962,0.4418604651162791,0.1952406706327744,0.4418604651162791,0.1952406706327744
Normal 2019,USOIL,945,0,0.6124031007751938,0.3750375578390721,0.1007751937984496,0.010155639685115,0.1705426356589147,0.0290847905774893,0.4573643410852713,0.2091821404963643,0.1782945736434108,0.0317889549906856,0.4341085271317829,0.1884502133285259,0.4883720930232558,0.2385073012439156,0.9767441860465116,0.9540292049756623,0.4728682170542636,0.2236043507000781
Normal 2019,USOIL,946,0,0.2790697674418604,0.077879935100054,0.3023255813953488,0.0914007571660356,0.2403100775193798,0.0577489333573703,0.3565891472868217,0.1271558199627426,0.3875968992248062,0.1502313562886846,0.1860465116279069,0.0346133044889129,0.4651162790697674,0.2163331530557057,0.6976744186046512,0.486749594375338,0.5736434108527132,0.3290667628147347
Normal 2019,USOIL,947,0,0.3565891472868217,0.1271558199627426,0.2015503875968992,0.0406225587404603,0.1317829457364341,0.0173667447869719,0.2558139534883721,0.065440778799351,0.2093023255813953,0.0438074634937804,0.1627906976744186,0.0265008112493239,0.4806201550387597,0.2309957334294814,0.6356589147286822,0.404062255874046,0.5891472868217055,0.3470945255693769
Normal 2019,USOIL,948,0,0.3333333333333333,0.1111111111111111,0.0852713178294573,0.0072711976443723,0.3643410852713178,0.1327444264166817,0.3178294573643411,0.1010155639685115,0.2248062015503876,0.0505378282555134,0.1782945736434108,0.0317889549906856,0.4341085271317829,0.1884502133285259,0.4806201550387597,0.2309957334294814,0.6356589147286822,0.404062255874046
Normal 2019,USOIL,949,0,0.3178294573643411,0.1010155639685115,0.1162790697674418,0.0135208220659816,0.5038759689922481,0.2538909921278769,0.5736434108527132,0.3290667628147347,0.1162790697674418,0.0135208220659816,0.2325581395348837,0.0540832882639264,0.4573643410852713,0.2091821404963643,0.6589147286821705,0.4341686196742984,0.6124031007751938,0.3750375578390721
Normal 2019,USOIL,950,0,0.3100775193798449,0.0961480680247581,0.1550387596899224,0.0240370170061895,0.0077519379844961,6.009254251547383e-05,0.3410852713178294,0.1163391623099573,0.1550387596899224,0.0240370170061895,0.2170542635658914,0.0471125533321314,0.4263565891472868,0.1817799411093083,0.6201550387596899,0.3845922720990325,0.627906976744186,0.3942671714440238
Normal 2019,USOIL,951,0,0.6356589147286822,0.404062255874046,0.3643410852713178,0.1327444264166817,0.0465116279069767,0.002163331530557,0.8217054263565892,0.675199807703864,0.2945736434108527,0.0867736313923442,0.4728682170542636,0.2236043507000781,0.5503875968992248,0.3029265068205035,0.9147286821705426,0.8367285619854575,0.6046511627906976,0.3656030286641427
Normal 2019,USOIL,952,0,0.6046511627906976,0.3656030286641427,0.2868217054263566,0.0822666907036836,0.0310077519379844,0.0009614806802475,0.6666666666666666,0.4444444444444444,0.3798449612403101,0.1442821945796526,0.4418604651162791,0.1952406706327744,0.5271317829457365,0.277867916591551,0.9457364341085271,0.8944174028003125,0.7131782945736435,0.5086232798509706
Normal 2019,USOIL,953,0,0.6511627906976745,0.4240129799891834,0.3333333333333333,0.1111111111111111,0.1007751937984496,0.010155639685115,0.8992248062015504,0.8086052520882159,0.4883720930232558,0.2385073012439156,0.4961240310077519,0.2461390541433808,0.5426356589147286,0.2944534583258217,0.9069767441860463,0.8226068144943212,0.813953488372093,0.662520281233099
Normal 2019,USOIL,954,0,0.6666666666666666,0.4444444444444444,0.3953488372093023,0.1563007030827474,0.3410852713178294,0.1163391623099573,0.937984496124031,0.8798149149690524,0.4728682170542636,0.2236043507000781,0.4883720930232558,0.2385073012439156,0.5581395348837209,0.3115197404002163,0.9844961240310076,0.9692326182320772,0.7984496124031008,0.6375217835466618
Normal 2019,USOIL,955,0,0.751937984496124,0.5654107325280933,0.5736434108527132,0.3290667628147347,0.7286821705426356,0.5309777056667268,0.992248062015504,0.9845562165735232,0.6356589147286822,0.404062255874046,0.7441860465116279,0.5538128718226067,0.6201550387596899,0.3845922720990325,0.992248062015504,0.9845562165735232,0.5968992248062015,0.3562886845742443
Normal 2019,USOIL,956,0,0.6744186046511628,0.4548404542996214,0.3410852713178294,0.1163391623099573,0.4186046511627907,0.1752298539751217,0.9767441860465116,0.9540292049756623,0.5193798449612403,0.269755423351962,0.4496124031007752,0.2021513130220539,0.4728682170542636,0.2236043507000781,0.875968992248062,0.7673216753800853,0.7209302325581395,0.519740400216333
Normal 2019,USOIL,957,0,0.7209302325581395,0.519740400216333,0.2635658914728682,0.0694669791478877,0.4573643410852713,0.2091821404963643,0.9844961240310076,0.9692326182320772,0.5271317829457365,0.277867916591551,0.5891472868217055,0.3470945255693769,0.5038759689922481,0.2538909921278769,0.9612403100775194,0.9239829337179256,0.6976744186046512,0.486749594375338
Normal 2019,USOIL,958,0,0.7286821705426356,0.5309777056667268,0.3178294573643411,0.1010155639685115,0.3953488372093023,0.1563007030827474,0.7751937984496124,0.6009254251547383,0.4651162790697674,0.2163331530557057,0.5736434108527132,0.3290667628147347,0.5348837209302325,0.2861005949161708,0.7829457364341085,0.6130040262003484,0.6666666666666666,0.4444444444444444
Normal 2019,USOIL,959,0,0.6821705426356589,0.4653566492398293,0.2713178294573643,0.0736133645814554,0.7131782945736435,0.5086232798509706,0.7984496124031008,0.6375217835466618,0.5813953488372093,0.3380205516495403,0.6744186046511628,0.4548404542996214,0.5968992248062015,0.3562886845742443,0.9534883720930232,0.9091400757166036,0.6201550387596899,0.3845922720990325
Normal 2019,USOIL,960,0,0.7364341085271318,0.5423351962021513,0.3565891472868217,0.1271558199627426,0.2868217054263566,0.0822666907036836,0.875968992248062,0.7673216753800853,0.5658914728682171,0.32023315906496,0.6511627906976745,0.4240129799891834,0.6356589147286822,0.404062255874046,0.9302325581395348,0.8653326122228231,0.5813953488372093,0.3380205516495403
Normal 2019,USOIL,961,0,0.3953488372093023,0.1563007030827474,0.2170542635658914,0.0471125533321314,0.4418604651162791,0.1952406706327744,0.4341085271317829,0.1884502133285259,0.2015503875968992,0.0406225587404603,0.3643410852713178,0.1327444264166817,0.4496124031007752,0.2021513130220539,0.5658914728682171,0.32023315906496,0.7596899224806202,0.5771287783186106
Normal 2019,USOIL,962,0,0.5038759689922481,0.2538909921278769,0.1240310077519379,0.0153836908839613,0.1937984496124031,0.0375578390721711,0.1007751937984496,0.010155639685115,0.2170542635658914,0.0471125533321314,0.3953488372093023,0.1563007030827474,0.4108527131782946,0.168799951925966,0.5348837209302325,0.2861005949161708,0.7751937984496124,0.6009254251547383
Normal 2019,USOIL,963,0,0.2403100775193798,0.0577489333573703,0.5503875968992248,0.3029265068205035,0.2248062015503876,0.0505378282555134,0.4031007751937984,0.1624902349618412,0.5968992248062015,0.3562886845742443,0.5813953488372093,0.3380205516495403,0.2480620155038759,0.0615347635358452,0.5271317829457365,0.277867916591551,0.3100775193798449,0.0961480680247581
Normal 2019,USOIL,964,0,0.4108527131782946,0.168799951925966,0.5426356589147286,0.2944534583258217,0.4806201550387597,0.2309957334294814,0.6511627906976745,0.4240129799891834,0.4341085271317829,0.1884502133285259,0.5503875968992248,0.3029265068205035,0.1860465116279069,0.0346133044889129,0.5426356589147286,0.2944534583258217,0.3720930232558139,0.1384532179556517
Normal 2019,USOIL,965,0,0.2945736434108527,0.0867736313923442,0.2558139534883721,0.065440778799351,0.0775193798449612,0.0060092542515473,0.0930232558139534,0.0086533261222282,0.5038759689922481,0.2538909921278769,0.3488372093023256,0.1216873985938345,0.0620155038759689,0.0038459227209903,0.3565891472868217,0.1271558199627426,0.3643410852713178,0.1327444264166817
Normal 2019,USOIL,966,0,0.2015503875968992,0.0406225587404603,0.2325581395348837,0.0540832882639264,0.5813953488372093,0.3380205516495403,0.3798449612403101,0.1442821945796526,0.4186046511627907,0.1752298539751217,0.4186046511627907,0.1752298539751217,0.1317829457364341,0.0173667447869719,0.4651162790697674,0.2163331530557057,0.4108527131782946,0.168799951925966
Normal 2019,USOIL,967,0,0.2558139534883721,0.065440778799351,0.1627906976744186,0.0265008112493239,0.0542635658914728,0.0029445345832582,0.2480620155038759,0.0615347635358452,0.2713178294573643,0.0736133645814554,0.3255813953488372,0.1060032449972958,0.1240310077519379,0.0153836908839613,0.4108527131782946,0.168799951925966,0.4496124031007752,0.2021513130220539
Normal 2019,USOIL,968,0,0.2635658914728682,0.0694669791478877,0.2480620155038759,0.0615347635358452,0.3178294573643411,0.1010155639685115,0.3255813953488372,0.1060032449972958,0.1472868217054263,0.021693407848086,0.2790697674418604,0.077879935100054,0.1705426356589147,0.0290847905774893,0.3488372093023256,0.1216873985938345,0.4651162790697674,0.2163331530557057
Normal 2019,USOIL,969,0,0.2325581395348837,0.0540832882639264,0.0930232558139534,0.0086533261222282,0.3100775193798449,0.0961480680247581,0.2093023255813953,0.0438074634937804,0.1085271317829457,0.0117781383330328,0.1395348837209302,0.0194699837750135,0.0930232558139534,0.0086533261222282,0.2325581395348837,0.0540832882639264,0.4883720930232558,0.2385073012439156
Normal 2019,USOIL,970,0,0.1705426356589147,0.0290847905774893,0.2403100775193798,0.0577489333573703,0.2093023255813953,0.0438074634937804,0.0620155038759689,0.0038459227209903,0.0930232558139534,0.0086533261222282,0.1472868217054263,0.021693407848086,0.1472868217054263,0.021693407848086,0.4263565891472868,0.1817799411093083,0.5038759689922481,0.2538909921278769
Normal 2019,USOIL,971,0,0.1937984496124031,0.0375578390721711,0.3875968992248062,0.1502313562886846,0.1627906976744186,0.0265008112493239,0.2790697674418604,0.077879935100054,0.0697674418604651,0.0048674959437533,0.1705426356589147,0.0290847905774893,0.2015503875968992,0.0406225587404603,0.2790697674418604,0.077879935100054,0.4961240310077519,0.2461390541433808
Normal 2019,USOIL,972,0,0.1627906976744186,0.0265008112493239,0.4108527131782946,0.168799951925966,0.5116279069767442,0.261763115197404,0.0697674418604651,0.0048674959437533,0.0775193798449612,0.0060092542515473,0.1240310077519379,0.0153836908839613,0.1782945736434108,0.0317889549906856,0.3333333333333333,0.1111111111111111,0.5271317829457365,0.277867916591551
Normal 2019,USOIL,973,0,0.1162790697674418,0.0135208220659816,0.4418604651162791,0.1952406706327744,0.1395348837209302,0.0194699837750135,0.2248062015503876,0.0505378282555134,0.1395348837209302,0.0194699837750135,0.1007751937984496,0.010155639685115,0.1395348837209302,0.0194699837750135,0.2713178294573643,0.0736133645814554,0.5348837209302325,0.2861005949161708
Normal 2019,USOIL,974,0,0.1007751937984496,0.010155639685115,0.0775193798449612,0.0060092542515473,0.4883720930232558,0.2385073012439156,0.1937984496124031,0.0375578390721711,0.0232558139534883,0.0005408328826392,0.0930232558139534,0.0086533261222282,0.1085271317829457,0.0117781383330328,0.1937984496124031,0.0375578390721711,0.6589147286821705,0.4341686196742984
Normal 2019,USOIL,975,0,0.0697674418604651,0.0048674959437533,0.1085271317829457,0.0117781383330328,0.3798449612403101,0.1442821945796526,0.0775193798449612,0.0060092542515473,0.0542635658914728,0.0029445345832582,0.0852713178294573,0.0072711976443723,0.1627906976744186,0.0265008112493239,0.1395348837209302,0.0194699837750135,0.6511627906976745,0.4240129799891834
Normal 2019,USOIL,976,0,0.0542635658914728,0.0029445345832582,0.0155038759689922,0.0002403701700618,0.2945736434108527,0.0867736313923442,0.1240310077519379,0.0153836908839613,0.0077519379844961,6.009254251547383e-05,0.0775193798449612,0.0060092542515473,0.0852713178294573,0.0072711976443723,0.1240310077519379,0.0153836908839613,0.7364341085271318,0.5423351962021513
Normal 2019,USOIL,977,0,0.1317829457364341,0.0173667447869719,0.0697674418604651,0.0048674959437533,0.1240310077519379,0.0153836908839613,0.1627906976744186,0.0265008112493239,0.0387596899224806,0.0015023135628868,0.1085271317829457,0.0117781383330328,0.1550387596899224,0.0240370170061895,0.2558139534883721,0.065440778799351,0.7906976744186046,0.6252028123309896
Normal 2019,USOIL,978,0,0.1472868217054263,0.021693407848086,0.1395348837209302,0.0194699837750135,0.1782945736434108,0.0317889549906856,0.3333333333333333,0.1111111111111111,0.0852713178294573,0.0072711976443723,0.1317829457364341,0.0173667447869719,0.2170542635658914,0.0471125533321314,0.2248062015503876,0.0505378282555134,0.8217054263565892,0.675199807703864
Normal 2019,USOIL,979,0,0.1240310077519379,0.0153836908839613,0.1705426356589147,0.0290847905774893,0.0620155038759689,0.0038459227209903,0.2015503875968992,0.0406225587404603,0.1937984496124031,0.0375578390721711,0.1550387596899224,0.0240370170061895,0.2558139534883721,0.065440778799351,0.2015503875968992,0.0406225587404603,0.875968992248062,0.7673216753800853
Normal 2019,USOIL,980,0,0.2248062015503876,0.0505378282555134,0.1782945736434108,0.0317889549906856,0.3255813953488372,0.1060032449972958,0.4651162790697674,0.2163331530557057,0.2480620155038759,0.0615347635358452,0.2015503875968992,0.0406225587404603,0.3333333333333333,0.1111111111111111,0.2480620155038759,0.0615347635358452,0.8837209302325582,0.7809626825310979
Normal 2019,USOIL,981,0,0.2093023255813953,0.0438074634937804,0.1937984496124031,0.0375578390721711,0.6124031007751938,0.3750375578390721,0.1860465116279069,0.0346133044889129,0.1317829457364341,0.0173667447869719,0.1937984496124031,0.0375578390721711,0.3798449612403101,0.1442821945796526,0.2093023255813953,0.0438074634937804,0.8604651162790697,0.740400216333153
Normal 2019,USOIL,982,0,0.3023255813953488,0.0914007571660356,0.2093023255813953,0.0438074634937804,0.4728682170542636,0.2236043507000781,0.3100775193798449,0.0961480680247581,0.2635658914728682,0.0694669791478877,0.2248062015503876,0.0505378282555134,0.3875968992248062,0.1502313562886846,0.1550387596899224,0.0240370170061895,0.8449612403100775,0.7139594976263445
Normal 2019,USOIL,983,0,0.2170542635658914,0.0471125533321314,0.4186046511627907,0.1752298539751217,0.1472868217054263,0.021693407848086,0.2713178294573643,0.0736133645814554,0.3953488372093023,0.1563007030827474,0.4108527131782946,0.168799951925966,0.3255813953488372,0.1060032449972958,0.1627906976744186,0.0265008112493239,0.7054263565891473,0.4976263445706388
Normal 2019,USOIL,984,0,0.2713178294573643,0.0736133645814554,0.4806201550387597,0.2309957334294814,0.5968992248062015,0.3562886845742443,0.1550387596899224,0.0240370170061895,0.4418604651162791,0.1952406706327744,0.3178294573643411,0.1010155639685115,0.2093023255813953,0.0438074634937804,0.2170542635658914,0.0471125533321314,0.7441860465116279,0.5538128718226067
Normal 2019,USOIL,985,0,0.7829457364341085,0.6130040262003484,0.7984496124031008,0.6375217835466618,0.4651162790697674,0.2163331530557057,0.3875968992248062,0.1502313562886846,0.751937984496124,0.5654107325280933,0.8372093023255814,0.7009194159004868,0.813953488372093,0.662520281233099,0.2868217054263566,0.0822666907036836,0.2945736434108527,0.0867736313923442
Normal 2019,USOIL,986,0,0.3488372093023256,0.1216873985938345,0.6976744186046512,0.486749594375338,0.6821705426356589,0.4653566492398293,0.0387596899224806,0.0015023135628868,0.6666666666666666,0.4444444444444444,0.6666666666666666,0.4444444444444444,0.2713178294573643,0.0736133645814554,0.2635658914728682,0.0694669791478877,0.5426356589147286,0.2944534583258217
Normal 2019,USOIL,987,0,0.3410852713178294,0.1163391623099573,0.5581395348837209,0.3115197404002163,0.6201550387596899,0.3845922720990325,0.1782945736434108,0.0317889549906856,0.5426356589147286,0.2944534583258217,0.5348837209302325,0.2861005949161708,0.2868217054263566,0.0822666907036836,0.1782945736434108,0.0317889549906856,0.8372093023255814,0.7009194159004868
Normal 2019,USOIL,988,0,0.1782945736434108,0.0317889549906856,0.4961240310077519,0.2461390541433808,0.7054263565891473,0.4976263445706388,0.2868217054263566,0.0822666907036836,0.5116279069767442,0.261763115197404,0.751937984496124,0.5654107325280933,0.4186046511627907,0.1752298539751217,0.1162790697674418,0.0135208220659816,0.8992248062015504,0.8086052520882159
Normal 2019,USOIL,989,0,0.1860465116279069,0.0346133044889129,0.4031007751937984,0.1624902349618412,0.6666666666666666,0.4444444444444444,0.1705426356589147,0.0290847905774893,0.3255813953488372,0.1060032449972958,0.7131782945736435,0.5086232798509706,0.3488372093023256,0.1216873985938345,0.0930232558139534,0.0086533261222282,0.8527131782945736,0.7271197644372333
Normal 2019,USOIL,990,0,0.1550387596899224,0.0240370170061895,0.4341085271317829,0.1884502133285259,0.5271317829457365,0.277867916591551,0.2635658914728682,0.0694669791478877,0.2868217054263566,0.0822666907036836,0.7364341085271318,0.5423351962021513,0.2945736434108527,0.0867736313923442,0.1317829457364341,0.0173667447869719,0.751937984496124,0.5654107325280933
Normal 2019,USOIL,991,0,0.3643410852713178,0.1327444264166817,0.3255813953488372,0.1060032449972958,0.2790697674418604,0.077879935100054,0.3488372093023256,0.1216873985938345,0.3333333333333333,0.1111111111111111,0.6821705426356589,0.4653566492398293,0.2403100775193798,0.0577489333573703,0.0852713178294573,0.0072711976443723,0.6434108527131783,0.4139775253890992
Normal 2019,USOIL,992,0,0.1395348837209302,0.0194699837750135,0.0542635658914728,0.0029445345832582,0.1550387596899224,0.0240370170061895,0.1395348837209302,0.0194699837750135,0.1860465116279069,0.0346133044889129,0.2713178294573643,0.0736133645814554,0.1007751937984496,0.010155639685115,0.1007751937984496,0.010155639685115,0.5658914728682171,0.32023315906496
Normal 2019,USOIL,993,0,0.1085271317829457,0.0117781383330328,0.0310077519379844,0.0009614806802475,0.0387596899224806,0.0015023135628868,0.1162790697674418,0.0135208220659816,0.1705426356589147,0.0290847905774893,0.2558139534883721,0.065440778799351,0.0775193798449612,0.0060092542515473,0.1085271317829457,0.0117781383330328,0.5581395348837209,0.3115197404002163
Normal 2019,USOIL,994,0,0.0465116279069767,0.002163331530557,0.0077519379844961,6.009254251547383e-05,0.3023255813953488,0.0914007571660356,0.1085271317829457,0.0117781383330328,0.0620155038759689,0.0038459227209903,0.1162790697674418,0.0135208220659816,0.0465116279069767,0.002163331530557,0.0387596899224806,0.0015023135628868,0.5503875968992248,0.3029265068205035
Normal 2019,USOIL,995,0,0.0077519379844961,6.009254251547383e-05,0.0232558139534883,0.0005408328826392,0.2170542635658914,0.0471125533321314,0.0155038759689922,0.0002403701700618,0.0155038759689922,0.0002403701700618,0.0620155038759689,0.0038459227209903,0.0542635658914728,0.0029445345832582,0.0542635658914728,0.0029445345832582,0.5193798449612403,0.269755423351962
Normal 2019,USOIL,996,0,0.0775193798449612,0.0060092542515473,0.0387596899224806,0.0015023135628868,0.4031007751937984,0.1624902349618412,0.0542635658914728,0.0029445345832582,0.0310077519379844,0.0009614806802475,0.0697674418604651,0.0048674959437533,0.0697674418604651,0.0048674959437533,0.0465116279069767,0.002163331530557,0.5116279069767442,0.261763115197404
Normal 2019,USOIL,997,0,0.0930232558139534,0.0086533261222282,0.0620155038759689,0.0038459227209903,0.0697674418604651,0.0048674959437533,0.0232558139534883,0.0005408328826392,0.0465116279069767,0.002163331530557,0.0465116279069767,0.002163331530557,0.1162790697674418,0.0135208220659816,0.0155038759689922,0.0002403701700618,0.4806201550387597,0.2309957334294814
Normal 2019,USOIL,998,0,0.0620155038759689,0.0038459227209903,0.1860465116279069,0.0346133044889129,0.0852713178294573,0.0072711976443723,0.0310077519379844,0.0009614806802475,0.1240310077519379,0.0153836908839613,0.0155038759689922,0.0002403701700618,0.1937984496124031,0.0375578390721711,0.0077519379844961,6.009254251547383e-05,0.4573643410852713,0.2091821404963643
Normal 2019,USOIL,999,0,0.0232558139534883,0.0005408328826392,0.4263565891472868,0.1817799411093083,0.1085271317829457,0.0117781383330328,0.0465116279069767,0.002163331530557,0.1007751937984496,0.010155639685115,0.0077519379844961,6.009254251547383e-05,0.2325581395348837,0.0540832882639264,0.0775193798449612,0.0060092542515473,0.4341085271317829,0.1884502133285259
Normal 2019,USOIL,1000,0,0.0155038759689922,0.0002403701700618,0.5271317829457365,0.277867916591551,0.0155038759689922,0.0002403701700618,0.0077519379844961,6.009254251547383e-05,0.3488372093023256,0.1216873985938345,0.0232558139534883,0.0005408328826392,0.3178294573643411,0.1010155639685115,0.0697674418604651,0.0048674959437533,0.4031007751937984,0.1624902349618412
Normal 2019,USOIL,1001,0,0.0310077519379844,0.0009614806802475,0.627906976744186,0.3942671714440238,0.2713178294573643,0.0736133645814554,0.1317829457364341,0.0173667447869719,0.5736434108527132,0.3290667628147347,0.0310077519379844,0.0009614806802475,0.3720930232558139,0.1384532179556517,0.0620155038759689,0.0038459227209903,0.3875968992248062,0.1502313562886846
Normal 2019,USOIL,1002,0,0.0387596899224806,0.0015023135628868,0.6821705426356589,0.4653566492398293,0.2480620155038759,0.0615347635358452,0.1472868217054263,0.021693407848086,0.6589147286821705,0.4341686196742984,0.0542635658914728,0.0029445345832582,0.4031007751937984,0.1624902349618412,0.0310077519379844,0.0009614806802475,0.3178294573643411,0.1010155639685115
Normal 2019,USOIL,1003,0,0.0852713178294573,0.0072711976443723,0.7054263565891473,0.4976263445706388,0.4961240310077519,0.2461390541433808,0.0852713178294573,0.0072711976443723,0.689922480620155,0.4759930292650682,0.0387596899224806,0.0015023135628868,0.3953488372093023,0.1563007030827474,0.0232558139534883,0.0005408328826392,0.3023255813953488,0.0914007571660356
Normal 2019,GOLD,875,0,0.0542635658914728,0.0029445345832582,0.0077519379844961,6.009254251547383e-05,0.3798449612403101,0.1442821945796526,0.0232558139534883,0.0005408328826392,0.627906976744186,0.3942671714440238,0.1162790697674418,0.0135208220659816,0.3100775193798449,0.0961480680247581,0.0077519379844961,6.009254251547383e-05,0.2093023255813953,0.0438074634937804
Normal 2019,GOLD,876,0,0.0232558139534883,0.0005408328826392,0.3178294573643411,0.1010155639685115,0.813953488372093,0.662520281233099,0.2325581395348837,0.0540832882639264,0.8217054263565892,0.675199807703864,0.2790697674418604,0.077879935100054,0.9224806201550388,0.8509704945616249,0.2093023255813953,0.0438074634937804,0.2248062015503876,0.0505378282555134
Normal 2019,GOLD,877,0,0.0465116279069767,0.002163331530557,0.1782945736434108,0.0317889549906856,0.8217054263565892,0.675199807703864,0.1937984496124031,0.0375578390721711,0.7751937984496124,0.6009254251547383,0.1472868217054263,0.021693407848086,0.9147286821705426,0.8367285619854575,0.1937984496124031,0.0375578390721711,0.2790697674418604,0.077879935100054
Normal 2019,GOLD,878,0,0.0697674418604651,0.0048674959437533,0.1550387596899224,0.0240370170061895,0.627906976744186,0.3942671714440238,0.1317829457364341,0.0173667447869719,0.7209302325581395,0.519740400216333,0.2248062015503876,0.0505378282555134,0.9069767441860463,0.8226068144943212,0.2015503875968992,0.0406225587404603,0.3255813953488372,0.1060032449972958
Normal 2019,GOLD,879,0,0.0852713178294573,0.0072711976443723,0.0852713178294573,0.0072711976443723,0.7054263565891473,0.4976263445706388,0.1162790697674418,0.0135208220659816,0.6434108527131783,0.4139775253890992,0.0697674418604651,0.0048674959437533,0.8914728682170543,0.7947238747671415,0.1550387596899224,0.0240370170061895,0.3488372093023256,0.1216873985938345
Normal 2019,GOLD,880,0,0.1085271317829457,0.0117781383330328,0.0155038759689922,0.0002403701700618,0.5426356589147286,0.2944534583258217,0.2713178294573643,0.0736133645814554,0.5116279069767442,0.261763115197404,0.0465116279069767,0.002163331530557,0.9302325581395348,0.8653326122228231,0.2170542635658914,0.0471125533321314,0.4186046511627907,0.1752298539751217
Normal 2019,GOLD,881,0,0.1162790697674418,0.0135208220659816,0.1007751937984496,0.010155639685115,0.6434108527131783,0.4139775253890992,0.2868217054263566,0.0822666907036836,0.6589147286821705,0.4341686196742984,0.0930232558139534,0.0086533261222282,0.9844961240310076,0.9692326182320772,0.2480620155038759,0.0615347635358452,0.4341085271317829,0.1884502133285259
Normal 2019,GOLD,882,0,0.1782945736434108,0.0317889549906856,0.0775193798449612,0.0060092542515473,0.5271317829457365,0.277867916591551,0.1395348837209302,0.0194699837750135,0.3953488372093023,0.1563007030827474,0.1085271317829457,0.0117781383330328,0.8992248062015504,0.8086052520882159,0.2790697674418604,0.077879935100054,0.4108527131782946,0.168799951925966
Normal 2019,GOLD,883,0,0.2945736434108527,0.0867736313923442,0.3565891472868217,0.1271558199627426,0.6976744186046512,0.486749594375338,0.3565891472868217,0.1271558199627426,0.6511627906976745,0.4240129799891834,0.2170542635658914,0.0471125533321314,0.9534883720930232,0.9091400757166036,0.3333333333333333,0.1111111111111111,0.4031007751937984,0.1624902349618412
Normal 2019,GOLD,884,0,0.2170542635658914,0.0471125533321314,0.4263565891472868,0.1817799411093083,0.5116279069767442,0.261763115197404,0.2790697674418604,0.077879935100054,0.4031007751937984,0.1624902349618412,0.1007751937984496,0.010155639685115,0.6356589147286822,0.404062255874046,0.2945736434108527,0.0867736313923442,0.3798449612403101,0.1442821945796526
Normal 2019,GOLD,885,0,0.1937984496124031,0.0375578390721711,0.2713178294573643,0.0736133645814554,0.2558139534883721,0.065440778799351,0.2635658914728682,0.0694669791478877,0.2170542635658914,0.0471125533321314,0.0852713178294573,0.0072711976443723,0.627906976744186,0.3942671714440238,0.1085271317829457,0.0117781383330328,0.4496124031007752,0.2021513130220539
Normal 2019,GOLD,886,0,0.2713178294573643,0.0736133645814554,0.4418604651162791,0.1952406706327744,0.1627906976744186,0.0265008112493239,0.1240310077519379,0.0153836908839613,0.3100775193798449,0.0961480680247581,0.2015503875968992,0.0406225587404603,0.6124031007751938,0.3750375578390721,0.2403100775193798,0.0577489333573703,0.4418604651162791,0.1952406706327744
Normal 2019,GOLD,887,0,0.2558139534883721,0.065440778799351,0.3333333333333333,0.1111111111111111,0.2713178294573643,0.0736133645814554,0.3178294573643411,0.1010155639685115,0.0155038759689922,0.0002403701700618,0.1705426356589147,0.0290847905774893,0.4806201550387597,0.2309957334294814,0.1705426356589147,0.0290847905774893,0.4651162790697674,0.2163331530557057
Normal 2019,GOLD,888,0,0.3023255813953488,0.0914007571660356,0.3488372093023256,0.1216873985938345,0.1162790697674418,0.0135208220659816,0.2403100775193798,0.0577489333573703,0.0697674418604651,0.0048674959437533,0.1317829457364341,0.0173667447869719,0.4341085271317829,0.1884502133285259,0.2713178294573643,0.0736133645814554,0.5271317829457365,0.277867916591551
Normal 2019,GOLD,889,0,0.3100775193798449,0.0961480680247581,0.3798449612403101,0.1442821945796526,0.0775193798449612,0.0060092542515473,0.2170542635658914,0.0471125533321314,0.0620155038759689,0.0038459227209903,0.1550387596899224,0.0240370170061895,0.4496124031007752,0.2021513130220539,0.2248062015503876,0.0505378282555134,0.5891472868217055,0.3470945255693769
Normal 2019,GOLD,890,0,0.3178294573643411,0.1010155639685115,0.3643410852713178,0.1327444264166817,0.5813953488372093,0.3380205516495403,0.2248062015503876,0.0505378282555134,0.0232558139534883,0.0005408328826392,0.1937984496124031,0.0375578390721711,0.3798449612403101,0.1442821945796526,0.3410852713178294,0.1163391623099573,0.6511627906976745,0.4240129799891834
Normal 2019,GOLD,891,0,0.3565891472868217,0.1271558199627426,0.4573643410852713,0.2091821404963643,0.3720930232558139,0.1384532179556517,0.4031007751937984,0.1624902349618412,0.0077519379844961,6.009254251547383e-05,0.3023255813953488,0.0914007571660356,0.3333333333333333,0.1111111111111111,0.3953488372093023,0.1563007030827474,0.7131782945736435,0.5086232798509706
Normal 2019,GOLD,892,0,0.3953488372093023,0.1563007030827474,0.4728682170542636,0.2236043507000781,0.0930232558139534,0.0086533261222282,0.4573643410852713,0.2091821404963643,0.0775193798449612,0.0060092542515473,0.3100775193798449,0.0961480680247581,0.3255813953488372,0.1060032449972958,0.3643410852713178,0.1327444264166817,0.7441860465116279,0.5538128718226067
Normal 2019,GOLD,893,0,0.4186046511627907,0.1752298539751217,0.6589147286821705,0.4341686196742984,0.5348837209302325,0.2861005949161708,0.3488372093023256,0.1216873985938345,0.2015503875968992,0.0406225587404603,0.3643410852713178,0.1327444264166817,0.4031007751937984,0.1624902349618412,0.3798449612403101,0.1442821945796526,0.8062015503875969,0.6499609398473649
Normal 2019,GOLD,894,0,0.3798449612403101,0.1442821945796526,0.5891472868217055,0.3470945255693769,0.5658914728682171,0.32023315906496,0.1860465116279069,0.0346133044889129,0.1860465116279069,0.0346133044889129,0.3255813953488372,0.1060032449972958,0.4651162790697674,0.2163331530557057,0.4108527131782946,0.168799951925966,0.9302325581395348,0.8653326122228231
Normal 2019,GOLD,895,0,0.6356589147286822,0.404062255874046,0.4961240310077519,0.2461390541433808,0.0310077519379844,0.0009614806802475,0.0775193798449612,0.0060092542515473,0.3720930232558139,0.1384532179556517,0.3178294573643411,0.1010155639685115,0.5968992248062015,0.3562886845742443,0.3488372093023256,0.1216873985938345,0.9689922480620154,0.9389459768042784
Normal 2019,GOLD,896,0,0.4031007751937984,0.1624902349618412,0.5038759689922481,0.2538909921278769,0.6821705426356589,0.4653566492398293,0.3100775193798449,0.0961480680247581,0.4496124031007752,0.2021513130220539,0.2713178294573643,0.0736133645814554,0.7441860465116279,0.5538128718226067,0.4186046511627907,0.1752298539751217,0.9767441860465116,0.9540292049756623
Normal 2019,GOLD,897,0,0.4496124031007752,0.2021513130220539,0.6744186046511628,0.4548404542996214,0.2868217054263566,0.0822666907036836,0.3333333333333333,0.1111111111111111,0.3178294573643411,0.1010155639685115,0.2558139534883721,0.065440778799351,0.813953488372093,0.662520281233099,0.3875968992248062,0.1502313562886846,0.9844961240310076,0.9692326182320772
Normal 2019,GOLD,898,0,0.4341085271317829,0.1884502133285259,0.5581395348837209,0.3115197404002163,0.5581395348837209,0.3115197404002163,0.3798449612403101,0.1442821945796526,0.3333333333333333,0.1111111111111111,0.2868217054263566,0.0822666907036836,0.8294573643410853,0.68799951925966,0.4418604651162791,0.1952406706327744,0.992248062015504,0.9845562165735232
Normal 2019,GOLD,899,0,0.8372093023255814,0.7009194159004868,0.6356589147286822,0.404062255874046,0.4418604651162791,0.1952406706327744,0.5658914728682171,0.32023315906496,0.4573643410852713,0.2091821404963643,0.3488372093023256,0.1216873985938345,0.2635658914728682,0.0694669791478877,0.6666666666666666,0.4444444444444444,0.813953488372093,0.662520281233099
Normal 2019,GOLD,900,0,0.7906976744186046,0.6252028123309896,0.8992248062015504,0.8086052520882159,0.8062015503875969,0.6499609398473649,0.8062015503875969,0.6499609398473649,0.4961240310077519,0.2461390541433808,0.6046511627906976,0.3656030286641427,0.0697674418604651,0.0048674959437533,0.8217054263565892,0.675199807703864,0.5038759689922481,0.2538909921278769
Normal 2019,GOLD,901,0,0.9689922480620154,0.9389459768042784,0.992248062015504,0.9845562165735232,0.3643410852713178,0.1327444264166817,0.9457364341085271,0.8944174028003125,0.9689922480620154,0.9389459768042784,0.992248062015504,0.9845562165735232,0.992248062015504,0.9845562165735232,0.9224806201550388,0.8509704945616249,0.1317829457364341,0.0173667447869719
Normal 2019,GOLD,902,0,0.9224806201550388,0.8509704945616249,0.9844961240310076,0.9692326182320772,0.7751937984496124,0.6009254251547383,0.9147286821705426,0.8367285619854575,0.8682170542635659,0.7538008533141037,0.9689922480620154,0.9389459768042784,0.9767441860465116,0.9540292049756623,0.9457364341085271,0.8944174028003125,0.1395348837209302,0.0194699837750135
Normal 2019,GOLD,903,0,0.8527131782945736,0.7271197644372333,0.9767441860465116,0.9540292049756623,0.9767441860465116,0.9540292049756623,0.9302325581395348,0.8653326122228231,0.9147286821705426,0.8367285619854575,0.9767441860465116,0.9540292049756623,0.9689922480620154,0.9389459768042784,0.937984496124031,0.8798149149690524,0.1627906976744186,0.0265008112493239
Normal 2019,GOLD,904,0,0.9069767441860463,0.8226068144943212,0.9534883720930232,0.9091400757166036,0.9224806201550388,0.8509704945616249,0.8294573643410853,0.68799951925966,0.8992248062015504,0.8086052520882159,0.9844961240310076,0.9692326182320772,0.9457364341085271,0.8944174028003125,0.9612403100775194,0.9239829337179256,0.1782945736434108,0.0317889549906856
Normal 2019,GOLD,905,0,0.8914728682170543,0.7947238747671415,0.9689922480620154,0.9389459768042784,0.5891472868217055,0.3470945255693769,0.9767441860465116,0.9540292049756623,0.937984496124031,0.8798149149690524,0.9612403100775194,0.9239829337179256,0.937984496124031,0.8798149149690524,0.9844961240310076,0.9692326182320772,0.1860465116279069,0.0346133044889129
Normal 2019,GOLD,906,0,0.9302325581395348,0.8653326122228231,0.9457364341085271,0.8944174028003125,0.7441860465116279,0.5538128718226067,0.9612403100775194,0.9239829337179256,0.9302325581395348,0.8653326122228231,0.937984496124031,0.8798149149690524,0.9612403100775194,0.9239829337179256,0.9689922480620154,0.9389459768042784,0.1705426356589147,0.0290847905774893
Normal 2019,GOLD,907,0,0.8217054263565892,0.675199807703864,0.2325581395348837,0.0540832882639264,0.937984496124031,0.8798149149690524,0.7131782945736435,0.5086232798509706,0.3410852713178294,0.1163391623099573,0.5426356589147286,0.2944534583258217,0.2713178294573643,0.0736133645814554,0.5038759689922481,0.2538909921278769,0.9612403100775194,0.9239829337179256
Normal 2019,GOLD,908,0,0.6976744186046512,0.486749594375338,0.2248062015503876,0.0505378282555134,0.5193798449612403,0.269755423351962,0.7906976744186046,0.6252028123309896,0.3565891472868217,0.1271558199627426,0.751937984496124,0.5654107325280933,0.2093023255813953,0.0438074634937804,0.6976744186046512,0.486749594375338,0.8527131782945736,0.7271197644372333
Normal 2019,GOLD,909,0,0.7596899224806202,0.5771287783186106,0.3720930232558139,0.1384532179556517,0.2170542635658914,0.0471125533321314,0.8914728682170543,0.7947238747671415,0.2945736434108527,0.0867736313923442,0.4341085271317829,0.1884502133285259,0.1860465116279069,0.0346133044889129,0.627906976744186,0.3942671714440238,0.7751937984496124,0.6009254251547383
Normal 2019,GOLD,910,0,0.8294573643410853,0.68799951925966,0.2558139534883721,0.065440778799351,0.5736434108527132,0.3290667628147347,0.8604651162790697,0.740400216333153,0.1705426356589147,0.0290847905774893,0.5116279069767442,0.261763115197404,0.2248062015503876,0.0505378282555134,0.7209302325581395,0.519740400216333,0.8217054263565892,0.675199807703864
Normal 2019,GOLD,911,0,0.8449612403100775,0.7139594976263445,0.2790697674418604,0.077879935100054,0.689922480620155,0.4759930292650682,0.8372093023255814,0.7009194159004868,0.4651162790697674,0.2163331530557057,0.5891472868217055,0.3470945255693769,0.2480620155038759,0.0615347635358452,0.7364341085271318,0.5423351962021513,0.8372093023255814,0.7009194159004868
Normal 2019,GOLD,912,0,0.5271317829457365,0.277867916591551,0.2403100775193798,0.0577489333573703,0.1240310077519379,0.0153836908839613,0.5503875968992248,0.3029265068205035,0.2480620155038759,0.0615347635358452,0.5271317829457365,0.277867916591551,0.2170542635658914,0.0471125533321314,0.7054263565891473,0.4976263445706388,0.7906976744186046,0.6252028123309896
Normal 2019,GOLD,913,0,0.5736434108527132,0.3290667628147347,0.2635658914728682,0.0694669791478877,0.8914728682170543,0.7947238747671415,0.6356589147286822,0.404062255874046,0.0930232558139534,0.0086533261222282,0.4031007751937984,0.1624902349618412,0.1937984496124031,0.0375578390721711,0.4728682170542636,0.2236043507000781,0.7829457364341085,0.6130040262003484
Normal 2019,GOLD,914,0,0.5116279069767442,0.261763115197404,0.4806201550387597,0.2309957334294814,0.4341085271317829,0.1884502133285259,0.875968992248062,0.7673216753800853,0.0852713178294573,0.0072711976443723,0.4573643410852713,0.2091821404963643,0.1240310077519379,0.0153836908839613,0.4651162790697674,0.2163331530557057,0.751937984496124,0.5654107325280933
Normal 2019,GOLD,915,0,0.5503875968992248,0.3029265068205035,0.5426356589147286,0.2944534583258217,0.3565891472868217,0.1271558199627426,0.8449612403100775,0.7139594976263445,0.0465116279069767,0.002163331530557,0.5813953488372093,0.3380205516495403,0.0542635658914728,0.0029445345832582,0.6201550387596899,0.3845922720990325,0.689922480620155,0.4759930292650682
Normal 2019,GOLD,916,0,0.4728682170542636,0.2236043507000781,0.6821705426356589,0.4653566492398293,0.4806201550387597,0.2309957334294814,0.6434108527131783,0.4139775253890992,0.1550387596899224,0.0240370170061895,0.5658914728682171,0.32023315906496,0.0387596899224806,0.0015023135628868,0.4573643410852713,0.2091821404963643,0.5426356589147286,0.2944534583258217
Normal 2019,GOLD,917,0,0.3643410852713178,0.1327444264166817,0.7596899224806202,0.5771287783186106,0.2635658914728682,0.0694669791478877,0.5968992248062015,0.3562886845742443,0.2635658914728682,0.0694669791478877,0.5736434108527132,0.3290667628147347,0.0310077519379844,0.0009614806802475,0.6434108527131783,0.4139775253890992,0.3953488372093023,0.1563007030827474
Normal 2019,GOLD,918,0,0.6434108527131783,0.4139775253890992,0.8217054263565892,0.675199807703864,0.9069767441860463,0.8226068144943212,0.8682170542635659,0.7538008533141037,0.5038759689922481,0.2538909921278769,0.689922480620155,0.4759930292650682,0.0232558139534883,0.0005408328826392,0.7286821705426356,0.5309777056667268,0.3178294573643411,0.1010155639685115
Normal 2019,GOLD,919,0,0.8062015503875969,0.6499609398473649,0.8837209302325582,0.7809626825310979,0.6744186046511628,0.4548404542996214,0.7441860465116279,0.5538128718226067,0.5891472868217055,0.3470945255693769,0.6976744186046512,0.486749594375338,0.0155038759689922,0.0002403701700618,0.6589147286821705,0.4341686196742984,0.2480620155038759,0.0615347635358452
Normal 2019,GOLD,920,0,0.4263565891472868,0.1817799411093083,0.9069767441860463,0.8226068144943212,0.5968992248062015,0.3562886845742443,0.7286821705426356,0.5309777056667268,0.5658914728682171,0.32023315906496,0.5581395348837209,0.3115197404002163,0.0077519379844961,6.009254251547383e-05,0.6821705426356589,0.4653566492398293,0.2015503875968992,0.0406225587404603
Normal 2019,GOLD,921,0,0.7286821705426356,0.5309777056667268,0.4883720930232558,0.2385073012439156,0.1550387596899224,0.0240370170061895,0.7054263565891473,0.4976263445706388,0.3488372093023256,0.1216873985938345,0.5968992248062015,0.3562886845742443,0.3410852713178294,0.1163391623099573,0.8527131782945736,0.7271197644372333,0.9457364341085271,0.8944174028003125
Normal 2019,GOLD,922,0,0.8604651162790697,0.740400216333153,0.627906976744186,0.3942671714440238,0.1937984496124031,0.0375578390721711,0.4263565891472868,0.1817799411093083,0.3255813953488372,0.1060032449972958,0.5348837209302325,0.2861005949161708,0.2403100775193798,0.0577489333573703,0.5116279069767442,0.261763115197404,0.7674418604651163,0.588967009194159
Normal 2019,GOLD,923,0,0.7674418604651163,0.588967009194159,0.6666666666666666,0.4444444444444444,0.6511627906976745,0.4240129799891834,0.6124031007751938,0.3750375578390721,0.1937984496124031,0.0375578390721711,0.4728682170542636,0.2236043507000781,0.1705426356589147,0.0290847905774893,0.8294573643410853,0.68799951925966,0.6976744186046512,0.486749594375338
Normal 2019,GOLD,924,0,0.7209302325581395,0.519740400216333,0.6976744186046512,0.486749594375338,0.8992248062015504,0.8086052520882159,0.4496124031007752,0.2021513130220539,0.2403100775193798,0.0577489333573703,0.4496124031007752,0.2021513130220539,0.1085271317829457,0.0117781383330328,0.7751937984496124,0.6009254251547383,0.6201550387596899,0.3845922720990325
Normal 2019,GOLD,925,0,0.7131782945736435,0.5086232798509706,0.6046511627906976,0.3656030286641427,0.1782945736434108,0.0317889549906856,0.7751937984496124,0.6009254251547383,0.1782945736434108,0.0317889549906856,0.4418604651162791,0.1952406706327744,0.1472868217054263,0.021693407848086,0.4496124031007752,0.2021513130220539,0.6744186046511628,0.4548404542996214
Normal 2019,GOLD,926,0,0.6744186046511628,0.4548404542996214,0.5193798449612403,0.269755423351962,0.4263565891472868,0.1817799411093083,0.4961240310077519,0.2461390541433808,0.4108527131782946,0.168799951925966,0.4186046511627907,0.1752298539751217,0.1627906976744186,0.0265008112493239,0.8449612403100775,0.7139594976263445,0.7054263565891473,0.4976263445706388
Normal 2019,GOLD,927,0,0.6821705426356589,0.4653566492398293,0.5658914728682171,0.32023315906496,0.9612403100775194,0.9239829337179256,0.6201550387596899,0.3845922720990325,0.3798449612403101,0.1442821945796526,0.4263565891472868,0.1817799411093083,0.0930232558139534,0.0086533261222282,0.7674418604651163,0.588967009194159,0.6589147286821705,0.4341686196742984
Normal 2019,GOLD,928,0,0.7751937984496124,0.6009254251547383,0.3410852713178294,0.1163391623099573,0.8604651162790697,0.740400216333153,0.4883720930232558,0.2385073012439156,0.1317829457364341,0.0173667447869719,0.6124031007751938,0.3750375578390721,0.0852713178294573,0.0072711976443723,0.8914728682170543,0.7947238747671415,0.6356589147286822,0.404062255874046
Normal 2019,GOLD,929,0,0.5581395348837209,0.3115197404002163,0.3255813953488372,0.1060032449972958,0.2325581395348837,0.0540832882639264,0.8527131782945736,0.7271197644372333,0.4263565891472868,0.1817799411093083,0.5193798449612403,0.269755423351962,0.0620155038759689,0.0038459227209903,0.8682170542635659,0.7538008533141037,0.5503875968992248,0.3029265068205035
Normal 2019,GOLD,930,0,0.875968992248062,0.7673216753800853,0.5736434108527132,0.3290667628147347,0.4883720930232558,0.2385073012439156,0.6046511627906976,0.3656030286641427,0.4728682170542636,0.2236043507000781,0.6666666666666666,0.4444444444444444,0.1317829457364341,0.0173667447869719,0.7906976744186046,0.6252028123309896,0.5736434108527132,0.3290667628147347
Normal 2019,GOLD,931,0,0.5348837209302325,0.2861005949161708,0.5348837209302325,0.2861005949161708,0.8294573643410853,0.68799951925966,0.6744186046511628,0.4548404542996214,0.3643410852713178,0.1327444264166817,0.627906976744186,0.3942671714440238,0.1550387596899224,0.0240370170061895,0.8837209302325582,0.7809626825310979,0.5813953488372093,0.3380205516495403
Normal 2019,GOLD,932,0,0.5193798449612403,0.269755423351962,0.813953488372093,0.662520281233099,0.4031007751937984,0.1624902349618412,0.689922480620155,0.4759930292650682,0.4186046511627907,0.1752298539751217,0.6744186046511628,0.4548404542996214,0.2015503875968992,0.0406225587404603,0.5891472868217055,0.3470945255693769,0.6666666666666666,0.4444444444444444
Normal 2019,GOLD,933,0,0.6666666666666666,0.4444444444444444,0.8604651162790697,0.740400216333153,0.2403100775193798,0.0577489333573703,0.5581395348837209,0.3115197404002163,0.5813953488372093,0.3380205516495403,0.7286821705426356,0.5309777056667268,0.1395348837209302,0.0194699837750135,0.7984496124031008,0.6375217835466618,0.4728682170542636,0.2236043507000781
Normal 2019,GOLD,934,0,0.5426356589147286,0.2944534583258217,0.9302325581395348,0.8653326122228231,0.8372093023255814,0.7009194159004868,0.7829457364341085,0.6130040262003484,0.7131782945736435,0.5086232798509706,0.7364341085271318,0.5423351962021513,0.0775193798449612,0.0060092542515473,0.5658914728682171,0.32023315906496,0.3720930232558139,0.1384532179556517
Normal 2019,GOLD,935,0,0.9844961240310076,0.9692326182320772,0.7209302325581395,0.519740400216333,0.4108527131782946,0.168799951925966,0.992248062015504,0.9845562165735232,0.6821705426356589,0.4653566492398293,0.8604651162790697,0.740400216333153,0.8682170542635659,0.7538008533141037,0.992248062015504,0.9845562165735232,0.9147286821705426,0.8367285619854575
Normal 2019,GOLD,936,0,0.992248062015504,0.9845562165735232,0.8449612403100775,0.7139594976263445,0.992248062015504,0.9845562165735232,0.9844961240310076,0.9692326182320772,0.6356589147286822,0.404062255874046,0.9147286821705426,0.8367285619854575,0.8837209302325582,0.7809626825310979,0.9767441860465116,0.9540292049756623,0.9069767441860463,0.8226068144943212
Normal 2019,GOLD,937,0,0.9767441860465116,0.9540292049756623,0.8682170542635659,0.7538008533141037,0.0077519379844961,6.009254251547383e-05,0.9689922480620154,0.9389459768042784,0.6124031007751938,0.3750375578390721,0.8682170542635659,0.7538008533141037,0.875968992248062,0.7673216753800853,0.9534883720930232,0.9091400757166036,0.9534883720930232,0.9091400757166036
Normal 2019,GOLD,938,0,0.9457364341085271,0.8944174028003125,0.7441860465116279,0.5538128718226067,0.9457364341085271,0.8944174028003125,0.937984496124031,0.8798149149690524,0.5348837209302325,0.2861005949161708,0.9224806201550388,0.8509704945616249,0.8604651162790697,0.740400216333153,0.8604651162790697,0.740400216333153,0.8914728682170543,0.7947238747671415
Normal 2019,GOLD,939,0,0.9534883720930232,0.9091400757166036,0.5968992248062015,0.3562886845742443,0.9844961240310076,0.9692326182320772,0.9224806201550388,0.8509704945616249,0.5503875968992248,0.3029265068205035,0.8992248062015504,0.8086052520882159,0.8217054263565892,0.675199807703864,0.875968992248062,0.7673216753800853,0.875968992248062,0.7673216753800853
Normal 2019,GOLD,940,0,0.937984496124031,0.8798149149690524,0.5503875968992248,0.3029265068205035,0.0387596899224806,0.0015023135628868,0.7364341085271318,0.5423351962021513,0.5426356589147286,0.2944534583258217,0.875968992248062,0.7673216753800853,0.6976744186046512,0.486749594375338,0.6356589147286822,0.404062255874046,0.8604651162790697,0.740400216333153
Normal 2019,GOLD,941,0,0.8992248062015504,0.8086052520882159,0.5116279069767442,0.261763115197404,0.0465116279069767,0.002163331530557,0.751937984496124,0.5654107325280933,0.6744186046511628,0.4548404542996214,0.8837209302325582,0.7809626825310979,0.689922480620155,0.4759930292650682,0.7829457364341085,0.6130040262003484,0.8449612403100775,0.7139594976263445
Normal 2019,GOLD,942,0,0.9147286821705426,0.8367285619854575,0.6201550387596899,0.3845922720990325,0.2093023255813953,0.0438074634937804,0.7209302325581395,0.519740400216333,0.6046511627906976,0.3656030286641427,0.813953488372093,0.662520281233099,0.6744186046511628,0.4548404542996214,0.9302325581395348,0.8653326122228231,0.8682170542635659,0.7538008533141037
Normal 2019,GOLD,943,0,0.8682170542635659,0.7538008533141037,0.6434108527131783,0.4139775253890992,0.7906976744186046,0.6252028123309896,0.5348837209302325,0.2861005949161708,0.4806201550387597,0.2309957334294814,0.7906976744186046,0.6252028123309896,0.6511627906976745,0.4240129799891834,0.7131782945736435,0.5086232798509706,0.8837209302325582,0.7809626825310979
Normal 2019,GOLD,944,0,0.8837209302325582,0.7809626825310979,0.5813953488372093,0.3380205516495403,0.1007751937984496,0.010155639685115,0.5891472868217055,0.3470945255693769,0.5736434108527132,0.3290667628147347,0.7751937984496124,0.6009254251547383,0.5658914728682171,0.32023315906496,0.5736434108527132,0.3290667628147347,0.8294573643410853,0.68799951925966
Normal 2019,GOLD,945,0,0.751937984496124,0.5654107325280933,0.4496124031007752,0.2021513130220539,0.0620155038759689,0.0038459227209903,0.7984496124031008,0.6375217835466618,0.4883720930232558,0.2385073012439156,0.8449612403100775,0.7139594976263445,0.4728682170542636,0.2236043507000781,0.7441860465116279,0.5538128718226067,0.7596899224806202,0.5771287783186106
Normal 2019,GOLD,946,0,0.6589147286821705,0.4341686196742984,0.7131782945736435,0.5086232798509706,0.1472868217054263,0.021693407848086,0.5271317829457365,0.277867916591551,0.4418604651162791,0.1952406706327744,0.8062015503875969,0.6499609398473649,0.4573643410852713,0.2091821404963643,0.4806201550387597,0.2309957334294814,0.7209302325581395,0.519740400216333
Normal 2019,GOLD,947,0,0.6046511627906976,0.3656030286641427,0.8294573643410853,0.68799951925966,0.1395348837209302,0.0194699837750135,0.8217054263565892,0.675199807703864,0.5271317829457365,0.277867916591551,0.8294573643410853,0.68799951925966,0.4961240310077519,0.2461390541433808,0.8062015503875969,0.6499609398473649,0.5968992248062015,0.3562886845742443
Normal 2019,GOLD,948,0,0.6511627906976745,0.4240129799891834,0.7829457364341085,0.6130040262003484,0.3488372093023256,0.1216873985938345,0.5038759689922481,0.2538909921278769,0.6666666666666666,0.4444444444444444,0.8914728682170543,0.7947238747671415,0.5581395348837209,0.3115197404002163,0.5503875968992248,0.3029265068205035,0.4883720930232558,0.2385073012439156
Normal 2019,GOLD,949,0,0.7441860465116279,0.5538128718226067,0.7906976744186046,0.6252028123309896,0.3023255813953488,0.0914007571660356,0.627906976744186,0.3942671714440238,0.751937984496124,0.5654107325280933,0.8217054263565892,0.675199807703864,0.6201550387596899,0.3845922720990325,0.4341085271317829,0.1884502133285259,0.3875968992248062,0.1502313562886846
Normal 2019,GOLD,950,0,0.689922480620155,0.4759930292650682,0.7054263565891473,0.4976263445706388,0.7596899224806202,0.5771287783186106,0.6821705426356589,0.4653566492398293,0.6976744186046512,0.486749594375338,0.7674418604651163,0.588967009194159,0.5426356589147286,0.2944534583258217,0.689922480620155,0.4759930292650682,0.3565891472868217,0.1271558199627426
Normal 2019,GOLD,951,0,0.7364341085271318,0.5423351962021513,0.689922480620155,0.4759930292650682,0.751937984496124,0.5654107325280933,0.5426356589147286,0.2944534583258217,0.7054263565891473,0.4976263445706388,0.7984496124031008,0.6375217835466618,0.5736434108527132,0.3290667628147347,0.4883720930232558,0.2385073012439156,0.3333333333333333,0.1111111111111111
Normal 2019,GOLD,952,0,0.813953488372093,0.662520281233099,0.7751937984496124,0.6009254251547383,0.0697674418604651,0.0048674959437533,0.4728682170542636,0.2236043507000781,0.7364341085271318,0.5423351962021513,0.7829457364341085,0.6130040262003484,0.5193798449612403,0.269755423351962,0.5426356589147286,0.2944534583258217,0.3100775193798449,0.0961480680247581
Normal 2019,GOLD,953,0,0.6201550387596899,0.3845922720990325,0.751937984496124,0.5654107325280933,0.3255813953488372,0.1060032449972958,0.6666666666666666,0.4444444444444444,0.7441860465116279,0.5538128718226067,0.7596899224806202,0.5771287783186106,0.4418604651162791,0.1952406706327744,0.5813953488372093,0.3380205516495403,0.2635658914728682,0.0694669791478877
Normal 2019,GOLD,954,0,0.5813953488372093,0.3380205516495403,0.6124031007751938,0.3750375578390721,0.1705426356589147,0.0290847905774893,0.5116279069767442,0.261763115197404,0.7286821705426356,0.5309777056667268,0.6821705426356589,0.4653566492398293,0.3953488372093023,0.1563007030827474,0.5968992248062015,0.3562886845742443,0.2558139534883721,0.065440778799351
Normal 2019,GOLD,955,0,0.5658914728682171,0.32023315906496,0.3875968992248062,0.1502313562886846,0.3333333333333333,0.1111111111111111,0.6976744186046512,0.486749594375338,0.7596899224806202,0.5771287783186106,0.6589147286821705,0.4341686196742984,0.5116279069767442,0.261763115197404,0.6744186046511628,0.4548404542996214,0.2403100775193798,0.0577489333573703
Normal 2019,GOLD,956,0,0.627906976744186,0.3942671714440238,0.4186046511627907,0.1752298539751217,0.4961240310077519,0.2461390541433808,0.5813953488372093,0.3380205516495403,0.8062015503875969,0.6499609398473649,0.6434108527131783,0.4139775253890992,0.6434108527131783,0.4139775253890992,0.751937984496124,0.5654107325280933,0.2170542635658914,0.0471125533321314
Normal 2019,GOLD,957,0,0.4883720930232558,0.2385073012439156,0.5271317829457365,0.277867916591551,0.9302325581395348,0.8653326122228231,0.8837209302325582,0.7809626825310979,0.8449612403100775,0.7139594976263445,0.4651162790697674,0.2163331530557057,0.7751937984496124,0.6009254251547383,0.5348837209302325,0.2861005949161708,0.1550387596899224,0.0240370170061895
Normal 2019,GOLD,958,0,0.4651162790697674,0.2163331530557057,0.7984496124031008,0.6375217835466618,0.9689922480620154,0.9389459768042784,0.7674418604651163,0.588967009194159,0.8914728682170543,0.7947238747671415,0.6356589147286822,0.404062255874046,0.7286821705426356,0.5309777056667268,0.5271317829457365,0.277867916591551,0.1162790697674418,0.0135208220659816
Normal 2019,GOLD,959,0,0.3488372093023256,0.1216873985938345,0.8372093023255814,0.7009194159004868,0.8527131782945736,0.7271197644372333,0.7596899224806202,0.5771287783186106,0.9069767441860463,0.8226068144943212,0.7054263565891473,0.4976263445706388,0.7674418604651163,0.588967009194159,0.6046511627906976,0.3656030286641427,0.0930232558139534,0.0086533261222282
Normal 2019,GOLD,960,0,0.3255813953488372,0.1060032449972958,0.8527131782945736,0.7271197644372333,0.9534883720930232,0.9091400757166036,0.4651162790697674,0.2163331530557057,0.9457364341085271,0.8944174028003125,0.7441860465116279,0.5538128718226067,0.7906976744186046,0.6252028123309896,0.5581395348837209,0.3115197404002163,0.0852713178294573,0.0072711976443723
Normal 2019,GOLD,961,0,0.3720930232558139,0.1384532179556517,0.9147286821705426,0.8367285619854575,0.875968992248062,0.7673216753800853,0.6511627906976745,0.4240129799891834,0.9612403100775194,0.9239829337179256,0.8372093023255814,0.7009194159004868,0.8062015503875969,0.6499609398473649,0.6124031007751938,0.3750375578390721,0.0542635658914728,0.0029445345832582
Normal 2019,GOLD,962,0,0.3875968992248062,0.1502313562886846,0.937984496124031,0.8798149149690524,0.6589147286821705,0.4341686196742984,0.813953488372093,0.662520281233099,0.9844961240310076,0.9692326182320772,0.9069767441860463,0.8226068144943212,0.5503875968992248,0.3029265068205035,0.4263565891472868,0.1817799411093083,0.0232558139534883,0.0005408328826392
Normal 2019,GOLD,963,0,0.5968992248062015,0.3562886845742443,0.9612403100775194,0.9239829337179256,0.7364341085271318,0.5423351962021513,0.5193798449612403,0.269755423351962,0.9534883720930232,0.9091400757166036,0.8527131782945736,0.7271197644372333,0.5813953488372093,0.3380205516495403,0.7596899224806202,0.5771287783186106,0.0077519379844961,6.009254251547383e-05
Normal 2019,GOLD,964,0,0.7829457364341085,0.6130040262003484,0.9224806201550388,0.8509704945616249,0.1860465116279069,0.0346133044889129,0.9534883720930232,0.9091400757166036,0.7984496124031008,0.6375217835466618,0.9534883720930232,0.9091400757166036,0.5348837209302325,0.2861005949161708,0.9069767441860463,0.8226068144943212,0.3023255813953488,0.0914007571660356
Normal 2019,GOLD,965,0,0.6124031007751938,0.3750375578390721,0.8062015503875969,0.6499609398473649,0.7674418604651163,0.588967009194159,0.9069767441860463,0.8226068144943212,0.7674418604651163,0.588967009194159,0.9457364341085271,0.8944174028003125,0.3720930232558139,0.1384532179556517,0.8992248062015504,0.8086052520882159,0.2713178294573643,0.0736133645814554
Normal 2019,GOLD,966,0,0.9612403100775194,0.9239829337179256,0.3953488372093023,0.1563007030827474,0.1085271317829457,0.0117781383330328,0.8992248062015504,0.8086052520882159,0.6201550387596899,0.3845922720990325,0.9302325581395348,0.8653326122228231,0.6589147286821705,0.4341686196742984,0.9147286821705426,0.8367285619854575,0.7364341085271318,0.5423351962021513
Normal 2019,GOLD,967,0,0.5038759689922481,0.2538909921278769,0.8914728682170543,0.7947238747671415,0.4573643410852713,0.2091821404963643,0.4806201550387597,0.2309957334294814,0.813953488372093,0.662520281233099,0.7209302325581395,0.519740400216333,0.0465116279069767,0.002163331530557,0.6511627906976745,0.4240129799891834,0.0775193798449612,0.0060092542515473
Normal 2019,GOLD,968,0,0.3333333333333333,0.1111111111111111,0.7286821705426356,0.5309777056667268,0.7286821705426356,0.5309777056667268,0.3875968992248062,0.1502313562886846,0.8837209302325582,0.7809626825310979,0.6511627906976745,0.4240129799891834,0.1007751937984496,0.010155639685115,0.3720930232558139,0.1384532179556517,0.0155038759689922,0.0002403701700618
Normal 2019,GOLD,969,0,0.1395348837209302,0.0194699837750135,0.1395348837209302,0.0194699837750135,0.5503875968992248,0.3029265068205035,0.4341085271317829,0.1884502133285259,0.8294573643410853,0.68799951925966,0.2635658914728682,0.0694669791478877,0.1162790697674418,0.0135208220659816,0.3023255813953488,0.0914007571660356,0.0310077519379844,0.0009614806802475
Normal 2019,GOLD,970,0,0.2790697674418604,0.077879935100054,0.3100775193798449,0.0961480680247581,0.9147286821705426,0.8367285619854575,0.3953488372093023,0.1563007030827474,0.8372093023255814,0.7009194159004868,0.2093023255813953,0.0438074634937804,0.1782945736434108,0.0317889549906856,0.3178294573643411,0.1010155639685115,0.0620155038759689,0.0038459227209903
Normal 2019,GOLD,971,0,0.1240310077519379,0.0153836908839613,0.0232558139534883,0.0005408328826392,0.6201550387596899,0.3845922720990325,0.0620155038759689,0.0038459227209903,0.8604651162790697,0.740400216333153,0.2945736434108527,0.0867736313923442,0.2790697674418604,0.077879935100054,0.2635658914728682,0.0694669791478877,0.1007751937984496,0.010155639685115
Normal 2019,GOLD,972,0,0.0775193798449612,0.0060092542515473,0.0697674418604651,0.0048674959437533,0.6666666666666666,0.4444444444444444,0.0387596899224806,0.0015023135628868,0.7906976744186046,0.6252028123309896,0.2403100775193798,0.0577489333573703,0.3875968992248062,0.1502313562886846,0.1860465116279069,0.0346133044889129,0.1240310077519379,0.0153836908839613
Normal 2019,GOLD,973,0,0.0310077519379844,0.0009614806802475,0.7364341085271318,0.5423351962021513,0.7131782945736435,0.5086232798509706,0.2093023255813953,0.0438074634937804,0.9224806201550388,0.8509704945616249,0.2325581395348837,0.0540832882639264,0.5891472868217055,0.3470945255693769,0.0310077519379844,0.0009614806802475,0.0465116279069767,0.002163331530557
Normal 2019,GOLD,974,0,0.0077519379844961,6.009254251547383e-05,0.875968992248062,0.7673216753800853,0.7829457364341085,0.6130040262003484,0.2945736434108527,0.0867736313923442,0.992248062015504,0.9845562165735232,0.1395348837209302,0.0194699837750135,0.8527131782945736,0.7271197644372333,0.0542635658914728,0.0029445345832582,0.0387596899224806,0.0015023135628868
Normal 2019,GOLD,975,0,0.0155038759689922,0.0002403701700618,0.7674418604651163,0.588967009194159,0.7209302325581395,0.519740400216333,0.1627906976744186,0.0265008112493239,0.9767441860465116,0.9540292049756623,0.3798449612403101,0.1442821945796526,0.8372093023255814,0.7009194159004868,0.0155038759689922,0.0002403701700618,0.0697674418604651,0.0048674959437533
Normal 2019,GOLD,976,0,0.0387596899224806,0.0015023135628868,0.6511627906976745,0.4240129799891834,0.7984496124031008,0.6375217835466618,0.1472868217054263,0.021693407848086,0.875968992248062,0.7673216753800853,0.1860465116279069,0.0346133044889129,0.7984496124031008,0.6375217835466618,0.0620155038759689,0.0038459227209903,0.1085271317829457,0.0117781383330328
Normal 2019,GOLD,977,0,0.0620155038759689,0.0038459227209903,0.4341085271317829,0.1884502133285259,0.8682170542635659,0.7538008533141037,0.0077519379844961,6.009254251547383e-05,0.8527131782945736,0.7271197644372333,0.1782945736434108,0.0317889549906856,0.751937984496124,0.5654107325280933,0.0465116279069767,0.002163331530557,0.1472868217054263,0.021693407848086
Normal 2019,GOLD,978,0,0.0930232558139534,0.0086533261222282,0.2868217054263566,0.0822666907036836,0.8449612403100775,0.7139594976263445,0.0852713178294573,0.0072711976443723,0.7829457364341085,0.6130040262003484,0.1240310077519379,0.0153836908839613,0.7209302325581395,0.519740400216333,0.0232558139534883,0.0005408328826392,0.1937984496124031,0.0375578390721711
Normal 2019,GOLD,979,0,0.1007751937984496,0.010155639685115,0.1317829457364341,0.0173667447869719,0.6046511627906976,0.3656030286641427,0.0155038759689922,0.0002403701700618,0.689922480620155,0.4759930292650682,0.0155038759689922,0.0002403701700618,0.6666666666666666,0.4444444444444444,0.0775193798449612,0.0060092542515473,0.2325581395348837,0.0540832882639264
Normal 2019,GOLD,980,0,0.1317829457364341,0.0173667447869719,0.1085271317829457,0.0117781383330328,0.4728682170542636,0.2236043507000781,0.1550387596899224,0.0240370170061895,0.5968992248062015,0.3562886845742443,0.0232558139534883,0.0005408328826392,0.6046511627906976,0.3656030286641427,0.0387596899224806,0.0015023135628868,0.2868217054263566,0.0822666907036836
Normal 2019,GOLD,981,0,0.2403100775193798,0.0577489333573703,0.2170542635658914,0.0471125533321314,0.4651162790697674,0.2163331530557057,0.1705426356589147,0.0290847905774893,0.5193798449612403,0.269755423351962,0.0775193798449612,0.0060092542515473,0.8449612403100775,0.7139594976263445,0.1240310077519379,0.0153836908839613,0.2945736434108527,0.0867736313923442
Normal 2019,GOLD,982,0,0.2248062015503876,0.0505378282555134,0.1472868217054263,0.021693407848086,0.3953488372093023,0.1563007030827474,0.0542635658914728,0.0029445345832582,0.5581395348837209,0.3115197404002163,0.0542635658914728,0.0029445345832582,0.7829457364341085,0.6130040262003484,0.1782945736434108,0.0317889549906856,0.3410852713178294,0.1163391623099573
Normal 2019,GOLD,983,0,0.1627906976744186,0.0265008112493239,0.1240310077519379,0.0153836908839613,0.3410852713178294,0.1163391623099573,0.1085271317829457,0.0117781383330328,0.4341085271317829,0.1884502133285259,0.0077519379844961,6.009254251547383e-05,0.7131782945736435,0.5086232798509706,0.0930232558139534,0.0086533261222282,0.3643410852713178,0.1327444264166817
Normal 2019,GOLD,984,0,0.1860465116279069,0.0346133044889129,0.0930232558139534,0.0086533261222282,0.2015503875968992,0.0406225587404603,0.0465116279069767,0.002163331530557,0.2790697674418604,0.077879935100054,0.0310077519379844,0.0009614806802475,0.7596899224806202,0.5771287783186106,0.1007751937984496,0.010155639685115,0.4263565891472868,0.1817799411093083
Normal 2019,GOLD,985,0,0.1550387596899224,0.0240370170061895,0.0465116279069767,0.002163331530557,0.2945736434108527,0.0867736313923442,0.2558139534883721,0.065440778799351,0.2558139534883721,0.065440778799351,0.0387596899224806,0.0015023135628868,0.7364341085271318,0.5423351962021513,0.0697674418604651,0.0048674959437533,0.4573643410852713,0.2091821404963643
Normal 2019,GOLD,986,0,0.2093023255813953,0.0438074634937804,0.0620155038759689,0.0038459227209903,0.5038759689922481,0.2538909921278769,0.3023255813953488,0.0914007571660356,0.1472868217054263,0.021693407848086,0.0620155038759689,0.0038459227209903,0.7054263565891473,0.4976263445706388,0.1627906976744186,0.0265008112493239,0.4806201550387597,0.2309957334294814
Normal 2019,GOLD,987,0,0.2015503875968992,0.0406225587404603,0.0387596899224806,0.0015023135628868,0.6356589147286822,0.404062255874046,0.0697674418604651,0.0048674959437533,0.2093023255813953,0.0438074634937804,0.1627906976744186,0.0265008112493239,0.6821705426356589,0.4653566492398293,0.1162790697674418,0.0135208220659816,0.5193798449612403,0.269755423351962
Normal 2019,GOLD,988,0,0.2480620155038759,0.0615347635358452,0.0310077519379844,0.0009614806802475,0.2480620155038759,0.0615347635358452,0.2015503875968992,0.0406225587404603,0.1085271317829457,0.0117781383330328,0.2480620155038759,0.0615347635358452,0.5038759689922481,0.2538909921278769,0.1317829457364341,0.0173667447869719,0.5348837209302325,0.2861005949161708
Normal 2019,GOLD,989,0,0.2635658914728682,0.0694669791478877,0.1162790697674418,0.0135208220659816,0.2248062015503876,0.0505378282555134,0.0310077519379844,0.0009614806802475,0.2325581395348837,0.0540832882639264,0.3565891472868217,0.1271558199627426,0.4263565891472868,0.1817799411093083,0.0852713178294573,0.0072711976443723,0.4961240310077519,0.2461390541433808
Normal 2019,GOLD,990,0,0.1472868217054263,0.021693407848086,0.0542635658914728,0.0029445345832582,0.3178294573643411,0.1010155639685115,0.3410852713178294,0.1163391623099573,0.1007751937984496,0.010155639685115,0.4108527131782946,0.168799951925966,0.3565891472868217,0.1271558199627426,0.1395348837209302,0.0194699837750135,0.5116279069767442,0.261763115197404
Normal 2019,GOLD,991,0,0.1705426356589147,0.0290847905774893,0.3023255813953488,0.0914007571660356,0.2790697674418604,0.077879935100054,0.1782945736434108,0.0317889549906856,0.0310077519379844,0.0009614806802475,0.3333333333333333,0.1111111111111111,0.2945736434108527,0.0867736313923442,0.2868217054263566,0.0822666907036836,0.6046511627906976,0.3656030286641427
Normal 2019,GOLD,992,0,0.2325581395348837,0.0540832882639264,0.2480620155038759,0.0615347635358452,0.3100775193798449,0.0961480680247581,0.0930232558139534,0.0086533261222282,0.0387596899224806,0.0015023135628868,0.3410852713178294,0.1163391623099573,0.3488372093023256,0.1216873985938345,0.2558139534883721,0.065440778799351,0.5658914728682171,0.32023315906496
Normal 2019,GOLD,993,0,0.2868217054263566,0.0822666907036836,0.1860465116279069,0.0346133044889129,0.6124031007751938,0.3750375578390721,0.1007751937984496,0.010155639685115,0.1240310077519379,0.0153836908839613,0.3875968992248062,0.1502313562886846,0.3643410852713178,0.1327444264166817,0.1472868217054263,0.021693407848086,0.5581395348837209,0.3115197404002163
Normal 2019,GOLD,994,0,0.3410852713178294,0.1163391623099573,0.1937984496124031,0.0375578390721711,0.4186046511627907,0.1752298539751217,0.2480620155038759,0.0615347635358452,0.1162790697674418,0.0135208220659816,0.5503875968992248,0.3029265068205035,0.3023255813953488,0.0914007571660356,0.4031007751937984,0.1624902349618412,0.6124031007751938,0.3750375578390721
Normal 2019,GOLD,995,0,0.4961240310077519,0.2461390541433808,0.2015503875968992,0.0406225587404603,0.0232558139534883,0.0005408328826392,0.3255813953488372,0.1060032449972958,0.1395348837209302,0.0194699837750135,0.4961240310077519,0.2461390541433808,0.2868217054263566,0.0822666907036836,0.2325581395348837,0.0540832882639264,0.6434108527131783,0.4139775253890992
Normal 2019,GOLD,996,0,0.4108527131782946,0.168799951925966,0.1627906976744186,0.0265008112493239,0.0852713178294573,0.0072711976443723,0.3643410852713178,0.1327444264166817,0.0542635658914728,0.0029445345832582,0.3953488372093023,0.1563007030827474,0.2325581395348837,0.0540832882639264,0.3565891472868217,0.1271558199627426,0.627906976744186,0.3942671714440238
Normal 2019,GOLD,997,0,0.4418604651162791,0.1952406706327744,0.1705426356589147,0.0290847905774893,0.1317829457364341,0.0173667447869719,0.4186046511627907,0.1752298539751217,0.2868217054263566,0.0822666907036836,0.3720930232558139,0.1384532179556517,0.2558139534883721,0.065440778799351,0.3255813953488372,0.1060032449972958,0.6821705426356589,0.4653566492398293
Normal 2019,GOLD,998,0,0.4573643410852713,0.2091821404963643,0.2093023255813953,0.0438074634937804,0.0542635658914728,0.0029445345832582,0.3720930232558139,0.1384532179556517,0.1627906976744186,0.0265008112493239,0.4806201550387597,0.2309957334294814,0.3178294573643411,0.1010155639685115,0.3100775193798449,0.0961480680247581,0.7286821705426356,0.5309777056667268
Normal 2019,GOLD,999,0,0.4806201550387597,0.2309957334294814,0.4031007751937984,0.1624902349618412,0.0155038759689922,0.0002403701700618,0.4418604651162791,0.1952406706327744,0.2713178294573643,0.0736133645814554,0.5038759689922481,0.2538909921278769,0.4108527131782946,0.168799951925966,0.5193798449612403,0.269755423351962,0.7984496124031008,0.6375217835466618
Normal 2019,GOLD,1000,0,0.5891472868217055,0.3470945255693769,0.4651162790697674,0.2163331530557057,0.4496124031007752,0.2021513130220539,0.5736434108527132,0.3290667628147347,0.3023255813953488,0.0914007571660356,0.4883720930232558,0.2385073012439156,0.4883720930232558,0.2385073012439156,0.4961240310077519,0.2461390541433808,0.8992248062015504,0.8086052520882159
Normal 2019,GOLD,1001,0,0.7054263565891473,0.4976263445706388,0.2945736434108527,0.0867736313923442,0.3875968992248062,0.1502313562886846,0.4108527131782946,0.168799951925966,0.2248062015503876,0.0505378282555134,0.6201550387596899,0.3845922720990325,0.4186046511627907,0.1752298539751217,0.8372093023255814,0.7009194159004868,0.9224806201550388,0.8509704945616249
Normal 2019,GOLD,1002,0,0.7984496124031008,0.6375217835466618,0.4108527131782946,0.168799951925966,0.8837209302325582,0.7809626825310979,0.6589147286821705,0.4341686196742984,0.3875968992248062,0.1502313562886846,0.7131782945736435,0.5086232798509706,0.5271317829457365,0.277867916591551,0.813953488372093,0.662520281233099,0.937984496124031,0.8798149149690524
Normal 2019,EURUSD,908,0,0.112781954887218,0.0127197693481824,0.4135338345864661,0.1710102323477867,0.2857142857142857,0.0816326530612244,0.2030075187969924,0.0412120526881112,0.0902255639097744,0.0081406523828367,0.037593984962406,0.0014133077053536,0.2180451127819548,0.0475436712080954,0.7819548872180451,0.6114534456441856,0.7669172932330827,0.5881621346599581
Normal 2019,EURUSD,909,0,0.5714285714285714,0.3265306122448979,0.5639097744360902,0.3179942337045622,0.0300751879699248,0.0009045169314263,0.7518796992481203,0.5653230821414438,0.1578947368421052,0.0249307479224376,0.5413533834586466,0.2930634857821244,0.6240601503759399,0.3894510712872406,0.6390977443609023,0.4084459268471932,0.7969924812030075,0.6351970150941262
Normal 2019,EURUSD,910,0,0.5263157894736842,0.2770083102493074,0.4285714285714285,0.183673469387755,0.631578947368421,0.3988919667590027,0.6090225563909775,0.3709084741930013,0.3609022556390977,0.1302504381253886,0.4285714285714285,0.183673469387755,0.556390977443609,0.3095709197806546,0.6766917293233082,0.4579116965345695,0.8646616541353384,0.7476397761320595
Normal 2019,EURUSD,911,0,0.4436090225563909,0.1967889648934365,0.3759398496240601,0.1413307705353609,0.1428571428571428,0.0204081632653061,0.5789473684210527,0.335180055401662,0.3458646616541353,0.1196223641811295,0.5864661654135338,0.3439425631748544,0.5338345864661654,0.2849793657075019,0.8421052631578947,0.709141274238227,0.8421052631578947,0.709141274238227
Normal 2019,EURUSD,912,0,0.4586466165413533,0.2103567188648312,0.2556390977443609,0.0653513482955509,0.0827067669172932,0.0068404092939114,0.9097744360902256,0.8276895245632879,0.4210526315789473,0.1772853185595567,0.6090225563909775,0.3709084741930013,0.5714285714285714,0.3265306122448979,0.9022556390977444,0.814065238283679,0.8120300751879699,0.65939284300978
Normal 2019,EURUSD,913,0,0.7142857142857143,0.5102040816326531,0.3383458646616541,0.1144779241336423,0.0601503759398496,0.0036180677257052,0.8872180451127819,0.7871558595737463,0.6541353383458647,0.4278930408728588,0.7894736842105263,0.6232686980609419,0.6842105263157895,0.4681440443213296,0.849624060150376,0.7218610435864097,0.7293233082706767,0.5319124879868845
Normal 2019,EURUSD,914,0,0.6165413533834586,0.3801232404319068,0.3233082706766917,0.1045282378879529,0.8721804511278195,0.7606987393295267,0.7744360902255639,0.5997512578438577,0.5789473684210527,0.335180055401662,0.7669172932330827,0.5881621346599581,0.7443609022556391,0.5540731528068291,0.8796992481203008,0.7738707671434225,0.6842105263157895,0.4681440443213296
Normal 2019,EURUSD,915,0,0.7218045112781954,0.5210017525015546,0.3984962406015037,0.1587992537735315,0.075187969924812,0.0056532308214144,0.7593984962406015,0.5766860760924869,0.6766917293233082,0.4579116965345695,0.7744360902255639,0.5997512578438577,0.8195488721804511,0.6716603538922494,0.9699248120300752,0.9407541409915768,0.6015037593984962,0.361806772570524
Normal 2019,EURUSD,916,0,0.6766917293233082,0.4579116965345695,0.4661654135338345,0.217310192775171,0.18796992481203,0.0353326926338402,0.8796992481203008,0.7738707671434225,0.6917293233082706,0.478489456724518,0.8270676691729323,0.6840409293911469,0.8947368421052632,0.8005540166204986,0.7368421052631579,0.5429362880886426,0.5037593984962406,0.2537735315732942
Normal 2019,EURUSD,917,0,0.849624060150376,0.7218610435864097,0.4586466165413533,0.2103567188648312,0.8045112781954887,0.6472383967437391,0.9774436090225564,0.95539600881904,0.6842105263157895,0.4681440443213296,0.8120300751879699,0.65939284300978,0.8872180451127819,0.7871558595737463,0.7894736842105263,0.6232686980609419,0.4586466165413533,0.2103567188648312
Normal 2019,EURUSD,918,0,0.5864661654135338,0.3439425631748544,0.4887218045112781,0.23884900220476,0.5639097744360902,0.3179942337045622,0.5338345864661654,0.2849793657075019,0.6992481203007519,0.4889479337441348,0.8195488721804511,0.6716603538922494,0.9022556390977444,0.814065238283679,0.8571428571428571,0.7346938775510203,0.3759398496240601,0.1413307705353609
Normal 2019,EURUSD,919,0,0.8421052631578947,0.709141274238227,0.7969924812030075,0.6351970150941262,0.6015037593984962,0.361806772570524,0.8345864661654135,0.696534569506473,0.8045112781954887,0.6472383967437391,0.8646616541353384,0.7476397761320595,0.9398496240601504,0.883317315846006,0.8947368421052632,0.8005540166204986,0.3458646616541353,0.1196223641811295
Normal 2019,EURUSD,920,0,0.8045112781954887,0.6472383967437391,0.6766917293233082,0.4579116965345695,0.3157894736842105,0.0997229916897506,0.706766917293233,0.4995194753801797,0.7744360902255639,0.5997512578438577,0.8345864661654135,0.696534569506473,0.9473684210526316,0.8975069252077561,0.8721804511278195,0.7606987393295267,0.2631578947368421,0.0692520775623268
Normal 2019,EURUSD,921,0,0.6917293233082706,0.478489456724518,0.6240601503759399,0.3894510712872406,0.706766917293233,0.4995194753801797,0.8646616541353384,0.7476397761320595,0.7593984962406015,0.5766860760924869,0.9473684210526316,0.8975069252077561,0.9172932330827068,0.8414268754593249,0.8646616541353384,0.7476397761320595,0.2481203007518796,0.0615636836452032
Normal 2019,EURUSD,922,0,0.3383458646616541,0.1144779241336423,0.112781954887218,0.0127197693481824,0.4586466165413533,0.2103567188648312,0.5714285714285714,0.3265306122448979,0.0300751879699248,0.0009045169314263,0.225563909774436,0.0508790773927299,0.1278195488721804,0.0163378370738877,0.4135338345864661,0.1710102323477867,0.924812030075188,0.8552772909717904
Normal 2019,EURUSD,923,0,0.6466165413533834,0.4181129515518118,0.2330827067669172,0.0543275481937927,0.7819548872180451,0.6114534456441856,0.3458646616541353,0.1196223641811295,0.0601503759398496,0.0036180677257052,0.3007518796992481,0.090451693142631,0.3533834586466165,0.1248798688450449,0.2781954887218045,0.0773927299451636,0.9849624060150376,0.9701509412629318
Normal 2019,EURUSD,924,0,0.6691729323308271,0.4477924133642377,0.4060150375939849,0.164848210752445,0.6090225563909775,0.3709084741930013,0.6165413533834586,0.3801232404319068,0.2481203007518796,0.0615636836452032,0.4135338345864661,0.1710102323477867,0.3684210526315789,0.1357340720221606,0.3458646616541353,0.1196223641811295,0.9548872180451128,0.9118095991859348
Normal 2019,EURUSD,925,0,0.3759398496240601,0.1413307705353609,0.3458646616541353,0.1196223641811295,0.4135338345864661,0.1710102323477867,0.4511278195488721,0.2035163095709197,0.1729323308270676,0.0299055910452823,0.3533834586466165,0.1248798688450449,0.3383458646616541,0.1144779241336423,0.1353383458646616,0.0183164678613827,0.9172932330827068,0.8414268754593249
Normal 2019,EURUSD,926,0,0.5488721804511278,0.3012606704731754,0.3308270676691729,0.1094465487025835,0.2105263157894736,0.0443213296398891,0.7969924812030075,0.6351970150941262,0.2406015037593984,0.0578890836112838,0.3834586466165413,0.1470405336649895,0.3007518796992481,0.090451693142631,0.1654135338345864,0.0273616371756458,0.8721804511278195,0.7606987393295267
Normal 2019,EURUSD,927,0,0.7744360902255639,0.5997512578438577,0.2481203007518796,0.0615636836452032,0.4360902255639097,0.1901746848323816,0.6616541353383458,0.437786194810334,0.2706766917293233,0.0732658714455311,0.3609022556390977,0.1302504381253886,0.2706766917293233,0.0732658714455311,0.2932330827067669,0.0859856407937136,0.7744360902255639,0.5997512578438577
Normal 2019,EURUSD,928,0,0.631578947368421,0.3988919667590027,0.1954887218045112,0.0382158403527616,0.4511278195488721,0.2035163095709197,0.2481203007518796,0.0615636836452032,0.2180451127819548,0.0475436712080954,0.2706766917293233,0.0732658714455311,0.2631578947368421,0.0692520775623268,0.3308270676691729,0.1094465487025835,0.6917293233082706,0.478489456724518
Normal 2019,EURUSD,929,0,0.4360902255639097,0.1901746848323816,0.1654135338345864,0.0273616371756458,0.3909774436090225,0.1528633614110464,0.5263157894736842,0.2770083102493074,0.2857142857142857,0.0816326530612244,0.3909774436090225,0.1528633614110464,0.1954887218045112,0.0382158403527616,0.1578947368421052,0.0249307479224376,0.6240601503759399,0.3894510712872406
Normal 2019,EURUSD,930,0,0.4060150375939849,0.164848210752445,0.1729323308270676,0.0299055910452823,0.3308270676691729,0.1094465487025835,0.2330827067669172,0.0543275481937927,0.4586466165413533,0.2103567188648312,0.2406015037593984,0.0578890836112838,0.1578947368421052,0.0249307479224376,0.5939849624060151,0.3528181355644751,0.4887218045112781,0.23884900220476
Normal 2019,EURUSD,931,0,0.4962406015037593,0.2462547345808129,0.0977443609022556,0.0095539600881904,0.5263157894736842,0.2770083102493074,0.2406015037593984,0.0578890836112838,0.4060150375939849,0.164848210752445,0.1654135338345864,0.0273616371756458,0.0827067669172932,0.0068404092939114,0.1729323308270676,0.0299055910452823,0.3984962406015037,0.1587992537735315
Normal 2019,EURUSD,932,0,0.3684210526315789,0.1357340720221606,0.0676691729323308,0.0045791169653456,0.3984962406015037,0.1587992537735315,0.7443609022556391,0.5540731528068291,0.3233082706766917,0.1045282378879529,0.1052631578947368,0.0110803324099722,0.0526315789473684,0.002770083102493,0.2330827067669172,0.0543275481937927,0.4210526315789473,0.1772853185595567
Normal 2019,EURUSD,933,0,0.2030075187969924,0.0412120526881112,0.0526315789473684,0.002770083102493,0.556390977443609,0.3095709197806546,0.0601503759398496,0.0036180677257052,0.4511278195488721,0.2035163095709197,0.0451127819548872,0.0020351630957091,0.0451127819548872,0.0020351630957091,0.4060150375939849,0.164848210752445,0.3684210526315789,0.1357340720221606
Normal 2019,EURUSD,934,0,0.0300751879699248,0.0009045169314263,0.0300751879699248,0.0009045169314263,0.5338345864661654,0.2849793657075019,0.1804511278195488,0.0325626095313471,0.2030075187969924,0.0412120526881112,0.0225563909774436,0.0005087907739272,0.0225563909774436,0.0005087907739272,0.150375939849624,0.0226129232856577,0.3308270676691729,0.1094465487025835
Normal 2019,EURUSD,935,0,0.1278195488721804,0.0163378370738877,0.0601503759398496,0.0036180677257052,0.4060150375939849,0.164848210752445,0.3834586466165413,0.1470405336649895,0.3082706766917293,0.0950308101079767,0.0977443609022556,0.0095539600881904,0.037593984962406,0.0014133077053536,0.3909774436090225,0.1528633614110464,0.3157894736842105,0.0997229916897506
Normal 2019,EURUSD,936,0,0.0150375939849624,0.0002261292328565,0.075187969924812,0.0056532308214144,0.5488721804511278,0.3012606704731754,0.0827067669172932,0.0068404092939114,0.4812030075187969,0.2315563344451353,0.0601503759398496,0.0036180677257052,0.0150375939849624,0.0002261292328565,0.3684210526315789,0.1357340720221606,0.225563909774436,0.0508790773927299
Normal 2019,EURUSD,937,0,0.1052631578947368,0.0110803324099722,0.1353383458646616,0.0183164678613827,0.4661654135338345,0.217310192775171,0.3909774436090225,0.1528633614110464,0.4436090225563909,0.1967889648934365,0.075187969924812,0.0056532308214144,0.0075187969924812,5.653230821414438e-05,0.3834586466165413,0.1470405336649895,0.1654135338345864,0.0273616371756458
Normal 2019,EURUSD,938,0,0.2481203007518796,0.0615636836452032,0.2781954887218045,0.0773927299451636,0.5939849624060151,0.3528181355644751,0.2556390977443609,0.0653513482955509,0.5714285714285714,0.3265306122448979,0.1353383458646616,0.0183164678613827,0.0300751879699248,0.0009045169314263,0.4436090225563909,0.1967889648934365,0.112781954887218,0.0127197693481824
Normal 2019,EURUSD,939,0,0.3609022556390977,0.1302504381253886,0.706766917293233,0.4995194753801797,0.8571428571428571,0.7346938775510203,0.225563909774436,0.0508790773927299,0.7368421052631579,0.5429362880886426,0.0827067669172932,0.0068404092939114,0.075187969924812,0.0056532308214144,0.2556390977443609,0.0653513482955509,0.0601503759398496,0.0036180677257052
Normal 2019,EURUSD,940,0,0.3082706766917293,0.0950308101079767,0.1578947368421052,0.0249307479224376,0.0902255639097744,0.0081406523828367,0.3684210526315789,0.1357340720221606,0.1954887218045112,0.0382158403527616,0.1428571428571428,0.0204081632653061,0.0977443609022556,0.0095539600881904,0.5864661654135338,0.3439425631748544,0.5338345864661654,0.2849793657075019
Normal 2019,EURUSD,941,0,0.3233082706766917,0.1045282378879529,0.4360902255639097,0.1901746848323816,0.4887218045112781,0.23884900220476,0.5112781954887218,0.2614053931822036,0.0676691729323308,0.0045791169653456,0.2180451127819548,0.0475436712080954,0.4285714285714285,0.183673469387755,0.7593984962406015,0.5766860760924869,0.9774436090225564,0.95539600881904
Normal 2019,EURUSD,942,0,0.1578947368421052,0.0249307479224376,0.2030075187969924,0.0412120526881112,0.5413533834586466,0.2930634857821244,0.0902255639097744,0.0081406523828367,0.1203007518796992,0.0144722709028209,0.1954887218045112,0.0382158403527616,0.4661654135338345,0.217310192775171,0.6541353383458647,0.4278930408728588,0.962406015037594,0.9262253377805416
Normal 2019,EURUSD,943,0,0.18796992481203,0.0353326926338402,0.3007518796992481,0.090451693142631,0.1203007518796992,0.0144722709028209,0.4210526315789473,0.1772853185595567,0.0526315789473684,0.002770083102493,0.150375939849624,0.0226129232856577,0.5112781954887218,0.2614053931822036,0.556390977443609,0.3095709197806546,0.9924812030075189,0.9850189383232516
Normal 2019,EURUSD,944,0,0.2105263157894736,0.0443213296398891,0.3157894736842105,0.0997229916897506,0.2330827067669172,0.0543275481937927,0.3609022556390977,0.1302504381253886,0.2105263157894736,0.0443213296398891,0.1278195488721804,0.0163378370738877,0.4887218045112781,0.23884900220476,0.5413533834586466,0.2930634857821244,0.9699248120300752,0.9407541409915768
Normal 2019,EURUSD,945,0,0.1954887218045112,0.0382158403527616,0.225563909774436,0.0508790773927299,0.112781954887218,0.0127197693481824,0.2932330827067669,0.0859856407937136,0.112781954887218,0.0127197693481824,0.112781954887218,0.0127197693481824,0.4436090225563909,0.1967889648934365,0.7744360902255639,0.5997512578438577,0.9022556390977444,0.814065238283679
Normal 2019,EURUSD,946,0,0.075187969924812,0.0056532308214144,0.2105263157894736,0.0443213296398891,0.2481203007518796,0.0615636836452032,0.0225563909774436,0.0005087907739272,0.3308270676691729,0.1094465487025835,0.2030075187969924,0.0412120526881112,0.3984962406015037,0.1587992537735315,0.7218045112781954,0.5210017525015546,0.8872180451127819,0.7871558595737463
Normal 2019,EURUSD,947,0,0.1654135338345864,0.0273616371756458,0.2631578947368421,0.0692520775623268,0.5037593984962406,0.2537735315732942,0.5864661654135338,0.3439425631748544,0.4360902255639097,0.1901746848323816,0.2105263157894736,0.0443213296398891,0.3609022556390977,0.1302504381253886,0.5488721804511278,0.3012606704731754,0.7894736842105263,0.6232686980609419
Normal 2019,EURUSD,948,0,0.150375939849624,0.0226129232856577,0.1804511278195488,0.0325626095313471,0.7669172932330827,0.5881621346599581,0.1203007518796992,0.0144722709028209,0.1052631578947368,0.0110803324099722,0.1729323308270676,0.0299055910452823,0.2556390977443609,0.0653513482955509,0.5338345864661654,0.2849793657075019,0.706766917293233,0.4995194753801797
Normal 2019,EURUSD,949,0,0.4210526315789473,0.1772853185595567,0.1203007518796992,0.0144722709028209,0.1954887218045112,0.0382158403527616,0.4962406015037593,0.2462547345808129,0.1428571428571428,0.0204081632653061,0.2932330827067669,0.0859856407937136,0.3909774436090225,0.1528633614110464,0.8345864661654135,0.696534569506473,0.8345864661654135,0.696534569506473
Normal 2019,EURUSD,950,0,0.8345864661654135,0.696534569506473,0.2406015037593984,0.0578890836112838,0.6466165413533834,0.4181129515518118,0.3007518796992481,0.090451693142631,0.1654135338345864,0.0273616371756458,0.518796992481203,0.2691503194075414,0.4135338345864661,0.1710102323477867,0.924812030075188,0.8552772909717904,0.8045112781954887,0.6472383967437391
Normal 2019,EURUSD,951,0,0.6090225563909775,0.3709084741930013,0.3609022556390977,0.1302504381253886,0.7894736842105263,0.6232686980609419,0.9323308270676692,0.869240771100684,0.0451127819548872,0.0020351630957091,0.5639097744360902,0.3179942337045622,0.4210526315789473,0.1772853185595567,0.8195488721804511,0.6716603538922494,0.8796992481203008,0.7738707671434225
Normal 2019,EURUSD,952,0,0.7969924812030075,0.6351970150941262,0.3533834586466165,0.1248798688450449,0.3458646616541353,0.1196223641811295,0.6390977443609023,0.4084459268471932,0.1278195488721804,0.0163378370738877,0.5112781954887218,0.2614053931822036,0.4511278195488721,0.2035163095709197,0.962406015037594,0.9262253377805416,0.9097744360902256,0.8276895245632879
Normal 2019,EURUSD,953,0,0.3909774436090225,0.1528633614110464,0.2180451127819548,0.0475436712080954,0.3082706766917293,0.0950308101079767,0.7894736842105263,0.6232686980609419,0.3157894736842105,0.0997229916897506,0.4511278195488721,0.2035163095709197,0.4962406015037593,0.2462547345808129,0.9097744360902256,0.8276895245632879,0.9398496240601504,0.883317315846006
Normal 2019,EURUSD,954,0,0.4812030075187969,0.2315563344451353,0.3909774436090225,0.1528633614110464,0.1353383458646616,0.0183164678613827,0.8721804511278195,0.7606987393295267,0.4887218045112781,0.23884900220476,0.3984962406015037,0.1587992537735315,0.5939849624060151,0.3528181355644751,0.9774436090225564,0.95539600881904,0.9473684210526316,0.8975069252077561
Normal 2019,EURUSD,955,0,0.7593984962406015,0.5766860760924869,0.2706766917293233,0.0732658714455311,0.5864661654135338,0.3439425631748544,0.849624060150376,0.7218610435864097,0.2932330827067669,0.0859856407937136,0.631578947368421,0.3988919667590027,0.6090225563909775,0.3709084741930013,0.9548872180451128,0.9118095991859348,0.9323308270676692,0.869240771100684
Normal 2019,EURUSD,956,0,0.6390977443609023,0.4084459268471932,0.7669172932330827,0.5881621346599581,0.2631578947368421,0.0692520775623268,0.3082706766917293,0.0950308101079767,0.3007518796992481,0.090451693142631,0.1804511278195488,0.0325626095313471,0.3157894736842105,0.0997229916897506,0.5789473684210527,0.335180055401662,0.849624060150376,0.7218610435864097
Normal 2019,EURUSD,957,0,0.4285714285714285,0.183673469387755,0.9398496240601504,0.883317315846006,0.2406015037593984,0.0578890836112838,0.3759398496240601,0.1413307705353609,0.3834586466165413,0.1470405336649895,0.18796992481203,0.0353326926338402,0.0601503759398496,0.0036180677257052,0.4586466165413533,0.2103567188648312,0.4135338345864661,0.1710102323477867
Normal 2019,EURUSD,958,0,0.2706766917293233,0.0732658714455311,0.9323308270676692,0.869240771100684,0.1729323308270676,0.0299055910452823,0.1954887218045112,0.0382158403527616,0.3684210526315789,0.1357340720221606,0.3759398496240601,0.1413307705353609,0.0676691729323308,0.0045791169653456,0.5639097744360902,0.3179942337045622,0.3909774436090225,0.1528633614110464
Normal 2019,EURUSD,959,0,0.706766917293233,0.4995194753801797,0.8796992481203008,0.7738707671434225,0.0150375939849624,0.0002261292328565,0.1353383458646616,0.0183164678613827,0.5639097744360902,0.3179942337045622,0.5263157894736842,0.2770083102493074,0.0902255639097744,0.0081406523828367,0.3157894736842105,0.0997229916897506,0.4436090225563909,0.1967889648934365
Normal 2019,EURUSD,960,0,0.4135338345864661,0.1710102323477867,0.7518796992481203,0.5653230821414438,0.0075187969924812,5.653230821414438e-05,0.1654135338345864,0.0273616371756458,0.4661654135338345,0.217310192775171,0.7218045112781954,0.5210017525015546,0.1052631578947368,0.0110803324099722,0.2631578947368421,0.0692520775623268,0.4511278195488721,0.2035163095709197
Normal 2019,EURUSD,961,0,0.2857142857142857,0.0816326530612244,0.5939849624060151,0.3528181355644751,0.5714285714285714,0.3265306122448979,0.1278195488721804,0.0163378370738877,0.5037593984962406,0.2537735315732942,0.7293233082706767,0.5319124879868845,0.112781954887218,0.0127197693481824,0.1804511278195488,0.0325626095313471,0.4962406015037593,0.2462547345808129
Normal 2019,EURUSD,962,0,0.2631578947368421,0.0692520775623268,0.2857142857142857,0.0816326530612244,0.7969924812030075,0.6351970150941262,0.0150375939849624,0.0002261292328565,0.4135338345864661,0.1710102323477867,0.6240601503759399,0.3894510712872406,0.150375939849624,0.0226129232856577,0.3383458646616541,0.1144779241336423,0.556390977443609,0.3095709197806546
Normal 2019,EURUSD,963,0,0.3533834586466165,0.1248798688450449,0.150375939849624,0.0226129232856577,0.0977443609022556,0.0095539600881904,0.1428571428571428,0.0204081632653061,0.18796992481203,0.0353326926338402,0.5714285714285714,0.3265306122448979,0.1729323308270676,0.0299055910452823,0.2706766917293233,0.0732658714455311,0.5864661654135338,0.3439425631748544
Normal 2019,EURUSD,964,0,0.2330827067669172,0.0543275481937927,0.1052631578947368,0.0110803324099722,0.6842105263157895,0.4681440443213296,0.0977443609022556,0.0095539600881904,0.150375939849624,0.0226129232856577,0.3157894736842105,0.0997229916897506,0.1203007518796992,0.0144722709028209,0.112781954887218,0.0127197693481824,0.5789473684210527,0.335180055401662
Normal 2019,EURUSD,965,0,0.2406015037593984,0.0578890836112838,0.18796992481203,0.0353326926338402,0.225563909774436,0.0508790773927299,0.3233082706766917,0.1045282378879529,0.2330827067669172,0.0543275481937927,0.2631578947368421,0.0692520775623268,0.2481203007518796,0.0615636836452032,0.0977443609022556,0.0095539600881904,0.5714285714285714,0.3265306122448979
Normal 2019,EURUSD,966,0,0.1203007518796992,0.0144722709028209,0.1428571428571428,0.0204081632653061,0.1052631578947368,0.0110803324099722,0.112781954887218,0.0127197693481824,0.0977443609022556,0.0095539600881904,0.0902255639097744,0.0081406523828367,0.1804511278195488,0.0325626095313471,0.075187969924812,0.0056532308214144,0.518796992481203,0.2691503194075414
Normal 2019,EURUSD,967,0,0.037593984962406,0.0014133077053536,0.0150375939849624,0.0002261292328565,0.2180451127819548,0.0475436712080954,0.3308270676691729,0.1094465487025835,0.1804511278195488,0.0325626095313471,0.0676691729323308,0.0045791169653456,0.18796992481203,0.0353326926338402,0.0451127819548872,0.0020351630957091,0.5413533834586466,0.2930634857821244
Normal 2019,EURUSD,968,0,0.0225563909774436,0.0005087907739272,0.0075187969924812,5.653230821414438e-05,0.5789473684210527,0.335180055401662,0.0300751879699248,0.0009045169314263,0.1353383458646616,0.0183164678613827,0.0526315789473684,0.002770083102493,0.2330827067669172,0.0543275481937927,0.0526315789473684,0.002770083102493,0.5639097744360902,0.3179942337045622
Normal 2019,EURUSD,969,0,0.0601503759398496,0.0036180677257052,0.0225563909774436,0.0005087907739272,0.150375939849624,0.0226129232856577,0.037593984962406,0.0014133077053536,0.075187969924812,0.0056532308214144,0.1203007518796992,0.0144722709028209,0.2781954887218045,0.0773927299451636,0.0902255639097744,0.0081406523828367,0.6090225563909775,0.3709084741930013
Normal 2019,EURUSD,970,0,0.0526315789473684,0.002770083102493,0.037593984962406,0.0014133077053536,0.9172932330827068,0.8414268754593249,0.0526315789473684,0.002770083102493,0.2556390977443609,0.0653513482955509,0.2556390977443609,0.0653513482955509,0.3759398496240601,0.1413307705353609,0.0827067669172932,0.0068404092939114,0.6390977443609023,0.4084459268471932
Normal 2019,EURUSD,971,0,0.0977443609022556,0.0095539600881904,0.0451127819548872,0.0020351630957091,0.6917293233082706,0.478489456724518,0.2857142857142857,0.0816326530612244,0.3984962406015037,0.1587992537735315,0.5338345864661654,0.2849793657075019,0.5789473684210527,0.335180055401662,0.0300751879699248,0.0009045169314263,0.6466165413533834,0.4181129515518118
Normal 2019,EURUSD,972,0,0.1353383458646616,0.0183164678613827,0.0827067669172932,0.0068404092939114,0.6766917293233082,0.4579116965345695,0.1578947368421052,0.0249307479224376,0.3759398496240601,0.1413307705353609,0.6691729323308271,0.4477924133642377,0.631578947368421,0.3988919667590027,0.0075187969924812,5.653230821414438e-05,0.6616541353383458,0.437786194810334
Normal 2019,EURUSD,973,0,0.0676691729323308,0.0045791169653456,0.0902255639097744,0.0081406523828367,0.037593984962406,0.0014133077053536,0.1052631578947368,0.0110803324099722,0.518796992481203,0.2691503194075414,0.6842105263157895,0.4681440443213296,0.5864661654135338,0.3439425631748544,0.037593984962406,0.0014133077053536,0.7142857142857143,0.5102040816326531
Normal 2019,EURUSD,974,0,0.0075187969924812,5.653230821414438e-05,0.1278195488721804,0.0163378370738877,0.2781954887218045,0.0773927299451636,0.0075187969924812,5.653230821414438e-05,0.3533834586466165,0.1248798688450449,0.6992481203007519,0.4889479337441348,0.518796992481203,0.2691503194075414,0.0601503759398496,0.0036180677257052,0.7518796992481203,0.5653230821414438
Normal 2019,EURUSD,975,0,0.0902255639097744,0.0081406523828367,0.3082706766917293,0.0950308101079767,0.5112781954887218,0.2614053931822036,0.5488721804511278,0.3012606704731754,0.5263157894736842,0.2770083102493074,0.8796992481203008,0.7738707671434225,0.7293233082706767,0.5319124879868845,0.0676691729323308,0.0045791169653456,0.6165413533834586,0.3801232404319068
Normal 2019,EURUSD,976,0,0.6240601503759399,0.3894510712872406,0.849624060150376,0.7218610435864097,0.849624060150376,0.7218610435864097,0.7819548872180451,0.6114534456441856,0.8571428571428571,0.7346938775510203,0.962406015037594,0.9262253377805416,0.9097744360902256,0.8276895245632879,0.1428571428571428,0.0204081632653061,0.4661654135338345,0.217310192775171
Normal 2019,EURUSD,977,0,0.7518796992481203,0.5653230821414438,0.9473684210526316,0.8975069252077561,0.924812030075188,0.8552772909717904,0.556390977443609,0.3095709197806546,0.8421052631578947,0.709141274238227,0.9323308270676692,0.869240771100684,0.8646616541353384,0.7476397761320595,0.18796992481203,0.0353326926338402,0.5112781954887218,0.2614053931822036
Normal 2019,EURUSD,978,0,0.7894736842105263,0.6232686980609419,0.9924812030075189,0.9850189383232516,0.3007518796992481,0.090451693142631,0.2706766917293233,0.0732658714455311,0.7443609022556391,0.5540731528068291,0.8571428571428571,0.7346938775510203,0.7669172932330827,0.5881621346599581,0.1052631578947368,0.0110803324099722,0.5939849624060151,0.3528181355644751
Normal 2019,EURUSD,979,0,0.8947368421052632,0.8005540166204986,0.924812030075188,0.8552772909717904,0.0526315789473684,0.002770083102493,0.2631578947368421,0.0692520775623268,0.4962406015037593,0.2462547345808129,0.8045112781954887,0.6472383967437391,0.6691729323308271,0.4477924133642377,0.1203007518796992,0.0144722709028209,0.6766917293233082,0.4579116965345695
Normal 2019,EURUSD,980,0,0.9022556390977444,0.814065238283679,0.6691729323308271,0.4477924133642377,0.3609022556390977,0.1302504381253886,0.3383458646616541,0.1144779241336423,0.4736842105263157,0.224376731301939,0.7518796992481203,0.5653230821414438,0.5413533834586466,0.2930634857821244,0.1278195488721804,0.0163378370738877,0.7443609022556391,0.5540731528068291
Normal 2019,EURUSD,981,0,0.8872180451127819,0.7871558595737463,0.7293233082706767,0.5319124879868845,0.4285714285714285,0.183673469387755,0.3157894736842105,0.0997229916897506,0.6466165413533834,0.4181129515518118,0.8421052631578947,0.709141274238227,0.706766917293233,0.4995194753801797,0.2105263157894736,0.0443213296398891,0.5263157894736842,0.2770083102493074
Normal 2019,EURUSD,982,0,0.924812030075188,0.8552772909717904,0.8872180451127819,0.7871558595737463,0.9097744360902256,0.8276895245632879,0.8571428571428571,0.7346938775510203,0.9323308270676692,0.869240771100684,0.9849624060150376,0.9701509412629318,0.9699248120300752,0.9407541409915768,0.6090225563909775,0.3709084741930013,0.2781954887218045,0.0773927299451636
Normal 2019,EURUSD,983,0,0.9172932330827068,0.8414268754593249,0.8721804511278195,0.7606987393295267,0.9022556390977444,0.814065238283679,0.962406015037594,0.9262253377805416,0.849624060150376,0.7218610435864097,0.9548872180451128,0.9118095991859348,0.9774436090225564,0.95539600881904,0.5714285714285714,0.3265306122448979,0.2706766917293233,0.0732658714455311
Normal 2019,EURUSD,984,0,0.9398496240601504,0.883317315846006,0.8195488721804511,0.6716603538922494,0.8120300751879699,0.65939284300978,0.8947368421052632,0.8005540166204986,0.9398496240601504,0.883317315846006,0.9097744360902256,0.8276895245632879,0.962406015037594,0.9262253377805416,0.3082706766917293,0.0950308101079767,0.2556390977443609,0.0653513482955509
Normal 2019,EURUSD,985,0,0.962406015037594,0.9262253377805416,0.4736842105263157,0.224376731301939,0.6541353383458647,0.4278930408728588,0.7368421052631579,0.5429362880886426,0.8270676691729323,0.6840409293911469,0.7969924812030075,0.6351970150941262,0.8796992481203008,0.7738707671434225,0.4887218045112781,0.23884900220476,0.3383458646616541,0.1144779241336423
Normal 2019,EURUSD,986,0,0.9097744360902256,0.8276895245632879,0.5338345864661654,0.2849793657075019,0.3759398496240601,0.1413307705353609,0.4360902255639097,0.1901746848323816,0.8947368421052632,0.8005540166204986,0.7142857142857143,0.5102040816326531,0.8345864661654135,0.696534569506473,0.5037593984962406,0.2537735315732942,0.3233082706766917,0.1045282378879529
Normal 2019,EURUSD,987,0,0.8195488721804511,0.6716603538922494,0.5714285714285714,0.3265306122448979,0.518796992481203,0.2691503194075414,0.518796992481203,0.2691503194075414,0.8120300751879699,0.65939284300978,0.6466165413533834,0.4181129515518118,0.849624060150376,0.7218610435864097,0.4511278195488721,0.2035163095709197,0.2857142857142857,0.0816326530612244
Normal 2019,EURUSD,988,0,0.8571428571428571,0.7346938775510203,0.6466165413533834,0.4181129515518118,0.8195488721804511,0.6716603538922494,0.6917293233082706,0.478489456724518,0.7969924812030075,0.6351970150941262,0.6766917293233082,0.4579116965345695,0.8421052631578947,0.709141274238227,0.2857142857142857,0.0816326530612244,0.2105263157894736,0.0443213296398891
Normal 2019,EURUSD,989,0,0.8796992481203008,0.7738707671434225,0.4511278195488721,0.2035163095709197,0.7518796992481203,0.5653230821414438,0.6842105263157895,0.4681440443213296,0.8345864661654135,0.696534569506473,0.706766917293233,0.4995194753801797,0.8045112781954887,0.6472383967437391,0.225563909774436,0.0508790773927299,0.1954887218045112,0.0382158403527616
Normal 2019,EURUSD,990,0,0.5939849624060151,0.3528181355644751,0.556390977443609,0.3095709197806546,0.4962406015037593,0.2462547345808129,0.4812030075187969,0.2315563344451353,0.7218045112781954,0.5210017525015546,0.6541353383458647,0.4278930408728588,0.7744360902255639,0.5997512578438577,0.2481203007518796,0.0615636836452032,0.150375939849624,0.0226129232856577
Normal 2019,EURUSD,991,0,0.5338345864661654,0.2849793657075019,0.7593984962406015,0.5766860760924869,0.6992481203007519,0.4889479337441348,0.7669172932330827,0.5881621346599581,0.8796992481203008,0.7738707671434225,0.6917293233082706,0.478489456724518,0.7819548872180451,0.6114534456441856,0.2030075187969924,0.0412120526881112,0.1428571428571428,0.0204081632653061
Normal 2019,EURUSD,992,0,0.7293233082706767,0.5319124879868845,0.8571428571428571,0.7346938775510203,0.8947368421052632,0.8005540166204986,0.6541353383458647,0.4278930408728588,0.924812030075188,0.8552772909717904,0.7443609022556391,0.5540731528068291,0.7593984962406015,0.5766860760924869,0.4736842105263157,0.224376731301939,0.0902255639097744,0.0081406523828367
Normal 2019,EURUSD,993,0,0.8646616541353384,0.7476397761320595,0.8646616541353384,0.7476397761320595,0.9398496240601504,0.883317315846006,0.8120300751879699,0.65939284300978,0.9097744360902256,0.8276895245632879,0.7819548872180451,0.6114534456441856,0.8270676691729323,0.6840409293911469,0.5263157894736842,0.2770083102493074,0.0676691729323308,0.0045791169653456
Normal 2019,EURUSD,994,0,0.5112781954887218,0.2614053931822036,0.8947368421052632,0.8005540166204986,0.7744360902255639,0.5997512578438577,0.8195488721804511,0.6716603538922494,0.962406015037594,0.9262253377805416,0.8721804511278195,0.7606987393295267,0.8721804511278195,0.7606987393295267,0.4360902255639097,0.1901746848323816,0.0827067669172932,0.0068404092939114
Normal 2019,EURUSD,995,0,0.518796992481203,0.2691503194075414,0.9172932330827068,0.8414268754593249,0.8872180451127819,0.7871558595737463,0.8270676691729323,0.6840409293911469,0.9548872180451128,0.9118095991859348,0.9699248120300752,0.9407541409915768,0.924812030075188,0.8552772909717904,0.7518796992481203,0.5653230821414438,0.1052631578947368,0.0110803324099722
Normal 2019,EURUSD,996,0,0.3984962406015037,0.1587992537735315,0.9548872180451128,0.9118095991859348,0.9548872180451128,0.9118095991859348,0.6766917293233082,0.4579116965345695,0.9924812030075189,0.9850189383232516,0.9774436090225564,0.95539600881904,0.9849624060150376,0.9701509412629318,0.3007518796992481,0.090451693142631,0.0526315789473684,0.002770083102493
Normal 2019,EURUSD,997,0,0.3007518796992481,0.090451693142631,0.9097744360902256,0.8276895245632879,0.9849624060150376,0.9701509412629318,0.9699248120300752,0.9407541409915768,0.9774436090225564,0.95539600881904,0.924812030075188,0.8552772909717904,0.9548872180451128,0.9118095991859348,0.7293233082706767,0.5319124879868845,0.0300751879699248,0.0009045169314263
Normal 2019,EURUSD,998,0,0.4736842105263157,0.224376731301939,0.7218045112781954,0.5210017525015546,0.9924812030075189,0.9850189383232516,0.8421052631578947,0.709141274238227,0.9849624060150376,0.9701509412629318,0.7368421052631579,0.5429362880886426,0.9323308270676692,0.869240771100684,0.6842105263157895,0.4681440443213296,0.0225563909774436,0.0005087907739272
Normal 2019,EURUSD,999,0,0.1428571428571428,0.0204081632653061,0.5263157894736842,0.2770083102493074,0.9699248120300752,0.9407541409915768,0.9022556390977444,0.814065238283679,0.9473684210526316,0.8975069252077561,0.6390977443609023,0.4084459268471932,0.8120300751879699,0.65939284300978,0.4285714285714285,0.183673469387755,0.0150375939849624,0.0002261292328565
Normal 2019,EURUSD,1000,0,0.1729323308270676,0.0299055910452823,0.5112781954887218,0.2614053931822036,0.9774436090225564,0.95539600881904,0.2105263157894736,0.0443213296398891,0.9172932330827068,0.8414268754593249,0.4060150375939849,0.164848210752445,0.6766917293233082,0.4579116965345695,0.4962406015037593,0.2462547345808129,0.0075187969924812,5.653230821414438e-05
Normal 2019,EURUSD,1001,0,0.225563909774436,0.0508790773927299,0.4812030075187969,0.2315563344451353,0.962406015037594,0.9262253377805416,0.1729323308270676,0.0299055910452823,0.9022556390977444,0.814065238283679,0.2481203007518796,0.0615636836452032,0.6917293233082706,0.478489456724518,0.5112781954887218,0.2614053931822036,0.037593984962406,0.0014133077053536
Normal 2019,EURUSD,1002,0,0.6015037593984962,0.361806772570524,0.5413533834586466,0.2930634857821244,0.9323308270676692,0.869240771100684,0.631578947368421,0.3988919667590027,0.8872180451127819,0.7871558595737463,0.4887218045112781,0.23884900220476,0.7969924812030075,0.6351970150941262,0.4661654135338345,0.217310192775171,0.0451127819548872,0.0020351630957091
Normal 2019,EURUSD,1003,0,0.6992481203007519,0.4889479337441348,0.6390977443609023,0.4084459268471932,0.6240601503759399,0.3894510712872406,0.5037593984962406,0.2537735315732942,0.7293233082706767,0.5319124879868845,0.4736842105263157,0.224376731301939,0.7518796992481203,0.5653230821414438,0.6917293233082706,0.478489456724518,0.075187969924812,0.0056532308214144
Normal 2019,EURUSD,1004,0,0.7443609022556391,0.5540731528068291,0.6842105263157895,0.4681440443213296,0.7443609022556391,0.5540731528068291,0.150375939849624,0.0226129232856577,0.8195488721804511,0.6716603538922494,0.5488721804511278,0.3012606704731754,0.7142857142857143,0.5102040816326531,0.8120300751879699,0.65939284300978,0.0977443609022556,0.0095539600881904
Normal 2019,EURUSD,1005,0,0.4511278195488721,0.2035163095709197,0.5789473684210527,0.335180055401662,0.6691729323308271,0.4477924133642377,0.6691729323308271,0.4477924133642377,0.7142857142857143,0.5102040816326531,0.4812030075187969,0.2315563344451353,0.6541353383458647,0.4278930408728588,0.6015037593984962,0.361806772570524,0.1278195488721804,0.0163378370738877
Normal 2019,EURUSD,1006,0,0.4661654135338345,0.217310192775171,0.5864661654135338,0.3439425631748544,0.3684210526315789,0.1357340720221606,0.2180451127819548,0.0475436712080954,0.6015037593984962,0.361806772570524,0.4436090225563909,0.1967889648934365,0.5037593984962406,0.2537735315732942,0.3233082706766917,0.1045282378879529,0.1578947368421052,0.0249307479224376
Normal 2019,EURUSD,1007,0,0.3157894736842105,0.0997229916897506,0.5488721804511278,0.3012606704731754,0.3533834586466165,0.1248798688450449,0.5939849624060151,0.3528181355644751,0.5413533834586466,0.2930634857821244,0.4586466165413533,0.2103567188648312,0.3458646616541353,0.1196223641811295,0.8270676691729323,0.6840409293911469,0.2180451127819548,0.0475436712080954
Normal 2019,EURUSD,1008,0,0.5639097744360902,0.3179942337045622,0.3834586466165413,0.1470405336649895,0.4436090225563909,0.1967889648934365,0.4736842105263157,0.224376731301939,0.6090225563909775,0.3709084741930013,0.3684210526315789,0.1357340720221606,0.2857142857142857,0.0816326530612244,0.706766917293233,0.4995194753801797,0.1804511278195488,0.0325626095313471
Normal 2019,EURUSD,1009,0,0.1804511278195488,0.0325626095313471,0.3684210526315789,0.1357340720221606,0.7142857142857143,0.5102040816326531,0.4060150375939849,0.164848210752445,0.706766917293233,0.4995194753801797,0.2857142857142857,0.0816326530612244,0.3834586466165413,0.1470405336649895,0.6240601503759399,0.3894510712872406,0.1353383458646616,0.0183164678613827
Normal 2019,EURUSD,1010,0,0.2932330827067669,0.0859856407937136,0.6917293233082706,0.478489456724518,0.6165413533834586,0.3801232404319068,0.6992481203007519,0.4889479337441348,0.6691729323308271,0.4477924133642377,0.4661654135338345,0.217310192775171,0.4586466165413533,0.2103567188648312,0.3533834586466165,0.1248798688450449,0.1729323308270676,0.0299055910452823
Normal 2019,EURUSD,1011,0,0.3308270676691729,0.1094465487025835,0.6541353383458647,0.4278930408728588,0.7368421052631579,0.5429362880886426,0.3984962406015037,0.1587992537735315,0.6165413533834586,0.3801232404319068,0.5037593984962406,0.2537735315732942,0.6015037593984962,0.361806772570524,0.3759398496240601,0.1413307705353609,0.2406015037593984,0.0578890836112838
Normal 2019,EURUSD,1012,0,0.2556390977443609,0.0653513482955509,0.6616541353383458,0.437786194810334,0.8345864661654135,0.696534569506473,0.4436090225563909,0.1967889648934365,0.5112781954887218,0.2614053931822036,0.3458646616541353,0.1196223641811295,0.6390977443609023,0.4084459268471932,0.518796992481203,0.2691503194075414,0.3533834586466165,0.1248798688450449
Normal 2019,EURUSD,1013,0,0.2781954887218045,0.0773927299451636,0.6165413533834586,0.3801232404319068,0.8421052631578947,0.709141274238227,0.6240601503759399,0.3894510712872406,0.5338345864661654,0.2849793657075019,0.4360902255639097,0.1901746848323816,0.6466165413533834,0.4181129515518118,0.6691729323308271,0.4477924133642377,0.4285714285714285,0.183673469387755
Normal 2019,EURUSD,1014,0,0.3834586466165413,0.1470405336649895,0.518796992481203,0.2691503194075414,0.1278195488721804,0.0163378370738877,0.6466165413533834,0.4181129515518118,0.3909774436090225,0.1528633614110464,0.3383458646616541,0.1144779241336423,0.6165413533834586,0.3801232404319068,0.6992481203007519,0.4889479337441348,0.5488721804511278,0.3012606704731754
Normal 2019,EURUSD,1015,0,0.6541353383458647,0.4278930408728588,0.631578947368421,0.3988919667590027,0.3834586466165413,0.1470405336649895,0.6015037593984962,0.361806772570524,0.2631578947368421,0.0692520775623268,0.3082706766917293,0.0950308101079767,0.5639097744360902,0.3179942337045622,0.7969924812030075,0.6351970150941262,0.6691729323308271,0.4477924133642377
Normal 2019,EURUSD,1016,0,0.7819548872180451,0.6114534456441856,0.6090225563909775,0.3709084741930013,0.4736842105263157,0.224376731301939,0.5413533834586466,0.2930634857821244,0.2781954887218045,0.0773927299451636,0.3233082706766917,0.1045282378879529,0.4360902255639097,0.1901746848323816,0.7142857142857143,0.5102040816326531,0.7218045112781954,0.5210017525015546
Normal 2019,EURUSD,1017,0,0.7368421052631579,0.5429362880886426,0.6015037593984962,0.361806772570524,0.2932330827067669,0.0859856407937136,0.9398496240601504,0.883317315846006,0.0827067669172932,0.0068404092939114,0.2781954887218045,0.0773927299451636,0.3082706766917293,0.0950308101079767,0.6616541353383458,0.437786194810334,0.7368421052631579,0.5429362880886426
Normal 2019,EURUSD,1018,0,0.8120300751879699,0.65939284300978,0.4436090225563909,0.1967889648934365,0.7293233082706767,0.5319124879868845,0.5639097744360902,0.3179942337045622,0.037593984962406,0.0014133077053536,0.3308270676691729,0.1094465487025835,0.2030075187969924,0.0412120526881112,0.7669172932330827,0.5881621346599581,0.7593984962406015,0.5766860760924869
Normal 2019,EURUSD,1019,0,0.9548872180451128,0.9118095991859348,0.8120300751879699,0.65939284300978,0.9473684210526316,0.8975069252077561,0.9548872180451128,0.9118095991859348,0.8646616541353384,0.7476397761320595,0.9022556390977444,0.814065238283679,0.8571428571428571,0.7346938775510203,0.9849624060150376,0.9701509412629318,0.18796992481203,0.0353326926338402
Normal 2019,EURUSD,1020,0,0.9323308270676692,0.869240771100684,0.8421052631578947,0.709141274238227,0.8796992481203008,0.7738707671434225,0.7293233082706767,0.5319124879868845,0.7518796992481203,0.5653230821414438,0.9172932330827068,0.8414268754593249,0.7894736842105263,0.6232686980609419,0.9398496240601504,0.883317315846006,0.2330827067669172,0.0543275481937927
Normal 2019,EURUSD,1021,0,0.8721804511278195,0.7606987393295267,0.8345864661654135,0.696534569506473,0.6616541353383458,0.437786194810334,0.8045112781954887,0.6472383967437391,0.7894736842105263,0.6232686980609419,0.849624060150376,0.7218610435864097,0.7368421052631579,0.5429362880886426,0.8045112781954887,0.6472383967437391,0.3007518796992481,0.090451693142631
Normal 2019,EURUSD,1022,0,0.9699248120300752,0.9407541409915768,0.9022556390977444,0.814065238283679,0.2030075187969924,0.0412120526881112,0.9924812030075189,0.9850189383232516,0.7669172932330827,0.5881621346599581,0.8872180451127819,0.7871558595737463,0.6992481203007519,0.4889479337441348,0.9473684210526316,0.8975069252077561,0.3082706766917293,0.0950308101079767
Normal 2019,EURUSD,1023,0,0.9774436090225564,0.95539600881904,0.9699248120300752,0.9407541409915768,0.7218045112781954,0.5210017525015546,0.9473684210526316,0.8975069252077561,0.7819548872180451,0.6114534456441856,0.8947368421052632,0.8005540166204986,0.6616541353383458,0.437786194810334,0.8872180451127819,0.7871558595737463,0.2932330827067669,0.0859856407937136
Normal 2019,EURUSD,1024,0,0.9924812030075189,0.9850189383232516,0.9774436090225564,0.95539600881904,0.0225563909774436,0.0005087907739272,0.924812030075188,0.8552772909717904,0.8721804511278195,0.7606987393295267,0.9398496240601504,0.883317315846006,0.7218045112781954,0.5210017525015546,0.9172932330827068,0.8414268754593249,0.2030075187969924,0.0412120526881112
Normal 2019,EURUSD,1025,0,0.9849624060150376,0.9701509412629318,0.9849624060150376,0.9701509412629318,0.8270676691729323,0.6840409293911469,0.9849624060150376,0.9701509412629318,0.9699248120300752,0.9407541409915768,0.9924812030075189,0.9850189383232516,0.9924812030075189,0.9850189383232516,0.9924812030075189,0.9850189383232516,0.1203007518796992,0.0144722709028209
Normal 2019,EURUSD,1026,0,0.9473684210526316,0.8975069252077561,0.962406015037594,0.9262253377805416,0.8646616541353384,0.7476397761320595,0.9172932330827068,0.8414268754593249,0.5864661654135338,0.3439425631748544,0.7593984962406015,0.5766860760924869,0.2932330827067669,0.0859856407937136,0.9323308270676692,0.869240771100684,0.4060150375939849,0.164848210752445
Normal 2019,EURUSD,1027,0,0.6842105263157895,0.4681440443213296,0.7142857142857143,0.5102040816326531,0.1578947368421052,0.0249307479224376,0.4661654135338345,0.217310192775171,0.225563909774436,0.0508790773927299,0.4962406015037593,0.2462547345808129,0.2105263157894736,0.0443213296398891,0.7443609022556391,0.5540731528068291,0.8270676691729323,0.6840409293911469
Normal 2019,EURUSD,1028,0,0.5037593984962406,0.2537735315732942,0.7368421052631579,0.5429362880886426,0.4812030075187969,0.2315563344451353,0.4135338345864661,0.1710102323477867,0.3383458646616541,0.1144779241336423,0.556390977443609,0.3095709197806546,0.225563909774436,0.0508790773927299,0.3609022556390977,0.1302504381253886,0.7819548872180451,0.6114534456441856
Normal 2019,EURUSD,1029,0,0.7669172932330827,0.5881621346599581,0.7894736842105263,0.6232686980609419,0.7593984962406015,0.5766860760924869,0.2781954887218045,0.0773927299451636,0.5488721804511278,0.3012606704731754,0.6165413533834586,0.3801232404319068,0.3308270676691729,0.1094465487025835,0.3984962406015037,0.1587992537735315,0.6992481203007519,0.4889479337441348
Normal 2019,EURUSD,1030,0,0.8270676691729323,0.6840409293911469,0.7443609022556391,0.5540731528068291,0.2706766917293233,0.0732658714455311,0.4285714285714285,0.183673469387755,0.6390977443609023,0.4084459268471932,0.6616541353383458,0.437786194810334,0.4060150375939849,0.164848210752445,0.6165413533834586,0.3801232404319068,0.631578947368421,0.3988919667590027
Normal 2019,EURUSD,1031,0,0.3458646616541353,0.1196223641811295,0.7744360902255639,0.5997512578438577,0.1654135338345864,0.0273616371756458,0.4586466165413533,0.2103567188648312,0.556390977443609,0.3095709197806546,0.6015037593984962,0.361806772570524,0.5263157894736842,0.2770083102493074,0.6466165413533834,0.4181129515518118,0.4736842105263157,0.224376731301939
Normal 2019,EURUSD,1032,0,0.5789473684210527,0.335180055401662,0.8270676691729323,0.6840409293911469,0.3233082706766917,0.1045282378879529,0.3533834586466165,0.1248798688450449,0.631578947368421,0.3988919667590027,0.5939849624060151,0.3528181355644751,0.5488721804511278,0.3012606704731754,0.4210526315789473,0.1772853185595567,0.4360902255639097,0.1901746848323816
Normal 2019,EURUSD,1033,0,0.556390977443609,0.3095709197806546,0.8045112781954887,0.6472383967437391,0.6390977443609023,0.4084459268471932,0.7218045112781954,0.5210017525015546,0.6616541353383458,0.437786194810334,0.5789473684210527,0.335180055401662,0.4812030075187969,0.2315563344451353,0.2180451127819548,0.0475436712080954,0.3834586466165413,0.1470405336649895
Normal 2019,EURUSD,1034,0,0.5413533834586466,0.2930634857821244,0.7819548872180451,0.6114534456441856,0.2556390977443609,0.0653513482955509,0.7142857142857143,0.5102040816326531,0.5939849624060151,0.3528181355644751,0.4210526315789473,0.1772853185595567,0.4736842105263157,0.224376731301939,0.631578947368421,0.3988919667590027,0.3609022556390977,0.1302504381253886
Normal 2019,EURUSD,1035,0,0.6616541353383458,0.437786194810334,0.6992481203007519,0.4889479337441348,0.1804511278195488,0.0325626095313471,0.4887218045112781,0.23884900220476,0.6240601503759399,0.3894510712872406,0.2330827067669172,0.0543275481937927,0.3233082706766917,0.1045282378879529,0.4812030075187969,0.2315563344451353,0.4812030075187969,0.2315563344451353
Normal 2019,EURUSD,1036,0,0.4887218045112781,0.23884900220476,0.4962406015037593,0.2462547345808129,0.3383458646616541,0.1144779241336423,0.18796992481203,0.0353326926338402,0.4285714285714285,0.183673469387755,0.1578947368421052,0.0249307479224376,0.2406015037593984,0.0578890836112838,0.2406015037593984,0.0578890836112838,0.6541353383458647,0.4278930408728588
Normal 2019,EURUSD,1037,0,0.2180451127819548,0.0475436712080954,0.4210526315789473,0.1772853185595567,0.4210526315789473,0.1772853185595567,0.0451127819548872,0.0020351630957091,0.0225563909774436,0.0005087907739272,0.0300751879699248,0.0009045169314263,0.1353383458646616,0.0183164678613827,0.1954887218045112,0.0382158403527616,0.8195488721804511,0.6716603538922494
Normal 2019,EURUSD,1038,0,0.0451127819548872,0.0020351630957091,0.2932330827067669,0.0859856407937136,0.0676691729323308,0.0045791169653456,0.075187969924812,0.0056532308214144,0.0075187969924812,5.653230821414438e-05,0.0150375939849624,0.0002261292328565,0.1428571428571428,0.0204081632653061,0.0225563909774436,0.0005087907739272,0.8947368421052632,0.8005540166204986
Normal 2019,EURUSD,1039,0,0.0827067669172932,0.0068404092939114,0.5037593984962406,0.2537735315732942,0.0451127819548872,0.0020351630957091,0.0676691729323308,0.0045791169653456,0.0150375939849624,0.0002261292328565,0.0075187969924812,5.653230821414438e-05,0.1654135338345864,0.0273616371756458,0.0150375939849624,0.0002261292328565,0.8571428571428571,0.7346938775510203
Iran 2026,USOIL,0,0,0.5870646766169154,0.3446449345313235,0.7263681592039801,0.5276107027053786,0.8208955223880597,0.6738694586767655,0.5174129353233831,0.2677161456399594,0.9353233830845771,0.8748298309447785,0.22885572139303484,0.052374941214326384,0.22388059701492538,0.050122521719759415,0.21890547263681592,0.04791960595034776,0.07462686567164178,0.005569169079973267
Iran 2026,USOIL,1,0,0.5920398009950248,0.3505111259622286,0.7213930348258707,0.5204079106952799,0.9054726368159204,0.8198806960223757,0.19402985074626866,0.03764758298061929,0.9253731343283582,0.8563154377366897,0.29850746268656714,0.08910670527957228,0.34328358208955223,0.11784361773223434,0.13432835820895522,0.01804410781911339,0.06467661691542288,0.004183064775624365
Iran 2026,USOIL,2,0,0.6218905472636815,0.38674785277592133,0.746268656716418,0.5569169079973268,0.9203980099502488,0.8471324967203783,0.5572139303482587,0.3104873641741541,0.9402985074626866,0.8841612831365561,0.3681592039800995,0.1355411994752605,0.38308457711442784,0.14675379322294002,0.22885572139303484,0.052374941214326384,0.05970149253731343,0.0035642682111828913
Iran 2026,USOIL,3,0,0.6069651741293532,0.3684067226058761,0.8855721393034826,0.7842380139105467,0.9850746268656716,0.9703720204945421,0.2835820895522388,0.08041880151481398,0.945273631840796,0.8935422390534888,0.835820895522388,0.6985965693918467,0.7512437810945274,0.5643672186332022,0.1691542288557214,0.02861315313977377,0.04975124378109453,0.002475186257765897
Iran 2026,USOIL,4,0,0.6517412935323383,0.4247667136952056,0.9502487562189055,0.9029726986955768,0.9900497512437811,0.9801985099378729,0.6368159203980099,0.40553451647236455,0.9701492537313433,0.9411895745154824,0.8059701492537313,0.649587881488082,0.8756218905472637,0.7667136952055642,0.05472636815920398,0.002994975371896735,0.029850746268656716,0.0008910670527957228
Iran 2026,USOIL,5,0,0.681592039800995,0.4645677087200812,0.9601990049751243,0.9219821291552188,0.9950248756218906,0.9900745031063588,0.3880597014925373,0.15059033192247717,0.9601990049751243,0.9219821291552188,0.8308457711442786,0.690304695428331,0.7960199004975125,0.6336476819880696,0.14427860696517414,0.020816316427811194,0.009950248756218905,9.900745031063588e-05
Iran 2026,USOIL,6,0,0.7014925373134329,0.492091779906438,0.8208955223880597,0.6738694586767655,0.46766169154228854,0.21870745773619463,0.7661691542288557,0.5870151728917601,0.9203980099502488,0.8471324967203783,0.9502487562189055,0.9029726986955768,0.2885572139303483,0.08326526571124478,0.7512437810945274,0.5643672186332022,0.05472636815920398,0.002994975371896735
Iran 2026,USOIL,7,0,0.7114427860696517,0.5061508378505483,0.8308457711442786,0.690304695428331,0.4626865671641791,0.21407885943417243,0.3582089552238806,0.1283136556025841,0.7562189054726368,0.5718670329942328,0.845771144278607,0.7153288284943443,0.3333333333333333,0.1111111111111111,0.9303482587064676,0.8655478824781565,0.1691542288557214,0.02861315313977377
Iran 2026,USOIL,8,0,0.7711442786069652,0.5946634984282568,0.8159203980099502,0.6657260958887156,0.29850746268656714,0.08910670527957228,0.9203980099502488,0.8471324967203783,0.7014925373134329,0.492091779906438,0.8109452736318408,0.6576322368258211,0.5771144278606966,0.3330610628449791,0.9651741293532339,0.931561099972773,0.5024875621890548,0.25249375015469916
Iran 2026,USOIL,9,0,0.9502487562189055,0.9029726986955768,0.8905472636815921,0.7930744288507711,0.23383084577114427,0.05467686443404866,0.8706467661691543,0.758025791440806,0.746268656716418,0.5569169079973268,0.8805970149253731,0.7754511026954778,0.5074626865671642,0.2575183782579639,0.9701492537313433,0.9411895745154824,0.3681592039800995,0.1355411994752605
Iran 2026,USOIL,10,0,0.9651741293532339,0.931561099972773,0.9104477611940298,0.8289151258632211,0.8706467661691543,0.758025791440806,0.9303482587064676,0.8655478824781565,0.6666666666666666,0.4444444444444444,0.8855721393034826,0.7842380139105467,0.4527363184079602,0.20497017400559392,0.9601990049751243,0.9219821291552188,0.24378109452736318,0.05942922204895919
Iran 2026,USOIL,11,0,0.9402985074626866,0.8841612831365561,0.9402985074626866,0.8841612831365561,0.8606965174129353,0.7407984950867552,0.945273631840796,0.8935422390534888,0.7910447761194029,0.6257518378257964,0.8756218905472637,0.7667136952055642,0.4228855721393035,0.17883220712358608,0.945273631840796,0.8935422390534888,0.21890547263681592,0.04791960595034776
Iran 2026,USOIL,12,0,0.9253731343283582,0.8563154377366897,0.9203980099502488,0.8471324967203783,0.8159203980099502,0.6657260958887156,0.9800995024875622,0.9605950347763669,0.8656716417910447,0.7493873914012028,0.945273631840796,0.8935422390534888,0.6368159203980099,0.40553451647236455,0.9800995024875622,0.9605950347763669,0.26865671641791045,0.07217643127645355
Iran 2026,USOIL,13,0,0.900497512437811,0.8108957699066855,0.9054726368159204,0.8198806960223757,0.6467661691542289,0.41830647756243666,0.9552238805970149,0.9124526620628202,0.8557213930348259,0.732259102497463,0.9601990049751243,0.9219821291552188,0.736318407960199,0.542164797901042,0.9900497512437811,0.9801985099378729,0.31840796019900497,0.10138362911809114
Iran 2026,USOIL,14,0,0.8109452736318408,0.6576322368258211,0.8407960199004975,0.7069379470805177,0.7213930348258707,0.5204079106952799,0.9701492537313433,0.9411895745154824,0.8258706467661692,0.6820623251899706,0.9701492537313433,0.9411895745154824,0.7562189054726368,0.5718670329942328,0.9203980099502488,0.8471324967203783,0.2935323383084577,0.08616123363283087
Iran 2026,USOIL,15,0,0.6865671641791045,0.47137447092893736,0.8258706467661692,0.6820623251899706,0.900497512437811,0.8108957699066855,0.9751243781094527,0.950867552783347,0.8159203980099502,0.6657260958887156,0.9651741293532339,0.931561099972773,0.6915422885572139,0.47823073686294887,0.9502487562189055,0.9029726986955768,0.3283582089552239,0.10781911338828247
Iran 2026,USOIL,16,0,0.6417910447761194,0.41189574515482286,0.8606965174129353,0.7407984950867552,0.8109452736318408,0.6576322368258211,0.9950248756218906,0.9900745031063588,0.8308457711442786,0.690304695428331,0.9751243781094527,0.950867552783347,0.8258706467661692,0.6820623251899706,0.9552238805970149,0.9124526620628202,0.24875621890547264,0.061879656444147425
Iran 2026,USOIL,17,0,0.6467661691542289,0.41830647756243666,0.8656716417910447,0.7493873914012028,0.5472636815920398,0.2994975371896735,0.8606965174129353,0.7407984950867552,0.8706467661691543,0.758025791440806,0.9253731343283582,0.8563154377366897,0.8606965174129353,0.7407984950867552,0.9751243781094527,0.950867552783347,0.2835820895522388,0.08041880151481398
Iran 2026,USOIL,18,0,0.5671641791044776,0.3216752060592559,0.572139303482587,0.3273433825895398,0.47761194029850745,0.22811316551570504,0.9253731343283582,0.8563154377366897,0.1890547263681592,0.03574168956213955,0.417910447761194,0.17464914234796167,0.6567164179104478,0.4312764535531299,0.8955223880597015,0.8019603475161506,0.9353233830845771,0.8748298309447785
Iran 2026,USOIL,19,0,0.4975124378109453,0.2475186257765897,0.47761194029850745,0.22811316551570504,0.06467661691542288,0.004183064775624365,0.5970149253731343,0.3564268211182891,0.35323383084577115,0.12477413925397886,0.46766169154228854,0.21870745773619463,0.7313432835820896,0.5348629984406327,0.8656716417910447,0.7493873914012028,0.8656716417910447,0.7493873914012028
Iran 2026,USOIL,20,0,0.5621890547263682,0.31605653325412736,0.38308457711442784,0.14675379322294002,0.08955223880597014,0.008019603475161506,0.5223880597014925,0.2728892849186901,0.373134328358209,0.1392292269993317,0.572139303482587,0.3273433825895398,0.7164179104477612,0.5132546224103364,0.8557213930348259,0.732259102497463,0.8159203980099502,0.6657260958887156
Iran 2026,USOIL,21,0,0.5522388059701493,0.3049676988193362,0.39303482587064675,0.15447637434716963,0.03482587064676617,0.0012128412663052895,0.39303482587064675,0.15447637434716963,0.43781094527363185,0.19167842380139105,0.6268656716417911,0.3929605702829138,0.6965174129353234,0.4851365065221159,0.8805970149253731,0.7754511026954778,0.7860696517412935,0.6179054973886785
Iran 2026,USOIL,22,0,0.5024875621890548,0.25249375015469916,0.44776119402985076,0.20049008687903766,0.32338308457711445,0.10457661939060917,0.845771144278607,0.7153288284943443,0.5124378109452736,0.262592510086384,0.6716417910447762,0.45110269547783477,0.6865671641791045,0.47137447092893736,0.8159203980099502,0.6657260958887156,0.7661691542288557,0.5870151728917601
Iran 2026,USOIL,23,0,0.48756218905472637,0.23771688819583675,0.5074626865671642,0.2575183782579639,0.4577114427860697,0.20949976485730554,0.835820895522388,0.6985965693918467,0.6517412935323383,0.4247667136952056,0.7014925373134329,0.492091779906438,0.6218905472636815,0.38674785277592133,0.47761194029850745,0.22811316551570504,0.7014925373134329,0.492091779906438
Iran 2026,USOIL,24,0,0.5124378109452736,0.262592510086384,0.19402985074626866,0.03764758298061929,0.43781094527363185,0.19167842380139105,0.7213930348258707,0.5204079106952799,0.15920398009950248,0.025345907279522784,0.39800995024875624,0.1584119204970174,0.7064676616915423,0.49909655701591543,0.6467661691542289,0.41830647756243666,0.9900497512437811,0.9801985099378729
Iran 2026,USOIL,25,0,0.5472636815920398,0.2994975371896735,0.20398009950248755,0.04160788099304472,0.07960199004975124,0.006336476819880696,0.3781094527363184,0.1429667582485582,0.34328358208955223,0.11784361773223434,0.5024875621890548,0.25249375015469916,0.7014925373134329,0.492091779906438,0.3781094527363184,0.1429667582485582,0.9104477611940298,0.8289151258632211
Iran 2026,USOIL,26,0,0.5373134328358209,0.2887057251058142,0.26865671641791045,0.07217643127645355,0.1691542288557214,0.02861315313977377,0.7114427860696517,0.5061508378505483,0.4527363184079602,0.20497017400559392,0.5572139303482587,0.3104873641741541,0.7711442786069652,0.5946634984282568,0.5621890547263682,0.31605653325412736,0.8706467661691543,0.758025791440806
Iran 2026,USOIL,27,0,0.527363184079602,0.2781119279225762,0.2835820895522388,0.08041880151481398,0.27860696517412936,0.07762184104353853,0.5373134328358209,0.2887057251058142,0.22388059701492538,0.050122521719759415,0.5970149253731343,0.3564268211182891,0.7611940298507462,0.5794163510804188,0.3283582089552239,0.10781911338828247,0.8507462686567164,0.7237692136333259
Iran 2026,USOIL,28,0,0.46766169154228854,0.21870745773619463,0.24875621890547264,0.061879656444147425,0.13432835820895522,0.01804410781911339,0.1791044776119403,0.03207841390064602,0.08955223880597014,0.008019603475161506,0.47761194029850745,0.22811316551570504,0.6019900497512438,0.362392019999505,0.09950248756218906,0.009900745031063588,0.9502487562189055,0.9029726986955768
Iran 2026,USOIL,29,0,0.4079601990049751,0.1664315239721789,0.35323383084577115,0.12477413925397886,0.05970149253731343,0.0035642682111828913,0.11442786069651742,0.013093735303581596,0.15422885572139303,0.023786539937130268,0.5174129353233831,0.2677161456399594,0.5920398009950248,0.3505111259622286,0.23383084577114427,0.05467686443404866,0.8557213930348259,0.732259102497463
Iran 2026,USOIL,30,0,0.26865671641791045,0.07217643127645355,0.4626865671641791,0.21407885943417243,0.17412935323383086,0.030321031657632242,0.35323383084577115,0.12477413925397886,0.2835820895522388,0.08041880151481398,0.5621890547263682,0.31605653325412736,0.572139303482587,0.3273433825895398,0.1044776119402985,0.010915571396747604,0.8009950248756219,0.6415930298754982
Iran 2026,USOIL,31,0,0.12437810945273632,0.015469914111036856,0.5323383084577115,0.2833840746516176,0.6766169154228856,0.45781045023638034,0.13432835820895522,0.01804410781911339,0.3582089552238806,0.1283136556025841,0.43283582089552236,0.1873468478503007,0.5174129353233831,0.2677161456399594,0.12437810945273632,0.015469914111036856,0.736318407960199,0.542164797901042
Iran 2026,USOIL,32,0,0.13432835820895522,0.01804410781911339,0.4925373134328358,0.24259300512363552,0.09950248756218906,0.009900745031063588,0.009950248756218905,9.900745031063588e-05,0.31343283582089554,0.09824014257072845,0.4626865671641791,0.21407885943417243,0.47761194029850745,0.22811316551570504,0.07462686567164178,0.005569169079973267,0.6666666666666666,0.4444444444444444
Iran 2026,USOIL,33,0,0.36318407960199006,0.13190267567634464,0.4527363184079602,0.20497017400559392,0.5671641791044776,0.3216752060592559,0.42786069651741293,0.18306477562436574,0.42786069651741293,0.18306477562436574,0.48756218905472637,0.23771688819583675,0.4577114427860697,0.20949976485730554,0.15920398009950248,0.025345907279522784,0.6417910447761194,0.41189574515482286
Iran 2026,USOIL,34,0,0.3880597014925373,0.15059033192247717,0.417910447761194,0.17464914234796167,0.6069651741293532,0.3684067226058761,0.6119402985074627,0.3744709289374025,0.17412935323383086,0.030321031657632242,0.40298507462686567,0.1623969703720205,0.46766169154228854,0.21870745773619463,0.10945273631840796,0.01197990148758694,0.6169154228855721,0.3805846389940843
Iran 2026,USOIL,35,0,0.39303482587064675,0.15447637434716963,0.3880597014925373,0.15059033192247717,0.7412935323383084,0.5495161010866068,0.6567164179104478,0.4312764535531299,0.1791044776119403,0.03207841390064602,0.4975124378109453,0.2475186257765897,0.4427860696517413,0.19605950347763668,0.06467661691542288,0.004183064775624365,0.5970149253731343,0.3564268211182891
Iran 2026,USOIL,36,0,0.43283582089552236,0.1873468478503007,0.36318407960199006,0.13190267567634464,0.5024875621890548,0.25249375015469916,0.2885572139303483,0.08326526571124478,0.3781094527363184,0.1429667582485582,0.373134328358209,0.1392292269993317,0.43283582089552236,0.1873468478503007,0.1791044776119403,0.03207841390064602,0.5422885572139303,0.2940768792851662
Iran 2026,USOIL,37,0,0.4925373134328358,0.24259300512363552,0.40298507462686567,0.1623969703720205,0.6368159203980099,0.40553451647236455,0.18407960199004975,0.033885299868815125,0.4079601990049751,0.1664315239721789,0.38308457711442784,0.14675379322294002,0.4079601990049751,0.1664315239721789,0.16417910447761194,0.026954778347070617,0.47761194029850745,0.22811316551570504
Iran 2026,USOIL,38,0,0.3781094527363184,0.1429667582485582,0.4228855721393035,0.17883220712358608,0.4527363184079602,0.20497017400559392,0.38308457711442784,0.14675379322294002,0.582089552238806,0.33882824682557366,0.36318407960199006,0.13190267567634464,0.373134328358209,0.1392292269993317,0.12935323383084577,0.01673225910249746,0.39303482587064675,0.15447637434716963
Iran 2026,USOIL,39,0,0.3333333333333333,0.1111111111111111,0.42786069651741293,0.18306477562436574,0.5373134328358209,0.2887057251058142,0.24875621890547264,0.061879656444147425,0.6268656716417911,0.3929605702829138,0.31343283582089554,0.09824014257072845,0.29850746268656714,0.08910670527957228,0.19900497512437812,0.03960298012425435,0.3482587064676617,0.12128412663052897
Iran 2026,USOIL,40,0,0.3482587064676617,0.12128412663052897,0.5572139303482587,0.3104873641741541,0.4925373134328358,0.24259300512363552,0.1890547263681592,0.03574168956213955,0.7263681592039801,0.5276107027053786,0.25870646766169153,0.06692903640998984,0.25870646766169153,0.06692903640998984,0.19402985074626866,0.03764758298061929,0.2736318407960199,0.07487438429741837
Iran 2026,USOIL,41,0,0.40298507462686567,0.1623969703720205,0.5771144278606966,0.3330610628449791,0.6019900497512438,0.362392019999505,0.263681592039801,0.06952798198064405,0.6965174129353234,0.4851365065221159,0.21890547263681592,0.04791960595034776,0.17412935323383086,0.030321031657632242,0.11940298507462686,0.014257072844731565,0.22388059701492538,0.050122521719759415
Iran 2026,USOIL,42,0,0.38308457711442784,0.14675379322294002,0.6169154228855721,0.3805846389940843,0.6268656716417911,0.3929605702829138,0.10945273631840796,0.01197990148758694,0.8059701492537313,0.649587881488082,0.2935323383084577,0.08616123363283087,0.1791044776119403,0.03207841390064602,0.14925373134328357,0.02227667631989307,0.1791044776119403,0.03207841390064602
Iran 2026,USOIL,43,0,0.3681592039800995,0.1355411994752605,0.6567164179104478,0.4312764535531299,0.8258706467661692,0.6820623251899706,0.582089552238806,0.33882824682557366,0.845771144278607,0.7153288284943443,0.39303482587064675,0.15447637434716963,0.21890547263681592,0.04791960595034776,0.208955223880597,0.04366228558699042,0.14925373134328357,0.02227667631989307
Iran 2026,USOIL,44,0,0.29850746268656714,0.08910670527957228,0.7512437810945274,0.5643672186332022,0.9303482587064676,0.8655478824781565,0.6716417910447762,0.45110269547783477,0.8905472636815921,0.7930744288507711,0.4228855721393035,0.17883220712358608,0.18407960199004975,0.033885299868815125,0.13930348258706468,0.019405460260884633,0.10945273631840796,0.01197990148758694
Iran 2026,USOIL,45,0,0.32338308457711445,0.10457661939060917,0.845771144278607,0.7153288284943443,0.6567164179104478,0.4312764535531299,0.4079601990049751,0.1664315239721789,0.8855721393034826,0.7842380139105467,0.43781094527363185,0.19167842380139105,0.15422885572139303,0.023786539937130268,0.08955223880597014,0.008019603475161506,0.08955223880597014,0.008019603475161506
Iran 2026,USOIL,46,0,0.3582089552238806,0.1283136556025841,0.7313432835820896,0.5348629984406327,0.5771144278606966,0.3330610628449791,0.5920398009950248,0.3505111259622286,0.6467661691542289,0.41830647756243666,0.7114427860696517,0.5061508378505483,0.845771144278607,0.7153288284943443,0.263681592039801,0.06952798198064405,0.6218905472636815,0.38674785277592133
Iran 2026,USOIL,47,0,0.24875621890547264,0.061879656444147425,0.7064676616915423,0.49909655701591543,0.14427860696517414,0.020816316427811194,0.9104477611940298,0.8289151258632211,0.7213930348258707,0.5204079106952799,0.8606965174129353,0.7407984950867552,0.8805970149253731,0.7754511026954778,0.7960199004975125,0.6336476819880696,0.6716417910447762,0.45110269547783477
Iran 2026,USOIL,48,0,0.2537313432835821,0.06437959456449098,0.736318407960199,0.542164797901042,0.5870646766169154,0.3446449345313235,0.9154228855721394,0.8379990594292221,0.7164179104477612,0.5132546224103364,0.8656716417910447,0.7493873914012028,0.8905472636815921,0.7930744288507711,0.9154228855721394,0.8379990594292221,0.6467661691542289,0.41830647756243666
Iran 2026,USOIL,49,0,0.373134328358209,0.1392292269993317,0.7661691542288557,0.5870151728917601,0.8557213930348259,0.732259102497463,0.6865671641791045,0.47137447092893736,0.8109452736318408,0.6576322368258211,0.9054726368159204,0.8198806960223757,0.9154228855721394,0.8379990594292221,0.8059701492537313,0.649587881488082,0.6318407960199005,0.3992227915150615
Iran 2026,USOIL,50,0,0.472636815920398,0.2233855597633722,0.8009950248756219,0.6415930298754982,0.42786069651741293,0.18306477562436574,0.8009950248756219,0.6415930298754982,0.8009950248756219,0.6415930298754982,0.9900497512437811,0.9801985099378729,0.9253731343283582,0.8563154377366897,0.736318407960199,0.542164797901042,0.6019900497512438,0.362392019999505
Iran 2026,USOIL,51,0,0.572139303482587,0.3273433825895398,0.7960199004975125,0.6336476819880696,0.5124378109452736,0.262592510086384,0.8905472636815921,0.7930744288507711,0.835820895522388,0.6985965693918467,0.9402985074626866,0.8841612831365561,0.9054726368159204,0.8198806960223757,0.9054726368159204,0.8198806960223757,0.6069651741293532,0.3684067226058761
Iran 2026,USOIL,52,0,0.6766169154228856,0.45781045023638034,0.8557213930348259,0.732259102497463,0.6417910447761194,0.41189574515482286,0.736318407960199,0.542164797901042,0.7512437810945274,0.5643672186332022,0.9154228855721394,0.8379990594292221,0.8855721393034826,0.7842380139105467,0.8756218905472637,0.7667136952055642,0.5771144278606966,0.3330610628449791
Iran 2026,USOIL,53,0,0.7164179104477612,0.5132546224103364,0.900497512437811,0.8108957699066855,0.24875621890547264,0.061879656444147425,0.9402985074626866,0.8841612831365561,0.6865671641791045,0.47137447092893736,0.9203980099502488,0.8471324967203783,0.8656716417910447,0.7493873914012028,0.5074626865671642,0.2575183782579639,0.5074626865671642,0.2575183782579639
Iran 2026,USOIL,54,0,0.7761194029850746,0.6023613276899087,0.8507462686567164,0.7237692136333259,0.6865671641791045,0.47137447092893736,0.8557213930348259,0.732259102497463,0.7661691542288557,0.5870151728917601,0.9104477611940298,0.8289151258632211,0.8955223880597015,0.8019603475161506,0.9353233830845771,0.8748298309447785,0.572139303482587,0.3273433825895398
Iran 2026,USOIL,55,0,0.8059701492537313,0.649587881488082,0.8756218905472637,0.7667136952055642,0.31343283582089554,0.09824014257072845,0.9353233830845771,0.8748298309447785,0.8606965174129353,0.7407984950867552,0.900497512437811,0.8108957699066855,0.8507462686567164,0.7237692136333259,0.845771144278607,0.7153288284943443,0.5373134328358209,0.2887057251058142
Iran 2026,USOIL,56,0,0.835820895522388,0.6985965693918467,0.945273631840796,0.8935422390534888,0.582089552238806,0.33882824682557366,0.8308457711442786,0.690304695428331,0.7860696517412935,0.6179054973886785,0.9303482587064676,0.8655478824781565,0.900497512437811,0.8108957699066855,0.8855721393034826,0.7842380139105467,0.527363184079602,0.2781119279225762
Iran 2026,USOIL,57,0,0.8855721393034826,0.7842380139105467,0.9552238805970149,0.9124526620628202,0.8805970149253731,0.7754511026954778,0.9900497512437811,0.9801985099378729,0.8507462686567164,0.7237692136333259,0.9353233830845771,0.8748298309447785,0.9303482587064676,0.8655478824781565,0.8258706467661692,0.6820623251899706,0.4577114427860697,0.20949976485730554
Iran 2026,USOIL,58,0,0.9303482587064676,0.8655478824781565,0.9253731343283582,0.8563154377366897,0.04975124378109453,0.002475186257765897,0.8805970149253731,0.7754511026954778,0.8407960199004975,0.7069379470805177,0.8905472636815921,0.7930744288507711,0.9353233830845771,0.8748298309447785,0.8606965174129353,0.7407984950867552,0.4527363184079602,0.20497017400559392
Iran 2026,USOIL,59,0,0.9552238805970149,0.9124526620628202,0.8109452736318408,0.6576322368258211,0.3681592039800995,0.1355411994752605,0.900497512437811,0.8108957699066855,0.7761194029850746,0.6023613276899087,0.8706467661691543,0.758025791440806,0.9203980099502488,0.8471324967203783,0.9253731343283582,0.8563154377366897,0.5174129353233831,0.2677161456399594
Iran 2026,USOIL,60,0,0.9900497512437811,0.9801985099378729,0.7910447761194029,0.6257518378257964,0.6517412935323383,0.4247667136952056,0.9601990049751243,0.9219821291552188,0.7611940298507462,0.5794163510804188,0.8955223880597015,0.8019603475161506,0.8706467661691543,0.758025791440806,0.8706467661691543,0.758025791440806,0.5323383084577115,0.2833840746516176
Iran 2026,USOIL,61,0,0.9950248756218906,0.9900745031063588,0.6865671641791045,0.47137447092893736,0.8855721393034826,0.7842380139105467,0.8756218905472637,0.7667136952055642,0.5621890547263682,0.31605653325412736,0.7611940298507462,0.5794163510804188,0.7810945273631841,0.6101086606767159,0.8905472636815921,0.7930744288507711,0.5522388059701493,0.3049676988193362
Iran 2026,USOIL,62,0,0.9701492537313433,0.9411895745154824,0.6666666666666666,0.4444444444444444,0.5223880597014925,0.2728892849186901,0.9850746268656716,0.9703720204945421,0.5572139303482587,0.3104873641741541,0.8258706467661692,0.6820623251899706,0.8308457711442786,0.690304695428331,0.9402985074626866,0.8841612831365561,0.43283582089552236,0.1873468478503007
Iran 2026,USOIL,63,0,0.9850746268656716,0.9703720204945421,0.5223880597014925,0.2728892849186901,0.527363184079602,0.2781119279225762,0.8258706467661692,0.6820623251899706,0.4925373134328358,0.24259300512363552,0.7412935323383084,0.5495161010866068,0.7263681592039801,0.5276107027053786,0.9950248756218906,0.9900745031063588,0.4626865671641791,0.21407885943417243
Iran 2026,USOIL,64,0,0.945273631840796,0.8935422390534888,0.24378109452736318,0.05942922204895919,0.7661691542288557,0.5870151728917601,0.8656716417910447,0.7493873914012028,0.4427860696517413,0.19605950347763668,0.5771144278606966,0.3330610628449791,0.4975124378109453,0.2475186257765897,0.6865671641791045,0.47137447092893736,0.48756218905472637,0.23771688819583675
Iran 2026,USOIL,65,0,0.8756218905472637,0.7667136952055642,0.23880597014925373,0.05702829137892626,0.7611940298507462,0.5794163510804188,0.8507462686567164,0.7237692136333259,0.6069651741293532,0.3684067226058761,0.6865671641791045,0.47137447092893736,0.6666666666666666,0.4444444444444444,0.8407960199004975,0.7069379470805177,0.4925373134328358,0.24259300512363552
Iran 2026,USOIL,66,0,0.8009950248756219,0.6415930298754982,0.22885572139303484,0.052374941214326384,0.7810945273631841,0.6101086606767159,0.9651741293532339,0.931561099972773,0.5671641791044776,0.3216752060592559,0.7562189054726368,0.5718670329942328,0.746268656716418,0.5569169079973268,0.9850746268656716,0.9703720204945421,0.44776119402985076,0.20049008687903766
Iran 2026,USOIL,67,0,0.746268656716418,0.5569169079973268,0.25870646766169153,0.06692903640998984,0.6666666666666666,0.4444444444444444,0.9502487562189055,0.9029726986955768,0.47761194029850745,0.22811316551570504,0.7761194029850746,0.6023613276899087,0.6119402985074627,0.3744709289374025,0.9104477611940298,0.8289151258632211,0.5920398009950248,0.3505111259622286
Iran 2026,USOIL,68,0,0.8308457711442786,0.690304695428331,0.3333333333333333,0.1111111111111111,0.2935323383084577,0.08616123363283087,0.9054726368159204,0.8198806960223757,0.44776119402985076,0.20049008687903766,0.8009950248756219,0.6415930298754982,0.6318407960199005,0.3992227915150615,0.900497512437811,0.8108957699066855,0.582089552238806,0.33882824682557366
Iran 2026,USOIL,69,0,0.8258706467661692,0.6820623251899706,0.19900497512437812,0.03960298012425435,0.5522388059701493,0.3049676988193362,0.6517412935323383,0.4247667136952056,0.13432835820895522,0.01804410781911339,0.6019900497512438,0.362392019999505,0.527363184079602,0.2781119279225762,0.8308457711442786,0.690304695428331,0.746268656716418,0.5569169079973268
Iran 2026,USOIL,70,0,0.7860696517412935,0.6179054973886785,0.3383084577114428,0.11445261255909508,0.43283582089552236,0.1873468478503007,0.7711442786069652,0.5946634984282568,0.27860696517412936,0.07762184104353853,0.2885572139303483,0.08326526571124478,0.7412935323383084,0.5495161010866068,0.7661691542288557,0.5870151728917601,0.8606965174129353,0.7407984950867552
Iran 2026,USOIL,71,0,0.7611940298507462,0.5794163510804188,0.32338308457711445,0.10457661939060917,0.39303482587064675,0.15447637434716963,0.6218905472636815,0.38674785277592133,0.12437810945273632,0.015469914111036856,0.23880597014925373,0.05702829137892626,0.6517412935323383,0.4247667136952056,0.7064676616915423,0.49909655701591543,0.900497512437811,0.8108957699066855
Iran 2026,USOIL,72,0,0.7661691542288557,0.5870151728917601,0.14925373134328357,0.02227667631989307,0.07462686567164178,0.005569169079973267,0.5422885572139303,0.2940768792851662,0.04477611940298507,0.0020049008687903764,0.20398009950248755,0.04160788099304472,0.5522388059701493,0.3049676988193362,0.7014925373134329,0.492091779906438,0.945273631840796,0.8935422390534888
Iran 2026,USOIL,73,0,0.9353233830845771,0.8748298309447785,0.12935323383084577,0.01673225910249746,0.3283582089552239,0.10781911338828247,0.6666666666666666,0.4444444444444444,0.18407960199004975,0.033885299868815125,0.17412935323383086,0.030321031657632242,0.582089552238806,0.33882824682557366,0.4527363184079602,0.20497017400559392,0.9701492537313433,0.9411895745154824
Iran 2026,USOIL,74,0,0.8955223880597015,0.8019603475161506,0.16417910447761194,0.026954778347070617,0.4129353233830846,0.17051558129749264,0.4129353233830846,0.17051558129749264,0.11442786069651742,0.013093735303581596,0.22388059701492538,0.050122521719759415,0.6616915422885572,0.43783569713620946,0.34328358208955223,0.11784361773223434,0.9601990049751243,0.9219821291552188
Iran 2026,USOIL,75,0,0.8606965174129353,0.7407984950867552,0.18407960199004975,0.033885299868815125,0.19900497512437812,0.03960298012425435,0.5124378109452736,0.262592510086384,0.07462686567164178,0.005569169079973267,0.2537313432835821,0.06437959456449098,0.681592039800995,0.4645677087200812,0.5323383084577115,0.2833840746516176,0.9552238805970149,0.9124526620628202
Iran 2026,USOIL,76,0,0.7412935323383084,0.5495161010866068,0.15920398009950248,0.025345907279522784,0.35323383084577115,0.12477413925397886,0.5074626865671642,0.2575183782579639,0.0845771144278607,0.007153288284943443,0.208955223880597,0.04366228558699042,0.6716417910447762,0.45110269547783477,0.572139303482587,0.3273433825895398,0.9651741293532339,0.931561099972773
Iran 2026,USOIL,77,0,0.6965174129353234,0.4851365065221159,0.29850746268656714,0.08910670527957228,0.25870646766169153,0.06692903640998984,0.2736318407960199,0.07487438429741837,0.20398009950248755,0.04160788099304472,0.21393034825870647,0.045766193906091435,0.5572139303482587,0.3104873641741541,0.5174129353233831,0.2677161456399594,0.8955223880597015,0.8019603475161506
Iran 2026,USOIL,78,0,0.7313432835820896,0.5348629984406327,0.23383084577114427,0.05467686443404866,0.1044776119402985,0.010915571396747604,0.4228855721393035,0.17883220712358608,0.14427860696517414,0.020816316427811194,0.2736318407960199,0.07487438429741837,0.6169154228855721,0.3805846389940843,0.4427860696517413,0.19605950347763668,0.9850746268656716,0.9703720204945421
Iran 2026,USOIL,79,0,0.7810945273631841,0.6101086606767159,0.21890547263681592,0.04791960595034776,0.10945273631840796,0.01197990148758694,0.26865671641791045,0.07217643127645355,0.0945273631840796,0.008935422390534888,0.32338308457711445,0.10457661939060917,0.6069651741293532,0.3684067226058761,0.30845771144278605,0.09514615974852107,0.9751243781094527,0.950867552783347
Iran 2026,USOIL,80,0,0.7562189054726368,0.5718670329942328,0.17412935323383086,0.030321031657632242,0.20398009950248755,0.04160788099304472,0.15920398009950248,0.025345907279522784,0.06965174129353234,0.004851365065221158,0.14427860696517414,0.020816316427811194,0.5124378109452736,0.262592510086384,0.2835820895522388,0.08041880151481398,0.9054726368159204,0.8198806960223757
Iran 2026,USOIL,81,0,0.7263681592039801,0.5276107027053786,0.1691542288557214,0.02861315313977377,0.22885572139303484,0.052374941214326384,0.48258706467661694,0.23289027499319326,0.208955223880597,0.04366228558699042,0.1791044776119403,0.03207841390064602,0.4925373134328358,0.24259300512363552,0.417910447761194,0.17464914234796167,0.8855721393034826,0.7842380139105467
Iran 2026,USOIL,82,0,0.8557213930348259,0.732259102497463,0.30845771144278605,0.09514615974852107,0.06965174129353234,0.004851365065221158,0.06467661691542288,0.004183064775624365,0.06467661691542288,0.004183064775624365,0.24378109452736318,0.05942922204895919,0.5373134328358209,0.2887057251058142,0.3333333333333333,0.1111111111111111,0.8905472636815921,0.7930744288507711
Iran 2026,USOIL,83,0,0.8407960199004975,0.7069379470805177,0.1890547263681592,0.03574168956213955,0.4079601990049751,0.1664315239721789,0.29850746268656714,0.08910670527957228,0.23383084577114427,0.05467686443404866,0.3333333333333333,0.1111111111111111,0.5422885572139303,0.2940768792851662,0.5870646766169154,0.3446449345313235,0.9800995024875622,0.9605950347763669
Iran 2026,USOIL,84,0,0.845771144278607,0.7153288284943443,0.1791044776119403,0.03207841390064602,0.21393034825870647,0.045766193906091435,0.5621890547263682,0.31605653325412736,0.2885572139303483,0.08326526571124478,0.48258706467661694,0.23289027499319326,0.5323383084577115,0.2833840746516176,0.5572139303482587,0.3104873641741541,0.9203980099502488,0.8471324967203783
Iran 2026,USOIL,85,0,0.9154228855721394,0.8379990594292221,0.263681592039801,0.06952798198064405,0.0945273631840796,0.008935422390534888,0.47761194029850745,0.22811316551570504,0.3681592039800995,0.1355411994752605,0.5124378109452736,0.262592510086384,0.5621890547263682,0.31605653325412736,0.8109452736318408,0.6576322368258211,0.9253731343283582,0.8563154377366897
Iran 2026,USOIL,86,0,0.9054726368159204,0.8198806960223757,0.2885572139303483,0.08326526571124478,0.417910447761194,0.17464914234796167,0.40298507462686567,0.1623969703720205,0.21890547263681592,0.04791960595034776,0.527363184079602,0.2781119279225762,0.5970149253731343,0.3564268211182891,0.6169154228855721,0.3805846389940843,0.9154228855721394,0.8379990594292221
Iran 2026,USOIL,87,0,0.9203980099502488,0.8471324967203783,0.3034825870646766,0.09210168065146902,0.24378109452736318,0.05942922204895919,0.8109452736318408,0.6576322368258211,0.40298507462686567,0.1623969703720205,0.6169154228855721,0.3805846389940843,0.5671641791044776,0.3216752060592559,0.7611940298507462,0.5794163510804188,0.8805970149253731,0.7754511026954778
Iran 2026,USOIL,88,0,0.8905472636815921,0.7930744288507711,0.6069651741293532,0.3684067226058761,0.6616915422885572,0.43783569713620946,0.572139303482587,0.3273433825895398,0.4577114427860697,0.20949976485730554,0.4577114427860697,0.20949976485730554,0.2935323383084577,0.08616123363283087,0.31840796019900497,0.10138362911809114,0.5870646766169154,0.3446449345313235
Iran 2026,USOIL,89,0,0.8706467661691543,0.758025791440806,0.7860696517412935,0.6179054973886785,0.6119402985074627,0.3744709289374025,0.4925373134328358,0.24259300512363552,0.6119402985074627,0.3744709289374025,0.4427860696517413,0.19605950347763668,0.05472636815920398,0.002994975371896735,0.25870646766169153,0.06692903640998984,0.18407960199004975,0.033885299868815125
Iran 2026,USOIL,90,0,0.7512437810945274,0.5643672186332022,0.7562189054726368,0.5718670329942328,0.11940298507462686,0.014257072844731565,0.3333333333333333,0.1111111111111111,0.6368159203980099,0.40553451647236455,0.5522388059701493,0.3049676988193362,0.07960199004975124,0.006336476819880696,0.6069651741293532,0.3684067226058761,0.208955223880597,0.04366228558699042
Iran 2026,USOIL,91,0,0.7960199004975125,0.6336476819880696,0.681592039800995,0.4645677087200812,0.18407960199004975,0.033885299868815125,0.3383084577114428,0.11445261255909508,0.6716417910447762,0.45110269547783477,0.6517412935323383,0.4247667136952056,0.05970149253731343,0.0035642682111828913,0.2736318407960199,0.07487438429741837,0.21393034825870647,0.045766193906091435
Iran 2026,USOIL,92,0,0.8507462686567164,0.7237692136333259,0.5671641791044776,0.3216752060592559,0.8308457711442786,0.690304695428331,0.11940298507462686,0.014257072844731565,0.6019900497512438,0.362392019999505,0.8159203980099502,0.6657260958887156,0.1044776119402985,0.010915571396747604,0.6567164179104478,0.4312764535531299,0.2537313432835821,0.06437959456449098
Iran 2026,USOIL,93,0,0.8159203980099502,0.6657260958887156,0.46766169154228854,0.21870745773619463,0.2835820895522388,0.08041880151481398,0.3681592039800995,0.1355411994752605,0.527363184079602,0.2781119279225762,0.7810945273631841,0.6101086606767159,0.12437810945273632,0.015469914111036856,0.3880597014925373,0.15059033192247717,0.31343283582089554,0.09824014257072845
Iran 2026,USOIL,94,0,0.7213930348258707,0.5204079106952799,0.4129353233830846,0.17051558129749264,0.19402985074626866,0.03764758298061929,0.5870646766169154,0.3446449345313235,0.39800995024875624,0.1584119204970174,0.6318407960199005,0.3992227915150615,0.06965174129353234,0.004851365065221158,0.373134328358209,0.1392292269993317,0.29850746268656714,0.08910670527957228
Iran 2026,USOIL,95,0,0.7064676616915423,0.49909655701591543,0.13432835820895522,0.01804410781911339,0.208955223880597,0.04366228558699042,0.21393034825870647,0.045766193906091435,0.3880597014925373,0.15059033192247717,0.3482587064676617,0.12128412663052897,0.03482587064676617,0.0012128412663052895,0.23880597014925373,0.05702829137892626,0.3034825870646766,0.09210168065146902
Iran 2026,USOIL,96,0,0.8805970149253731,0.7754511026954778,0.04477611940298507,0.0020049008687903764,0.31840796019900497,0.10138362911809114,0.06965174129353234,0.004851365065221158,0.5024875621890548,0.25249375015469916,0.19402985074626866,0.03764758298061929,0.04975124378109453,0.002475186257765897,0.43283582089552236,0.1873468478503007,0.35323383084577115,0.12477413925397886
Iran 2026,USOIL,97,0,0.736318407960199,0.542164797901042,0.07462686567164178,0.005569169079973267,0.572139303482587,0.3273433825895398,0.7064676616915423,0.49909655701591543,0.472636815920398,0.2233855597633722,0.10945273631840796,0.01197990148758694,0.08955223880597014,0.008019603475161506,0.44776119402985076,0.20049008687903766,0.2885572139303483,0.08326526571124478
Iran 2026,USOIL,98,0,0.6368159203980099,0.40553451647236455,0.06965174129353234,0.004851365065221158,0.5323383084577115,0.2833840746516176,0.20398009950248755,0.04160788099304472,0.5223880597014925,0.2728892849186901,0.09950248756218906,0.009900745031063588,0.11442786069651742,0.013093735303581596,0.24875621890547264,0.061879656444147425,0.20398009950248755,0.04160788099304472
Iran 2026,USOIL,99,0,0.5174129353233831,0.2677161456399594,0.5472636815920398,0.2994975371896735,0.845771144278607,0.7153288284943443,0.22885572139303484,0.052374941214326384,0.8756218905472637,0.7667136952055642,0.07462686567164178,0.005569169079973267,0.07462686567164178,0.005569169079973267,0.15422885572139303,0.023786539937130268,0.07960199004975124,0.006336476819880696
Iran 2026,USOIL,100,0,0.5074626865671642,0.2575183782579639,0.4079601990049751,0.1664315239721789,0.7960199004975125,0.6336476819880696,0.23383084577114427,0.05467686443404866,0.6616915422885572,0.43783569713620946,0.014925373134328358,0.0002227667631989307,0.09950248756218906,0.009900745031063588,0.20398009950248755,0.04160788099304472,0.1044776119402985,0.010915571396747604
Iran 2026,USOIL,101,0,0.4228855721393035,0.17883220712358608,0.22388059701492538,0.050122521719759415,0.6915422885572139,0.47823073686294887,0.03482587064676617,0.0012128412663052895,0.5074626865671642,0.2575183782579639,0.009950248756218905,9.900745031063588e-05,0.0845771144278607,0.007153288284943443,0.22388059701492538,0.050122521719759415,0.11940298507462686,0.014257072844731565
Iran 2026,USOIL,102,0,0.3034825870646766,0.09210168065146902,0.43781094527363185,0.19167842380139105,0.7164179104477612,0.5132546224103364,0.208955223880597,0.04366228558699042,0.736318407960199,0.542164797901042,0.03980099502487562,0.001584119204970174,0.1890547263681592,0.03574168956213955,0.17412935323383086,0.030321031657632242,0.11442786069651742,0.013093735303581596
Iran 2026,USOIL,103,0,0.35323383084577115,0.12477413925397886,0.21393034825870647,0.045766193906091435,0.48756218905472637,0.23771688819583675,0.3283582089552239,0.10781911338828247,0.5323383084577115,0.2833840746516176,0.024875621890547265,0.0006187965644414743,0.15920398009950248,0.025345907279522784,0.3383084577114428,0.11445261255909508,0.15920398009950248,0.025345907279522784
Iran 2026,USOIL,104,0,0.21393034825870647,0.045766193906091435,0.06467661691542288,0.004183064775624365,0.7860696517412935,0.6179054973886785,0.36318407960199006,0.13190267567634464,0.3283582089552239,0.10781911338828247,0.004975124378109453,2.475186257765897e-05,0.13930348258706468,0.019405460260884633,0.29850746268656714,0.08910670527957228,0.1890547263681592,0.03574168956213955
Iran 2026,USOIL,105,0,0.13930348258706468,0.019405460260884633,0.029850746268656716,0.0008910670527957228,0.5174129353233831,0.2677161456399594,0.25870646766169153,0.06692903640998984,0.36318407960199006,0.13190267567634464,0.01990049751243781,0.0003960298012425435,0.12935323383084577,0.01673225910249746,0.4626865671641791,0.21407885943417243,0.25870646766169153,0.06692903640998984
Iran 2026,USOIL,106,0,0.12935323383084577,0.01673225910249746,0.024875621890547265,0.0006187965644414743,0.6318407960199005,0.3992227915150615,0.3034825870646766,0.09210168065146902,0.25870646766169153,0.06692903640998984,0.04975124378109453,0.002475186257765897,0.14427860696517414,0.020816316427811194,0.3681592039800995,0.1355411994752605,0.3383084577114428,0.11445261255909508
Iran 2026,USOIL,107,0,0.22885572139303484,0.052374941214326384,0.014925373134328358,0.0002227667631989307,0.48258706467661694,0.23289027499319326,0.5771144278606966,0.3330610628449791,0.09950248756218906,0.009900745031063588,0.029850746268656716,0.0008910670527957228,0.19402985074626866,0.03764758298061929,0.3582089552238806,0.1283136556025841,0.39800995024875624,0.1584119204970174
Iran 2026,USOIL,108,0,0.5223880597014925,0.2728892849186901,0.01990049751243781,0.0003960298012425435,0.373134328358209,0.1392292269993317,0.32338308457711445,0.10457661939060917,0.14925373134328357,0.02227667631989307,0.04477611940298507,0.0020049008687903764,0.27860696517412936,0.07762184104353853,0.35323383084577115,0.12477413925397886,0.48258706467661694,0.23289027499319326
Iran 2026,USOIL,109,0,0.44776119402985076,0.20049008687903766,0.004975124378109453,2.475186257765897e-05,0.004975124378109453,2.475186257765897e-05,0.27860696517412936,0.07762184104353853,0.03482587064676617,0.0012128412663052895,0.05970149253731343,0.0035642682111828913,0.23383084577114427,0.05467686443404866,0.4975124378109453,0.2475186257765897,0.5621890547263682,0.31605653325412736
Iran 2026,USOIL,110,0,0.3283582089552239,0.10781911338828247,0.009950248756218905,9.900745031063588e-05,0.6169154228855721,0.3805846389940843,0.31343283582089554,0.09824014257072845,0.014925373134328358,0.0002227667631989307,0.0845771144278607,0.007153288284943443,0.23880597014925373,0.05702829137892626,0.4925373134328358,0.24259300512363552,0.6119402985074627,0.3744709289374025
Iran 2026,USOIL,111,0,0.23383084577114427,0.05467686443404866,0.03482587064676617,0.0012128412663052895,0.7014925373134329,0.492091779906438,0.39800995024875624,0.1584119204970174,0.01990049751243781,0.0003960298012425435,0.1890547263681592,0.03574168956213955,0.24875621890547264,0.061879656444147425,0.6119402985074627,0.3744709289374025,0.6915422885572139,0.47823073686294887
Iran 2026,USOIL,112,0,0.30845771144278605,0.09514615974852107,0.03980099502487562,0.001584119204970174,0.39800995024875624,0.1584119204970174,0.22388059701492538,0.050122521719759415,0.04975124378109453,0.002475186257765897,0.263681592039801,0.06952798198064405,0.2835820895522388,0.08041880151481398,0.7114427860696517,0.5061508378505483,0.6965174129353234,0.4851365065221159
Iran 2026,USOIL,113,0,0.25870646766169153,0.06692903640998984,0.05970149253731343,0.0035642682111828913,0.12935323383084577,0.01673225910249746,0.14925373134328357,0.02227667631989307,0.009950248756218905,9.900745031063588e-05,0.06965174129353234,0.004851365065221158,0.26865671641791045,0.07217643127645355,0.32338308457711445,0.10457661939060917,0.8059701492537313,0.649587881488082
Iran 2026,USOIL,114,0,0.19402985074626866,0.03764758298061929,0.10945273631840796,0.01197990148758694,0.1890547263681592,0.03574168956213955,0.07960199004975124,0.006336476819880696,0.024875621890547265,0.0006187965644414743,0.12437810945273632,0.015469914111036856,0.32338308457711445,0.10457661939060917,0.2935323383084577,0.08616123363283087,0.7910447761194029,0.6257518378257964
Iran 2026,USOIL,115,0,0.10945273631840796,0.01197990148758694,0.1044776119402985,0.010915571396747604,0.12437810945273632,0.015469914111036856,0.03980099502487562,0.001584119204970174,0.004975124378109453,2.475186257765897e-05,0.1691542288557214,0.02861315313977377,0.36318407960199006,0.13190267567634464,0.5472636815920398,0.2994975371896735,0.7810945273631841,0.6101086606767159
Iran 2026,USOIL,116,0,0.14427860696517414,0.020816316427811194,0.11940298507462686,0.014257072844731565,0.01990049751243781,0.0003960298012425435,0.2935323383084577,0.08616123363283087,0.03980099502487562,0.001584119204970174,0.4079601990049751,0.1664315239721789,0.4129353233830846,0.17051558129749264,0.43781094527363185,0.19167842380139105,0.6616915422885572,0.43783569713620946
Iran 2026,USOIL,117,0,0.16417910447761194,0.026954778347070617,0.3681592039800995,0.1355411994752605,0.03980099502487562,0.001584119204970174,0.7910447761194029,0.6257518378257964,0.3383084577114428,0.11445261255909508,0.7313432835820896,0.5348629984406327,0.8109452736318408,0.6576322368258211,0.8507462686567164,0.7237692136333259,0.4975124378109453,0.2475186257765897
Iran 2026,USOIL,118,0,0.17412935323383086,0.030321031657632242,0.2537313432835821,0.06437959456449098,0.014925373134328358,0.0002227667631989307,0.6766169154228856,0.45781045023638034,0.3333333333333333,0.1111111111111111,0.6965174129353234,0.4851365065221159,0.7910447761194029,0.6257518378257964,0.6716417910447762,0.45110269547783477,0.5472636815920398,0.2994975371896735
Iran 2026,USOIL,119,0,0.1890547263681592,0.03574168956213955,0.07960199004975124,0.006336476819880696,0.26865671641791045,0.07217643127645355,0.8208955223880597,0.6738694586767655,0.26865671641791045,0.07217643127645355,0.4527363184079602,0.20497017400559392,0.5223880597014925,0.2728892849186901,0.5373134328358209,0.2887057251058142,0.6268656716417911,0.3929605702829138
Iran 2026,USOIL,120,0,0.23880597014925373,0.05702829137892626,0.5522388059701493,0.3049676988193362,0.8656716417910447,0.7493873914012028,0.14427860696517414,0.020816316427811194,0.7810945273631841,0.6101086606767159,0.08955223880597014,0.008019603475161506,0.01990049751243781,0.0003960298012425435,0.21393034825870647,0.045766193906091435,0.0945273631840796,0.008935422390534888
Iran 2026,USOIL,121,0,0.4427860696517413,0.19605950347763668,0.6915422885572139,0.47823073686294887,0.9253731343283582,0.8563154377366897,0.004975124378109453,2.475186257765897e-05,0.9154228855721394,0.8379990594292221,0.07960199004975124,0.006336476819880696,0.10945273631840796,0.01197990148758694,0.01990049751243781,0.0003960298012425435,0.024875621890547265,0.0006187965644414743
Iran 2026,USOIL,122,0,0.6169154228855721,0.3805846389940843,0.6766169154228856,0.45781045023638034,0.8507462686567164,0.7237692136333259,0.024875621890547265,0.0006187965644414743,0.9054726368159204,0.8198806960223757,0.06467661691542288,0.004183064775624365,0.0945273631840796,0.008935422390534888,0.04477611940298507,0.0020049008687903764,0.03980099502487562,0.001584119204970174
Iran 2026,USOIL,123,0,0.6666666666666666,0.4444444444444444,0.8955223880597015,0.8019603475161506,0.8955223880597015,0.8019603475161506,0.08955223880597014,0.008019603475161506,0.9552238805970149,0.9124526620628202,0.582089552238806,0.33882824682557366,0.8009950248756219,0.6415930298754982,0.004975124378109453,2.475186257765897e-05,0.014925373134328358,0.0002227667631989307
Iran 2026,USOIL,124,0,0.9601990049751243,0.9219821291552188,0.9950248756218906,0.9900745031063588,0.9552238805970149,0.9124526620628202,0.0945273631840796,0.008935422390534888,0.9850746268656716,0.9703720204945421,0.9800995024875622,0.9605950347763669,0.9751243781094527,0.950867552783347,0.024875621890547265,0.0006187965644414743,0.004975124378109453,2.475186257765897e-05
Iran 2026,USOIL,125,0,0.9800995024875622,0.9605950347763669,0.9850746268656716,0.9703720204945421,0.9601990049751243,0.9219821291552188,0.48756218905472637,0.23771688819583675,0.9900497512437811,0.9801985099378729,0.9950248756218906,0.9900745031063588,0.9900497512437811,0.9801985099378729,0.07960199004975124,0.006336476819880696,0.01990049751243781,0.0003960298012425435
Iran 2026,USOIL,126,0,0.9751243781094527,0.950867552783347,0.9900497512437811,0.9801985099378729,0.9800995024875622,0.9605950347763669,0.6169154228855721,0.3805846389940843,0.9950248756218906,0.9900745031063588,0.8507462686567164,0.7237692136333259,0.9950248756218906,0.9900745031063588,0.3034825870646766,0.09210168065146902,0.03482587064676617,0.0012128412663052895
Iran 2026,USOIL,127,0,0.9104477611940298,0.8289151258632211,0.9800995024875622,0.9605950347763669,0.945273631840796,0.8935422390534888,0.5024875621890548,0.25249375015469916,0.9751243781094527,0.950867552783347,0.9552238805970149,0.9124526620628202,0.9651741293532339,0.931561099972773,0.18407960199004975,0.033885299868815125,0.04477611940298507,0.0020049008687903764
Iran 2026,USOIL,128,0,0.7910447761194029,0.6257518378257964,0.9303482587064676,0.8655478824781565,0.9502487562189055,0.9029726986955768,0.4626865671641791,0.21407885943417243,0.9800995024875622,0.9605950347763669,0.9850746268656716,0.9703720204945421,0.9850746268656716,0.9703720204945421,0.472636815920398,0.2233855597633722,0.06965174129353234,0.004851365065221158
Iran 2026,USOIL,129,0,0.8208955223880597,0.6738694586767655,0.8706467661691543,0.758025791440806,0.9651741293532339,0.931561099972773,0.5671641791044776,0.3216752060592559,0.9651741293532339,0.931561099972773,0.7860696517412935,0.6179054973886785,0.9800995024875622,0.9605950347763669,0.42786069651741293,0.18306477562436574,0.0845771144278607,0.007153288284943443
Iran 2026,USOIL,130,0,0.8656716417910447,0.7493873914012028,0.7711442786069652,0.5946634984282568,0.9154228855721394,0.8379990594292221,0.6069651741293532,0.3684067226058761,0.9502487562189055,0.9029726986955768,0.7263681592039801,0.5276107027053786,0.9701492537313433,0.9411895745154824,0.7711442786069652,0.5946634984282568,0.09950248756218906,0.009900745031063588
Iran 2026,USOIL,131,0,0.6915422885572139,0.47823073686294887,0.7114427860696517,0.5061508378505483,0.9751243781094527,0.950867552783347,0.2537313432835821,0.06437959456449098,0.9303482587064676,0.8655478824781565,0.6119402985074627,0.3744709289374025,0.9601990049751243,0.9219821291552188,0.527363184079602,0.2781119279225762,0.12437810945273632,0.015469914111036856
Iran 2026,USOIL,132,0,0.6119402985074627,0.3744709289374025,0.6318407960199005,0.3992227915150615,0.9402985074626866,0.8841612831365561,0.43781094527363185,0.19167842380139105,0.9104477611940298,0.8289151258632211,0.3283582089552239,0.10781911338828247,0.9552238805970149,0.9124526620628202,0.5920398009950248,0.3505111259622286,0.16417910447761194,0.026954778347070617
Iran 2026,USOIL,133,0,0.5572139303482587,0.3104873641741541,0.5920398009950248,0.3505111259622286,0.9701492537313433,0.9411895745154824,0.1691542288557214,0.02861315313977377,0.8955223880597015,0.8019603475161506,0.30845771144278605,0.09514615974852107,0.9502487562189055,0.9029726986955768,0.6318407960199005,0.3992227915150615,0.19402985074626866,0.03764758298061929
Iran 2026,USOIL,134,0,0.47761194029850745,0.22811316551570504,0.5870646766169154,0.3446449345313235,0.8756218905472637,0.7667136952055642,0.04975124378109453,0.002475186257765897,0.900497512437811,0.8108957699066855,0.12935323383084577,0.01673225910249746,0.945273631840796,0.8935422390534888,0.6915422885572139,0.47823073686294887,0.22885572139303484,0.052374941214326384
Iran 2026,USOIL,135,0,0.4626865671641791,0.21407885943417243,0.5970149253731343,0.3564268211182891,0.835820895522388,0.6985965693918467,0.12437810945273632,0.015469914111036856,0.8805970149253731,0.7754511026954778,0.11442786069651742,0.013093735303581596,0.9402985074626866,0.8841612831365561,0.7164179104477612,0.5132546224103364,0.23880597014925373,0.05702829137892626
Iran 2026,USOIL,136,0,0.48258706467661694,0.23289027499319326,0.5174129353233831,0.2677161456399594,0.8059701492537313,0.649587881488082,0.21890547263681592,0.04791960595034776,0.6766169154228856,0.45781045023638034,0.35323383084577115,0.12477413925397886,0.9104477611940298,0.8289151258632211,0.5671641791044776,0.3216752060592559,0.27860696517412936,0.07762184104353853
Iran 2026,USOIL,137,0,0.4577114427860697,0.20949976485730554,0.4427860696517413,0.19605950347763668,0.7711442786069652,0.5946634984282568,0.30845771144278605,0.09514615974852107,0.7412935323383084,0.5495161010866068,0.3781094527363184,0.1429667582485582,0.8557213930348259,0.732259102497463,0.6218905472636815,0.38674785277592133,0.30845771144278605,0.09514615974852107
Iran 2026,USOIL,138,0,0.5323383084577115,0.2833840746516176,0.3781094527363184,0.1429667582485582,0.6218905472636815,0.38674785277592133,0.15422885572139303,0.023786539937130268,0.7313432835820896,0.5348629984406327,0.3034825870646766,0.09210168065146902,0.8407960199004975,0.7069379470805177,0.6517412935323383,0.4247667136952056,0.34328358208955223,0.11784361773223434
Iran 2026,USOIL,139,0,0.6268656716417911,0.3929605702829138,0.39800995024875624,0.1584119204970174,0.7114427860696517,0.5061508378505483,0.07462686567164178,0.005569169079973267,0.5373134328358209,0.2887057251058142,0.31840796019900497,0.10138362911809114,0.8159203980099502,0.6657260958887156,0.5124378109452736,0.262592510086384,0.3582089552238806,0.1283136556025841
Iran 2026,USOIL,140,0,0.6616915422885572,0.43783569713620946,0.34328358208955223,0.11784361773223434,0.7064676616915423,0.49909655701591543,0.17412935323383086,0.030321031657632242,0.3034825870646766,0.09210168065146902,0.3383084577114428,0.11445261255909508,0.40298507462686567,0.1623969703720205,0.3482587064676617,0.12128412663052897,0.36318407960199006,0.13190267567634464
Iran 2026,USOIL,141,0,0.6567164179104478,0.4312764535531299,0.15422885572139303,0.023786539937130268,0.4427860696517413,0.19605950347763668,0.014925373134328358,0.0002227667631989307,0.3482587064676617,0.12128412663052897,0.3582089552238806,0.1283136556025841,0.44776119402985076,0.20049008687903766,0.38308457711442784,0.14675379322294002,0.38308457711442784,0.14675379322294002
Iran 2026,USOIL,142,0,0.5422885572139303,0.2940768792851662,0.04975124378109453,0.002475186257765897,0.36318407960199006,0.13190267567634464,0.19900497512437812,0.03960298012425435,0.23880597014925373,0.05702829137892626,0.3880597014925373,0.15059033192247717,0.42786069651741293,0.18306477562436574,0.40298507462686567,0.1623969703720205,0.40298507462686567,0.1623969703720205
Iran 2026,USOIL,143,0,0.582089552238806,0.33882824682557366,0.582089552238806,0.33882824682557366,0.40298507462686567,0.1623969703720205,0.01990049751243781,0.0003960298012425435,0.4228855721393035,0.17883220712358608,0.0945273631840796,0.008935422390534888,0.43781094527363185,0.19167842380139105,0.11442786069651742,0.013093735303581596,0.42786069651741293,0.18306477562436574
Iran 2026,USOIL,144,0,0.6019900497512438,0.362392019999505,0.527363184079602,0.2781119279225762,0.3781094527363184,0.1429667582485582,0.09950248756218906,0.009900745031063588,0.21393034825870647,0.045766193906091435,0.13432835820895522,0.01804410781911339,0.5024875621890548,0.25249375015469916,0.04975124378109453,0.002475186257765897,0.5124378109452736,0.262592510086384
Iran 2026,USOIL,145,0,0.5771144278606966,0.3330610628449791,0.48258706467661694,0.23289027499319326,0.22388059701492538,0.050122521719759415,0.04477611940298507,0.0020049008687903764,0.24378109452736318,0.05942922204895919,0.1044776119402985,0.010915571396747604,0.5472636815920398,0.2994975371896735,0.03482587064676617,0.0012128412663052895,0.5572139303482587,0.3104873641741541
Iran 2026,USOIL,146,0,0.43781094527363185,0.19167842380139105,0.48756218905472637,0.23771688819583675,0.009950248756218905,9.900745031063588e-05,0.05472636815920398,0.002994975371896735,0.39303482587064675,0.15447637434716963,0.11940298507462686,0.014257072844731565,0.5870646766169154,0.3446449345313235,0.24378109452736318,0.05942922204895919,0.6567164179104478,0.4312764535531299
Iran 2026,USOIL,147,0,0.2885572139303483,0.08326526571124478,0.472636815920398,0.2233855597633722,0.024875621890547265,0.0006187965644414743,0.31840796019900497,0.10138362911809114,0.12935323383084577,0.01673225910249746,0.26865671641791045,0.07217643127645355,0.6268656716417911,0.3929605702829138,0.0845771144278607,0.007153288284943443,0.7711442786069652,0.5946634984282568
Iran 2026,USOIL,148,0,0.3383084577114428,0.11445261255909508,0.43283582089552236,0.1873468478503007,0.0845771144278607,0.007153288284943443,0.23880597014925373,0.05702829137892626,0.2537313432835821,0.06437959456449098,0.15422885572139303,0.023786539937130268,0.7114427860696517,0.5061508378505483,0.1890547263681592,0.03574168956213955,0.8258706467661692,0.6820623251899706
Iran 2026,USOIL,149,0,0.31840796019900497,0.10138362911809114,0.31343283582089554,0.09824014257072845,0.4228855721393035,0.17883220712358608,0.24378109452736318,0.05942922204895919,0.19900497512437812,0.03960298012425435,0.16417910447761194,0.026954778347070617,0.8059701492537313,0.649587881488082,0.27860696517412936,0.07762184104353853,0.9402985074626866,0.8841612831365561
Iran 2026,USOIL,150,0,0.21890547263681592,0.04791960595034776,0.3582089552238806,0.1283136556025841,0.5422885572139303,0.2940768792851662,0.12935323383084577,0.01673225910249746,0.1691542288557214,0.02861315313977377,0.13930348258706468,0.019405460260884633,0.8208955223880597,0.6738694586767655,0.26865671641791045,0.07217643127645355,0.9950248756218906,0.9900745031063588
Iran 2026,USOIL,151,0,0.15920398009950248,0.025345907279522784,0.3283582089552239,0.10781911338828247,0.472636815920398,0.2233855597633722,0.5522388059701493,0.3049676988193362,0.31840796019900497,0.10138362911809114,0.27860696517412936,0.07762184104353853,0.7213930348258707,0.5204079106952799,0.31343283582089554,0.09824014257072845,0.9303482587064676,0.8655478824781565
Iran 2026,USOIL,152,0,0.11940298507462686,0.014257072844731565,0.4577114427860697,0.20949976485730554,0.3582089552238806,0.1283136556025841,0.46766169154228854,0.21870745773619463,0.13930348258706468,0.019405460260884633,0.23383084577114427,0.05467686443404866,0.472636815920398,0.2233855597633722,0.5223880597014925,0.2728892849186901,0.8208955223880597,0.6738694586767655
Iran 2026,USOIL,153,0,0.15422885572139303,0.023786539937130268,0.12437810945273632,0.015469914111036856,0.21890547263681592,0.04791960595034776,0.6467661691542289,0.41830647756243666,0.11940298507462686,0.014257072844731565,0.14925373134328357,0.02227667631989307,0.3482587064676617,0.12128412663052897,0.36318407960199006,0.13190267567634464,0.8407960199004975,0.7069379470805177
Iran 2026,USOIL,154,0,0.39800995024875624,0.1584119204970174,0.7164179104477612,0.5132546224103364,0.9104477611940298,0.8289151258632211,0.7810945273631841,0.6101086606767159,0.46766169154228854,0.21870745773619463,0.5323383084577115,0.2833840746516176,0.029850746268656716,0.0008910670527957228,0.746268656716418,0.5569169079973268,0.23383084577114427,0.05467686443404866
Iran 2026,USOIL,155,0,0.4527363184079602,0.20497017400559392,0.9651741293532339,0.931561099972773,0.736318407960199,0.542164797901042,0.8059701492537313,0.649587881488082,0.6915422885572139,0.47823073686294887,0.6567164179104478,0.4312764535531299,0.03980099502487562,0.001584119204970174,0.48756218905472637,0.23771688819583675,0.13432835820895522,0.01804410781911339
Iran 2026,USOIL,156,0,0.5970149253731343,0.3564268211182891,0.9751243781094527,0.950867552783347,0.8407960199004975,0.7069379470805177,0.7164179104477612,0.5132546224103364,0.7960199004975125,0.6336476819880696,0.6417910447761194,0.41189574515482286,0.04477611940298507,0.0020049008687903764,0.7313432835820896,0.5348629984406327,0.13930348258706468,0.019405460260884633
Iran 2026,USOIL,157,0,0.6716417910447762,0.45110269547783477,0.9353233830845771,0.8748298309447785,0.8905472636815921,0.7930744288507711,0.8955223880597015,0.8019603475161506,0.6218905472636815,0.38674785277592133,0.7213930348258707,0.5204079106952799,0.06467661691542288,0.004183064775624365,0.8009950248756219,0.6415930298754982,0.14427860696517414,0.020816316427811194
Iran 2026,USOIL,158,0,0.6318407960199005,0.3992227915150615,0.9701492537313433,0.9411895745154824,0.7263681592039801,0.5276107027053786,0.6318407960199005,0.3992227915150615,0.5870646766169154,0.3446449345313235,0.6666666666666666,0.4444444444444444,0.014925373134328358,0.0002227667631989307,0.835820895522388,0.6985965693918467,0.12935323383084577,0.01673225910249746
Iran 2026,USOIL,159,0,0.417910447761194,0.17464914234796167,0.9154228855721394,0.8379990594292221,0.7910447761194029,0.6257518378257964,0.6965174129353234,0.4851365065221159,0.6169154228855721,0.3805846389940843,0.4925373134328358,0.24259300512363552,0.004975124378109453,2.475186257765897e-05,0.6368159203980099,0.40553451647236455,0.15422885572139303,0.023786539937130268
Iran 2026,USOIL,160,0,0.19900497512437812,0.03960298012425435,0.8805970149253731,0.7754511026954778,0.5970149253731343,0.3564268211182891,0.472636815920398,0.2233855597633722,0.5970149253731343,0.3564268211182891,0.6368159203980099,0.40553451647236455,0.009950248756218905,9.900745031063588e-05,0.7263681592039801,0.5276107027053786,0.17412935323383086,0.030321031657632242
Iran 2026,USOIL,161,0,0.1691542288557214,0.02861315313977377,0.835820895522388,0.6985965693918467,0.681592039800995,0.4645677087200812,0.6915422885572139,0.47823073686294887,0.48258706467661694,0.23289027499319326,0.6467661691542289,0.41830647756243666,0.024875621890547265,0.0006187965644414743,0.7910447761194029,0.6257518378257964,0.19900497512437812,0.03960298012425435
Iran 2026,USOIL,162,0,0.11442786069651742,0.013093735303581596,0.7761194029850746,0.6023613276899087,0.2537313432835821,0.06437959456449098,0.7860696517412935,0.6179054973886785,0.7064676616915423,0.49909655701591543,0.7164179104477612,0.5132546224103364,0.11940298507462686,0.014257072844731565,0.7562189054726368,0.5718670329942328,0.263681592039801,0.06952798198064405
Iran 2026,USOIL,163,0,0.09950248756218906,0.009900745031063588,0.8059701492537313,0.649587881488082,0.34328358208955223,0.11784361773223434,0.7512437810945274,0.5643672186332022,0.6318407960199005,0.3992227915150615,0.7512437810945274,0.5643672186332022,0.13432835820895522,0.01804410781911339,0.5422885572139303,0.2940768792851662,0.32338308457711445,0.10457661939060917
Iran 2026,USOIL,164,0,0.08955223880597014,0.008019603475161506,0.7611940298507462,0.5794163510804188,0.5572139303482587,0.3104873641741541,0.7761194029850746,0.6023613276899087,0.5174129353233831,0.2677161456399594,0.736318407960199,0.542164797901042,0.2736318407960199,0.07487438429741837,0.6666666666666666,0.4444444444444444,0.3880597014925373,0.15059033192247717
Iran 2026,USOIL,165,0,0.0845771144278607,0.007153288284943443,0.7412935323383084,0.5495161010866068,0.1791044776119403,0.03207841390064602,0.8159203980099502,0.6657260958887156,0.5920398009950248,0.3505111259622286,0.746268656716418,0.5569169079973268,0.30845771144278605,0.09514615974852107,0.8208955223880597,0.6738694586767655,0.46766169154228854,0.21870745773619463
Iran 2026,USOIL,166,0,0.03482587064676617,0.0012128412663052895,0.7014925373134329,0.492091779906438,0.11442786069651742,0.013093735303581596,0.7313432835820896,0.5348629984406327,0.5522388059701493,0.3049676988193362,0.7064676616915423,0.49909655701591543,0.3034825870646766,0.09210168065146902,0.7213930348258707,0.5204079106952799,0.4079601990049751,0.1664315239721789
Iran 2026,USOIL,167,0,0.04975124378109453,0.002475186257765897,0.6417910447761194,0.41189574515482286,0.04477611940298507,0.0020049008687903764,0.7263681592039801,0.5276107027053786,0.5472636815920398,0.2994975371896735,0.6766169154228856,0.45781045023638034,0.2537313432835821,0.06437959456449098,0.6268656716417911,0.3929605702829138,0.472636815920398,0.2233855597633722
Iran 2026,USOIL,168,0,0.07462686567164178,0.005569169079973267,0.6467661691542289,0.41830647756243666,0.7761194029850746,0.6023613276899087,0.527363184079602,0.2781119279225762,0.4975124378109453,0.2475186257765897,0.5472636815920398,0.2994975371896735,0.19900497512437812,0.03960298012425435,0.7412935323383084,0.5495161010866068,0.5223880597014925,0.2728892849186901
Iran 2026,USOIL,169,0,0.07960199004975124,0.006336476819880696,0.6019900497512438,0.362392019999505,0.3333333333333333,0.1111111111111111,0.6268656716417911,0.3929605702829138,0.30845771144278605,0.09514615974852107,0.4129353233830846,0.17051558129749264,0.14925373134328357,0.02227667631989307,0.6766169154228856,0.45781045023638034,0.5671641791044776,0.3216752060592559
Iran 2026,USOIL,170,0,0.06965174129353234,0.004851365065221158,0.5373134328358209,0.2887057251058142,0.8009950248756219,0.6415930298754982,0.7412935323383084,0.5495161010866068,0.24875621890547264,0.061879656444147425,0.472636815920398,0.2233855597633722,0.20398009950248755,0.04160788099304472,0.48258706467661694,0.23289027499319326,0.6517412935323383,0.4247667136952056
Iran 2026,USOIL,171,0,0.03980099502487562,0.001584119204970174,0.5422885572139303,0.2940768792851662,0.5074626865671642,0.2575183782579639,0.4577114427860697,0.20949976485730554,0.43283582089552236,0.1873468478503007,0.5920398009950248,0.3505111259622286,0.208955223880597,0.04366228558699042,0.46766169154228854,0.21870745773619463,0.6766169154228856,0.45781045023638034
Iran 2026,USOIL,172,0,0.05970149253731343,0.0035642682111828913,0.5621890547263682,0.31605653325412736,0.3880597014925373,0.15059033192247717,0.7014925373134329,0.492091779906438,0.4626865671641791,0.21407885943417243,0.5223880597014925,0.2728892849186901,0.1691542288557214,0.02861315313977377,0.39303482587064675,0.15447637434716963,0.6368159203980099,0.40553451647236455
Iran 2026,USOIL,173,0,0.06467661691542288,0.004183064775624365,0.5124378109452736,0.262592510086384,0.7562189054726368,0.5718670329942328,0.8855721393034826,0.7842380139105467,0.29850746268656714,0.08910670527957228,0.6069651741293532,0.3684067226058761,0.21393034825870647,0.045766193906091435,0.6417910447761194,0.41189574515482286,0.681592039800995,0.4645677087200812
Iran 2026,USOIL,174,0,0.04477611940298507,0.0020049008687903764,0.4975124378109453,0.2475186257765897,0.6965174129353234,0.4851365065221159,0.3482587064676617,0.12128412663052897,0.32338308457711445,0.10457661939060917,0.5422885572139303,0.2940768792851662,0.263681592039801,0.06952798198064405,0.5522388059701493,0.3049676988193362,0.6865671641791045,0.47137447092893736
Iran 2026,USOIL,175,0,0.029850746268656716,0.0008910670527957228,0.373134328358209,0.1392292269993317,0.4975124378109453,0.2475186257765897,0.4427860696517413,0.19605950347763668,0.2736318407960199,0.07487438429741837,0.42786069651741293,0.18306477562436574,0.24378109452736318,0.05942922204895919,0.5024875621890548,0.25249375015469916,0.7263681592039801,0.5276107027053786
Iran 2026,USOIL,176,0,0.024875621890547265,0.0006187965644414743,0.3482587064676617,0.12128412663052897,0.3482587064676617,0.12128412663052897,0.4975124378109453,0.2475186257765897,0.19402985074626866,0.03764758298061929,0.2835820895522388,0.08041880151481398,0.16417910447761194,0.026954778347070617,0.7860696517412935,0.6179054973886785,0.7611940298507462,0.5794163510804188
Iran 2026,USOIL,177,0,0.009950248756218905,9.900745031063588e-05,0.08955223880597014,0.008019603475161506,0.44776119402985076,0.20049008687903766,0.6616915422885572,0.43783569713620946,0.263681592039801,0.06952798198064405,0.5074626865671642,0.2575183782579639,0.3283582089552239,0.10781911338828247,0.4228855721393035,0.17883220712358608,0.835820895522388,0.6985965693918467
Iran 2026,USOIL,178,0,0.01990049751243781,0.0003960298012425435,0.09950248756218906,0.009900745031063588,0.3383084577114428,0.11445261255909508,0.4527363184079602,0.20497017400559392,0.22885572139303484,0.052374941214326384,0.5373134328358209,0.2887057251058142,0.3681592039800995,0.1355411994752605,0.5970149253731343,0.3564268211182891,0.845771144278607,0.7153288284943443
Iran 2026,USOIL,179,0,0.014925373134328358,0.0002227667631989307,0.0845771144278607,0.007153288284943443,0.23880597014925373,0.05702829137892626,0.7611940298507462,0.5794163510804188,0.2935323383084577,0.08616123363283087,0.44776119402985076,0.20049008687903766,0.3582089552238806,0.1283136556025841,0.6616915422885572,0.43783569713620946,0.8308457711442786,0.690304695428331
Iran 2026,USOIL,180,0,0.004975124378109453,2.475186257765897e-05,0.13930348258706468,0.019405460260884633,0.16417910447761194,0.026954778347070617,0.373134328358209,0.1392292269993317,0.48756218905472637,0.23771688819583675,0.5671641791044776,0.3216752060592559,0.39800995024875624,0.1584119204970174,0.7761194029850746,0.6023613276899087,0.7960199004975125,0.6336476819880696
Iran 2026,USOIL,181,0,0.05472636815920398,0.002994975371896735,0.208955223880597,0.04366228558699042,0.6716417910447762,0.45110269547783477,0.6019900497512438,0.362392019999505,0.4129353233830846,0.17051558129749264,0.5870646766169154,0.3446449345313235,0.3880597014925373,0.15059033192247717,0.4129353233830846,0.17051558129749264,0.7412935323383084,0.5495161010866068
Iran 2026,USOIL,182,0,0.0945273631840796,0.008935422390534888,0.5024875621890548,0.25249375015469916,0.7313432835820896,0.5348629984406327,0.681592039800995,0.4645677087200812,0.417910447761194,0.17464914234796167,0.681592039800995,0.4645677087200812,0.4626865671641791,0.21407885943417243,0.5771144278606966,0.3330610628449791,0.7164179104477612,0.5132546224103364
Iran 2026,USOIL,183,1,0.1044776119402985,0.8019603475161506,0.6965174129353234,0.092101680651469,0.2736318407960199,0.5276107027053786,0.5472636815920398,0.20497017400559397,0.38308457711442784,0.3805846389940844,0.6915422885572139,0.0951461597485211,0.48756218905472637,0.262592510086384,0.681592039800995,0.10138362911809114,0.7313432835820896,0.07217643127645355
Iran 2026,USOIL,184,1,0.14925373134328357,0.7237692136333259,0.6716417910447762,0.10781911338828243,0.746268656716418,0.06437959456449095,0.417910447761194,0.33882824682557366,0.5771144278606966,0.17883220712358602,0.6218905472636815,0.14296675824855826,0.48258706467661694,0.2677161456399594,0.4079601990049751,0.3505111259622288,0.7114427860696517,0.08326526571124478
Iran 2026,USOIL,185,1,0.22388059701492538,0.6023613276899087,0.7810945273631841,0.04791960595034776,0.2885572139303483,0.5061508378505483,0.7960199004975125,0.04160788099304471,0.7711442786069652,0.052374941214326357,0.8557213930348259,0.020816316427811194,0.7661691542288557,0.054676864434048685,0.4577114427860697,0.2940768792851662,0.417910447761194,0.33882824682557366
Iran 2026,USOIL,186,1,0.24378109452736318,0.5718670329942328,0.6368159203980099,0.13190267567634464,0.9353233830845771,0.0041830647756243705,0.8407960199004975,0.0253459072795228,0.6567164179104478,0.11784361773223434,0.8208955223880597,0.03207841390064601,0.6467661691542289,0.12477413925397883,0.6019900497512438,0.15841192049701738,0.4427860696517413,0.3104873641741541
Iran 2026,USOIL,187,1,0.20398009950248755,0.6336476819880696,0.6119402985074627,0.15059033192247717,0.13930348258706468,0.7407984950867552,0.746268656716418,0.06437959456449095,0.6417910447761194,0.12831365560258412,0.7910447761194029,0.043662285586990444,0.6417910447761194,0.12831365560258412,0.7810945273631841,0.04791960595034776,0.4228855721393035,0.3330610628449791
Iran 2026,USOIL,188,1,0.18407960199004975,0.6657260958887157,0.6268656716417911,0.13922922699933168,0.5920398009950248,0.16643152397217892,0.7562189054726368,0.05942922204895919,0.572139303482587,0.18306477562436577,0.8407960199004975,0.0253459072795228,0.6766169154228856,0.10457661939060912,0.2885572139303483,0.5061508378505483,0.4129353233830846,0.3446449345313235
Iran 2026,USOIL,189,1,0.1791044776119403,0.6738694586767655,0.6616915422885572,0.11445261255909508,0.05472636815920398,0.8935422390534888,0.6417910447761194,0.12831365560258412,0.7114427860696517,0.08326526571124478,0.7960199004975125,0.04160788099304471,0.7860696517412935,0.04576619390609144,0.6965174129353234,0.092101680651469,0.3781094527363184,0.38674785277592133
Iran 2026,USOIL,190,1,0.208955223880597,0.6257518378257965,0.6218905472636815,0.14296675824855826,0.15422885572139303,0.7153288284943443,0.43283582089552236,0.32167520605925604,0.681592039800995,0.10138362911809114,0.7711442786069652,0.052374941214326357,0.7761194029850746,0.0501225217197594,0.39800995024875624,0.362392019999505,0.373134328358209,0.3929605702829138
Iran 2026,USOIL,191,1,0.27860696517412936,0.5204079106952797,0.6517412935323383,0.12128412663052893,0.7512437810945274,0.06187965644414741,0.44776119402985076,0.3049676988193362,0.8208955223880597,0.03207841390064601,0.7661691542288557,0.054676864434048685,0.835820895522388,0.026954778347070628,0.582089552238806,0.17464914234796167,0.3333333333333333,0.44444444444444453
Iran 2026,USOIL,192,1,0.2835820895522388,0.5132546224103365,0.0945273631840796,0.8198806960223757,0.38308457711442784,0.3805846389940844,0.34328358208955223,0.4312764535531299,0.5422885572139303,0.20949976485730554,0.6616915422885572,0.11445261255909508,0.417910447761194,0.33882824682557366,0.2537313432835821,0.5569169079973267,0.43781094527363185,0.31605653325412736
Iran 2026,USOIL,193,1,0.31343283582089554,0.47137447092893736,0.05472636815920398,0.8935422390534888,0.30845771144278605,0.47823073686294904,0.5323383084577115,0.21870745773619463,0.05970149253731343,0.8841612831365561,0.34328358208955223,0.4312764535531299,0.22885572139303484,0.5946634984282566,0.0945273631840796,0.8198806960223757,0.7213930348258707,0.0776218410435385
Iran 2026,USOIL,194,1,0.4129353233830846,0.3446449345313235,0.11442786069651742,0.7842380139105467,0.3034825870646766,0.4851365065221157,0.13930348258706468,0.7407984950867552,0.029850746268656716,0.9411895745154824,0.24875621890547264,0.5643672186332022,0.31840796019900497,0.4645677087200812,0.06965174129353234,0.8655478824781565,0.8756218905472637,0.015469914111036853
Iran 2026,USOIL,195,1,0.2736318407960199,0.5276107027053786,0.14427860696517414,0.732259102497463,0.5621890547263682,0.19167842380139105,0.05970149253731343,0.8841612831365561,0.05472636815920398,0.8935422390534888,0.18407960199004975,0.6657260958887157,0.31343283582089554,0.47137447092893736,0.05970149253731343,0.8841612831365561,0.8109452736318408,0.035741689562139564
Iran 2026,USOIL,196,1,0.2935323383084577,0.49909655701591543,0.27860696517412936,0.5204079106952797,0.029850746268656716,0.9411895745154824,0.0845771144278607,0.8379990594292221,0.1044776119402985,0.8019603475161506,0.19900497512437812,0.6415930298754982,0.3383084577114428,0.43783569713620946,0.03980099502487562,0.9219821291552188,0.7761194029850746,0.0501225217197594
Iran 2026,USOIL,197,1,0.263681592039801,0.542164797901042,0.2935323383084577,0.49909655701591543,0.15920398009950248,0.7069379470805179,0.029850746268656716,0.9411895745154824,0.16417910447761194,0.6985965693918467,0.15920398009950248,0.7069379470805179,0.35323383084577115,0.4183064775624365,0.029850746268656716,0.9411895745154824,0.7562189054726368,0.05942922204895919
Iran 2026,USOIL,198,1,0.34328358208955223,0.4312764535531299,0.2736318407960199,0.5276107027053786,0.14925373134328357,0.7237692136333259,0.16417910447761194,0.6985965693918467,0.10945273631840796,0.7930744288507711,0.05472636815920398,0.8935422390534888,0.3781094527363184,0.38674785277592133,0.009950248756218905,0.9801985099378729,0.7512437810945274,0.06187965644414741
Iran 2026,USOIL,199,1,0.42786069651741293,0.3273433825895398,0.31840796019900497,0.4645677087200812,0.263681592039801,0.542164797901042,0.1044776119402985,0.8019603475161506,0.07960199004975124,0.8471324967203783,0.03482587064676617,0.931561099972773,0.39303482587064675,0.3684067226058761,0.014925373134328358,0.9703720204945421,0.7064676616915423,0.08616123363283087
Iran 2026,GOLD,0,0,0.900497512437811,0.8108957699066855,0.21890547263681592,0.04791960595034776,0.8159203980099502,0.6657260958887156,0.263681592039801,0.06952798198064405,0.9203980099502488,0.8471324967203783,0.5621890547263682,0.31605653325412736,0.9502487562189055,0.9029726986955768,0.15920398009950248,0.025345907279522784,0.05472636815920398,0.002994975371896735
Iran 2026,GOLD,1,0,0.8905472636815921,0.7930744288507711,0.3880597014925373,0.15059033192247717,0.7114427860696517,0.5061508378505483,0.15422885572139303,0.023786539937130268,0.9054726368159204,0.8198806960223757,0.5174129353233831,0.2677161456399594,0.945273631840796,0.8935422390534888,0.24875621890547264,0.061879656444147425,0.1044776119402985,0.010915571396747604
Iran 2026,GOLD,2,0,0.9104477611940298,0.8289151258632211,0.5920398009950248,0.3505111259622286,0.7860696517412935,0.6179054973886785,0.1890547263681592,0.03574168956213955,0.8706467661691543,0.758025791440806,0.27860696517412936,0.07762184104353853,0.8905472636815921,0.7930744288507711,0.21890547263681592,0.04791960595034776,0.16417910447761194,0.026954778347070617
Iran 2026,GOLD,3,0,0.945273631840796,0.8935422390534888,0.6069651741293532,0.3684067226058761,0.9552238805970149,0.9124526620628202,0.3034825870646766,0.09210168065146902,0.8258706467661692,0.6820623251899706,0.29850746268656714,0.08910670527957228,0.845771144278607,0.7153288284943443,0.20398009950248755,0.04160788099304472,0.21890547263681592,0.04791960595034776
Iran 2026,GOLD,4,0,0.9402985074626866,0.8841612831365561,0.48756218905472637,0.23771688819583675,0.9253731343283582,0.8563154377366897,0.38308457711442784,0.14675379322294002,0.7412935323383084,0.5495161010866068,0.24378109452736318,0.05942922204895919,0.8606965174129353,0.7407984950867552,0.24378109452736318,0.05942922204895919,0.24378109452736318,0.05942922204895919
Iran 2026,GOLD,5,0,0.9502487562189055,0.9029726986955768,0.04477611940298507,0.0020049008687903764,0.8208955223880597,0.6738694586767655,0.21393034825870647,0.045766193906091435,0.48258706467661694,0.23289027499319326,0.23880597014925373,0.05702829137892626,0.7164179104477612,0.5132546224103364,0.0945273631840796,0.008935422390534888,0.2885572139303483,0.08326526571124478
Iran 2026,GOLD,6,0,0.9651741293532339,0.931561099972773,0.12437810945273632,0.015469914111036856,0.8706467661691543,0.758025791440806,0.21890547263681592,0.04791960595034776,0.5323383084577115,0.2833840746516176,0.16417910447761194,0.026954778347070617,0.8706467661691543,0.758025791440806,0.10945273631840796,0.01197990148758694,0.29850746268656714,0.08910670527957228
Iran 2026,GOLD,7,0,0.9800995024875622,0.9605950347763669,0.0945273631840796,0.008935422390534888,0.9601990049751243,0.9219821291552188,0.1691542288557214,0.02861315313977377,0.5223880597014925,0.2728892849186901,0.14427860696517414,0.020816316427811194,0.9154228855721394,0.8379990594292221,0.1791044776119403,0.03207841390064602,0.3482587064676617,0.12128412663052897
Iran 2026,GOLD,8,0,0.9850746268656716,0.9703720204945421,0.06965174129353234,0.004851365065221158,0.7562189054726368,0.5718670329942328,0.23383084577114427,0.05467686443404866,0.36318407960199006,0.13190267567634464,0.12935323383084577,0.01673225910249746,0.9054726368159204,0.8198806960223757,0.16417910447761194,0.026954778347070617,0.3880597014925373,0.15059033192247717
Iran 2026,GOLD,9,0,0.9900497512437811,0.9801985099378729,0.09950248756218906,0.009900745031063588,0.8606965174129353,0.7407984950867552,0.05970149253731343,0.0035642682111828913,0.5422885572139303,0.2940768792851662,0.14925373134328357,0.02227667631989307,0.9552238805970149,0.9124526620628202,0.17412935323383086,0.030321031657632242,0.4129353233830846,0.17051558129749264
Iran 2026,GOLD,10,0,0.9950248756218906,0.9900745031063588,0.11940298507462686,0.014257072844731565,0.6119402985074627,0.3744709289374025,0.15920398009950248,0.025345907279522784,0.14427860696517414,0.020816316427811194,0.04975124378109453,0.002475186257765897,0.373134328358209,0.1392292269993317,0.12935323383084577,0.01673225910249746,0.3681592039800995,0.1355411994752605
Iran 2026,GOLD,11,0,0.9751243781094527,0.950867552783347,0.32338308457711445,0.10457661939060917,0.6169154228855721,0.3805846389940843,0.1791044776119403,0.03207841390064602,0.21393034825870647,0.045766193906091435,0.06965174129353234,0.004851365065221158,0.3582089552238806,0.1283136556025841,0.03482587064676617,0.0012128412663052895,0.35323383084577115,0.12477413925397886
Iran 2026,GOLD,12,0,0.9701492537313433,0.9411895745154824,0.3582089552238806,0.1283136556025841,0.48756218905472637,0.23771688819583675,0.06467661691542288,0.004183064775624365,0.13432835820895522,0.01804410781911339,0.024875621890547265,0.0006187965644414743,0.35323383084577115,0.12477413925397886,0.08955223880597014,0.008019603475161506,0.38308457711442784,0.14675379322294002
Iran 2026,GOLD,13,0,0.9552238805970149,0.9124526620628202,0.31840796019900497,0.10138362911809114,0.20398009950248755,0.04160788099304472,0.029850746268656716,0.0008910670527957228,0.09950248756218906,0.009900745031063588,0.08955223880597014,0.008019603475161506,0.32338308457711445,0.10457661939060917,0.05970149253731343,0.0035642682111828913,0.4228855721393035,0.17883220712358608
Iran 2026,GOLD,14,0,0.9601990049751243,0.9219821291552188,0.2885572139303483,0.08326526571124478,0.26865671641791045,0.07217643127645355,0.07462686567164178,0.005569169079973267,0.0845771144278607,0.007153288284943443,0.07960199004975124,0.006336476819880696,0.3880597014925373,0.15059033192247717,0.06965174129353234,0.004851365065221158,0.4577114427860697,0.20949976485730554
Iran 2026,GOLD,15,0,0.9303482587064676,0.8655478824781565,0.36318407960199006,0.13190267567634464,0.11940298507462686,0.014257072844731565,0.009950248756218905,9.900745031063588e-05,0.014925373134328358,0.0002227667631989307,0.03482587064676617,0.0012128412663052895,0.39303482587064675,0.15447637434716963,0.04975124378109453,0.002475186257765897,0.527363184079602,0.2781119279225762
Iran 2026,GOLD,16,0,0.8955223880597015,0.8019603475161506,0.4228855721393035,0.17883220712358608,0.13930348258706468,0.019405460260884633,0.13930348258706468,0.019405460260884633,0.029850746268656716,0.0008910670527957228,0.10945273631840796,0.01197990148758694,0.4129353233830846,0.17051558129749264,0.024875621890547265,0.0006187965644414743,0.6318407960199005,0.3992227915150615
Iran 2026,GOLD,17,0,0.8805970149253731,0.7754511026954778,0.47761194029850745,0.22811316551570504,0.0845771144278607,0.007153288284943443,0.01990049751243781,0.0003960298012425435,0.06467661691542288,0.004183064775624365,0.06467661691542288,0.004183064775624365,0.43781094527363185,0.19167842380139105,0.009950248756218905,9.900745031063588e-05,0.7014925373134329,0.492091779906438
Iran 2026,GOLD,18,0,0.9154228855721394,0.8379990594292221,0.3781094527363184,0.1429667582485582,0.12437810945273632,0.015469914111036856,0.04477611940298507,0.0020049008687903764,0.04975124378109453,0.002475186257765897,0.07462686567164178,0.005569169079973267,0.4228855721393035,0.17883220712358608,0.004975124378109453,2.475186257765897e-05,0.7711442786069652,0.5946634984282568
Iran 2026,GOLD,19,0,0.8756218905472637,0.7667136952055642,0.4079601990049751,0.1664315239721789,0.01990049751243781,0.0003960298012425435,0.0945273631840796,0.008935422390534888,0.04477611940298507,0.0020049008687903764,0.09950248756218906,0.009900745031063588,0.44776119402985076,0.20049008687903766,0.029850746268656716,0.0008910670527957228,0.746268656716418,0.5569169079973268
Iran 2026,GOLD,20,0,0.8855721393034826,0.7842380139105467,0.30845771144278605,0.09514615974852107,0.014925373134328358,0.0002227667631989307,0.05472636815920398,0.002994975371896735,0.009950248756218905,9.900745031063588e-05,0.05970149253731343,0.0035642682111828913,0.3482587064676617,0.12128412663052897,0.05472636815920398,0.002994975371896735,0.8208955223880597,0.6738694586767655
Iran 2026,GOLD,21,0,0.9253731343283582,0.8563154377366897,0.39800995024875624,0.1584119204970174,0.22885572139303484,0.052374941214326384,0.08955223880597014,0.008019603475161506,0.01990049751243781,0.0003960298012425435,0.11442786069651742,0.013093735303581596,0.2885572139303483,0.08326526571124478,0.014925373134328358,0.0002227667631989307,0.6865671641791045,0.47137447092893736
Iran 2026,GOLD,22,0,0.9203980099502488,0.8471324967203783,0.15422885572139303,0.023786539937130268,0.17412935323383086,0.030321031657632242,0.014925373134328358,0.0002227667631989307,0.05472636815920398,0.002994975371896735,0.0845771144278607,0.007153288284943443,0.06965174129353234,0.004851365065221158,0.01990049751243781,0.0003960298012425435,0.5522388059701493,0.3049676988193362
Iran 2026,GOLD,23,0,0.9353233830845771,0.8748298309447785,0.12935323383084577,0.01673225910249746,0.07462686567164178,0.005569169079973267,0.0845771144278607,0.007153288284943443,0.024875621890547265,0.0006187965644414743,0.0945273631840796,0.008935422390534888,0.05472636815920398,0.002994975371896735,0.11442786069651742,0.013093735303581596,0.6716417910447762,0.45110269547783477
Iran 2026,GOLD,24,0,0.9054726368159204,0.8198806960223757,0.08955223880597014,0.008019603475161506,0.31343283582089554,0.09824014257072845,0.03980099502487562,0.001584119204970174,0.004975124378109453,2.475186257765897e-05,0.04477611940298507,0.0020049008687903764,0.03980099502487562,0.001584119204970174,0.09950248756218906,0.009900745031063588,0.7064676616915423,0.49909655701591543
Iran 2026,GOLD,25,0,0.8656716417910447,0.7493873914012028,0.03980099502487562,0.001584119204970174,0.11442786069651742,0.013093735303581596,0.18407960199004975,0.033885299868815125,0.03980099502487562,0.001584119204970174,0.029850746268656716,0.0008910670527957228,0.009950248756218905,9.900745031063588e-05,0.12437810945273632,0.015469914111036856,0.4527363184079602,0.20497017400559392
Iran 2026,GOLD,26,0,0.845771144278607,0.7153288284943443,0.03482587064676617,0.0012128412663052895,0.5124378109452736,0.262592510086384,0.12935323383084577,0.01673225910249746,0.03482587064676617,0.0012128412663052895,0.004975124378109453,2.475186257765897e-05,0.004975124378109453,2.475186257765897e-05,0.07462686567164178,0.005569169079973267,0.32338308457711445,0.10457661939060917
Iran 2026,GOLD,27,0,0.8407960199004975,0.7069379470805177,0.06467661691542288,0.004183064775624365,0.7960199004975125,0.6336476819880696,0.04975124378109453,0.002475186257765897,0.19402985074626866,0.03764758298061929,0.009950248756218905,9.900745031063588e-05,0.06467661691542288,0.004183064775624365,0.07960199004975124,0.006336476819880696,0.17412935323383086,0.030321031657632242
Iran 2026,GOLD,28,0,0.8258706467661692,0.6820623251899706,0.07960199004975124,0.006336476819880696,0.9651741293532339,0.931561099972773,0.004975124378109453,2.475186257765897e-05,0.35323383084577115,0.12477413925397886,0.01990049751243781,0.0003960298012425435,0.1890547263681592,0.03574168956213955,0.04477611940298507,0.0020049008687903764,0.08955223880597014,0.008019603475161506
Iran 2026,GOLD,29,0,0.8208955223880597,0.6738694586767655,0.05472636815920398,0.002994975371896735,0.8059701492537313,0.649587881488082,0.07960199004975124,0.006336476819880696,0.3333333333333333,0.1111111111111111,0.014925373134328358,0.0002227667631989307,0.13432835820895522,0.01804410781911339,0.13432835820895522,0.01804410781911339,0.1691542288557214,0.02861315313977377
Iran 2026,GOLD,30,0,0.8109452736318408,0.6576322368258211,0.14427860696517414,0.020816316427811194,0.8905472636815921,0.7930744288507711,0.19402985074626866,0.03764758298061929,0.6567164179104478,0.4312764535531299,0.05472636815920398,0.002994975371896735,0.4577114427860697,0.20949976485730554,0.11940298507462686,0.014257072844731565,0.10945273631840796,0.01197990148758694
Iran 2026,GOLD,31,0,0.7910447761194029,0.6257518378257964,0.4427860696517413,0.19605950347763668,0.8805970149253731,0.7754511026954778,0.3283582089552239,0.10781911338828247,0.8208955223880597,0.6738694586767655,0.11940298507462686,0.014257072844731565,0.582089552238806,0.33882824682557366,0.4427860696517413,0.19605950347763668,0.11940298507462686,0.014257072844731565
Iran 2026,GOLD,32,0,0.7711442786069652,0.5946634984282568,0.34328358208955223,0.11784361773223434,0.8109452736318408,0.6576322368258211,0.5124378109452736,0.262592510086384,0.7761194029850746,0.6023613276899087,0.1791044776119403,0.03207841390064602,0.4925373134328358,0.24259300512363552,0.3283582089552239,0.10781911338828247,0.15920398009950248,0.025345907279522784
Iran 2026,GOLD,33,0,0.7860696517412935,0.6179054973886785,0.472636815920398,0.2233855597633722,0.900497512437811,0.8108957699066855,0.3333333333333333,0.1111111111111111,0.582089552238806,0.33882824682557366,0.21890547263681592,0.04791960595034776,0.4427860696517413,0.19605950347763668,0.39303482587064675,0.15447637434716963,0.19900497512437812,0.03960298012425435
Iran 2026,GOLD,34,0,0.8059701492537313,0.649587881488082,0.4925373134328358,0.24259300512363552,0.8009950248756219,0.6415930298754982,0.5373134328358209,0.2887057251058142,0.48756218905472637,0.23771688819583675,0.19900497512437812,0.03960298012425435,0.38308457711442784,0.14675379322294002,0.35323383084577115,0.12477413925397886,0.23880597014925373,0.05702829137892626
Iran 2026,GOLD,35,0,0.8009950248756219,0.6415930298754982,0.40298507462686567,0.1623969703720205,0.681592039800995,0.4645677087200812,0.25870646766169153,0.06692903640998984,0.6268656716417911,0.3929605702829138,0.32338308457711445,0.10457661939060917,0.39800995024875624,0.1584119204970174,0.3781094527363184,0.1429667582485582,0.2537313432835821,0.06437959456449098
Iran 2026,GOLD,36,0,0.7810945273631841,0.6101086606767159,0.35323383084577115,0.12477413925397886,0.6368159203980099,0.40553451647236455,0.5870646766169154,0.3446449345313235,0.43781094527363185,0.19167842380139105,0.40298507462686567,0.1623969703720205,0.3681592039800995,0.1355411994752605,0.3681592039800995,0.1355411994752605,0.31840796019900497,0.10138362911809114
Iran 2026,GOLD,37,0,0.7412935323383084,0.5495161010866068,0.46766169154228854,0.21870745773619463,0.38308457711442784,0.14675379322294002,0.47761194029850745,0.22811316551570504,0.6666666666666666,0.4444444444444444,0.46766169154228854,0.21870745773619463,0.3283582089552239,0.10781911338828247,0.31343283582089554,0.09824014257072845,0.36318407960199006,0.13190267567634464
Iran 2026,GOLD,38,0,0.6865671641791045,0.47137447092893736,0.39303482587064675,0.15447637434716963,0.3681592039800995,0.1355411994752605,0.31343283582089554,0.09824014257072845,0.4079601990049751,0.1664315239721789,0.47761194029850745,0.22811316551570504,0.2935323383084577,0.08616123363283087,0.472636815920398,0.2233855597633722,0.4079601990049751,0.1664315239721789
Iran 2026,GOLD,39,0,0.746268656716418,0.5569169079973268,0.43283582089552236,0.1873468478503007,0.47761194029850745,0.22811316551570504,0.13432835820895522,0.01804410781911339,0.22388059701492538,0.050122521719759415,0.4626865671641791,0.21407885943417243,0.24875621890547264,0.061879656444147425,0.42786069651741293,0.18306477562436574,0.48258706467661694,0.23289027499319326
Iran 2026,GOLD,40,0,0.6915422885572139,0.47823073686294887,0.23383084577114427,0.05467686443404866,0.05970149253731343,0.0035642682111828913,0.29850746268656714,0.08910670527957228,0.5024875621890548,0.25249375015469916,0.3880597014925373,0.15059033192247717,0.23383084577114427,0.05467686443404866,0.48258706467661694,0.23289027499319326,0.44776119402985076,0.20049008687903766
Iran 2026,GOLD,41,0,0.7213930348258707,0.5204079106952799,0.3482587064676617,0.12128412663052897,0.3283582089552239,0.10781911338828247,0.4925373134328358,0.24259300512363552,0.835820895522388,0.6985965693918467,0.5671641791044776,0.3216752060592559,0.30845771144278605,0.09514615974852107,0.5024875621890548,0.25249375015469916,0.263681592039801,0.06952798198064405
Iran 2026,GOLD,42,0,0.5572139303482587,0.3104873641741541,0.2537313432835821,0.06437959456449098,0.08955223880597014,0.008019603475161506,0.5671641791044776,0.3216752060592559,0.7960199004975125,0.6336476819880696,0.527363184079602,0.2781119279225762,0.21890547263681592,0.04791960595034776,0.5771144278606966,0.3330610628449791,0.30845771144278605,0.09514615974852107
Iran 2026,GOLD,43,0,0.373134328358209,0.1392292269993317,0.7860696517412935,0.6179054973886785,0.15422885572139303,0.023786539937130268,0.3582089552238806,0.1283136556025841,0.6865671641791045,0.47137447092893736,0.4975124378109453,0.2475186257765897,0.09950248756218906,0.009900745031063588,0.6467661691542289,0.41830647756243666,0.34328358208955223,0.11784361773223434
Iran 2026,GOLD,44,0,0.263681592039801,0.06952798198064405,0.7661691542288557,0.5870151728917601,0.3781094527363184,0.1429667582485582,0.31840796019900497,0.10138362911809114,0.5970149253731343,0.3564268211182891,0.39303482587064675,0.15447637434716963,0.01990049751243781,0.0003960298012425435,0.7064676616915423,0.49909655701591543,0.3781094527363184,0.1429667582485582
Iran 2026,GOLD,45,0,0.3283582089552239,0.10781911338828247,0.900497512437811,0.8108957699066855,0.4925373134328358,0.24259300512363552,0.6517412935323383,0.4247667136952056,0.7263681592039801,0.5276107027053786,0.5920398009950248,0.3505111259622286,0.04477611940298507,0.0020049008687903764,0.5970149253731343,0.3564268211182891,0.2835820895522388,0.08041880151481398
Iran 2026,GOLD,46,0,0.3034825870646766,0.09210168065146902,0.9751243781094527,0.950867552783347,0.6417910447761194,0.41189574515482286,0.6119402985074627,0.3744709289374025,0.845771144278607,0.7153288284943443,0.7960199004975125,0.6336476819880696,0.08955223880597014,0.008019603475161506,0.7164179104477612,0.5132546224103364,0.1890547263681592,0.03574168956213955
Iran 2026,GOLD,47,0,0.3383084577114428,0.11445261255909508,0.9950248756218906,0.9900745031063588,0.06467661691542288,0.004183064775624365,0.582089552238806,0.33882824682557366,0.8756218905472637,0.7667136952055642,0.7910447761194029,0.6257518378257964,0.31343283582089554,0.09824014257072845,0.6218905472636815,0.38674785277592133,0.208955223880597,0.04366228558699042
Iran 2026,GOLD,48,0,0.3482587064676617,0.12128412663052897,0.9900497512437811,0.9801985099378729,0.6318407960199005,0.3992227915150615,0.9154228855721394,0.8379990594292221,0.8606965174129353,0.7407984950867552,0.6915422885572139,0.47823073686294887,0.31840796019900497,0.10138362911809114,0.7412935323383084,0.5495161010866068,0.26865671641791045,0.07217643127645355
Iran 2026,GOLD,49,0,0.5074626865671642,0.2575183782579639,0.9850746268656716,0.9703720204945421,0.5174129353233831,0.2677161456399594,0.8756218905472637,0.7667136952055642,0.7014925373134329,0.492091779906438,0.6368159203980099,0.40553451647236455,0.24378109452736318,0.05942922204895919,0.9303482587064676,0.8655478824781565,0.3283582089552239,0.10781911338828247
Iran 2026,GOLD,50,0,0.3333333333333333,0.1111111111111111,0.9800995024875622,0.9605950347763669,0.6467661691542289,0.41830647756243666,0.7711442786069652,0.5946634984282568,0.8805970149253731,0.7754511026954778,0.8656716417910447,0.7493873914012028,0.3333333333333333,0.1111111111111111,0.7810945273631841,0.6101086606767159,0.20398009950248755,0.04160788099304472
Iran 2026,GOLD,51,0,0.20398009950248755,0.04160788099304472,0.9651741293532339,0.931561099972773,0.9751243781094527,0.950867552783347,0.9552238805970149,0.9124526620628202,0.9950248756218906,0.9900745031063588,0.9850746268656716,0.9703720204945421,0.9950248756218906,0.9900745031063588,0.8606965174129353,0.7407984950867552,0.014925373134328358,0.0002227667631989307
Iran 2026,GOLD,52,0,0.14925373134328357,0.02227667631989307,0.9353233830845771,0.8748298309447785,0.845771144278607,0.7153288284943443,0.9502487562189055,0.9029726986955768,0.9900497512437811,0.9801985099378729,0.9950248756218906,0.9900745031063588,0.9850746268656716,0.9703720204945421,0.8706467661691543,0.758025791440806,0.029850746268656716,0.0008910670527957228
Iran 2026,GOLD,53,0,0.09950248756218906,0.009900745031063588,0.9402985074626866,0.8841612831365561,0.8407960199004975,0.7069379470805177,0.8009950248756219,0.6415930298754982,0.9850746268656716,0.9703720204945421,0.9800995024875622,0.9605950347763669,0.9651741293532339,0.931561099972773,0.8159203980099502,0.6657260958887156,0.03980099502487562,0.001584119204970174
Iran 2026,GOLD,54,0,0.06965174129353234,0.004851365065221158,0.945273631840796,0.8935422390534888,0.9950248756218906,0.9900745031063588,0.9303482587064676,0.8655478824781565,0.9800995024875622,0.9605950347763669,0.9751243781094527,0.950867552783347,0.9203980099502488,0.8471324967203783,0.9601990049751243,0.9219821291552188,0.04975124378109453,0.002475186257765897
Iran 2026,GOLD,55,0,0.04975124378109453,0.002475186257765897,0.9552238805970149,0.9124526620628202,0.6716417910447762,0.45110269547783477,0.8159203980099502,0.6657260958887156,0.9751243781094527,0.950867552783347,0.9601990049751243,0.9219821291552188,0.6965174129353234,0.4851365065221159,0.845771144278607,0.7153288284943443,0.05970149253731343,0.0035642682111828913
Iran 2026,GOLD,56,0,0.07960199004975124,0.006336476819880696,0.9502487562189055,0.9029726986955768,0.7263681592039801,0.5276107027053786,0.9751243781094527,0.950867552783347,0.9651741293532339,0.931561099972773,0.8159203980099502,0.6657260958887156,0.40298507462686567,0.1623969703720205,0.9253731343283582,0.8563154377366897,0.06467661691542288,0.004183064775624365
Iran 2026,GOLD,57,0,0.029850746268656716,0.0008910670527957228,0.9701492537313433,0.9411895745154824,0.5920398009950248,0.3505111259622286,0.9601990049751243,0.9219821291552188,0.9303482587064676,0.8655478824781565,0.681592039800995,0.4645677087200812,0.4079601990049751,0.1664315239721789,0.9751243781094527,0.950867552783347,0.0845771144278607,0.007153288284943443
Iran 2026,GOLD,58,0,0.01990049751243781,0.0003960298012425435,0.9601990049751243,0.9219821291552188,0.6268656716417911,0.3929605702829138,0.9701492537313433,0.9411895745154824,0.9353233830845771,0.8748298309447785,0.9402985074626866,0.8841612831365561,0.5472636815920398,0.2994975371896735,0.8805970149253731,0.7754511026954778,0.12935323383084577,0.01673225910249746
Iran 2026,GOLD,59,0,0.03980099502487562,0.001584119204970174,0.8706467661691543,0.758025791440806,0.373134328358209,0.1392292269993317,0.8606965174129353,0.7407984950867552,0.9402985074626866,0.8841612831365561,0.9701492537313433,0.9411895745154824,0.7313432835820896,0.5348629984406327,0.9402985074626866,0.8841612831365561,0.14925373134328357,0.02227667631989307
Iran 2026,GOLD,60,0,0.05970149253731343,0.0035642682111828913,0.845771144278607,0.7153288284943443,0.5621890547263682,0.31605653325412736,0.8805970149253731,0.7754511026954778,0.8955223880597015,0.8019603475161506,0.9104477611940298,0.8289151258632211,0.6567164179104478,0.4312764535531299,0.8656716417910447,0.7493873914012028,0.12437810945273632,0.015469914111036856
Iran 2026,GOLD,61,0,0.06467661691542288,0.004183064775624365,0.8009950248756219,0.6415930298754982,0.7661691542288557,0.5870151728917601,0.6019900497512438,0.362392019999505,0.9104477611940298,0.8289151258632211,0.9203980099502488,0.8471324967203783,0.6616915422885572,0.43783569713620946,0.7512437810945274,0.5643672186332022,0.13432835820895522,0.01804410781911339
Iran 2026,GOLD,62,0,0.024875621890547265,0.0006187965644414743,0.38308457711442784,0.14675379322294002,0.4427860696517413,0.19605950347763668,0.9253731343283582,0.8563154377366897,0.7164179104477612,0.5132546224103364,0.9502487562189055,0.9029726986955768,0.8159203980099502,0.6657260958887156,0.7960199004975125,0.6336476819880696,0.43283582089552236,0.1873468478503007
Iran 2026,GOLD,63,0,0.13930348258706468,0.019405460260884633,0.417910447761194,0.17464914234796167,0.6517412935323383,0.4247667136952056,0.9203980099502488,0.8471324967203783,0.6716417910447762,0.45110269547783477,0.9552238805970149,0.9124526620628202,0.8756218905472637,0.7667136952055642,0.8009950248756219,0.6415930298754982,0.46766169154228854,0.21870745773619463
Iran 2026,GOLD,64,0,0.14427860696517414,0.020816316427811194,0.27860696517412936,0.07762184104353853,0.6616915422885572,0.43783569713620946,0.746268656716418,0.5569169079973268,0.736318407960199,0.542164797901042,0.945273631840796,0.8935422390534888,0.8955223880597015,0.8019603475161506,0.736318407960199,0.542164797901042,0.5223880597014925,0.2728892849186901
Iran 2026,GOLD,65,0,0.3681592039800995,0.1355411994752605,0.19402985074626866,0.03764758298061929,0.4228855721393035,0.17883220712358608,0.7164179104477612,0.5132546224103364,0.4975124378109453,0.2475186257765897,0.9253731343283582,0.8563154377366897,0.9353233830845771,0.8748298309447785,0.8557213930348259,0.732259102497463,0.5422885572139303,0.2940768792851662
Iran 2026,GOLD,66,0,0.08955223880597014,0.008019603475161506,0.1044776119402985,0.010915571396747604,0.10945273631840796,0.01197990148758694,0.8308457711442786,0.690304695428331,0.40298507462686567,0.1623969703720205,0.8258706467661692,0.6820623251899706,0.9402985074626866,0.8841612831365561,0.7860696517412935,0.6179054973886785,0.5373134328358209,0.2887057251058142
Iran 2026,GOLD,67,0,0.26865671641791045,0.07217643127645355,0.20398009950248755,0.04160788099304472,0.4129353233830846,0.17051558129749264,0.527363184079602,0.2781119279225762,0.2736318407960199,0.07487438429741837,0.48756218905472637,0.23771688819583675,0.6119402985074627,0.3744709289374025,0.46766169154228854,0.21870745773619463,0.572139303482587,0.3273433825895398
Iran 2026,GOLD,68,0,0.3781094527363184,0.1429667582485582,0.22388059701492538,0.050122521719759415,0.3880597014925373,0.15059033192247717,0.5522388059701493,0.3049676988193362,0.17412935323383086,0.030321031657632242,0.43283582089552236,0.1873468478503007,0.5024875621890548,0.25249375015469916,0.47761194029850745,0.22811316551570504,0.6417910447761194,0.41189574515482286
Iran 2026,GOLD,69,0,0.4228855721393035,0.17883220712358608,0.22885572139303484,0.052374941214326384,0.42786069651741293,0.18306477562436574,0.373134328358209,0.1392292269993317,0.16417910447761194,0.026954778347070617,0.5024875621890548,0.25249375015469916,0.4626865671641791,0.21407885943417243,0.39800995024875624,0.1584119204970174,0.6915422885572139,0.47823073686294887
Iran 2026,GOLD,70,0,0.4975124378109453,0.2475186257765897,0.3034825870646766,0.09210168065146902,0.5373134328358209,0.2887057251058142,0.26865671641791045,0.07217643127645355,0.1890547263681592,0.03574168956213955,0.5124378109452736,0.262592510086384,0.46766169154228854,0.21870745773619463,0.263681592039801,0.06952798198064405,0.7213930348258707,0.5204079106952799
Iran 2026,GOLD,71,0,0.43781094527363185,0.19167842380139105,0.2835820895522388,0.08041880151481398,0.2885572139303483,0.08326526571124478,0.14427860696517414,0.020816316427811194,0.11442786069651742,0.013093735303581596,0.3482587064676617,0.12128412663052897,0.34328358208955223,0.11784361773223434,0.1890547263681592,0.03574168956213955,0.7761194029850746,0.6023613276899087
Iran 2026,GOLD,72,0,0.2935323383084577,0.08616123363283087,0.3283582089552239,0.10781911338828247,0.2935323383084577,0.08616123363283087,0.16417910447761194,0.026954778347070617,0.06965174129353234,0.004851365065221158,0.3582089552238806,0.1283136556025841,0.3781094527363184,0.1429667582485582,0.18407960199004975,0.033885299868815125,0.8159203980099502,0.6657260958887156
Iran 2026,GOLD,73,0,0.1791044776119403,0.03207841390064602,0.48258706467661694,0.23289027499319326,0.5223880597014925,0.2728892849186901,0.43781094527363185,0.19167842380139105,0.26865671641791045,0.07217643127645355,0.34328358208955223,0.11784361773223434,0.3383084577114428,0.11445261255909508,0.36318407960199006,0.13190267567634464,0.681592039800995,0.4645677087200812
Iran 2026,GOLD,74,0,0.0945273631840796,0.008935422390534888,0.13432835820895522,0.01804410781911339,0.23880597014925373,0.05702829137892626,0.34328358208955223,0.11784361773223434,0.12935323383084577,0.01673225910249746,0.1890547263681592,0.03574168956213955,0.05970149253731343,0.0035642682111828913,0.23880597014925373,0.05702829137892626,0.417910447761194,0.17464914234796167
Iran 2026,GOLD,75,0,0.1044776119402985,0.010915571396747604,0.05970149253731343,0.0035642682111828913,0.7014925373134329,0.492091779906438,0.14925373134328357,0.02227667631989307,0.12437810945273632,0.015469914111036856,0.1691542288557214,0.02861315313977377,0.014925373134328358,0.0002227667631989307,0.14427860696517414,0.020816316427811194,0.24875621890547264,0.061879656444147425
Iran 2026,GOLD,76,0,0.13432835820895522,0.01804410781911339,0.3333333333333333,0.1111111111111111,0.9203980099502488,0.8471324967203783,0.10945273631840796,0.01197990148758694,0.527363184079602,0.2781119279225762,0.12437810945273632,0.015469914111036856,0.0845771144278607,0.007153288284943443,0.15422885572139303,0.023786539937130268,0.15422885572139303,0.023786539937130268
Iran 2026,GOLD,77,0,0.04477611940298507,0.0020049008687903764,0.11442786069651742,0.013093735303581596,0.9402985074626866,0.8841612831365561,0.2537313432835821,0.06437959456449098,0.34328358208955223,0.11784361773223434,0.03980099502487562,0.001584119204970174,0.0945273631840796,0.008935422390534888,0.13930348258706468,0.019405460260884633,0.14427860696517414,0.020816316427811194
Iran 2026,GOLD,78,0,0.014925373134328358,0.0002227667631989307,0.263681592039801,0.06952798198064405,0.9303482587064676,0.8655478824781565,0.5223880597014925,0.2728892849186901,0.42786069651741293,0.18306477562436574,0.15422885572139303,0.023786539937130268,0.10945273631840796,0.01197990148758694,0.4577114427860697,0.20949976485730554,0.1791044776119403,0.03207841390064602
Iran 2026,GOLD,79,0,0.004975124378109453,2.475186257765897e-05,0.3681592039800995,0.1355411994752605,0.8308457711442786,0.690304695428331,0.4079601990049751,0.1664315239721789,0.32338308457711445,0.10457661939060917,0.17412935323383086,0.030321031657632242,0.19900497512437812,0.03960298012425435,0.3034825870646766,0.09210168065146902,0.21393034825870647,0.045766193906091435
Iran 2026,GOLD,80,0,0.009950248756218905,9.900745031063588e-05,0.42786069651741293,0.18306477562436574,0.6666666666666666,0.4444444444444444,0.42786069651741293,0.18306477562436574,0.5522388059701493,0.3049676988193362,0.20398009950248755,0.04160788099304472,0.22388059701492538,0.050122521719759415,0.26865671641791045,0.07217643127645355,0.22885572139303484,0.052374941214326384
Iran 2026,GOLD,81,0,0.03482587064676617,0.0012128412663052895,0.4577114427860697,0.20949976485730554,0.6567164179104478,0.4312764535531299,0.4228855721393035,0.17883220712358608,0.31343283582089554,0.09824014257072845,0.25870646766169153,0.06692903640998984,0.18407960199004975,0.033885299868815125,0.30845771144278605,0.09514615974852107,0.27860696517412936,0.07762184104353853
Iran 2026,GOLD,82,0,0.05472636815920398,0.002994975371896735,0.373134328358209,0.1392292269993317,0.4577114427860697,0.20949976485730554,0.7064676616915423,0.49909655701591543,0.19900497512437812,0.03960298012425435,0.2835820895522388,0.08041880151481398,0.15422885572139303,0.023786539937130268,0.40298507462686567,0.1623969703720205,0.373134328358209,0.1392292269993317
Iran 2026,GOLD,83,0,0.34328358208955223,0.11784361773223434,0.26865671641791045,0.07217643127645355,0.1791044776119403,0.03207841390064602,0.2835820895522388,0.08041880151481398,0.24378109452736318,0.05942922204895919,0.2885572139303483,0.08326526571124478,0.11940298507462686,0.014257072844731565,0.19402985074626866,0.03764758298061929,0.4626865671641791,0.21407885943417243
Iran 2026,GOLD,84,0,0.24378109452736318,0.05942922204895919,0.21393034825870647,0.045766193906091435,0.3034825870646766,0.09210168065146902,0.44776119402985076,0.20049008687903766,0.0945273631840796,0.008935422390534888,0.263681592039801,0.06952798198064405,0.15920398009950248,0.025345907279522784,0.27860696517412936,0.07762184104353853,0.6268656716417911,0.3929605702829138
Iran 2026,GOLD,85,0,0.31343283582089554,0.09824014257072845,0.1890547263681592,0.03574168956213955,0.07960199004975124,0.006336476819880696,0.22388059701492538,0.050122521719759415,0.10945273631840796,0.01197990148758694,0.31343283582089554,0.09824014257072845,0.20398009950248755,0.04160788099304472,0.4925373134328358,0.24259300512363552,0.6517412935323383,0.4247667136952056
Iran 2026,GOLD,86,0,0.23383084577114427,0.05467686443404866,0.15920398009950248,0.025345907279522784,0.12935323383084577,0.01673225910249746,0.39800995024875624,0.1584119204970174,0.07462686567164178,0.005569169079973267,0.3781094527363184,0.1429667582485582,0.23880597014925373,0.05702829137892626,0.5870646766169154,0.3446449345313235,0.6766169154228856,0.45781045023638034
Iran 2026,GOLD,87,0,0.07462686567164178,0.005569169079973267,0.1691542288557214,0.02861315313977377,0.5870646766169154,0.3446449345313235,0.7860696517412935,0.6179054973886785,0.4925373134328358,0.24259300512363552,0.4129353233830846,0.17051558129749264,0.42786069651741293,0.18306477562436574,0.4079601990049751,0.1664315239721789,0.2935323383084577,0.08616123363283087
Iran 2026,GOLD,88,0,0.11940298507462686,0.014257072844731565,0.25870646766169153,0.06692903640998984,0.7064676616915423,0.49909655701591543,0.6318407960199005,0.3992227915150615,0.7213930348258707,0.5204079106952799,0.5373134328358209,0.2887057251058142,0.6716417910447762,0.45110269547783477,0.48756218905472637,0.23771688819583675,0.25870646766169153,0.06692903640998984
Iran 2026,GOLD,89,0,0.42786069651741293,0.18306477562436574,0.5323383084577115,0.2833840746516176,0.9154228855721394,0.8379990594292221,0.4626865671641791,0.21407885943417243,0.8009950248756219,0.6415930298754982,0.5422885572139303,0.2940768792851662,0.7711442786069652,0.5946634984282568,0.5671641791044776,0.3216752060592559,0.22388059701492538,0.050122521719759415
Iran 2026,GOLD,90,0,0.40298507462686567,0.1623969703720205,0.5621890547263682,0.31605653325412736,0.4079601990049751,0.1664315239721789,0.6169154228855721,0.3805846389940843,0.7661691542288557,0.5870151728917601,0.5472636815920398,0.2994975371896735,0.7910447761194029,0.6257518378257964,0.527363184079602,0.2781119279225762,0.2736318407960199,0.07487438429741837
Iran 2026,GOLD,91,0,0.2885572139303483,0.08326526571124478,0.5373134328358209,0.2887057251058142,0.1890547263681592,0.03574168956213955,0.5621890547263682,0.31605653325412736,0.6318407960199005,0.3992227915150615,0.6069651741293532,0.3684067226058761,0.8258706467661692,0.6820623251899706,0.6368159203980099,0.40553451647236455,0.3383084577114428,0.11445261255909508
Iran 2026,GOLD,92,0,0.0845771144278607,0.007153288284943443,0.208955223880597,0.04366228558699042,0.6766169154228856,0.45781045023638034,0.24875621890547264,0.061879656444147425,0.6119402985074627,0.3744709289374025,0.3034825870646766,0.09210168065146902,0.36318407960199006,0.13190267567634464,0.4129353233830846,0.17051558129749264,0.18407960199004975,0.033885299868815125
Iran 2026,GOLD,93,0,0.10945273631840796,0.01197990148758694,0.18407960199004975,0.033885299868815125,0.9900497512437811,0.9801985099378729,0.19900497512437812,0.03960298012425435,0.7114427860696517,0.5061508378505483,0.19402985074626866,0.03764758298061929,0.13930348258706468,0.019405460260884633,0.19900497512437812,0.03960298012425435,0.11442786069651742,0.013093735303581596
Iran 2026,GOLD,94,0,0.38308457711442784,0.14675379322294002,0.14925373134328357,0.02227667631989307,0.9701492537313433,0.9411895745154824,0.2885572139303483,0.08326526571124478,0.6965174129353234,0.4851365065221159,0.22388059701492538,0.050122521719759415,0.04975124378109453,0.002475186257765897,0.22388059701492538,0.050122521719759415,0.07960199004975124,0.006336476819880696
Iran 2026,GOLD,95,0,0.39303482587064675,0.15447637434716963,0.1791044776119403,0.03207841390064602,0.9800995024875622,0.9605950347763669,0.12437810945273632,0.015469914111036856,0.6368159203980099,0.40553451647236455,0.13930348258706468,0.019405460260884633,0.024875621890547265,0.0006187965644414743,0.14925373134328357,0.02227667631989307,0.06965174129353234,0.004851365065221158
Iran 2026,GOLD,96,0,0.417910447761194,0.17464914234796167,0.024875621890547265,0.0006187965644414743,0.9850746268656716,0.9703720204945421,0.024875621890547265,0.0006187965644414743,0.8109452736318408,0.6576322368258211,0.13432835820895522,0.01804410781911339,0.07960199004975124,0.006336476819880696,0.06467661691542288,0.004183064775624365,0.03482587064676617,0.0012128412663052895
Iran 2026,GOLD,97,0,0.24875621890547264,0.061879656444147425,0.10945273631840796,0.01197990148758694,0.9054726368159204,0.8198806960223757,0.30845771144278605,0.09514615974852107,0.5621890547263682,0.31605653325412736,0.1044776119402985,0.010915571396747604,0.03482587064676617,0.0012128412663052895,0.03980099502487562,0.001584119204970174,0.09950248756218906,0.009900745031063588
Iran 2026,GOLD,98,0,0.35323383084577115,0.12477413925397886,0.29850746268656714,0.08910670527957228,0.8955223880597015,0.8019603475161506,0.1044776119402985,0.010915571396747604,0.9552238805970149,0.9124526620628202,0.36318407960199006,0.13190267567634464,0.9253731343283582,0.8563154377366897,0.0845771144278607,0.007153288284943443,0.004975124378109453,2.475186257765897e-05
Iran 2026,GOLD,99,0,0.472636815920398,0.2233855597633722,0.6616915422885572,0.43783569713620946,0.8756218905472637,0.7667136952055642,0.11940298507462686,0.014257072844731565,0.9154228855721394,0.8379990594292221,0.15920398009950248,0.025345907279522784,0.8805970149253731,0.7754511026954778,0.1044776119402985,0.010915571396747604,0.009950248756218905,9.900745031063588e-05
Iran 2026,GOLD,100,0,0.4626865671641791,0.21407885943417243,0.8109452736318408,0.6576322368258211,0.7810945273631841,0.6101086606767159,0.3383084577114428,0.11445261255909508,0.945273631840796,0.8935422390534888,0.42786069651741293,0.18306477562436574,0.9751243781094527,0.950867552783347,0.746268656716418,0.5569169079973268,0.01990049751243781,0.0003960298012425435
Iran 2026,GOLD,101,0,0.3880597014925373,0.15059033192247717,0.736318407960199,0.542164797901042,0.7910447761194029,0.6257518378257964,0.6766169154228856,0.45781045023638034,0.9601990049751243,0.9219821291552188,0.7761194029850746,0.6023613276899087,0.9800995024875622,0.9605950347763669,0.5124378109452736,0.262592510086384,0.024875621890547265,0.0006187965644414743
Iran 2026,GOLD,102,0,0.32338308457711445,0.10457661939060917,0.8208955223880597,0.6738694586767655,0.8507462686567164,0.7237692136333259,0.7313432835820896,0.5348629984406327,0.9701492537313433,0.9411895745154824,0.736318407960199,0.542164797901042,0.9701492537313433,0.9411895745154824,0.7611940298507462,0.5794163510804188,0.04477611940298507,0.0020049008687903764
Iran 2026,GOLD,103,0,0.15920398009950248,0.025345907279522784,0.7313432835820896,0.5348629984406327,0.9104477611940298,0.8289151258632211,0.7611940298507462,0.5794163510804188,0.9502487562189055,0.9029726986955768,0.8606965174129353,0.7407984950867552,0.8109452736318408,0.6576322368258211,0.5920398009950248,0.3505111259622286,0.07462686567164178,0.005569169079973267
Iran 2026,GOLD,104,0,0.17412935323383086,0.030321031657632242,0.6865671641791045,0.47137447092893736,0.9502487562189055,0.9029726986955768,0.5074626865671642,0.2575183782579639,0.900497512437811,0.8108957699066855,0.8507462686567164,0.7237692136333259,0.6915422885572139,0.47823073686294887,0.681592039800995,0.4645677087200812,0.0945273631840796,0.008935422390534888
Iran 2026,GOLD,105,0,0.4427860696517413,0.19605950347763668,0.6965174129353234,0.4851365065221159,0.9353233830845771,0.8748298309447785,0.6965174129353234,0.4851365065221159,0.8855721393034826,0.7842380139105467,0.7064676616915423,0.49909655701591543,0.5572139303482587,0.3104873641741541,0.5522388059701493,0.3049676988193362,0.13930348258706468,0.019405460260884633
Iran 2026,GOLD,106,0,0.29850746268656714,0.08910670527957228,0.6119402985074627,0.3744709289374025,0.8855721393034826,0.7842380139105467,0.39303482587064675,0.15447637434716963,0.8905472636815921,0.7930744288507711,0.6616915422885572,0.43783569713620946,0.5223880597014925,0.2728892849186901,0.4975124378109453,0.2475186257765897,0.19402985074626866,0.03764758298061929
Iran 2026,GOLD,107,0,0.2835820895522388,0.08041880151481398,0.6318407960199005,0.3992227915150615,0.7512437810945274,0.5643672186332022,0.6218905472636815,0.38674785277592133,0.8656716417910447,0.7493873914012028,0.6865671641791045,0.47137447092893736,0.5174129353233831,0.2677161456399594,0.6716417910447762,0.45110269547783477,0.23383084577114427,0.05467686443404866
Iran 2026,GOLD,108,0,0.208955223880597,0.04366228558699042,0.6417910447761194,0.41189574515482286,0.8557213930348259,0.732259102497463,0.48258706467661694,0.23289027499319326,0.7611940298507462,0.5794163510804188,0.5970149253731343,0.3564268211182891,0.5970149253731343,0.3564268211182891,0.417910447761194,0.17464914234796167,0.31343283582089554,0.09824014257072845
Iran 2026,GOLD,109,0,0.1890547263681592,0.03574168956213955,0.7114427860696517,0.5061508378505483,0.14427860696517414,0.020816316427811194,0.6467661691542289,0.41830647756243666,0.6467661691542289,0.41830647756243666,0.5572139303482587,0.3104873641741541,0.6318407960199005,0.3992227915150615,0.5572139303482587,0.3104873641741541,0.3582089552238806,0.1283136556025841
Iran 2026,GOLD,110,0,0.4527363184079602,0.20497017400559392,0.5771144278606966,0.3330610628449791,0.746268656716418,0.5569169079973268,0.5771144278606966,0.3330610628449791,0.47761194029850745,0.22811316551570504,0.572139303482587,0.3273433825895398,0.6417910447761194,0.41189574515482286,0.5323383084577115,0.2833840746516176,0.43781094527363185,0.19167842380139105
Iran 2026,GOLD,111,0,0.22388059701492538,0.050122521719759415,0.6019900497512438,0.362392019999505,0.03980099502487562,0.001584119204970174,0.6417910447761194,0.41189574515482286,0.6218905472636815,0.38674785277592133,0.48258706467661694,0.23289027499319326,0.6666666666666666,0.4444444444444444,0.6268656716417911,0.3929605702829138,0.5621890547263682,0.31605653325412736
Iran 2026,GOLD,112,0,0.2736318407960199,0.07487438429741837,0.6666666666666666,0.4444444444444444,0.009950248756218905,9.900745031063588e-05,0.5970149253731343,0.3564268211182891,0.46766169154228854,0.21870745773619463,0.4527363184079602,0.20497017400559392,0.681592039800995,0.4645677087200812,0.6417910447761194,0.41189574515482286,0.7412935323383084,0.5495161010866068
Iran 2026,GOLD,113,0,0.19402985074626866,0.03764758298061929,0.7960199004975125,0.6336476819880696,0.736318407960199,0.542164797901042,0.6368159203980099,0.40553451647236455,0.8507462686567164,0.7237692136333259,0.6965174129353234,0.4851365065221159,0.9104477611940298,0.8289151258632211,0.5373134328358209,0.2887057251058142,0.42786069651741293,0.18306477562436574
Iran 2026,GOLD,114,0,0.30845771144278605,0.09514615974852107,0.8507462686567164,0.7237692136333259,0.0945273631840796,0.008935422390534888,0.5572139303482587,0.3104873641741541,0.7562189054726368,0.5718670329942328,0.6417910447761194,0.41189574515482286,0.900497512437811,0.8108957699066855,0.5174129353233831,0.2677161456399594,0.5124378109452736,0.262592510086384
Iran 2026,GOLD,115,0,0.36318407960199006,0.13190267567634464,0.8159203980099502,0.6657260958887156,0.04975124378109453,0.002475186257765897,0.835820895522388,0.6985965693918467,0.5174129353233831,0.2677161456399594,0.6218905472636815,0.38674785277592133,0.8557213930348259,0.732259102497463,0.6965174129353234,0.4851365065221159,0.6965174129353234,0.4851365065221159
Iran 2026,GOLD,116,0,0.4129353233830846,0.17051558129749264,0.7263681592039801,0.5276107027053786,0.5024875621890548,0.25249375015469916,0.8059701492537313,0.649587881488082,0.6169154228855721,0.3805846389940843,0.582089552238806,0.33882824682557366,0.835820895522388,0.6985965693918467,0.835820895522388,0.6985965693918467,0.8557213930348259,0.732259102497463
Iran 2026,GOLD,117,0,0.44776119402985076,0.20049008687903766,0.681592039800995,0.4645677087200812,0.21393034825870647,0.045766193906091435,0.6666666666666666,0.4444444444444444,0.6517412935323383,0.4247667136952056,0.6766169154228856,0.45781045023638034,0.8407960199004975,0.7069379470805177,0.7711442786069652,0.5946634984282568,0.8308457711442786,0.690304695428331
Iran 2026,GOLD,118,0,0.5124378109452736,0.262592510086384,0.8656716417910447,0.7493873914012028,0.14925373134328357,0.02227667631989307,0.9651741293532339,0.931561099972773,0.7860696517412935,0.6179054973886785,0.845771144278607,0.7153288284943443,0.9601990049751243,0.9219821291552188,0.8407960199004975,0.7069379470805177,0.6218905472636815,0.38674785277592133
Iran 2026,GOLD,119,0,0.46766169154228854,0.21870745773619463,0.8059701492537313,0.649587881488082,0.43781094527363185,0.19167842380139105,0.9950248756218906,0.9900745031063588,0.681592039800995,0.4645677087200812,0.8756218905472637,0.7667136952055642,0.8855721393034826,0.7842380139105467,0.9104477611940298,0.8289151258632211,0.7313432835820896,0.5348629984406327
Iran 2026,GOLD,120,0,0.2537313432835821,0.06437959456449098,0.7014925373134329,0.492091779906438,0.29850746268656714,0.08910670527957228,0.9800995024875622,0.9605950347763669,0.6417910447761194,0.41189574515482286,0.9353233830845771,0.8748298309447785,0.7860696517412935,0.6179054973886785,0.9502487562189055,0.9029726986955768,0.8059701492537313,0.649587881488082
Iran 2026,GOLD,121,0,0.1691542288557214,0.02861315313977377,0.7512437810945274,0.5643672186332022,0.09950248756218906,0.009900745031063588,0.9402985074626866,0.8841612831365561,0.4626865671641791,0.21407885943417243,0.900497512437811,0.8108957699066855,0.7960199004975125,0.6336476819880696,0.9651741293532339,0.931561099972773,0.8756218905472637,0.7667136952055642
Iran 2026,GOLD,122,0,0.12935323383084577,0.01673225910249746,0.7810945273631841,0.6101086606767159,0.5572139303482587,0.3104873641741541,0.9353233830845771,0.8748298309447785,0.4527363184079602,0.20497017400559392,0.7860696517412935,0.6179054973886785,0.8208955223880597,0.6738694586767655,0.8855721393034826,0.7842380139105467,0.9203980099502488,0.8471324967203783
Iran 2026,GOLD,123,0,0.19900497512437812,0.03960298012425435,0.7412935323383084,0.5495161010866068,0.5323383084577115,0.2833840746516176,0.9850746268656716,0.9703720204945421,0.43283582089552236,0.1873468478503007,0.7512437810945274,0.5643672186332022,0.8059701492537313,0.649587881488082,0.8905472636815921,0.7930744288507711,0.9303482587064676,0.8655478824781565
Iran 2026,GOLD,124,0,0.27860696517412936,0.07762184104353853,0.7711442786069652,0.5946634984282568,0.7313432835820896,0.5348629984406327,0.9054726368159204,0.8198806960223757,0.373134328358209,0.1392292269993317,0.7114427860696517,0.5061508378505483,0.8656716417910447,0.7493873914012028,0.9900497512437811,0.9801985099378729,0.9552238805970149,0.9124526620628202
Iran 2026,GOLD,125,0,0.4079601990049751,0.1664315239721789,0.8308457711442786,0.690304695428331,0.8258706467661692,0.6820623251899706,0.8557213930348259,0.732259102497463,0.3582089552238806,0.1283136556025841,0.7263681592039801,0.5276107027053786,0.9303482587064676,0.8655478824781565,0.8955223880597015,0.8019603475161506,0.9751243781094527,0.950867552783347
Iran 2026,GOLD,126,0,0.18407960199004975,0.033885299868815125,0.8258706467661692,0.6820623251899706,0.6218905472636815,0.38674785277592133,0.945273631840796,0.8935422390534888,0.39800995024875624,0.1584119204970174,0.7412935323383084,0.5495161010866068,0.8507462686567164,0.7237692136333259,0.9950248756218906,0.9900745031063588,0.9651741293532339,0.931561099972773
Iran 2026,GOLD,127,0,0.12437810945273632,0.015469914111036856,0.7611940298507462,0.5794163510804188,0.4527363184079602,0.20497017400559392,0.8855721393034826,0.7842380139105467,0.30845771144278605,0.09514615974852107,0.6666666666666666,0.4444444444444444,0.8308457711442786,0.690304695428331,0.8059701492537313,0.649587881488082,0.945273631840796,0.8935422390534888
Iran 2026,GOLD,128,0,0.16417910447761194,0.026954778347070617,0.7910447761194029,0.6257518378257964,0.6865671641791045,0.47137447092893736,0.9900497512437811,0.9801985099378729,0.3781094527363184,0.1429667582485582,0.5870646766169154,0.3446449345313235,0.8009950248756219,0.6415930298754982,0.9850746268656716,0.9703720204945421,0.9402985074626866,0.8841612831365561
Iran 2026,GOLD,129,0,0.21890547263681592,0.04791960595034776,0.746268656716418,0.5569169079973268,0.43283582089552236,0.1873468478503007,0.7960199004975125,0.6336476819880696,0.5472636815920398,0.2994975371896735,0.5074626865671642,0.2575183782579639,0.7810945273631841,0.6101086606767159,0.945273631840796,0.8935422390534888,0.9353233830845771,0.8748298309447785
Iran 2026,GOLD,130,0,0.15422885572139303,0.023786539937130268,0.7164179104477612,0.5132546224103364,0.46766169154228854,0.21870745773619463,0.6616915422885572,0.43783569713620946,0.22885572139303484,0.052374941214326384,0.373134328358209,0.1392292269993317,0.7761194029850746,0.6023613276899087,0.9552238805970149,0.9124526620628202,0.9800995024875622,0.9605950347763669
Iran 2026,GOLD,131,0,0.11442786069651742,0.013093735303581596,0.6766169154228856,0.45781045023638034,0.39800995024875624,0.1584119204970174,0.7512437810945274,0.5643672186332022,0.18407960199004975,0.033885299868815125,0.31840796019900497,0.10138362911809114,0.7064676616915423,0.49909655701591543,0.7562189054726368,0.5718670329942328,0.9850746268656716,0.9703720204945421
Iran 2026,GOLD,132,0,0.23880597014925373,0.05702829137892626,0.5870646766169154,0.3446449345313235,0.5472636815920398,0.2994975371896735,0.6069651741293532,0.3684067226058761,0.15422885572139303,0.023786539937130268,0.3333333333333333,0.1111111111111111,0.7611940298507462,0.5794163510804188,0.7910447761194029,0.6257518378257964,0.9950248756218906,0.9900745031063588
Iran 2026,GOLD,133,0,0.21393034825870647,0.045766193906091435,0.7562189054726368,0.5718670329942328,0.40298507462686567,0.1623969703720205,0.8656716417910447,0.7493873914012028,0.3034825870646766,0.09210168065146902,0.472636815920398,0.2233855597633722,0.7661691542288557,0.5870151728917601,0.7661691542288557,0.5870151728917601,0.9900497512437811,0.9801985099378729
Iran 2026,GOLD,134,0,0.22885572139303484,0.052374941214326384,0.8407960199004975,0.7069379470805177,0.8656716417910447,0.7493873914012028,0.7014925373134329,0.492091779906438,0.39303482587064675,0.15447637434716963,0.5223880597014925,0.2728892849186901,0.7213930348258707,0.5204079106952799,0.7213930348258707,0.5204079106952799,0.9701492537313433,0.9411895745154824
Iran 2026,GOLD,135,0,0.25870646766169153,0.06692903640998984,0.9303482587064676,0.8655478824781565,0.23383084577114427,0.05467686443404866,0.2935323383084577,0.08616123363283087,0.2885572139303483,0.08326526571124478,0.5323383084577115,0.2833840746516176,0.2537313432835821,0.06437959456449098,0.6915422885572139,0.47823073686294887,0.7860696517412935,0.6179054973886785
Iran 2026,GOLD,136,0,0.5373134328358209,0.2887057251058142,0.9154228855721394,0.8379990594292221,0.03482587064676617,0.0012128412663052895,0.5323383084577115,0.2833840746516176,0.38308457711442784,0.14675379322294002,0.6268656716417911,0.3929605702829138,0.14427860696517414,0.020816316427811194,0.7014925373134329,0.492091779906438,0.6666666666666666,0.4444444444444444
Iran 2026,GOLD,137,0,0.6517412935323383,0.4247667136952056,0.7761194029850746,0.6023613276899087,0.417910447761194,0.17464914234796167,0.3482587064676617,0.12128412663052897,0.27860696517412936,0.07762184104353853,0.8208955223880597,0.6738694586767655,0.12935323383084577,0.01673225910249746,0.6865671641791045,0.47137447092893736,0.6169154228855721,0.3805846389940843
Iran 2026,GOLD,138,0,0.43283582089552236,0.1873468478503007,0.6915422885572139,0.47823073686294887,0.32338308457711445,0.10457661939060917,0.46766169154228854,0.21870745773619463,0.3681592039800995,0.1355411994752605,0.9054726368159204,0.8198806960223757,0.11442786069651742,0.013093735303581596,0.572139303482587,0.3273433825895398,0.5174129353233831,0.2677161456399594
Iran 2026,GOLD,139,0,0.3582089552238806,0.1283136556025841,0.44776119402985076,0.20049008687903766,0.004975124378109453,2.475186257765897e-05,0.572139303482587,0.3273433825895398,0.31840796019900497,0.10138362911809114,0.9651741293532339,0.931561099972773,0.19402985074626866,0.03764758298061929,0.582089552238806,0.33882824682557366,0.4975124378109453,0.2475186257765897
Iran 2026,GOLD,140,0,0.31840796019900497,0.10138362911809114,0.2935323383084577,0.08616123363283087,0.572139303482587,0.3273433825895398,0.4427860696517413,0.19605950347763668,0.2835820895522388,0.08041880151481398,0.9303482587064676,0.8655478824781565,0.2736318407960199,0.07487438429741837,0.6666666666666666,0.4444444444444444,0.5323383084577115,0.2833840746516176
Iran 2026,GOLD,141,0,0.527363184079602,0.2781119279225762,0.19900497512437812,0.03960298012425435,0.527363184079602,0.2781119279225762,0.5920398009950248,0.3505111259622286,0.4427860696517413,0.19605950347763668,0.7313432835820896,0.5348629984406327,0.27860696517412936,0.07762184104353853,0.5621890547263682,0.31605653325412736,0.5472636815920398,0.2994975371896735
Iran 2026,GOLD,142,0,0.39800995024875624,0.1584119204970174,0.16417910447761194,0.026954778347070617,0.22388059701492538,0.050122521719759415,0.32338308457711445,0.10457661939060917,0.3283582089552239,0.10781911338828247,0.7213930348258707,0.5204079106952799,0.3034825870646766,0.09210168065146902,0.5472636815920398,0.2994975371896735,0.5870646766169154,0.3446449345313235
Iran 2026,GOLD,143,0,0.47761194029850745,0.22811316551570504,0.13930348258706468,0.019405460260884633,0.7164179104477612,0.5132546224103364,0.7114427860696517,0.5061508378505483,0.24875621890547264,0.061879656444147425,0.4577114427860697,0.20949976485730554,0.26865671641791045,0.07217643127645355,0.2736318407960199,0.07487438429741837,0.5771144278606966,0.3330610628449791
Iran 2026,GOLD,144,0,0.5174129353233831,0.2677161456399594,0.0845771144278607,0.007153288284943443,0.21890547263681592,0.04791960595034776,0.4577114427860697,0.20949976485730554,0.20398009950248755,0.04160788099304472,0.3383084577114428,0.11445261255909508,0.25870646766169153,0.06692903640998984,0.43781094527363185,0.19167842380139105,0.5970149253731343,0.3564268211182891
Iran 2026,GOLD,145,0,0.5671641791044776,0.3216752060592559,0.01990049751243781,0.0003960298012425435,0.30845771144278605,0.09514615974852107,0.4129353233830846,0.17051558129749264,0.15920398009950248,0.025345907279522784,0.2736318407960199,0.07487438429741837,0.22885572139303484,0.052374941214326384,0.4228855721393035,0.17883220712358608,0.6069651741293532,0.3684067226058761
Iran 2026,GOLD,146,0,0.5970149253731343,0.3564268211182891,0.004975124378109453,2.475186257765897e-05,0.2835820895522388,0.08041880151481398,0.472636815920398,0.2233855597633722,0.25870646766169153,0.06692903640998984,0.18407960199004975,0.033885299868815125,0.208955223880597,0.04366228558699042,0.34328358208955223,0.11784361773223434,0.6368159203980099,0.40553451647236455
Iran 2026,GOLD,147,0,0.5323383084577115,0.2833840746516176,0.009950248756218905,9.900745031063588e-05,0.208955223880597,0.04366228558699042,0.208955223880597,0.04366228558699042,0.1791044776119403,0.03207841390064602,0.22885572139303484,0.052374941214326384,0.1791044776119403,0.03207841390064602,0.3383084577114428,0.11445261255909508,0.6616915422885572,0.43783569713620946
Iran 2026,GOLD,148,0,0.6965174129353234,0.4851365065221159,0.014925373134328358,0.0002227667631989307,0.1044776119402985,0.010915571396747604,0.03482587064676617,0.0012128412663052895,0.1691542288557214,0.02861315313977377,0.24875621890547264,0.061879656444147425,0.16417910447761194,0.026954778347070617,0.21393034825870647,0.045766193906091435,0.6567164179104478,0.4312764535531299
Iran 2026,GOLD,149,0,0.7263681592039801,0.5276107027053786,0.029850746268656716,0.0008910670527957228,0.24875621890547264,0.061879656444147425,0.23880597014925373,0.05702829137892626,0.23880597014925373,0.05702829137892626,0.26865671641791045,0.07217643127645355,0.12437810945273632,0.015469914111036856,0.2537313432835821,0.06437959456449098,0.6467661691542289,0.41830647756243666
Iran 2026,GOLD,150,0,0.7064676616915423,0.49909655701591543,0.04975124378109453,0.002475186257765897,0.3383084577114428,0.11445261255909508,0.27860696517412936,0.07762184104353853,0.472636815920398,0.2233855597633722,0.30845771144278605,0.09514615974852107,0.1691542288557214,0.02861315313977377,0.29850746268656714,0.08910670527957228,0.6119402985074627,0.3744709289374025
Iran 2026,GOLD,151,0,0.6368159203980099,0.40553451647236455,0.07462686567164178,0.005569169079973267,0.06965174129353234,0.004851365065221158,0.3681592039800995,0.1355411994752605,0.3482587064676617,0.12128412663052897,0.2935323383084577,0.08616123363283087,0.17412935323383086,0.030321031657632242,0.1691542288557214,0.02861315313977377,0.582089552238806,0.33882824682557366
Iran 2026,GOLD,152,0,0.6318407960199005,0.3992227915150615,0.2736318407960199,0.07487438429741837,0.44776119402985076,0.20049008687903766,0.48756218905472637,0.23771688819583675,0.4228855721393035,0.17883220712358608,0.4228855721393035,0.17883220712358608,0.2835820895522388,0.08041880151481398,0.3880597014925373,0.15059033192247717,0.5920398009950248,0.3505111259622286
Iran 2026,GOLD,153,0,0.6417910447761194,0.41189574515482286,0.6169154228855721,0.3805846389940843,0.34328358208955223,0.11784361773223434,0.5472636815920398,0.2994975371896735,0.3383084577114428,0.11445261255909508,0.4079601990049751,0.1664315239721789,0.263681592039801,0.06952798198064405,0.3333333333333333,0.1111111111111111,0.5671641791044776,0.3216752060592559
Iran 2026,GOLD,154,0,0.6616915422885572,0.43783569713620946,0.6517412935323383,0.4247667136952056,0.3482587064676617,0.12128412663052897,0.20398009950248755,0.04160788099304472,0.5671641791044776,0.3216752060592559,0.417910447761194,0.17464914234796167,0.21393034825870647,0.045766193906091435,0.3582089552238806,0.1283136556025841,0.5024875621890548,0.25249375015469916
Iran 2026,GOLD,155,0,0.6467661691542289,0.41830647756243666,0.7213930348258707,0.5204079106952799,0.35323383084577115,0.12477413925397886,0.09950248756218906,0.009900745031063588,0.6069651741293532,0.3684067226058761,0.44776119402985076,0.20049008687903766,0.14925373134328357,0.02227667631989307,0.373134328358209,0.1392292269993317,0.4427860696517413,0.19605950347763668
Iran 2026,GOLD,156,0,0.6666666666666666,0.4444444444444444,0.8905472636815921,0.7930744288507711,0.04477611940298507,0.0020049008687903764,0.06965174129353234,0.004851365065221158,0.7910447761194029,0.6257518378257964,0.39800995024875624,0.1584119204970174,0.07462686567164178,0.005569169079973267,0.31840796019900497,0.10138362911809114,0.39800995024875624,0.1584119204970174
Iran 2026,GOLD,157,0,0.6019900497512438,0.362392019999505,0.8955223880597015,0.8019603475161506,0.13432835820895522,0.01804410781911339,0.17412935323383086,0.030321031657632242,0.7711442786069652,0.5946634984282568,0.4427860696517413,0.19605950347763668,0.029850746268656716,0.0008910670527957228,0.25870646766169153,0.06692903640998984,0.3333333333333333,0.1111111111111111
Iran 2026,GOLD,158,0,0.5870646766169154,0.3446449345313235,0.9253731343283582,0.8563154377366897,0.3333333333333333,0.1111111111111111,0.3781094527363184,0.1429667582485582,0.8407960199004975,0.7069379470805177,0.7164179104477612,0.5132546224103364,0.1044776119402985,0.010915571396747604,0.4527363184079602,0.20497017400559392,0.40298507462686567,0.1623969703720205
Iran 2026,GOLD,159,0,0.5920398009950248,0.3505111259622286,0.9203980099502488,0.8471324967203783,0.024875621890547265,0.0006187965644414743,0.4527363184079602,0.20497017400559392,0.7064676616915423,0.49909655701591543,0.7611940298507462,0.5794163510804188,0.29850746268656714,0.08910670527957228,0.32338308457711445,0.10457661939060917,0.48756218905472637,0.23771688819583675
Iran 2026,GOLD,160,0,0.5621890547263682,0.31605653325412736,0.8805970149253731,0.7754511026954778,0.5522388059701493,0.3049676988193362,0.35323383084577115,0.12477413925397886,0.5074626865671642,0.2575183782579639,0.8855721393034826,0.7842380139105467,0.5074626865671642,0.2575183782579639,0.5074626865671642,0.2575183782579639,0.7164179104477612,0.5132546224103364
Iran 2026,GOLD,161,0,0.48756218905472637,0.23771688819583675,0.8557213930348259,0.732259102497463,0.16417910447761194,0.026954778347070617,0.8109452736318408,0.6576322368258211,0.6766169154228856,0.45781045023638034,0.7014925373134329,0.492091779906438,0.746268656716418,0.5569169079973268,0.7313432835820896,0.5348629984406327,0.845771144278607,0.7153288284943443
Iran 2026,GOLD,162,0,0.5024875621890548,0.25249375015469916,0.835820895522388,0.6985965693918467,0.18407960199004975,0.033885299868815125,0.7810945273631841,0.6101086606767159,0.7512437810945274,0.5643672186332022,0.6567164179104478,0.4312764535531299,0.7263681592039801,0.5276107027053786,0.6616915422885572,0.43783569713620946,0.8407960199004975,0.7069379470805177
Iran 2026,GOLD,163,0,0.6218905472636815,0.38674785277592133,0.6467661691542289,0.41830647756243666,0.27860696517412936,0.07762184104353853,0.6716417910447762,0.45110269547783477,0.572139303482587,0.3273433825895398,0.6517412935323383,0.4247667136952056,0.7512437810945274,0.5643672186332022,0.900497512437811,0.8108957699066855,0.9154228855721394,0.8379990594292221
Iran 2026,GOLD,164,0,0.6119402985074627,0.3744709289374025,0.5422885572139303,0.2940768792851662,0.835820895522388,0.6985965693918467,0.6865671641791045,0.47137447092893736,0.5870646766169154,0.3446449345313235,0.8308457711442786,0.690304695428331,0.6069651741293532,0.3684067226058761,0.8308457711442786,0.690304695428331,0.8905472636815921,0.7930744288507711
Iran 2026,GOLD,165,0,0.5223880597014925,0.2728892849186901,0.8756218905472637,0.7667136952055642,0.6019900497512438,0.362392019999505,0.7263681592039801,0.5276107027053786,0.5771144278606966,0.3330610628449791,0.8805970149253731,0.7754511026954778,0.5870646766169154,0.3446449345313235,0.8109452736318408,0.6576322368258211,0.8855721393034826,0.7842380139105467
Iran 2026,GOLD,166,0,0.4925373134328358,0.24259300512363552,0.9054726368159204,0.8198806960223757,0.4626865671641791,0.21407885943417243,0.7412935323383084,0.5495161010866068,0.4129353233830846,0.17051558129749264,0.7810945273631841,0.6101086606767159,0.6368159203980099,0.40553451647236455,0.8756218905472637,0.7667136952055642,0.900497512437811,0.8108957699066855
Iran 2026,GOLD,167,0,0.6268656716417911,0.3929605702829138,0.9104477611940298,0.8289151258632211,0.3582089552238806,0.1283136556025841,0.8208955223880597,0.6738694586767655,0.417910447761194,0.17464914234796167,0.6467661691542289,0.41830647756243666,0.6467661691542289,0.41830647756243666,0.8507462686567164,0.7237692136333259,0.9253731343283582,0.8563154377366897
Iran 2026,GOLD,168,0,0.5422885572139303,0.2940768792851662,0.8855721393034826,0.7842380139105467,0.4975124378109453,0.2475186257765897,0.8905472636815921,0.7930744288507711,0.3880597014925373,0.15059033192247717,0.5771144278606966,0.3330610628449791,0.6766169154228856,0.45781045023638034,0.6766169154228856,0.45781045023638034,0.9502487562189055,0.9029726986955768
Iran 2026,GOLD,169,0,0.572139303482587,0.3273433825895398,0.8606965174129353,0.7407984950867552,0.6069651741293532,0.3684067226058761,0.736318407960199,0.542164797901042,0.263681592039801,0.06952798198064405,0.5522388059701493,0.3049676988193362,0.6865671641791045,0.47137447092893736,0.8258706467661692,0.6820623251899706,0.9601990049751243,0.9219821291552188
Iran 2026,GOLD,170,0,0.5771144278606966,0.3330610628449791,0.6268656716417911,0.3929605702829138,0.48258706467661694,0.23289027499319326,0.8955223880597015,0.8019603475161506,0.5373134328358209,0.2887057251058142,0.8059701492537313,0.649587881488082,0.736318407960199,0.542164797901042,0.9054726368159204,0.8198806960223757,0.9054726368159204,0.8198806960223757
Iran 2026,GOLD,171,0,0.6169154228855721,0.3805846389940843,0.582089552238806,0.33882824682557366,0.19402985074626866,0.03764758298061929,0.900497512437811,0.8108957699066855,0.4577114427860697,0.20949976485730554,0.7661691542288557,0.5870151728917601,0.7014925373134329,0.492091779906438,0.9800995024875622,0.9605950347763669,0.8805970149253731,0.7754511026954778
Iran 2026,GOLD,172,0,0.6567164179104478,0.4312764535531299,0.5572139303482587,0.3104873641741541,0.6915422885572139,0.47823073686294887,0.9104477611940298,0.8289151258632211,0.44776119402985076,0.20049008687903766,0.6716417910447762,0.45110269547783477,0.6169154228855721,0.3805846389940843,0.9353233830845771,0.8748298309447785,0.9104477611940298,0.8289151258632211
Iran 2026,GOLD,173,0,0.5522388059701493,0.3049676988193362,0.5124378109452736,0.262592510086384,0.582089552238806,0.33882824682557366,0.7761194029850746,0.6023613276899087,0.5124378109452736,0.262592510086384,0.835820895522388,0.6985965693918467,0.5771144278606966,0.3330610628449791,0.9154228855721394,0.8379990594292221,0.8955223880597015,0.8019603475161506
Iran 2026,GOLD,174,0,0.4577114427860697,0.20949976485730554,0.4527363184079602,0.20497017400559392,0.263681592039801,0.06952798198064405,0.681592039800995,0.4645677087200812,0.6616915422885572,0.43783569713620946,0.8955223880597015,0.8019603475161506,0.48756218905472637,0.23771688819583675,0.8208955223880597,0.6738694586767655,0.835820895522388,0.6985965693918467
Iran 2026,GOLD,175,0,0.48258706467661694,0.23289027499319326,0.5074626865671642,0.2575183782579639,0.7412935323383084,0.5495161010866068,0.4975124378109453,0.2475186257765897,0.7313432835820896,0.5348629984406327,0.8706467661691543,0.758025791440806,0.5422885572139303,0.2940768792851662,0.6517412935323383,0.4247667136952056,0.8606965174129353,0.7407984950867552
Iran 2026,GOLD,176,0,0.5472636815920398,0.2994975371896735,0.5024875621890548,0.25249375015469916,0.7711442786069652,0.5946634984282568,0.7562189054726368,0.5718670329942328,0.5920398009950248,0.3505111259622286,0.8009950248756219,0.6415930298754982,0.572139303482587,0.3273433825895398,0.7114427860696517,0.5061508378505483,0.7910447761194029,0.6257518378257964
Iran 2026,GOLD,177,0,0.582089552238806,0.33882824682557366,0.5223880597014925,0.2728892849186901,0.5771144278606966,0.3330610628449791,0.845771144278607,0.7153288284943443,0.5572139303482587,0.3104873641741541,0.7711442786069652,0.5946634984282568,0.6268656716417911,0.3929605702829138,0.7761194029850746,0.6023613276899087,0.7114427860696517,0.5061508378505483
Iran 2026,GOLD,178,0,0.6069651741293532,0.3684067226058761,0.5522388059701493,0.3049676988193362,0.945273631840796,0.8935422390534888,0.8706467661691543,0.758025791440806,0.7810945273631841,0.6101086606767159,0.746268656716418,0.5569169079973268,0.7114427860696517,0.5061508378505483,0.6318407960199005,0.3992227915150615,0.5572139303482587,0.3104873641741541
Iran 2026,GOLD,179,0,0.6716417910447762,0.45110269547783477,0.7064676616915423,0.49909655701591543,0.7213930348258707,0.5204079106952799,0.8258706467661692,0.6820623251899706,0.8557213930348259,0.732259102497463,0.8407960199004975,0.7069379470805177,0.7562189054726368,0.5718670329942328,0.6119402985074627,0.3744709289374025,0.472636815920398,0.2233855597633722
Iran 2026,GOLD,180,0,0.7164179104477612,0.5132546224103364,0.24875621890547264,0.061879656444147425,0.5074626865671642,0.2575183782579639,0.7910447761194029,0.6257518378257964,0.6019900497512438,0.362392019999505,0.6019900497512438,0.362392019999505,0.5671641791044776,0.3216752060592559,0.6019900497512438,0.362392019999505,0.736318407960199,0.542164797901042
Iran 2026,GOLD,181,0,0.7313432835820896,0.5348629984406327,0.24378109452736318,0.05942922204895919,0.7611940298507462,0.5794163510804188,0.6567164179104478,0.4312764535531299,0.746268656716418,0.5569169079973268,0.6119402985074627,0.3744709289374025,0.6517412935323383,0.4247667136952056,0.6069651741293532,0.3684067226058761,0.6019900497512438,0.362392019999505
Iran 2026,GOLD,182,0,0.7512437810945274,0.5643672186332022,0.23880597014925373,0.05702829137892626,0.472636815920398,0.2233855597633722,0.40298507462686567,0.1623969703720205,0.6915422885572139,0.47823073686294887,0.6169154228855721,0.3805846389940843,0.6019900497512438,0.362392019999505,0.2885572139303483,0.08326526571124478,0.4925373134328358,0.24259300512363552
Iran 2026,GOLD,183,1,0.736318407960199,0.06952798198064405,0.43781094527363185,0.31605653325412736,0.36318407960199006,0.40553451647236455,0.3880597014925373,0.3744709289374025,0.8308457711442786,0.02861315313977377,0.7562189054726368,0.05942922204895919,0.5920398009950248,0.16643152397217892,0.6567164179104478,0.11784361773223434,0.39303482587064675,0.3684067226058761
Iran 2026,GOLD,184,1,0.7114427860696517,0.08326526571124478,0.4975124378109453,0.25249375015469916,0.7761194029850746,0.0501225217197594,0.7213930348258707,0.0776218410435385,0.9253731343283582,0.005569169079973267,0.9154228855721394,0.007153288284943433,0.5522388059701493,0.2004900868790376,0.5422885572139303,0.20949976485730554,0.3034825870646766,0.4851365065221157
Iran 2026,GOLD,185,1,0.681592039800995,0.10138362911809114,0.31343283582089554,0.47137447092893736,0.2736318407960199,0.5276107027053786,0.7661691542288557,0.054676864434048685,0.8159203980099502,0.033885299868815145,0.8557213930348259,0.020816316427811194,0.7412935323383084,0.06692903640998987,0.6169154228855721,0.14675379322294005,0.47761194029850745,0.2728892849186901
Iran 2026,GOLD,186,1,0.6766169154228856,0.10457661939060912,0.3383084577114428,0.43783569713620946,0.31840796019900497,0.4645677087200812,0.8507462686567164,0.02227667631989307,0.8059701492537313,0.03764758298061929,0.9900497512437811,9.900745031063497e-05,0.9900497512437811,9.900745031063497e-05,0.9701492537313433,0.0008910670527957214,0.5074626865671642,0.24259300512363552
Iran 2026,GOLD,187,1,0.7014925373134329,0.08910670527957228,0.17412935323383086,0.6820623251899706,0.39303482587064675,0.3684067226058761,0.8407960199004975,0.0253459072795228,0.14925373134328357,0.7237692136333259,0.8109452736318408,0.035741689562139564,0.417910447761194,0.33882824682557366,0.7263681592039801,0.07487438429741837,0.8109452736318408,0.035741689562139564
Iran 2026,GOLD,188,1,0.7661691542288557,0.054676864434048685,0.5472636815920398,0.20497017400559397,0.24378109452736318,0.5718670329942328,0.6915422885572139,0.0951461597485211,0.1044776119402985,0.8019603475161506,0.8905472636815921,0.011979901487586929,0.48258706467661694,0.2677161456399594,0.9203980099502488,0.006336476819880692,0.7512437810945274,0.06187965644414741
Iran 2026,GOLD,189,1,0.7761194029850746,0.0501225217197594,0.572139303482587,0.18306477562436577,0.5422885572139303,0.20949976485730554,0.417910447761194,0.33882824682557366,0.21890547263681592,0.6101086606767159,0.6318407960199005,0.1355411994752605,0.6218905472636815,0.14296675824855826,0.44776119402985076,0.3049676988193362,0.8656716417910447,0.018044107819113402
Iran 2026,GOLD,190,1,0.7611940298507462,0.057028291378926274,0.6368159203980099,0.13190267567634464,0.5970149253731343,0.16239697037202053,0.5024875621890548,0.24751862577658965,0.2935323383084577,0.49909655701591543,0.4925373134328358,0.2575183782579639,0.5323383084577115,0.21870745773619463,0.5223880597014925,0.2281131655157051,0.7562189054726368,0.05942922204895919
Iran 2026,GOLD,191,1,0.7562189054726368,0.05942922204895919,0.6716417910447762,0.10781911338828243,0.15920398009950248,0.7069379470805179,0.6268656716417911,0.13922922699933168,0.2537313432835821,0.5569169079973267,0.43781094527363185,0.31605653325412736,0.4975124378109453,0.25249375015469916,0.2935323383084577,0.49909655701591543,0.7661691542288557,0.054676864434048685
Iran 2026,GOLD,192,1,0.7960199004975125,0.04160788099304471,0.6567164179104478,0.11784361773223434,0.19900497512437812,0.6415930298754982,0.22885572139303484,0.5946634984282566,0.23383084577114427,0.5870151728917602,0.3681592039800995,0.3992227915150615,0.5373134328358209,0.21407885943417243,0.4626865671641791,0.2887057251058142,0.7960199004975125,0.04160788099304471
Iran 2026,GOLD,193,1,0.8159203980099502,0.033885299868815145,0.6218905472636815,0.14296675824855826,0.1691542288557214,0.690304695428331,0.24378109452736318,0.5718670329942328,0.208955223880597,0.6257518378257965,0.35323383084577115,0.4183064775624365,0.5124378109452736,0.23771688819583675,0.38308457711442784,0.3805846389940844,0.8009950248756219,0.039602980124254346
Iran 2026,GOLD,194,1,0.8308457711442786,0.02861315313977377,0.5970149253731343,0.16239697037202053,0.6965174129353234,0.092101680651469,0.36318407960199006,0.40553451647236455,0.29850746268656714,0.492091779906438,0.38308457711442784,0.3805846389940844,0.527363184079602,0.22338555976337215,0.43283582089552236,0.32167520605925604,0.8507462686567164,0.02227667631989307
Iran 2026,GOLD,195,1,0.8557213930348259,0.020816316427811194,0.5671641791044776,0.18734684785030076,0.5671641791044776,0.18734684785030076,0.5422885572139303,0.20949976485730554,0.13930348258706468,0.7407984950867552,0.3283582089552239,0.4511026954778346,0.5621890547263682,0.19167842380139105,0.208955223880597,0.6257518378257965,0.8706467661691543,0.016732259102497454
Iran 2026,GOLD,196,1,0.8507462686567164,0.02227667631989307,0.5174129353233831,0.23289027499319326,0.05472636815920398,0.8935422390534888,0.43283582089552236,0.32167520605925604,0.11940298507462686,0.7754511026954778,0.2537313432835821,0.5569169079973267,0.472636815920398,0.2781119279225762,0.3482587064676617,0.4247667136952056,0.8258706467661692,0.03032103165763223
Iran 2026,GOLD,197,1,0.835820895522388,0.026954778347070628,0.4129353233830846,0.3446449345313235,0.25870646766169153,0.5495161010866069,0.5174129353233831,0.23289027499319326,0.08955223880597014,0.8289151258632211,0.208955223880597,0.6257518378257965,0.43283582089552236,0.32167520605925604,0.2835820895522388,0.5132546224103365,0.7810945273631841,0.04791960595034776
Iran 2026,GOLD,198,1,0.8706467661691543,0.016732259102497454,0.4626865671641791,0.2887057251058142,0.2537313432835821,0.5569169079973267,0.11442786069651742,0.7842380139105467,0.05970149253731343,0.8841612831365561,0.21393034825870647,0.6179054973886785,0.4527363184079602,0.2994975371896735,0.22885572139303484,0.5946634984282566,0.7611940298507462,0.057028291378926274
Iran 2026,GOLD,199,1,0.8606965174129353,0.01940546026088464,0.527363184079602,0.22338555976337215,0.029850746268656716,0.9411895745154824,0.2736318407960199,0.5276107027053786,0.07960199004975124,0.8471324967203783,0.23383084577114427,0.5870151728917602,0.47761194029850745,0.2728892849186901,0.23383084577114427,0.5870151728917602,0.7263681592039801,0.07487438429741837
Iran 2026,EURUSD,0,0,0.8557213930348259,0.732259102497463,0.40298507462686567,0.1623969703720205,0.1691542288557214,0.02861315313977377,0.9950248756218906,0.9900745031063588,0.3880597014925373,0.15059033192247717,0.8308457711442786,0.690304695428331,0.6567164179104478,0.4312764535531299,0.9950248756218906,0.9900745031063588,0.5671641791044776,0.3216752060592559
Iran 2026,EURUSD,1,0,0.845771144278607,0.7153288284943443,0.746268656716418,0.5569169079973268,0.9303482587064676,0.8655478824781565,0.46766169154228854,0.21870745773619463,0.9054726368159204,0.8198806960223757,0.48258706467661694,0.23289027499319326,0.03482587064676617,0.0012128412663052895,0.9303482587064676,0.8655478824781565,0.014925373134328358,0.0002227667631989307
Iran 2026,EURUSD,2,0,0.8208955223880597,0.6738694586767655,0.6417910447761194,0.41189574515482286,0.8606965174129353,0.7407984950867552,0.7412935323383084,0.5495161010866068,0.8706467661691543,0.758025791440806,0.34328358208955223,0.11784361773223434,0.004975124378109453,2.475186257765897e-05,0.945273631840796,0.8935422390534888,0.03482587064676617,0.0012128412663052895
Iran 2026,EURUSD,3,0,0.8507462686567164,0.7237692136333259,0.8557213930348259,0.732259102497463,0.9900497512437811,0.9801985099378729,0.9154228855721394,0.8379990594292221,0.9800995024875622,0.9605950347763669,0.27860696517412936,0.07762184104353853,0.7960199004975125,0.6336476819880696,0.900497512437811,0.8108957699066855,0.01990049751243781,0.0003960298012425435
Iran 2026,EURUSD,4,0,0.900497512437811,0.8108957699066855,0.8159203980099502,0.6657260958887156,0.8656716417910447,0.7493873914012028,0.8656716417910447,0.7493873914012028,0.9701492537313433,0.9411895745154824,0.43781094527363185,0.19167842380139105,0.746268656716418,0.5569169079973268,0.8208955223880597,0.6738694586767655,0.024875621890547265,0.0006187965644414743
Iran 2026,EURUSD,5,0,0.8706467661691543,0.758025791440806,0.7761194029850746,0.6023613276899087,0.8855721393034826,0.7842380139105467,0.8159203980099502,0.6657260958887156,0.9253731343283582,0.8563154377366897,0.29850746268656714,0.08910670527957228,0.6965174129353234,0.4851365065221159,0.9900497512437811,0.9801985099378729,0.04477611940298507,0.0020049008687903764
Iran 2026,EURUSD,6,0,0.8109452736318408,0.6576322368258211,0.7014925373134329,0.492091779906438,0.7562189054726368,0.5718670329942328,0.9402985074626866,0.8841612831365561,0.8855721393034826,0.7842380139105467,0.24378109452736318,0.05942922204895919,0.6119402985074627,0.3744709289374025,0.9601990049751243,0.9219821291552188,0.07462686567164178,0.005569169079973267
Iran 2026,EURUSD,7,0,0.7611940298507462,0.5794163510804188,0.6318407960199005,0.3992227915150615,0.8905472636815921,0.7930744288507711,0.9203980099502488,0.8471324967203783,0.8507462686567164,0.7237692136333259,0.2736318407960199,0.07487438429741837,0.5074626865671642,0.2575183782579639,0.9850746268656716,0.9703720204945421,0.0945273631840796,0.008935422390534888
Iran 2026,EURUSD,8,0,0.7064676616915423,0.49909655701591543,0.7860696517412935,0.6179054973886785,0.8009950248756219,0.6415930298754982,0.9601990049751243,0.9219821291552188,0.9353233830845771,0.8748298309447785,0.6517412935323383,0.4247667136952056,0.845771144278607,0.7153288284943443,0.9751243781094527,0.950867552783347,0.08955223880597014,0.008019603475161506
Iran 2026,EURUSD,9,0,0.7263681592039801,0.5276107027053786,0.7910447761194029,0.6257518378257964,0.845771144278607,0.7153288284943443,0.9800995024875622,0.9605950347763669,0.9203980099502488,0.8471324967203783,0.6069651741293532,0.3684067226058761,0.9552238805970149,0.9124526620628202,0.9552238805970149,0.9124526620628202,0.0845771144278607,0.007153288284943443
Iran 2026,EURUSD,10,0,0.7562189054726368,0.5718670329942328,0.8109452736318408,0.6576322368258211,0.9502487562189055,0.9029726986955768,0.9701492537313433,0.9411895745154824,0.9154228855721394,0.8379990594292221,0.6368159203980099,0.40553451647236455,0.8606965174129353,0.7407984950867552,0.9154228855721394,0.8379990594292221,0.1044776119402985,0.010915571396747604
Iran 2026,EURUSD,11,0,0.6019900497512438,0.362392019999505,0.845771144278607,0.7153288284943443,0.9104477611940298,0.8289151258632211,0.8905472636815921,0.7930744288507711,0.900497512437811,0.8108957699066855,0.7960199004975125,0.6336476819880696,0.8557213930348259,0.732259102497463,0.8905472636815921,0.7930744288507711,0.10945273631840796,0.01197990148758694
Iran 2026,EURUSD,12,0,0.4527363184079602,0.20497017400559392,0.835820895522388,0.6985965693918467,0.8955223880597015,0.8019603475161506,0.9651741293532339,0.931561099972773,0.8656716417910447,0.7493873914012028,0.9203980099502488,0.8471324967203783,0.7512437810945274,0.5643672186332022,0.9651741293532339,0.931561099972773,0.12437810945273632,0.015469914111036856
Iran 2026,EURUSD,13,0,0.2885572139303483,0.08326526571124478,0.8805970149253731,0.7754511026954778,0.6019900497512438,0.362392019999505,0.9552238805970149,0.9124526620628202,0.8805970149253731,0.7754511026954778,0.6666666666666666,0.4444444444444444,0.6169154228855721,0.3805846389940843,0.9701492537313433,0.9411895745154824,0.15422885572139303,0.023786539937130268
Iran 2026,EURUSD,14,0,0.1890547263681592,0.03574168956213955,0.900497512437811,0.8108957699066855,0.9154228855721394,0.8379990594292221,0.9353233830845771,0.8748298309447785,0.8208955223880597,0.6738694586767655,0.6019900497512438,0.362392019999505,0.527363184079602,0.2781119279225762,0.9054726368159204,0.8198806960223757,0.19402985074626866,0.03764758298061929
Iran 2026,EURUSD,15,0,0.20398009950248755,0.04160788099304472,0.8706467661691543,0.758025791440806,0.42786069651741293,0.18306477562436574,0.9303482587064676,0.8655478824781565,0.8258706467661692,0.6820623251899706,0.681592039800995,0.4645677087200812,0.4427860696517413,0.19605950347763668,0.845771144278607,0.7153288284943443,0.15920398009950248,0.025345907279522784
Iran 2026,EURUSD,16,0,0.1791044776119403,0.03207841390064602,0.9751243781094527,0.950867552783347,0.7761194029850746,0.6023613276899087,0.8407960199004975,0.7069379470805177,0.835820895522388,0.6985965693918467,0.7263681592039801,0.5276107027053786,0.5920398009950248,0.3505111259622286,0.9502487562189055,0.9029726986955768,0.13432835820895522,0.01804410781911339
Iran 2026,EURUSD,17,0,0.21890547263681592,0.04791960595034776,0.9950248756218906,0.9900745031063588,0.9950248756218906,0.9900745031063588,0.9751243781094527,0.950867552783347,0.9552238805970149,0.9124526620628202,0.9402985074626866,0.8841612831365561,0.9950248756218906,0.9900745031063588,0.8656716417910447,0.7493873914012028,0.07960199004975124,0.006336476819880696
Iran 2026,EURUSD,18,0,0.19402985074626866,0.03764758298061929,0.7064676616915423,0.49909655701591543,0.7412935323383084,0.5495161010866068,0.9502487562189055,0.9029726986955768,0.31840796019900497,0.10138362911809114,0.2835820895522388,0.08041880151481398,0.06467661691542288,0.004183064775624365,0.6517412935323383,0.4247667136952056,0.8407960199004975,0.7069379470805177
Iran 2026,EURUSD,19,0,0.26865671641791045,0.07217643127645355,0.7164179104477612,0.5132546224103364,0.4079601990049751,0.1664315239721789,0.8308457711442786,0.690304695428331,0.27860696517412936,0.07762184104353853,0.3880597014925373,0.15059033192247717,0.13930348258706468,0.019405460260884633,0.7064676616915423,0.49909655701591543,0.8059701492537313,0.649587881488082
Iran 2026,EURUSD,20,0,0.208955223880597,0.04366228558699042,0.7412935323383084,0.5495161010866068,0.32338308457711445,0.10457661939060917,0.5771144278606966,0.3330610628449791,0.39303482587064675,0.15447637434716963,0.5024875621890548,0.25249375015469916,0.3681592039800995,0.1355411994752605,0.8159203980099502,0.6657260958887156,0.7263681592039801,0.5276107027053786
Iran 2026,EURUSD,21,0,0.18407960199004975,0.033885299868815125,0.7313432835820896,0.5348629984406327,0.30845771144278605,0.09514615974852107,0.8059701492537313,0.649587881488082,0.6716417910447762,0.45110269547783477,0.48756218905472637,0.23771688819583675,0.4577114427860697,0.20949976485730554,0.5223880597014925,0.2728892849186901,0.6567164179104478,0.4312764535531299
Iran 2026,EURUSD,22,0,0.2935323383084577,0.08616123363283087,0.6965174129353234,0.4851365065221159,0.5870646766169154,0.3446449345313235,0.845771144278607,0.7153288284943443,0.5970149253731343,0.3564268211182891,0.4427860696517413,0.19605950347763668,0.44776119402985076,0.20049008687903766,0.6318407960199005,0.3992227915150615,0.5074626865671642,0.2575183782579639
Iran 2026,EURUSD,23,0,0.15920398009950248,0.025345907279522784,0.6666666666666666,0.4444444444444444,0.3482587064676617,0.12128412663052897,0.6567164179104478,0.4312764535531299,0.5074626865671642,0.2575183782579639,0.472636815920398,0.2233855597633722,0.43283582089552236,0.1873468478503007,0.681592039800995,0.4645677087200812,0.6393034825870647,0.40870894284794934
Iran 2026,EURUSD,24,0,0.19900497512437812,0.03960298012425435,0.6716417910447762,0.45110269547783477,0.7711442786069652,0.5946634984282568,0.39303482587064675,0.15447637434716963,0.32338308457711445,0.10457661939060917,0.4626865671641791,0.21407885943417243,0.38308457711442784,0.14675379322294002,0.7412935323383084,0.5495161010866068,0.6517412935323383,0.4247667136952056
Iran 2026,EURUSD,25,0,0.21393034825870647,0.045766193906091435,0.6567164179104478,0.4312764535531299,0.29850746268656714,0.08910670527957228,0.7761194029850746,0.6023613276899087,0.2935323383084577,0.08616123363283087,0.39303482587064675,0.15447637434716963,0.32338308457711445,0.10457661939060917,0.7960199004975125,0.6336476819880696,0.6268656716417911,0.3929605702829138
Iran 2026,EURUSD,26,0,0.3034825870646766,0.09210168065146902,0.5920398009950248,0.3505111259622286,0.14925373134328357,0.02227667631989307,0.36318407960199006,0.13190267567634464,0.40298507462686567,0.1623969703720205,0.4129353233830846,0.17051558129749264,0.3283582089552239,0.10781911338828247,0.7761194029850746,0.6023613276899087,0.44776119402985076,0.20049008687903766
Iran 2026,EURUSD,27,0,0.27860696517412936,0.07762184104353853,0.6467661691542289,0.41830647756243666,0.39303482587064675,0.15447637434716963,0.06965174129353234,0.004851365065221158,0.48756218905472637,0.23771688819583675,0.35323383084577115,0.12477413925397886,0.27860696517412936,0.07762184104353853,0.7164179104477612,0.5132546224103364,0.34328358208955223,0.11784361773223434
Iran 2026,EURUSD,28,0,0.1691542288557214,0.02861315313977377,0.6119402985074627,0.3744709289374025,0.8159203980099502,0.6657260958887156,0.3034825870646766,0.09210168065146902,0.6019900497512438,0.362392019999505,0.30845771144278605,0.09514615974852107,0.3034825870646766,0.09210168065146902,0.6268656716417911,0.3929605702829138,0.29850746268656714,0.08910670527957228
Iran 2026,EURUSD,29,0,0.14925373134328357,0.02227667631989307,0.5771144278606966,0.3330610628449791,0.43781094527363185,0.19167842380139105,0.39800995024875624,0.1584119204970174,0.6417910447761194,0.41189574515482286,0.22388059701492538,0.050122521719759415,0.2935323383084577,0.08616123363283087,0.5074626865671642,0.2575183782579639,0.27860696517412936,0.07762184104353853
Iran 2026,EURUSD,30,0,0.11940298507462686,0.014257072844731565,0.4975124378109453,0.2475186257765897,0.43283582089552236,0.1873468478503007,0.3383084577114428,0.11445261255909508,0.6467661691542289,0.41830647756243666,0.208955223880597,0.04366228558699042,0.24875621890547264,0.061879656444147425,0.5422885572139303,0.2940768792851662,0.24378109452736318,0.05942922204895919
Iran 2026,EURUSD,31,0,0.15422885572139303,0.023786539937130268,0.5870646766169154,0.3446449345313235,0.9253731343283582,0.8563154377366897,0.47761194029850745,0.22811316551570504,0.7014925373134329,0.492091779906438,0.14427860696517414,0.020816316427811194,0.19402985074626866,0.03764758298061929,0.8009950248756219,0.6415930298754982,0.22388059701492538,0.050122521719759415
Iran 2026,EURUSD,32,0,0.14427860696517414,0.020816316427811194,0.6766169154228856,0.45781045023638034,0.900497512437811,0.8108957699066855,0.24875621890547264,0.061879656444147425,0.7711442786069652,0.5946634984282568,0.16417910447761194,0.026954778347070617,0.19900497512437812,0.03960298012425435,0.09950248756218906,0.009900745031063588,0.14427860696517414,0.020816316427811194
Iran 2026,EURUSD,33,0,0.11442786069651742,0.013093735303581596,0.5522388059701493,0.3049676988193362,0.2736318407960199,0.07487438429741837,0.6915422885572139,0.47823073686294887,0.6517412935323383,0.4247667136952056,0.36318407960199006,0.13190267567634464,0.39303482587064675,0.15447637434716963,0.7313432835820896,0.5348629984406327,0.24875621890547264,0.061879656444147425
Iran 2026,EURUSD,34,0,0.16417910447761194,0.026954778347070617,0.15422885572139303,0.023786539937130268,0.7611940298507462,0.5794163510804188,0.8109452736318408,0.6576322368258211,0.24875621890547264,0.061879656444147425,0.39800995024875624,0.1584119204970174,0.12437810945273632,0.015469914111036856,0.3781094527363184,0.1429667582485582,0.527363184079602,0.2781119279225762
Iran 2026,EURUSD,35,0,0.4975124378109453,0.2475186257765897,0.21890547263681592,0.04791960595034776,0.27860696517412936,0.07762184104353853,0.1691542288557214,0.02861315313977377,0.3482587064676617,0.12128412663052897,0.417910447761194,0.17464914234796167,0.1791044776119403,0.03207841390064602,0.4975124378109453,0.2475186257765897,0.4925373134328358,0.24259300512363552
Iran 2026,EURUSD,36,0,0.3582089552238806,0.1283136556025841,0.2537313432835821,0.06437959456449098,0.7114427860696517,0.5061508378505483,0.2885572139303483,0.08326526571124478,0.0845771144278607,0.007153288284943443,0.21393034825870647,0.045766193906091435,0.15920398009950248,0.025345907279522784,0.21393034825870647,0.045766193906091435,0.7860696517412935,0.6179054973886785
Iran 2026,EURUSD,37,0,0.3880597014925373,0.15059033192247717,0.2885572139303483,0.08326526571124478,0.4975124378109453,0.2475186257765897,0.6318407960199005,0.3992227915150615,0.2537313432835821,0.06437959456449098,0.3034825870646766,0.09210168065146902,0.23383084577114427,0.05467686443404866,0.263681592039801,0.06952798198064405,0.6865671641791045,0.47137447092893736
Iran 2026,EURUSD,38,0,0.3283582089552239,0.10781911338828247,0.263681592039801,0.06952798198064405,0.004975124378109453,2.475186257765897e-05,0.48756218905472637,0.23771688819583675,0.25870646766169153,0.06692903640998984,0.5572139303482587,0.3104873641741541,0.6268656716417911,0.3929605702829138,0.6368159203980099,0.40553451647236455,0.746268656716418,0.5569169079973268
Iran 2026,EURUSD,39,0,0.4079601990049751,0.1664315239721789,0.36318407960199006,0.13190267567634464,0.4228855721393035,0.17883220712358608,0.7014925373134329,0.492091779906438,0.36318407960199006,0.13190267567634464,0.6467661691542289,0.41830647756243666,0.681592039800995,0.4645677087200812,0.44776119402985076,0.20049008687903766,0.7014925373134329,0.492091779906438
Iran 2026,EURUSD,40,0,0.5771144278606966,0.3330610628449791,0.2935323383084577,0.08616123363283087,0.06965174129353234,0.004851365065221158,0.4925373134328358,0.24259300512363552,0.3383084577114428,0.11445261255909508,0.6218905472636815,0.38674785277592133,0.6318407960199005,0.3992227915150615,0.2835820895522388,0.08041880151481398,0.6119402985074627,0.3744709289374025
Iran 2026,EURUSD,41,0,0.6567164179104478,0.4312764535531299,0.3383084577114428,0.11445261255909508,0.13432835820895522,0.01804410781911339,0.7611940298507462,0.5794163510804188,0.2885572139303483,0.08326526571124478,0.5671641791044776,0.3216752060592559,0.5422885572139303,0.2940768792851662,0.29850746268656714,0.08910670527957228,0.5572139303482587,0.3104873641741541
Iran 2026,EURUSD,42,0,0.6218905472636815,0.38674785277592133,0.3582089552238806,0.1283136556025841,0.16417910447761194,0.026954778347070617,0.21393034825870647,0.045766193906091435,0.3283582089552239,0.10781911338828247,0.5422885572139303,0.2940768792851662,0.4626865671641791,0.21407885943417243,0.16417910447761194,0.026954778347070617,0.6169154228855721,0.3805846389940843
Iran 2026,EURUSD,43,0,0.5621890547263682,0.31605653325412736,0.31840796019900497,0.10138362911809114,0.6517412935323383,0.4247667136952056,0.38308457711442784,0.14675379322294002,0.5572139303482587,0.3104873641741541,0.5771144278606966,0.3330610628449791,0.5024875621890548,0.25249375015469916,0.2736318407960199,0.07487438429741837,0.7164179104477612,0.5132546224103364
Iran 2026,EURUSD,44,0,0.5870646766169154,0.3446449345313235,0.3880597014925373,0.15059033192247717,0.07960199004975124,0.006336476819880696,0.4427860696517413,0.19605950347763668,0.2736318407960199,0.07487438429741837,0.5174129353233831,0.2677161456399594,0.5671641791044776,0.3216752060592559,0.46766169154228854,0.21870745773619463,0.7711442786069652,0.5946634984282568
Iran 2026,EURUSD,45,0,0.5970149253731343,0.3564268211182891,0.46766169154228854,0.21870745773619463,0.07462686567164178,0.005569169079973267,0.8706467661691543,0.758025791440806,0.3681592039800995,0.1355411994752605,0.5472636815920398,0.2994975371896735,0.6616915422885572,0.43783569713620946,0.6417910447761194,0.41189574515482286,0.8805970149253731,0.7754511026954778
Iran 2026,EURUSD,46,0,0.48258706467661694,0.23289027499319326,0.47761194029850745,0.22811316551570504,0.22885572139303484,0.052374941214326384,0.5074626865671642,0.2575183782579639,0.4129353233830846,0.17051558129749264,0.5124378109452736,0.262592510086384,0.6467661691542289,0.41830647756243666,0.7263681592039801,0.5276107027053786,0.9203980099502488,0.8471324967203783
Iran 2026,EURUSD,47,0,0.40298507462686567,0.1623969703720205,0.4427860696517413,0.19605950347763668,0.0845771144278607,0.007153288284943443,0.7562189054726368,0.5718670329942328,0.5522388059701493,0.3049676988193362,0.582089552238806,0.33882824682557366,0.6766169154228856,0.45781045023638034,0.7860696517412935,0.6179054973886785,0.9402985074626866,0.8841612831365561
Iran 2026,EURUSD,48,0,0.5572139303482587,0.3104873641741541,0.39800995024875624,0.1584119204970174,0.20398009950248755,0.04160788099304472,0.6119402985074627,0.3744709289374025,0.582089552238806,0.33882824682557366,0.6716417910447762,0.45110269547783477,0.6069651741293532,0.3684067226058761,0.835820895522388,0.6985965693918467,0.8557213930348259,0.732259102497463
Iran 2026,EURUSD,49,0,0.48756218905472637,0.23771688819583675,0.48258706467661694,0.23289027499319326,0.5671641791044776,0.3216752060592559,0.7313432835820896,0.5348629984406327,0.6666666666666666,0.4444444444444444,0.7711442786069652,0.5946634984282568,0.5970149253731343,0.3564268211182891,0.35323383084577115,0.12477413925397886,0.681592039800995,0.4645677087200812
Iran 2026,EURUSD,50,0,0.3482587064676617,0.12128412663052897,0.4577114427860697,0.20949976485730554,0.46766169154228854,0.21870745773619463,0.6616915422885572,0.43783569713620946,0.5174129353233831,0.2677161456399594,0.8159203980099502,0.6657260958887156,0.6218905472636815,0.38674785277592133,0.48258706467661694,0.23289027499319326,0.6069651741293532,0.3684067226058761
Iran 2026,EURUSD,51,0,0.4129353233830846,0.17051558129749264,0.5124378109452736,0.262592510086384,0.9601990049751243,0.9219821291552188,0.3880597014925373,0.15059033192247717,0.4577114427860697,0.20949976485730554,0.7512437810945274,0.5643672186332022,0.572139303482587,0.3273433825895398,0.36318407960199006,0.13190267567634464,0.5174129353233831,0.2677161456399594
Iran 2026,EURUSD,52,0,0.7213930348258707,0.5204079106952799,0.5024875621890548,0.25249375015469916,0.14427860696517414,0.020816316427811194,0.527363184079602,0.2781119279225762,0.527363184079602,0.2781119279225762,0.6965174129353234,0.4851365065221159,0.5621890547263682,0.31605653325412736,0.5572139303482587,0.3104873641741541,0.6393034825870647,0.40870894284794934
Iran 2026,EURUSD,53,0,0.4925373134328358,0.24259300512363552,0.5074626865671642,0.2575183782579639,0.8258706467661692,0.6820623251899706,0.4975124378109453,0.2475186257765897,0.6169154228855721,0.3805846389940843,0.8059701492537313,0.649587881488082,0.5572139303482587,0.3104873641741541,0.3880597014925373,0.15059033192247717,0.6467661691542289,0.41830647756243666
Iran 2026,EURUSD,54,0,0.6069651741293532,0.3684067226058761,0.6368159203980099,0.40553451647236455,0.05970149253731343,0.0035642682111828913,0.5572139303482587,0.3104873641741541,0.6567164179104478,0.4312764535531299,0.7313432835820896,0.5348629984406327,0.5522388059701493,0.3049676988193362,0.1691542288557214,0.02861315313977377,0.5373134328358209,0.2887057251058142
Iran 2026,EURUSD,55,0,0.681592039800995,0.4645677087200812,0.6169154228855721,0.3805846389940843,0.01990049751243781,0.0003960298012425435,0.9900497512437811,0.9801985099378729,0.6616915422885572,0.43783569713620946,0.9104477611940298,0.8289151258632211,0.8507462686567164,0.7237692136333259,0.5671641791044776,0.3216752060592559,0.8109452736318408,0.6576322368258211
Iran 2026,EURUSD,56,0,0.7761194029850746,0.6023613276899087,0.7213930348258707,0.5204079106952799,0.208955223880597,0.04366228558699042,0.8557213930348259,0.732259102497463,0.5771144278606966,0.3330610628449791,0.8706467661691543,0.758025791440806,0.8407960199004975,0.7069379470805177,0.7661691542288557,0.5870151728917601,0.8855721393034826,0.7842380139105467
Iran 2026,EURUSD,57,0,0.6666666666666666,0.4444444444444444,0.7512437810945274,0.5643672186332022,0.9054726368159204,0.8198806960223757,0.5373134328358209,0.2887057251058142,0.472636815920398,0.2233855597633722,0.8756218905472637,0.7667136952055642,0.835820895522388,0.6985965693918467,0.6069651741293532,0.3684067226058761,0.8706467661691543,0.758025791440806
Iran 2026,EURUSD,58,0,0.5472636815920398,0.2994975371896735,0.681592039800995,0.4645677087200812,0.04975124378109453,0.002475186257765897,0.7960199004975125,0.6336476819880696,0.5373134328358209,0.2887057251058142,0.9054726368159204,0.8198806960223757,0.8159203980099502,0.6657260958887156,0.6865671641791045,0.47137447092893736,0.845771144278607,0.7153288284943443
Iran 2026,EURUSD,59,0,0.6368159203980099,0.40553451647236455,0.44776119402985076,0.20049008687903766,0.05472636815920398,0.002994975371896735,0.6368159203980099,0.40553451647236455,0.5920398009950248,0.3505111259622286,0.9303482587064676,0.8655478824781565,0.7910447761194029,0.6257518378257964,0.38308457711442784,0.14675379322294002,0.8208955223880597,0.6738694586767655
Iran 2026,EURUSD,60,0,0.2835820895522388,0.08041880151481398,0.31343283582089554,0.09824014257072845,0.029850746268656716,0.0008910670527957228,0.582089552238806,0.33882824682557366,0.6069651741293532,0.3684067226058761,0.945273631840796,0.8935422390534888,0.8208955223880597,0.6738694586767655,0.7014925373134329,0.492091779906438,0.7810945273631841,0.6101086606767159
Iran 2026,EURUSD,61,0,0.0845771144278607,0.007153288284943443,0.26865671641791045,0.07217643127645355,0.014925373134328358,0.0002227667631989307,0.7064676616915423,0.49909655701591543,0.4925373134328358,0.24259300512363552,0.9253731343283582,0.8563154377366897,0.7860696517412935,0.6179054973886785,0.4129353233830846,0.17051558129749264,0.7960199004975125,0.6336476819880696
Iran 2026,EURUSD,62,0,0.05472636815920398,0.002994975371896735,0.43283582089552236,0.1873468478503007,0.12935323383084577,0.01673225910249746,0.27860696517412936,0.07762184104353853,0.6368159203980099,0.40553451647236455,0.8955223880597015,0.8019603475161506,0.5771144278606966,0.3330610628449791,0.15422885572139303,0.023786539937130268,0.572139303482587,0.3273433825895398
Iran 2026,EURUSD,63,0,0.029850746268656716,0.0008910670527957228,0.5174129353233831,0.2677161456399594,0.472636815920398,0.2233855597633722,0.1791044776119403,0.03207841390064602,0.7213930348258707,0.5204079106952799,0.5074626865671642,0.2575183782579639,0.0845771144278607,0.007153288284943443,0.1791044776119403,0.03207841390064602,0.18407960199004975,0.033885299868815125
Iran 2026,EURUSD,64,0,0.04975124378109453,0.002475186257765897,0.5373134328358209,0.2887057251058142,0.6417910447761194,0.41189574515482286,0.18407960199004975,0.033885299868815125,0.6268656716417911,0.3929605702829138,0.40298507462686567,0.1623969703720205,0.07960199004975124,0.006336476819880696,0.13432835820895522,0.01804410781911339,0.20398009950248755,0.04160788099304472
Iran 2026,EURUSD,65,0,0.12437810945273632,0.015469914111036856,0.39303482587064675,0.15447637434716963,0.7512437810945274,0.5643672186332022,0.10945273631840796,0.01197990148758694,0.5870646766169154,0.3446449345313235,0.2935323383084577,0.08616123363283087,0.06965174129353234,0.004851365065221158,0.10945273631840796,0.01197990148758694,0.1791044776119403,0.03207841390064602
Iran 2026,EURUSD,66,0,0.2537313432835821,0.06437959456449098,0.3034825870646766,0.09210168065146902,0.7313432835820896,0.5348629984406327,0.03980099502487562,0.001584119204970174,0.5024875621890548,0.25249375015469916,0.3333333333333333,0.1111111111111111,0.04477611940298507,0.0020049008687903764,0.03980099502487562,0.001584119204970174,0.23383084577114427,0.05467686443404866
Iran 2026,EURUSD,67,0,0.43283582089552236,0.1873468478503007,0.2736318407960199,0.07487438429741837,0.6218905472636815,0.38674785277592133,0.43781094527363185,0.19167842380139105,0.23383084577114427,0.05467686443404866,0.26865671641791045,0.07217643127645355,0.029850746268656716,0.0008910670527957228,0.07462686567164178,0.005569169079973267,0.2736318407960199,0.07487438429741837
Iran 2026,EURUSD,68,0,0.582089552238806,0.33882824682557366,0.22388059701492538,0.050122521719759415,0.6865671641791045,0.47137447092893736,0.09950248756218906,0.009900745031063588,0.4228855721393035,0.17883220712358608,0.21890547263681592,0.04791960595034776,0.07462686567164178,0.005569169079973267,0.0945273631840796,0.008935422390534888,0.2885572139303483,0.08326526571124478
Iran 2026,EURUSD,69,0,0.6865671641791045,0.47137447092893736,0.14427860696517414,0.020816316427811194,0.5920398009950248,0.3505111259622286,0.1890547263681592,0.03574168956213955,0.24378109452736318,0.05942922204895919,0.18407960199004975,0.033885299868815125,0.1691542288557214,0.02861315313977377,0.12935323383084577,0.01673225910249746,0.30845771144278605,0.09514615974852107
Iran 2026,EURUSD,70,0,0.736318407960199,0.542164797901042,0.1044776119402985,0.010915571396747604,0.8208955223880597,0.6738694586767655,0.26865671641791045,0.07217643127645355,0.17412935323383086,0.030321031657632242,0.13930348258706468,0.019405460260884633,0.17412935323383086,0.030321031657632242,0.21890547263681592,0.04791960595034776,0.36318407960199006,0.13190267567634464
Iran 2026,EURUSD,71,0,0.7661691542288557,0.5870151728917601,0.0845771144278607,0.007153288284943443,0.9402985074626866,0.8841612831365561,0.35323383084577115,0.12477413925397886,0.19900497512437812,0.03960298012425435,0.07960199004975124,0.006336476819880696,0.09950248756218906,0.009900745031063588,0.01990049751243781,0.0003960298012425435,0.3781094527363184,0.1429667582485582
Iran 2026,EURUSD,72,0,0.7910447761194029,0.6257518378257964,0.07462686567164178,0.005569169079973267,0.9552238805970149,0.9124526620628202,0.16417910447761194,0.026954778347070617,0.08955223880597014,0.008019603475161506,0.05970149253731343,0.0035642682111828913,0.1044776119402985,0.010915571396747604,0.004975124378109453,2.475186257765897e-05,0.40298507462686567,0.1623969703720205
Iran 2026,EURUSD,73,0,0.8159203980099502,0.6657260958887156,0.07960199004975124,0.006336476819880696,0.7213930348258707,0.5204079106952799,0.009950248756218905,9.900745031063588e-05,0.12437810945273632,0.015469914111036856,0.05472636815920398,0.002994975371896735,0.15422885572139303,0.023786539937130268,0.014925373134328358,0.0002227667631989307,0.4527363184079602,0.20497017400559392
Iran 2026,EURUSD,74,0,0.8258706467661692,0.6820623251899706,0.05472636815920398,0.002994975371896735,0.6368159203980099,0.40553451647236455,0.11442786069651742,0.013093735303581596,0.16417910447761194,0.026954778347070617,0.03980099502487562,0.001584119204970174,0.22388059701492538,0.050122521719759415,0.06467661691542288,0.004183064775624365,0.5223880597014925,0.2728892849186901
Iran 2026,EURUSD,75,0,0.8656716417910447,0.7493873914012028,0.03980099502487562,0.001584119204970174,0.5223880597014925,0.2728892849186901,0.0845771144278607,0.007153288284943443,0.01990049751243781,0.0003960298012425435,0.024875621890547265,0.0006187965644414743,0.2736318407960199,0.07487438429741837,0.009950248756218905,9.900745031063588e-05,0.582089552238806,0.33882824682557366
Iran 2026,EURUSD,76,0,0.7711442786069652,0.5946634984282568,0.04975124378109453,0.002475186257765897,0.582089552238806,0.33882824682557366,0.3283582089552239,0.10781911338828247,0.014925373134328358,0.0002227667631989307,0.014925373134328358,0.0002227667631989307,0.3333333333333333,0.1111111111111111,0.029850746268656716,0.0008910670527957228,0.6318407960199005,0.3992227915150615
Iran 2026,EURUSD,77,0,0.6716417910447762,0.45110269547783477,0.09950248756218906,0.009900745031063588,0.5074626865671642,0.2575183782579639,0.07960199004975124,0.006336476819880696,0.1044776119402985,0.010915571396747604,0.04975124378109453,0.002475186257765897,0.35323383084577115,0.12477413925397886,0.04477611940298507,0.0020049008687903764,0.6716417910447762,0.45110269547783477
Iran 2026,EURUSD,78,0,0.5223880597014925,0.2728892849186901,0.11442786069651742,0.013093735303581596,0.31840796019900497,0.10138362911809114,0.25870646766169153,0.06692903640998984,0.029850746268656716,0.0008910670527957228,0.0845771144278607,0.007153288284943443,0.30845771144278605,0.09514615974852107,0.11442786069651742,0.013093735303581596,0.6965174129353234,0.4851365065221159
Iran 2026,EURUSD,79,0,0.5422885572139303,0.2940768792851662,0.12437810945273632,0.015469914111036856,0.3283582089552239,0.10781911338828247,0.15920398009950248,0.025345907279522784,0.12935323383084577,0.01673225910249746,0.0945273631840796,0.008935422390534888,0.3383084577114428,0.11445261255909508,0.11940298507462686,0.014257072844731565,0.7512437810945274,0.5643672186332022
Iran 2026,EURUSD,80,0,0.44776119402985076,0.20049008687903766,0.13930348258706468,0.019405460260884633,0.06467661691542288,0.004183064775624365,0.19402985074626866,0.03764758298061929,0.06965174129353234,0.004851365065221158,0.11442786069651742,0.013093735303581596,0.373134328358209,0.1392292269993317,0.03482587064676617,0.0012128412663052895,0.8159203980099502,0.6657260958887156
Iran 2026,EURUSD,81,0,0.417910447761194,0.17464914234796167,0.1791044776119403,0.03207841390064602,0.4427860696517413,0.19605950347763668,0.12935323383084577,0.01673225910249746,0.09950248756218906,0.009900745031063588,0.15422885572139303,0.023786539937130268,0.4079601990049751,0.1664315239721789,0.06965174129353234,0.004851365065221158,0.8955223880597015,0.8019603475161506
Iran 2026,EURUSD,82,0,0.3781094527363184,0.1429667582485582,0.23383084577114427,0.05467686443404866,0.6766169154228856,0.45781045023638034,0.373134328358209,0.1392292269993317,0.3582089552238806,0.1283136556025841,0.6766169154228856,0.45781045023638034,0.5870646766169154,0.3446449345313235,0.13930348258706468,0.019405460260884633,0.7562189054726368,0.5718670329942328
Iran 2026,EURUSD,83,0,0.31343283582089554,0.09824014257072845,0.7661691542288557,0.5870151728917601,0.024875621890547265,0.0006187965644414743,0.1044776119402985,0.010915571396747604,0.746268656716418,0.5569169079973268,0.9651741293532339,0.931561099972773,0.945273631840796,0.8935422390534888,0.5621890547263682,0.31605653325412736,0.4427860696517413,0.19605950347763668
Iran 2026,EURUSD,84,0,0.30845771144278605,0.09514615974852107,0.7611940298507462,0.5794163510804188,0.03980099502487562,0.001584119204970174,0.4626865671641791,0.21407885943417243,0.7810945273631841,0.6101086606767159,0.9353233830845771,0.8748298309447785,0.9402985074626866,0.8841612831365561,0.572139303482587,0.3273433825895398,0.47761194029850745,0.22811316551570504
Iran 2026,EURUSD,85,0,0.2736318407960199,0.07487438429741837,0.7711442786069652,0.5946634984282568,0.35323383084577115,0.12477413925397886,0.04477611940298507,0.0020049008687903764,0.7412935323383084,0.5495161010866068,0.9502487562189055,0.9029726986955768,0.9104477611940298,0.8289151258632211,0.472636815920398,0.2233855597633722,0.5124378109452736,0.262592510086384
Iran 2026,EURUSD,86,0,0.24378109452736318,0.05942922204895919,0.9701492537313433,0.9411895745154824,0.22388059701492538,0.050122521719759415,0.5671641791044776,0.3216752060592559,0.7910447761194029,0.6257518378257964,0.9800995024875622,0.9605950347763669,0.9900497512437811,0.9801985099378729,0.6965174129353234,0.4851365065221159,0.43283582089552236,0.1873468478503007
Iran 2026,EURUSD,87,0,0.39303482587064675,0.15447637434716963,0.8059701492537313,0.649587881488082,0.6119402985074627,0.3744709289374025,0.5970149253731343,0.3564268211182891,0.7263681592039801,0.5276107027053786,0.9850746268656716,0.9703720204945421,0.9800995024875622,0.9605950347763669,0.5771144278606966,0.3330610628449791,0.42786069651741293,0.18306477562436574
Iran 2026,EURUSD,88,0,0.38308457711442784,0.14675379322294002,0.7810945273631841,0.6101086606767159,0.26865671641791045,0.07217643127645355,0.7164179104477612,0.5132546224103364,0.8009950248756219,0.6415930298754982,0.9701492537313433,0.9411895745154824,0.9154228855721394,0.8379990594292221,0.5174129353233831,0.2677161456399594,0.43781094527363185,0.19167842380139105
Iran 2026,EURUSD,89,0,0.39800995024875624,0.1584119204970174,0.7263681592039801,0.5276107027053786,0.4577114427860697,0.20949976485730554,0.6268656716417911,0.3929605702829138,0.6766169154228856,0.45781045023638034,0.9601990049751243,0.9219821291552188,0.8706467661691543,0.758025791440806,0.6119402985074627,0.3744709289374025,0.5323383084577115,0.2833840746516176
Iran 2026,EURUSD,90,0,0.5174129353233831,0.2677161456399594,0.6268656716417911,0.3929605702829138,0.11442786069651742,0.013093735303581596,0.7860696517412935,0.6179054973886785,0.6965174129353234,0.4851365065221159,0.9552238805970149,0.9124526620628202,0.736318407960199,0.542164797901042,0.8706467661691543,0.758025791440806,0.5771144278606966,0.3330610628449791
Iran 2026,EURUSD,91,0,0.572139303482587,0.3273433825895398,0.35323383084577115,0.12477413925397886,0.03482587064676617,0.0012128412663052895,0.9850746268656716,0.9703720204945421,0.7064676616915423,0.49909655701591543,0.9154228855721394,0.8379990594292221,0.7611940298507462,0.5794163510804188,0.9800995024875622,0.9605950347763669,0.7064676616915423,0.49909655701591543
Iran 2026,EURUSD,92,0,0.4577114427860697,0.20949976485730554,0.9402985074626866,0.8841612831365561,0.835820895522388,0.6985965693918467,0.6417910447761194,0.41189574515482286,0.8407960199004975,0.7069379470805177,0.7910447761194029,0.6257518378257964,0.7014925373134329,0.492091779906438,0.7114427860696517,0.5061508378505483,0.26865671641791045,0.07217643127645355
Iran 2026,EURUSD,93,0,0.4427860696517413,0.19605950347763668,0.8756218905472637,0.7667136952055642,0.8109452736318408,0.6576322368258211,0.21890547263681592,0.04791960595034776,0.8308457711442786,0.690304695428331,0.8507462686567164,0.7237692136333259,0.4925373134328358,0.24259300512363552,0.7611940298507462,0.5794163510804188,0.21393034825870647,0.045766193906091435
Iran 2026,EURUSD,94,0,0.5024875621890548,0.25249375015469916,0.9900497512437811,0.9801985099378729,0.9850746268656716,0.9703720204945421,0.13432835820895522,0.01804410781911339,0.9950248756218906,0.9900745031063588,0.9751243781094527,0.950867552783347,0.8905472636815921,0.7930744288507711,0.14925373134328357,0.02227667631989307,0.004975124378109453,2.475186257765897e-05
Iran 2026,EURUSD,95,0,0.23880597014925373,0.05702829137892626,0.9850746268656716,0.9703720204945421,0.9651741293532339,0.931561099972773,0.34328358208955223,0.11784361773223434,0.9900497512437811,0.9801985099378729,0.9950248756218906,0.9900745031063588,0.7661691542288557,0.5870151728917601,0.19402985074626866,0.03764758298061929,0.009950248756218905,9.900745031063588e-05
Iran 2026,EURUSD,96,0,0.835820895522388,0.6985965693918467,0.9800995024875622,0.9605950347763669,0.9203980099502488,0.8471324967203783,0.3482587064676617,0.12128412663052897,0.9850746268656716,0.9703720204945421,0.9900497512437811,0.9801985099378729,0.6517412935323383,0.4247667136952056,0.1890547263681592,0.03574168956213955,0.029850746268656716,0.0008910670527957228
Iran 2026,EURUSD,97,0,0.9104477611940298,0.8289151258632211,0.8855721393034826,0.7842380139105467,0.8557213930348259,0.732259102497463,0.6467661691542289,0.41830647756243666,0.9651741293532339,0.931561099972773,0.7860696517412935,0.6179054973886785,0.6019900497512438,0.362392019999505,0.39303482587064675,0.15447637434716963,0.03980099502487562,0.001584119204970174
Iran 2026,EURUSD,98,0,0.9203980099502488,0.8471324967203783,0.8308457711442786,0.690304695428331,0.8805970149253731,0.7754511026954778,0.43283582089552236,0.1873468478503007,0.9402985074626866,0.8841612831365561,0.8557213930348259,0.732259102497463,0.7164179104477612,0.5132546224103364,0.373134328358209,0.1392292269993317,0.04975124378109453,0.002475186257765897
Iran 2026,EURUSD,99,0,0.8308457711442786,0.690304695428331,0.8009950248756219,0.6415930298754982,0.8706467661691543,0.758025791440806,0.6865671641791045,0.47137447092893736,0.9303482587064676,0.8655478824781565,0.8208955223880597,0.6738694586767655,0.8059701492537313,0.649587881488082,0.4427860696517413,0.19605950347763668,0.05472636815920398,0.002994975371896735
Iran 2026,EURUSD,100,0,0.7860696517412935,0.6179054973886785,0.8208955223880597,0.6738694586767655,0.9353233830845771,0.8748298309447785,0.01990049751243781,0.0003960298012425435,0.9502487562189055,0.9029726986955768,0.8805970149253731,0.7754511026954778,0.8805970149253731,0.7754511026954778,0.24378109452736318,0.05942922204895919,0.05970149253731343,0.0035642682111828913
Iran 2026,EURUSD,101,0,0.5920398009950248,0.3505111259622286,0.8407960199004975,0.7069379470805177,0.9701492537313433,0.9411895745154824,0.30845771144278605,0.09514615974852107,0.9751243781094527,0.950867552783347,0.6865671641791045,0.47137447092893736,0.900497512437811,0.8108957699066855,0.31840796019900497,0.10138362911809114,0.06467661691542288,0.004183064775624365
Iran 2026,EURUSD,102,0,0.42786069651741293,0.18306477562436574,0.9203980099502488,0.8471324967203783,0.945273631840796,0.8935422390534888,0.4129353233830846,0.17051558129749264,0.945273631840796,0.8935422390534888,0.7014925373134329,0.492091779906438,0.8855721393034826,0.7842380139105467,0.42786069651741293,0.18306477562436574,0.06965174129353234,0.004851365065221158
Iran 2026,EURUSD,103,0,0.4626865671641791,0.21407885943417243,0.8905472636815921,0.7930744288507711,0.8407960199004975,0.7069379470805177,0.014925373134328358,0.0002227667631989307,0.9601990049751243,0.9219821291552188,0.7611940298507462,0.5794163510804188,0.9203980099502488,0.8471324967203783,0.3681592039800995,0.1355411994752605,0.09950248756218906,0.009900745031063588
Iran 2026,EURUSD,104,0,0.46766169154228854,0.21870745773619463,0.9253731343283582,0.8563154377366897,0.8507462686567164,0.7237692136333259,0.40298507462686567,0.1623969703720205,0.9104477611940298,0.8289151258632211,0.8905472636815921,0.7930744288507711,0.8955223880597015,0.8019603475161506,0.2885572139303483,0.08326526571124478,0.11442786069651742,0.013093735303581596
Iran 2026,EURUSD,105,0,0.22885572139303484,0.052374941214326384,0.9651741293532339,0.931561099972773,0.9751243781094527,0.950867552783347,0.5870646766169154,0.3446449345313235,0.8606965174129353,0.7407984950867552,0.736318407960199,0.542164797901042,0.8656716417910447,0.7493873914012028,0.30845771144278605,0.09514615974852107,0.16417910447761194,0.026954778347070617
Iran 2026,EURUSD,106,0,0.06467661691542288,0.004183064775624365,0.9601990049751243,0.9219821291552188,0.7014925373134329,0.492091779906438,0.32338308457711445,0.10457661939060917,0.8955223880597015,0.8019603475161506,0.845771144278607,0.7153288284943443,0.8756218905472637,0.7667136952055642,0.31343283582089554,0.09824014257072845,0.208955223880597,0.04366228558699042
Iran 2026,EURUSD,107,0,0.08955223880597014,0.008019603475161506,0.945273631840796,0.8935422390534888,0.746268656716418,0.5569169079973268,0.572139303482587,0.3273433825895398,0.8756218905472637,0.7667136952055642,0.746268656716418,0.5569169079973268,0.9303482587064676,0.8655478824781565,0.32338308457711445,0.10457661939060917,0.23880597014925373,0.05702829137892626
Iran 2026,EURUSD,108,0,0.13432835820895522,0.01804410781911339,0.9353233830845771,0.8748298309447785,0.44776119402985076,0.20049008687903766,0.5174129353233831,0.2677161456399594,0.8109452736318408,0.6576322368258211,0.8258706467661692,0.6820623251899706,0.9502487562189055,0.9029726986955768,0.24875621890547264,0.061879656444147425,0.263681592039801,0.06952798198064405
Iran 2026,EURUSD,109,0,0.12935323383084577,0.01673225910249746,0.8656716417910447,0.7493873914012028,0.5174129353233831,0.2677161456399594,0.22885572139303484,0.052374941214326384,0.8159203980099502,0.6657260958887156,0.6616915422885572,0.43783569713620946,0.9601990049751243,0.9219821291552188,0.5920398009950248,0.3505111259622286,0.2935323383084577,0.08616123363283087
Iran 2026,EURUSD,110,0,0.0945273631840796,0.008935422390534888,0.9104477611940298,0.8289151258632211,0.7064676616915423,0.49909655701591543,0.5472636815920398,0.2994975371896735,0.8557213930348259,0.732259102497463,0.6119402985074627,0.3744709289374025,0.9751243781094527,0.950867552783347,0.20398009950248755,0.04160788099304472,0.3333333333333333,0.1111111111111111
Iran 2026,EURUSD,111,0,0.09950248756218906,0.009900745031063588,0.9502487562189055,0.9029726986955768,0.7164179104477612,0.5132546224103364,0.7213930348258707,0.5204079106952799,0.7960199004975125,0.6336476819880696,0.7064676616915423,0.49909655701591543,0.9850746268656716,0.9703720204945421,0.48756218905472637,0.23771688819583675,0.3582089552238806,0.1283136556025841
Iran 2026,EURUSD,112,0,0.13930348258706468,0.019405460260884633,0.9552238805970149,0.9124526620628202,0.40298507462686567,0.1623969703720205,0.5422885572139303,0.2940768792851662,0.7611940298507462,0.5794163510804188,0.8606965174129353,0.7407984950867552,0.9651741293532339,0.931561099972773,0.3034825870646766,0.09210168065146902,0.39800995024875624,0.1584119204970174
Iran 2026,EURUSD,113,0,0.10945273631840796,0.01197990148758694,0.8955223880597015,0.8019603475161506,0.681592039800995,0.4645677087200812,0.24378109452736318,0.05942922204895919,0.6318407960199005,0.3992227915150615,0.572139303482587,0.3273433825895398,0.9253731343283582,0.8563154377366897,0.27860696517412936,0.07762184104353853,0.472636815920398,0.2233855597633722
Iran 2026,EURUSD,114,0,0.03980099502487562,0.001584119204970174,0.9303482587064676,0.8655478824781565,0.6069651741293532,0.3684067226058761,0.6517412935323383,0.4247667136952056,0.681592039800995,0.4645677087200812,0.5621890547263682,0.31605653325412736,0.7810945273631841,0.6101086606767159,0.3383084577114428,0.11445261255909508,0.6218905472636815,0.38674785277592133
Iran 2026,EURUSD,115,0,0.009950248756218905,9.900745031063588e-05,0.9054726368159204,0.8198806960223757,0.2537313432835821,0.06437959456449098,0.4527363184079602,0.20497017400559392,0.5422885572139303,0.2940768792851662,0.527363184079602,0.2781119279225762,0.7562189054726368,0.5718670329942328,0.47761194029850745,0.22811316551570504,0.7412935323383084,0.5495161010866068
Iran 2026,EURUSD,116,0,0.024875621890547265,0.0006187965644414743,0.8507462686567164,0.7237692136333259,0.15920398009950248,0.025345907279522784,0.6766169154228856,0.45781045023638034,0.5323383084577115,0.2833840746516176,0.4228855721393035,0.17883220712358608,0.7213930348258707,0.5204079106952799,0.4079601990049751,0.1664315239721789,0.8507462686567164,0.7237692136333259
Iran 2026,EURUSD,117,0,0.01990049751243781,0.0003960298012425435,0.736318407960199,0.542164797901042,0.19900497512437812,0.03960298012425435,0.3781094527363184,0.1429667582485582,0.417910447761194,0.17464914234796167,0.3582089552238806,0.1283136556025841,0.6666666666666666,0.4444444444444444,0.5373134328358209,0.2887057251058142,0.9104477611940298,0.8289151258632211
Iran 2026,EURUSD,118,0,0.03482587064676617,0.0012128412663052895,0.7562189054726368,0.5718670329942328,0.4527363184079602,0.20497017400559392,0.8805970149253731,0.7754511026954778,0.39800995024875624,0.1584119204970174,0.373134328358209,0.1392292269993317,0.47761194029850745,0.22811316551570504,0.6019900497512438,0.362392019999505,0.7611940298507462,0.5794163510804188
Iran 2026,EURUSD,119,0,0.05970149253731343,0.0035642682111828913,0.6517412935323383,0.4247667136952056,0.2835820895522388,0.08041880151481398,0.8507462686567164,0.7237692136333259,0.42786069651741293,0.18306477562436574,0.31840796019900497,0.10138362911809114,0.417910447761194,0.17464914234796167,0.6915422885572139,0.47823073686294887,0.9154228855721394,0.8379990594292221
Iran 2026,EURUSD,120,0,0.014925373134328358,0.0002227667631989307,0.4925373134328358,0.24259300512363552,0.4925373134328358,0.24259300512363552,0.2935323383084577,0.08616123363283087,0.35323383084577115,0.12477413925397886,0.263681592039801,0.06952798198064405,0.3582089552238806,0.1283136556025841,0.6766169154228856,0.45781045023638034,0.9054726368159204,0.8198806960223757
Iran 2026,EURUSD,121,0,0.004975124378109453,2.475186257765897e-05,0.5572139303482587,0.3104873641741541,0.23383084577114427,0.05467686443404866,0.31343283582089554,0.09824014257072845,0.38308457711442784,0.14675379322294002,0.3482587064676617,0.12128412663052897,0.4975124378109453,0.2475186257765897,0.22885572139303484,0.052374941214326384,0.900497512437811,0.8108957699066855
Iran 2026,EURUSD,122,0,0.04477611940298507,0.0020049008687903764,0.472636815920398,0.2233855597633722,0.7263681592039801,0.5276107027053786,0.22388059701492538,0.050122521719759415,0.10945273631840796,0.01197990148758694,0.2537313432835821,0.06437959456449098,0.7711442786069652,0.5946634984282568,0.19900497512437812,0.03960298012425435,0.9950248756218906,0.9900745031063588
Iran 2026,EURUSD,123,0,0.1044776119402985,0.010915571396747604,0.4527363184079602,0.20497017400559392,0.6318407960199005,0.3992227915150615,0.04975124378109453,0.002475186257765897,0.14925373134328357,0.02227667631989307,0.1691542288557214,0.02861315313977377,0.6915422885572139,0.47823073686294887,0.17412935323383086,0.030321031657632242,0.9850746268656716,0.9703720204945421
Iran 2026,EURUSD,124,0,0.07462686567164178,0.005569169079973267,0.4129353233830846,0.17051558129749264,0.5024875621890548,0.25249375015469916,0.15422885572139303,0.023786539937130268,0.0945273631840796,0.008935422390534888,0.09950248756218906,0.009900745031063588,0.582089552238806,0.33882824682557366,0.4577114427860697,0.20949976485730554,0.9751243781094527,0.950867552783347
Iran 2026,EURUSD,125,0,0.06965174129353234,0.004851365065221158,0.4626865671641791,0.21407885943417243,0.6965174129353234,0.4851365065221159,0.05472636815920398,0.002994975371896735,0.14427860696517414,0.020816316427811194,0.06965174129353234,0.004851365065221158,0.5323383084577115,0.2833840746516176,0.024875621890547265,0.0006187965644414743,0.9601990049751243,0.9219821291552188
Iran 2026,EURUSD,126,0,0.07960199004975124,0.006336476819880696,0.5472636815920398,0.2994975371896735,0.24875621890547264,0.061879656444147425,0.14925373134328357,0.02227667631989307,0.1691542288557214,0.02861315313977377,0.14925373134328357,0.02227667631989307,0.5373134328358209,0.2887057251058142,0.12437810945273632,0.015469914111036856,0.945273631840796,0.8935422390534888
Iran 2026,EURUSD,127,0,0.17412935323383086,0.030321031657632242,0.24875621890547264,0.061879656444147425,0.38308457711442784,0.14675379322294002,0.029850746268656716,0.0008910670527957228,0.004975124378109453,2.475186257765897e-05,0.11940298507462686,0.014257072844731565,0.12935323383084577,0.01673225910249746,0.1044776119402985,0.010915571396747604,0.9651741293532339,0.931561099972773
Iran 2026,EURUSD,128,0,0.373134328358209,0.1392292269993317,0.06467661691542288,0.004183064775624365,0.7810945273631841,0.6101086606767159,0.14427860696517414,0.020816316427811194,0.15920398009950248,0.025345907279522784,0.1044776119402985,0.010915571396747604,0.10945273631840796,0.01197990148758694,0.26865671641791045,0.07217643127645355,0.48258706467661694,0.23289027499319326
Iran 2026,EURUSD,129,0,0.5074626865671642,0.2575183782579639,0.05970149253731343,0.0035642682111828913,0.6567164179104478,0.4312764535531299,0.12437810945273632,0.015469914111036856,0.11940298507462686,0.014257072844731565,0.08955223880597014,0.008019603475161506,0.16417910447761194,0.026954778347070617,0.15920398009950248,0.025345907279522784,0.5522388059701493,0.3049676988193362
Iran 2026,EURUSD,130,0,0.5522388059701493,0.3049676988193362,0.04477611940298507,0.0020049008687903764,0.5621890547263682,0.31605653325412736,0.03482587064676617,0.0012128412663052895,0.13432835820895522,0.01804410781911339,0.04477611940298507,0.0020049008687903764,0.25870646766169153,0.06692903640998984,0.2935323383084577,0.08616123363283087,0.5422885572139303,0.2940768792851662
Iran 2026,EURUSD,131,0,0.6766169154228856,0.45781045023638034,0.029850746268656716,0.0008910670527957228,0.5323383084577115,0.2833840746516176,0.13930348258706468,0.019405460260884633,0.07462686567164178,0.005569169079973267,0.03482587064676617,0.0012128412663052895,0.31840796019900497,0.10138362911809114,0.22388059701492538,0.050122521719759415,0.5920398009950248,0.3505111259622286
Iran 2026,EURUSD,132,0,0.6616915422885572,0.43783569713620946,0.03482587064676617,0.0012128412663052895,0.5572139303482587,0.3104873641741541,0.20398009950248755,0.04160788099304472,0.05970149253731343,0.0035642682111828913,0.029850746268656716,0.0008910670527957228,0.3880597014925373,0.15059033192247717,0.208955223880597,0.04366228558699042,0.5870646766169154,0.3446449345313235
Iran 2026,EURUSD,133,0,0.7014925373134329,0.492091779906438,0.009950248756218905,9.900745031063588e-05,0.36318407960199006,0.13190267567634464,0.08955223880597014,0.008019603475161506,0.05472636815920398,0.002994975371896735,0.004975124378109453,2.475186257765897e-05,0.4129353233830846,0.17051558129749264,0.05970149253731343,0.0035642682111828913,0.5621890547263682,0.31605653325412736
Iran 2026,EURUSD,134,0,0.6467661691542289,0.41830647756243666,0.004975124378109453,2.475186257765897e-05,0.17412935323383086,0.030321031657632242,0.23383084577114427,0.05467686443404866,0.06467661691542288,0.004183064775624365,0.009950248756218905,9.900745031063588e-05,0.39800995024875624,0.1584119204970174,0.0845771144278607,0.007153288284943443,0.5472636815920398,0.2994975371896735
Iran 2026,EURUSD,135,0,0.6915422885572139,0.47823073686294887,0.014925373134328358,0.0002227667631989307,0.24378109452736318,0.05942922204895919,0.19900497512437812,0.03960298012425435,0.19402985074626866,0.03764758298061929,0.01990049751243781,0.0003960298012425435,0.46766169154228854,0.21870745773619463,0.08955223880597014,0.008019603475161506,0.48756218905472637,0.23771688819583675
Iran 2026,EURUSD,136,0,0.746268656716418,0.5569169079973268,0.01990049751243781,0.0003960298012425435,0.12437810945273632,0.015469914111036856,0.31840796019900497,0.10138362911809114,0.13930348258706468,0.019405460260884633,0.06467661691542288,0.004183064775624365,0.5124378109452736,0.262592510086384,0.3582089552238806,0.1283136556025841,0.417910447761194,0.17464914234796167
Iran 2026,EURUSD,137,0,0.7313432835820896,0.5348629984406327,0.0945273631840796,0.008935422390534888,0.4129353233830846,0.17051558129749264,0.48258706467661694,0.23289027499319326,0.21393034825870647,0.045766193906091435,0.12437810945273632,0.015469914111036856,0.5223880597014925,0.2728892849186901,0.23880597014925373,0.05702829137892626,0.39303482587064675,0.15447637434716963
Iran 2026,EURUSD,138,0,0.6119402985074627,0.3744709289374025,0.024875621890547265,0.0006187965644414743,0.19402985074626866,0.03764758298061929,0.472636815920398,0.2233855597633722,0.4975124378109453,0.2475186257765897,0.13432835820895522,0.01804410781911339,0.5174129353233831,0.2677161456399594,0.3283582089552239,0.10781911338828247,0.373134328358209,0.1392292269993317
Iran 2026,EURUSD,139,0,0.5323383084577115,0.2833840746516176,0.11940298507462686,0.014257072844731565,0.6169154228855721,0.3805846389940843,0.681592039800995,0.4645677087200812,0.47761194029850745,0.22811316551570504,0.1791044776119403,0.03207841390064602,0.48756218905472637,0.23771688819583675,0.4925373134328358,0.24259300512363552,0.3383084577114428,0.11445261255909508
Iran 2026,EURUSD,140,0,0.472636815920398,0.2233855597633722,0.06965174129353234,0.004851365065221158,0.1044776119402985,0.010915571396747604,0.3681592039800995,0.1355411994752605,0.46766169154228854,0.21870745773619463,0.15920398009950248,0.025345907279522784,0.263681592039801,0.06952798198064405,0.6567164179104478,0.4312764535531299,0.31343283582089554,0.09824014257072845
Iran 2026,EURUSD,141,0,0.5671641791044776,0.3216752060592559,0.08955223880597014,0.008019603475161506,0.5970149253731343,0.3564268211182891,0.736318407960199,0.542164797901042,0.4626865671641791,0.21407885943417243,0.25870646766169153,0.06692903640998984,0.20398009950248755,0.04160788099304472,0.5124378109452736,0.262592510086384,0.2835820895522388,0.08041880151481398
Iran 2026,EURUSD,142,0,0.5373134328358209,0.2887057251058142,0.10945273631840796,0.01197990148758694,0.7910447761194029,0.6257518378257964,0.2835820895522388,0.08041880151481398,0.5472636815920398,0.2994975371896735,0.19900497512437812,0.03960298012425435,0.14925373134328357,0.02227667631989307,0.6666666666666666,0.4444444444444444,0.22885572139303484,0.052374941214326384
Iran 2026,EURUSD,143,0,0.527363184079602,0.2781119279225762,0.23880597014925373,0.05702829137892626,0.9800995024875622,0.9605950347763669,0.2537313432835821,0.06437959456449098,0.736318407960199,0.542164797901042,0.17412935323383086,0.030321031657632242,0.04975124378109453,0.002475186257765897,0.25870646766169153,0.06692903640998984,0.14925373134328357,0.02227667631989307
Iran 2026,EURUSD,144,0,0.43781094527363185,0.19167842380139105,0.5621890547263682,0.31605653325412736,0.6268656716417911,0.3929605702829138,0.263681592039801,0.06952798198064405,0.7313432835820896,0.5348629984406327,0.4925373134328358,0.24259300512363552,0.0945273631840796,0.008935422390534888,0.6467661691542289,0.41830647756243666,0.1691542288557214,0.02861315313977377
Iran 2026,EURUSD,145,0,0.29850746268656714,0.08910670527957228,0.6069651741293532,0.3684067226058761,0.39800995024875624,0.1584119204970174,0.3333333333333333,0.1111111111111111,0.845771144278607,0.7153288284943443,0.42786069651741293,0.18306477562436574,0.08955223880597014,0.008019603475161506,0.7213930348258707,0.5204079106952799,0.13930348258706468,0.019405460260884633
Iran 2026,EURUSD,146,0,0.23383084577114427,0.05467686443404866,0.7960199004975125,0.6336476819880696,0.5522388059701493,0.3049676988193362,0.3582089552238806,0.1283136556025841,0.7860696517412935,0.6179054973886785,0.5223880597014925,0.2728892849186901,0.11940298507462686,0.014257072844731565,0.5870646766169154,0.3446449345313235,0.11940298507462686,0.014257072844731565
Iran 2026,EURUSD,147,0,0.3383084577114428,0.11445261255909508,0.9154228855721394,0.8379990594292221,0.3034825870646766,0.09210168065146902,0.7711442786069652,0.5946634984282568,0.8059701492537313,0.649587881488082,0.7810945273631841,0.6101086606767159,0.18407960199004975,0.033885299868815125,0.9353233830845771,0.8748298309447785,0.1890547263681592,0.03574168956213955
Iran 2026,EURUSD,148,0,0.35323383084577115,0.12477413925397886,0.6915422885572139,0.47823073686294887,0.04477611940298507,0.0020049008687903764,0.945273631840796,0.8935422390534888,0.7164179104477612,0.5132546224103364,0.8656716417910447,0.7493873914012028,0.36318407960199006,0.13190267567634464,0.9253731343283582,0.8563154377366897,0.3034825870646766,0.09210168065146902
Iran 2026,EURUSD,149,0,0.5124378109452736,0.262592510086384,0.6019900497512438,0.362392019999505,0.572139303482587,0.3273433825895398,0.8756218905472637,0.7667136952055642,0.6915422885572139,0.47823073686294887,0.900497512437811,0.8108957699066855,0.14427860696517414,0.020816316427811194,0.8507462686567164,0.7237692136333259,0.19900497512437812,0.03960298012425435
Iran 2026,EURUSD,150,0,0.6169154228855721,0.3805846389940843,0.572139303482587,0.3273433825895398,0.8308457711442786,0.690304695428331,0.5223880597014925,0.2728892849186901,0.7512437810945274,0.5643672186332022,0.8855721393034826,0.7842380139105467,0.01990049751243781,0.0003960298012425435,0.8059701492537313,0.649587881488082,0.12935323383084577,0.01673225910249746
Iran 2026,EURUSD,151,0,0.6318407960199005,0.3992227915150615,0.2835820895522388,0.08041880151481398,0.47761194029850745,0.22811316551570504,0.4079601990049751,0.1664315239721789,0.7562189054726368,0.5718670329942328,0.7562189054726368,0.5718670329942328,0.05472636815920398,0.002994975371896735,0.8557213930348259,0.732259102497463,0.17412935323383086,0.030321031657632242
Iran 2026,EURUSD,152,0,0.6965174129353234,0.4851365065221159,0.21393034825870647,0.045766193906091435,0.3582089552238806,0.1283136556025841,0.746268656716418,0.5569169079973268,0.4427860696517413,0.19605950347763668,0.5323383084577115,0.2833840746516176,0.13432835820895522,0.01804410781911339,0.7910447761194029,0.6257518378257964,0.21890547263681592,0.04791960595034776
Iran 2026,EURUSD,153,0,0.6417910447761194,0.41189574515482286,0.1691542288557214,0.02861315313977377,0.3781094527363184,0.1429667582485582,0.11940298507462686,0.014257072844731565,0.4527363184079602,0.20497017400559392,0.4577114427860697,0.20949976485730554,0.23880597014925373,0.05702829137892626,0.3482587064676617,0.12128412663052897,0.25870646766169153,0.06692903640998984
Iran 2026,EURUSD,154,0,0.7810945273631841,0.6101086606767159,0.12935323383084577,0.01673225910249746,0.7860696517412935,0.6179054973886785,0.44776119402985076,0.20049008687903766,0.43781094527363185,0.19167842380139105,0.43283582089552236,0.1873468478503007,0.26865671641791045,0.07217643127645355,0.8308457711442786,0.690304695428331,0.31840796019900497,0.10138362911809114
Iran 2026,EURUSD,155,0,0.8059701492537313,0.649587881488082,0.15920398009950248,0.025345907279522784,0.48258706467661694,0.23289027499319326,0.7263681592039801,0.5276107027053786,0.5223880597014925,0.2728892849186901,0.24875621890547264,0.061879656444147425,0.2835820895522388,0.08041880151481398,0.746268656716418,0.5569169079973268,0.35323383084577115,0.12477413925397886
Iran 2026,EURUSD,156,0,0.8009950248756219,0.6415930298754982,0.14925373134328357,0.02227667631989307,0.527363184079602,0.2781119279225762,0.8606965174129353,0.7407984950867552,0.3781094527363184,0.1429667582485582,0.23880597014925373,0.05702829137892626,0.2885572139303483,0.08326526571124478,0.5522388059701493,0.3049676988193362,0.38308457711442784,0.14675379322294002
Iran 2026,EURUSD,157,0,0.8407960199004975,0.7069379470805177,0.16417910447761194,0.026954778347070617,0.373134328358209,0.1392292269993317,0.5920398009950248,0.3505111259622286,0.18407960199004975,0.033885299868815125,0.3283582089552239,0.10781911338828247,0.31343283582089554,0.09824014257072845,0.18407960199004975,0.033885299868815125,0.4079601990049751,0.1664315239721789
Iran 2026,EURUSD,158,0,0.9303482587064676,0.8655478824781565,0.13432835820895522,0.01804410781911339,0.417910447761194,0.17464914234796167,0.5621890547263682,0.31605653325412736,0.1890547263681592,0.03574168956213955,0.31343283582089554,0.09824014257072845,0.3482587064676617,0.12128412663052897,0.5472636815920398,0.2994975371896735,0.5024875621890548,0.25249375015469916
Iran 2026,EURUSD,159,0,0.9701492537313433,0.9411895745154824,0.30845771144278605,0.09514615974852107,0.6666666666666666,0.4444444444444444,0.6218905472636815,0.38674785277592133,0.29850746268656714,0.08910670527957228,0.38308457711442784,0.14675379322294002,0.42786069651741293,0.18306477562436574,0.736318407960199,0.542164797901042,0.4626865671641791,0.21407885943417243
Iran 2026,EURUSD,160,0,0.9950248756218906,0.9900745031063588,0.3283582089552239,0.10781911338828247,0.5771144278606966,0.3330610628449791,0.7512437810945274,0.5643672186332022,0.26865671641791045,0.07217643127645355,0.4527363184079602,0.20497017400559392,0.3781094527363184,0.1429667582485582,0.6218905472636815,0.38674785277592133,0.6019900497512438,0.362392019999505
Iran 2026,EURUSD,161,0,0.9900497512437811,0.9801985099378729,0.32338308457711445,0.10457661939060917,0.6915422885572139,0.47823073686294887,0.900497512437811,0.8108957699066855,0.31343283582089554,0.09824014257072845,0.44776119402985076,0.20049008687903766,0.4228855721393035,0.17883220712358608,0.4228855721393035,0.17883220712358608,0.6915422885572139,0.47823073686294887
Iran 2026,EURUSD,162,0,0.9402985074626866,0.8841612831365561,0.27860696517412936,0.07762184104353853,0.5472636815920398,0.2994975371896735,0.8009950248756219,0.6415930298754982,0.15422885572139303,0.023786539937130268,0.4079601990049751,0.1664315239721789,0.40298507462686567,0.1623969703720205,0.3333333333333333,0.1111111111111111,0.7761194029850746,0.6023613276899087
Iran 2026,EURUSD,163,0,0.9502487562189055,0.9029726986955768,0.29850746268656714,0.08910670527957228,0.31343283582089554,0.09824014257072845,0.17412935323383086,0.030321031657632242,0.22388059701492538,0.050122521719759415,0.47761194029850745,0.22811316551570504,0.4527363184079602,0.20497017400559392,0.6169154228855721,0.3805846389940843,0.8258706467661692,0.6820623251899706
Iran 2026,EURUSD,164,0,0.9850746268656716,0.9703720204945421,0.3333333333333333,0.1111111111111111,0.21393034825870647,0.045766193906091435,0.5024875621890548,0.25249375015469916,0.30845771144278605,0.09514615974852107,0.46766169154228854,0.21870745773619463,0.48258706467661694,0.23289027499319326,0.43781094527363185,0.19167842380139105,0.8656716417910447,0.7493873914012028
Iran 2026,EURUSD,165,0,0.9651741293532339,0.931561099972773,0.3482587064676617,0.12128412663052897,0.25870646766169153,0.06692903640998984,0.6019900497512438,0.362392019999505,0.3034825870646766,0.09210168065146902,0.4975124378109453,0.2475186257765897,0.472636815920398,0.2233855597633722,0.5024875621890548,0.25249375015469916,0.8308457711442786,0.690304695428331
Iran 2026,EURUSD,166,0,0.9552238805970149,0.9124526620628202,0.3681592039800995,0.1355411994752605,0.0945273631840796,0.008935422390534888,0.06467661691542288,0.004183064775624365,0.1791044776119403,0.03207841390064602,0.5920398009950248,0.3505111259622286,0.43781094527363185,0.19167842380139105,0.14427860696517414,0.020816316427811194,0.8009950248756219,0.6415930298754982
Iran 2026,EURUSD,167,0,0.945273631840796,0.8935422390534888,0.34328358208955223,0.11784361773223434,0.009950248756218905,9.900745031063588e-05,0.6965174129353234,0.4851365065221159,0.21890547263681592,0.04791960595034776,0.7213930348258707,0.5204079106952799,0.34328358208955223,0.11784361773223434,0.6616915422885572,0.43783569713620946,0.736318407960199,0.542164797901042
Iran 2026,EURUSD,168,0,0.9353233830845771,0.8748298309447785,0.38308457711442784,0.14675379322294002,0.15422885572139303,0.023786539937130268,0.9054726368159204,0.8198806960223757,0.263681592039801,0.06952798198064405,0.6169154228855721,0.3805846389940843,0.29850746268656714,0.08910670527957228,0.527363184079602,0.2781119279225762,0.6616915422885572,0.43783569713620946
Iran 2026,EURUSD,169,0,0.9253731343283582,0.8563154377366897,0.5323383084577115,0.2833840746516176,0.3383084577114428,0.11445261255909508,0.9104477611940298,0.8289151258632211,0.2835820895522388,0.08041880151481398,0.5870646766169154,0.3446449345313235,0.24378109452736318,0.05942922204895919,0.582089552238806,0.33882824682557366,0.6666666666666666,0.4444444444444444
Iran 2026,EURUSD,170,0,0.9601990049751243,0.9219821291552188,0.48756218905472637,0.23771688819583675,0.08955223880597014,0.008019603475161506,0.835820895522388,0.6985965693918467,0.373134328358209,0.1392292269993317,0.7164179104477612,0.5132546224103364,0.5472636815920398,0.2994975371896735,0.7512437810945274,0.5643672186332022,0.8905472636815921,0.7930744288507711
Iran 2026,EURUSD,171,0,0.9800995024875622,0.9605950347763669,0.6218905472636815,0.38674785277592133,0.18407960199004975,0.033885299868815125,0.6666666666666666,0.4444444444444444,0.43283582089552236,0.1873468478503007,0.8109452736318408,0.6576322368258211,0.6368159203980099,0.40553451647236455,0.5970149253731343,0.3564268211182891,0.9303482587064676,0.8655478824781565
Iran 2026,EURUSD,172,0,0.9751243781094527,0.950867552783347,0.7114427860696517,0.5061508378505483,0.21890547263681592,0.04791960595034776,0.7114427860696517,0.5061508378505483,0.5671641791044776,0.3216752060592559,0.6915422885572139,0.47823073686294887,0.6865671641791045,0.47137447092893736,0.5323383084577115,0.2833840746516176,0.9353233830845771,0.8748298309447785
Iran 2026,EURUSD,173,0,0.9154228855721394,0.8379990594292221,0.6865671641791045,0.47137447092893736,0.1890547263681592,0.03574168956213955,0.8955223880597015,0.8019603475161506,0.44776119402985076,0.20049008687903766,0.7114427860696517,0.5061508378505483,0.7313432835820896,0.5348629984406327,0.7562189054726368,0.5718670329942328,0.9552238805970149,0.9124526620628202
Iran 2026,EURUSD,174,0,0.8905472636815921,0.7930744288507711,0.5223880597014925,0.2728892849186901,0.3880597014925373,0.15059033192247717,0.7810945273631841,0.6101086606767159,0.34328358208955223,0.11784361773223434,0.5522388059701493,0.3049676988193362,0.8109452736318408,0.6576322368258211,0.8805970149253731,0.7754511026954778,0.9800995024875622,0.9605950347763669
Iran 2026,EURUSD,175,0,0.9054726368159204,0.8198806960223757,0.527363184079602,0.2781119279225762,0.263681592039801,0.06952798198064405,0.9253731343283582,0.8563154377366897,0.572139303482587,0.3273433825895398,0.6318407960199005,0.3992227915150615,0.7263681592039801,0.5276107027053786,0.9203980099502488,0.8471324967203783,0.8756218905472637,0.7667136952055642
Iran 2026,EURUSD,176,0,0.8955223880597015,0.8019603475161506,0.417910447761194,0.17464914234796167,0.5124378109452736,0.262592510086384,0.7910447761194029,0.6257518378257964,0.6865671641791045,0.47137447092893736,0.7412935323383084,0.5495161010866068,0.8009950248756219,0.6415930298754982,0.8855721393034826,0.7842380139105467,0.7910447761194029,0.6257518378257964
Iran 2026,EURUSD,177,0,0.8606965174129353,0.7407984950867552,0.42786069651741293,0.18306477562436574,0.5422885572139303,0.2940768792851662,0.5323383084577115,0.2833840746516176,0.48258706467661694,0.23289027499319326,0.6417910447761194,0.41189574515482286,0.7761194029850746,0.6023613276899087,0.9104477611940298,0.8289151258632211,0.7661691542288557,0.5870151728917601
Iran 2026,EURUSD,178,0,0.8855721393034826,0.7842380139105467,0.4079601990049751,0.1664315239721789,0.09950248756218906,0.009900745031063588,0.7661691542288557,0.5870151728917601,0.5124378109452736,0.262592510086384,0.6268656716417911,0.3929605702829138,0.7412935323383084,0.5495161010866068,0.8955223880597015,0.8019603475161506,0.7213930348258707,0.5204079106952799
Iran 2026,EURUSD,179,0,0.8805970149253731,0.7754511026954778,0.43781094527363185,0.19167842380139105,0.13930348258706468,0.019405460260884633,0.6169154228855721,0.3805846389940843,0.4079601990049751,0.1664315239721789,0.5373134328358209,0.2887057251058142,0.6716417910447762,0.45110269547783477,0.8606965174129353,0.7407984950867552,0.6766169154228856,0.45781045023638034
Iran 2026,EURUSD,180,0,0.8756218905472637,0.7667136952055642,0.5671641791044776,0.3216752060592559,0.3681592039800995,0.1355411994752605,0.5522388059701493,0.3049676988193362,0.6119402985074627,0.3744709289374025,0.5970149253731343,0.3564268211182891,0.7114427860696517,0.5061508378505483,0.7711442786069652,0.5946634984282568,0.4975124378109453,0.2475186257765897
Iran 2026,EURUSD,181,0,0.7960199004975125,0.6336476819880696,0.582089552238806,0.33882824682557366,0.6616915422885572,0.43783569713620946,0.8208955223880597,0.6738694586767655,0.5621890547263682,0.31605653325412736,0.6567164179104478,0.4312764535531299,0.7064676616915423,0.49909655701591543,0.8109452736318408,0.6576322368258211,0.4228855721393035,0.17883220712358608
Iran 2026,EURUSD,182,1,0.7114427860696517,0.08326526571124478,0.5422885572139303,0.20949976485730554,0.10945273631840796,0.7930744288507711,0.8855721393034826,0.013093735303581603,0.6218905472636815,0.14296675824855826,0.8009950248756219,0.039602980124254346,0.8308457711442786,0.02861315313977377,0.9402985074626866,0.0035642682111828856,0.4577114427860697,0.2940768792851662
Iran 2026,EURUSD,183,1,0.6268656716417911,0.13922922699933168,0.5970149253731343,0.16239697037202053,0.7661691542288557,0.054676864434048685,0.6716417910447762,0.10781911338828243,0.7661691542288557,0.054676864434048685,0.7661691542288557,0.054676864434048685,0.8258706467661692,0.03032103165763223,0.8756218905472637,0.015469914111036853,0.4129353233830846,0.3446449345313235
Iran 2026,EURUSD,184,1,0.7164179104477612,0.08041880151481401,0.6616915422885572,0.11445261255909508,0.6716417910447762,0.10781911338828243,0.8258706467661692,0.03032103165763223,0.7114427860696517,0.08326526571124478,0.7761194029850746,0.0501225217197594,0.9054726368159204,0.008935422390534891,0.7810945273631841,0.04791960595034776,0.3482587064676617,0.4247667136952056
Iran 2026,EURUSD,185,1,0.7412935323383084,0.06692903640998987,0.8258706467661692,0.03032103165763223,0.7960199004975125,0.04160788099304471,0.07462686567164178,0.8563154377366897,0.7761194029850746,0.0501225217197594,0.835820895522388,0.026954778347070628,0.9353233830845771,0.0041830647756243705,0.8407960199004975,0.0253459072795228,0.32338308457711445,0.45781045023638034
Iran 2026,EURUSD,186,1,0.7512437810945274,0.06187965644414741,0.8606965174129353,0.01940546026088464,0.8059701492537313,0.03764758298061929,0.5124378109452736,0.23771688819583675,0.8905472636815921,0.011979901487586929,0.8407960199004975,0.0253459072795228,0.9701492537313433,0.0008910670527957214,0.8258706467661692,0.03032103165763223,0.2537313432835821,0.5569169079973267
Iran 2026,EURUSD,187,1,0.6517412935323383,0.12128412663052893,0.18407960199004975,0.6657260958887157,0.5373134328358209,0.21407885943417243,0.4228855721393035,0.3330610628449791,0.04477611940298507,0.9124526620628202,0.3781094527363184,0.38674785277592133,0.208955223880597,0.6257518378257965,0.39800995024875624,0.362392019999505,0.9701492537313433,0.0008910670527957214
Iran 2026,EURUSD,188,1,0.47761194029850745,0.2728892849186901,0.1890547263681592,0.6576322368258211,0.3333333333333333,0.44444444444444453,0.6069651741293532,0.15447637434716963,0.03482587064676617,0.931561099972773,0.3383084577114428,0.43783569713620946,0.21393034825870647,0.6179054973886785,0.4527363184079602,0.2994975371896735,0.9502487562189055,0.0024751862577658966
Iran 2026,EURUSD,189,1,0.3333333333333333,0.44444444444444453,0.19402985074626866,0.649587881488082,0.34328358208955223,0.4312764535531299,0.208955223880597,0.6257518378257965,0.208955223880597,0.6257518378257965,0.3681592039800995,0.3992227915150615,0.21890547263681592,0.6101086606767159,0.4626865671641791,0.2887057251058142,0.8606965174129353,0.01940546026088464
Iran 2026,EURUSD,190,1,0.32338308457711445,0.45781045023638034,0.208955223880597,0.6257518378257965,0.23880597014925373,0.5794163510804188,0.23880597014925373,0.5794163510804188,0.20398009950248755,0.6336476819880696,0.2885572139303483,0.5061508378505483,0.22885572139303484,0.5946634984282566,0.34328358208955223,0.4312764535531299,0.7313432835820896,0.07217643127645355
Iran 2026,EURUSD,191,1,0.263681592039801,0.542164797901042,0.22885572139303484,0.5946634984282566,0.11940298507462686,0.7754511026954778,0.4577114427860697,0.2940768792851662,0.23880597014925373,0.5794163510804188,0.32338308457711445,0.45781045023638034,0.1890547263681592,0.6576322368258211,0.40298507462686567,0.3564268211182891,0.5970149253731343,0.16239697037202053
Iran 2026,EURUSD,192,1,0.22388059701492538,0.6023613276899087,0.20398009950248755,0.6336476819880696,0.1791044776119403,0.6738694586767655,0.42786069651741293,0.3273433825895398,0.07960199004975124,0.8471324967203783,0.23383084577114427,0.5870151728917602,0.11442786069651742,0.7842380139105467,0.2537313432835821,0.5569169079973267,0.46766169154228854,0.2833840746516176
Iran 2026,EURUSD,193,1,0.24875621890547264,0.5643672186332022,0.17412935323383086,0.6820623251899706,0.2885572139303483,0.5061508378505483,0.417910447761194,0.33882824682557366,0.22885572139303484,0.5946634984282566,0.22885572139303484,0.5946634984282566,0.03980099502487562,0.9219821291552188,0.6716417910447762,0.10781911338828243,0.3880597014925373,0.3744709289374025
Iran 2026,EURUSD,194,1,0.36318407960199006,0.40553451647236455,0.19900497512437812,0.6415930298754982,0.736318407960199,0.06952798198064405,0.05970149253731343,0.8841612831365561,0.3333333333333333,0.44444444444444453,0.20398009950248755,0.6336476819880696,0.014925373134328358,0.9703720204945421,0.417910447761194,0.33882824682557366,0.3283582089552239,0.4511026954778346
Iran 2026,EURUSD,195,1,0.34328358208955223,0.4312764535531299,0.24378109452736318,0.5718670329942328,0.2935323383084577,0.49909655701591543,0.024875621890547265,0.950867552783347,0.11442786069651742,0.7842380139105467,0.1890547263681592,0.6576322368258211,0.009950248756218905,0.9801985099378729,0.43283582089552236,0.32167520605925604,0.3681592039800995,0.3992227915150615
Iran 2026,EURUSD,196,1,0.25870646766169153,0.5495161010866069,0.25870646766169153,0.5495161010866069,0.6467661691542289,0.12477413925397883,0.004975124378109453,0.9900745031063588,0.009950248756218905,0.9801985099378729,0.12935323383084577,0.758025791440806,0.024875621890547265,0.950867552783347,0.07960199004975124,0.8471324967203783,0.835820895522388,0.026954778347070628
Iran 2026,EURUSD,197,1,0.3681592039800995,0.3992227915150615,0.373134328358209,0.3929605702829138,0.4626865671641791,0.2887057251058142,0.29850746268656714,0.492091779906438,0.03980099502487562,0.9219821291552188,0.19402985074626866,0.649587881488082,0.05970149253731343,0.8841612831365561,0.23383084577114427,0.5870151728917602,0.7114427860696517,0.08326526571124478
Iran 2026,EURUSD,198,1,0.31840796019900497,0.4645677087200812,0.3781094527363184,0.38674785277592133,0.48756218905472637,0.262592510086384,0.0945273631840796,0.8198806960223757,0.04975124378109453,0.9029726986955768,0.10945273631840796,0.7930744288507711,0.2537313432835821,0.5569169079973267,0.04975124378109453,0.9029726986955768,0.9253731343283582,0.005569169079973267
Iran 2026,EURUSD,199,1,0.4228855721393035,0.3330610628449791,0.4228855721393035,0.3330610628449791,0.8756218905472637,0.015469914111036853,0.2736318407960199,0.5276107027053786,0.024875621890547265,0.950867552783347,0.07462686567164178,0.8563154377366897,0.6417910447761194,0.12831365560258412,0.05472636815920398,0.8935422390534888,0.9900497512437811,9.900745031063497e-05
